# Blender 5.0.0
# www.blender.org
o Bed_1
v 15.881098 0.260443 -19.132519
v 15.881098 2.260443 -19.132519
v 9.682946 0.260443 -19.132519
v 9.682946 2.260443 -19.132519
v 15.881098 0.260443 -27.767532
v 15.881098 2.260443 -27.767532
v 9.682945 0.260443 -27.767532
v 9.682945 2.260443 -27.767532
vn -0.0000 -0.0000 1.0000
vn -1.0000 -0.0000 -0.0000
vn -0.0000 -0.0000 -1.0000
vn 1.0000 -0.0000 -0.0000
vn -0.0000 -1.0000 -0.0000
vn -0.0000 1.0000 -0.0000
vt 0.375000 0.000000
vt 0.625000 0.000000
vt 0.625000 0.250000
vt 0.375000 0.250000
vt 0.625000 0.500000
vt 0.375000 0.500000
vt 0.625000 0.750000
vt 0.375000 0.750000
vt 0.625000 1.000000
vt 0.375000 1.000000
vt 0.125000 0.500000
vt 0.125000 0.750000
vt 0.875000 0.500000
vt 0.875000 0.750000
s 0
f 1/1/1 2/2/1 4/3/1 3/4/1
f 3/4/2 4/3/2 8/5/2 7/6/2
f 7/6/3 8/5/3 6/7/3 5/8/3
f 5/8/4 6/7/4 2/9/4 1/10/4
f 3/11/5 7/6/5 5/8/5 1/12/5
f 8/5/6 4/13/6 2/14/6 6/7/6
o Bed_2
v -13.084438 0.260443 -27.237612
v -13.084438 2.260443 -27.237612
v -13.084435 0.260443 -21.039459
v -13.084435 2.260443 -21.039459
v -21.719450 0.260443 -27.237610
v -21.719450 2.260443 -27.237610
v -21.719448 0.260443 -21.039457
v -21.719448 2.260443 -21.039457
vn 1.0000 -0.0000 -0.0000
vn -0.0000 -0.0000 1.0000
vn -1.0000 -0.0000 -0.0000
vn -0.0000 -0.0000 -1.0000
vn -0.0000 -1.0000 -0.0000
vn -0.0000 1.0000 -0.0000
vt 0.375000 0.000000
vt 0.625000 0.000000
vt 0.625000 0.250000
vt 0.375000 0.250000
vt 0.625000 0.500000
vt 0.375000 0.500000
vt 0.625000 0.750000
vt 0.375000 0.750000
vt 0.625000 1.000000
vt 0.375000 1.000000
vt 0.125000 0.500000
vt 0.125000 0.750000
vt 0.875000 0.500000
vt 0.875000 0.750000
s 0
f 9/15/7 10/16/7 12/17/7 11/18/7
f 11/18/8 12/17/8 16/19/8 15/20/8
f 15/20/9 16/19/9 14/21/9 13/22/9
f 13/22/10 14/21/10 10/23/10 9/24/10
f 11/25/11 15/20/11 13/22/11 9/26/11
f 16/19/12 12/27/12 10/28/12 14/21/12
o Bed_3
v 1.137205 0.260443 12.472347
v 1.137205 2.260443 12.472347
v 9.582745 0.260443 12.472343
v 9.582745 2.260443 12.472343
v 1.137209 0.260443 21.107359
v 1.137209 2.260443 21.107359
v 9.582748 0.260443 21.107357
v 9.582748 2.260443 21.107357
vn -0.0000 -0.0000 -1.0000
vn 1.0000 -0.0000 -0.0000
vn -0.0000 -0.0000 1.0000
vn -1.0000 -0.0000 -0.0000
vn -0.0000 -1.0000 -0.0000
vn -0.0000 1.0000 -0.0000
vt 0.375000 0.000000
vt 0.625000 0.000000
vt 0.625000 0.250000
vt 0.375000 0.250000
vt 0.625000 0.500000
vt 0.375000 0.500000
vt 0.625000 0.750000
vt 0.375000 0.750000
vt 0.625000 1.000000
vt 0.375000 1.000000
vt 0.125000 0.500000
vt 0.125000 0.750000
vt 0.875000 0.500000
vt 0.875000 0.750000
s 0
f 17/29/13 18/30/13 20/31/13 19/32/13
f 19/32/14 20/31/14 24/33/14 23/34/14
f 23/34/15 24/33/15 22/35/15 21/36/15
f 21/36/16 22/35/16 18/37/16 17/38/16
f 19/39/17 23/34/17 21/36/17 17/40/17
f 24/33/18 20/41/18 18/42/18 22/35/18
o Nightstand_1
v 16.839518 0.038136 -26.090359
v 16.839518 2.038136 -26.090359
v 16.839518 0.038136 -28.090359
v 16.839518 2.038136 -28.090359
v 18.839518 0.038136 -26.090359
v 18.839518 2.038136 -26.090359
v 18.839518 0.038136 -28.090359
v 18.839518 2.038136 -28.090359
vn -1.0000 -0.0000 -0.0000
vn -0.0000 -0.0000 -1.0000
vn 1.0000 -0.0000 -0.0000
vn -0.0000 -0.0000 1.0000
vn -0.0000 -1.0000 -0.0000
vn -0.0000 1.0000 -0.0000
vt 0.375000 0.000000
vt 0.625000 0.000000
vt 0.625000 0.250000
vt 0.375000 0.250000
vt 0.625000 0.500000
vt 0.375000 0.500000
vt 0.625000 0.750000
vt 0.375000 0.750000
vt 0.625000 1.000000
vt 0.375000 1.000000
vt 0.125000 0.500000
vt 0.125000 0.750000
vt 0.875000 0.500000
vt 0.875000 0.750000
s 0
f 25/43/19 26/44/19 28/45/19 27/46/19
f 27/46/20 28/45/20 32/47/20 31/48/20
f 31/48/21 32/47/21 30/49/21 29/50/21
f 29/50/22 30/49/22 26/51/22 25/52/22
f 27/53/23 31/48/23 29/50/23 25/54/23
f 32/47/24 28/55/24 26/56/24 30/49/24
o Nightstand_2
v -21.718161 0.038136 -18.623310
v -21.718161 2.038136 -18.623310
v -21.718161 0.038136 -20.623310
v -21.718161 2.038136 -20.623310
v -19.718161 0.038136 -18.623310
v -19.718161 2.038136 -18.623310
v -19.718161 0.038136 -20.623310
v -19.718161 2.038136 -20.623310
vn -1.0000 -0.0000 -0.0000
vn -0.0000 -0.0000 -1.0000
vn 1.0000 -0.0000 -0.0000
vn -0.0000 -0.0000 1.0000
vn -0.0000 -1.0000 -0.0000
vn -0.0000 1.0000 -0.0000
vt 0.375000 0.000000
vt 0.625000 0.000000
vt 0.625000 0.250000
vt 0.375000 0.250000
vt 0.625000 0.500000
vt 0.375000 0.500000
vt 0.625000 0.750000
vt 0.375000 0.750000
vt 0.625000 1.000000
vt 0.375000 1.000000
vt 0.125000 0.500000
vt 0.125000 0.750000
vt 0.875000 0.500000
vt 0.875000 0.750000
s 0
f 33/57/25 34/58/25 36/59/25 35/60/25
f 35/60/26 36/59/26 40/61/26 39/62/26
f 39/62/27 40/61/27 38/63/27 37/64/27
f 37/64/28 38/63/28 34/65/28 33/66/28
f 35/67/29 39/62/29 37/64/29 33/68/29
f 40/61/30 36/69/30 34/70/30 38/63/30
o Nightstand_3
v -1.239599 0.038136 21.168764
v -1.239599 2.038136 21.168764
v -1.239599 0.038136 19.168764
v -1.239599 2.038136 19.168764
v 0.760401 0.038136 21.168764
v 0.760401 2.038136 21.168764
v 0.760401 0.038136 19.168764
v 0.760401 2.038136 19.168764
vn -1.0000 -0.0000 -0.0000
vn -0.0000 -0.0000 -1.0000
vn 1.0000 -0.0000 -0.0000
vn -0.0000 -0.0000 1.0000
vn -0.0000 -1.0000 -0.0000
vn -0.0000 1.0000 -0.0000
vt 0.375000 0.000000
vt 0.625000 0.000000
vt 0.625000 0.250000
vt 0.375000 0.250000
vt 0.625000 0.500000
vt 0.375000 0.500000
vt 0.625000 0.750000
vt 0.375000 0.750000
vt 0.625000 1.000000
vt 0.375000 1.000000
vt 0.125000 0.500000
vt 0.125000 0.750000
vt 0.875000 0.500000
vt 0.875000 0.750000
s 0
f 41/71/31 42/72/31 44/73/31 43/74/31
f 43/74/32 44/73/32 48/75/32 47/76/32
f 47/76/33 48/75/33 46/77/33 45/78/33
f 45/78/34 46/77/34 42/79/34 41/80/34
f 43/81/35 47/76/35 45/78/35 41/82/35
f 48/75/36 44/83/36 42/84/36 46/77/36
o Nightstand_4
v 9.870386 0.038136 21.168764
v 9.870386 2.038136 21.168764
v 9.870386 0.038136 19.168764
v 9.870386 2.038136 19.168764
v 11.870386 0.038136 21.168764
v 11.870386 2.038136 21.168764
v 11.870386 0.038136 19.168764
v 11.870386 2.038136 19.168764
vn -1.0000 -0.0000 -0.0000
vn -0.0000 -0.0000 -1.0000
vn 1.0000 -0.0000 -0.0000
vn -0.0000 -0.0000 1.0000
vn -0.0000 -1.0000 -0.0000
vn -0.0000 1.0000 -0.0000
vt 0.375000 0.000000
vt 0.625000 0.000000
vt 0.625000 0.250000
vt 0.375000 0.250000
vt 0.625000 0.500000
vt 0.375000 0.500000
vt 0.625000 0.750000
vt 0.375000 0.750000
vt 0.625000 1.000000
vt 0.375000 1.000000
vt 0.125000 0.500000
vt 0.125000 0.750000
vt 0.875000 0.500000
vt 0.875000 0.750000
s 0
f 49/85/37 50/86/37 52/87/37 51/88/37
f 51/88/38 52/87/38 56/89/38 55/90/38
f 55/90/39 56/89/39 54/91/39 53/92/39
f 53/92/40 54/91/40 50/93/40 49/94/40
f 51/95/41 55/90/41 53/92/41 49/96/41
f 56/89/42 52/97/42 50/98/42 54/91/42
o Hall_sink_1
v -21.529409 0.000000 -8.324217
v -21.529409 3.002498 -8.324217
v -20.941792 0.000000 -8.382528
v -20.941792 3.002498 -8.382528
v -20.793753 0.000000 -8.032090
v -20.793753 3.002498 -8.032090
v -21.529409 0.000000 -8.032090
v -21.529409 3.002498 -8.032090
v -20.793753 0.000000 -8.225494
v -21.529409 3.002498 -8.262780
v -20.793753 3.002498 -8.225494
v -21.529409 0.000000 -8.262780
v -21.161581 0.000000 -8.409210
v -21.161581 3.002498 -8.409210
v -21.161581 0.000000 -8.032090
v -21.161581 0.000000 -8.262780
v -21.529409 1.501249 -8.155048
v -21.089535 1.501249 -8.243888
v -21.529409 1.501249 -7.956825
v -20.941496 1.501249 -8.032090
v -20.941496 1.501249 -8.150229
v -21.529409 1.501249 -8.100192
v -21.240976 1.501249 -8.241207
v -21.529409 2.251873 -8.257981
v -21.019547 2.251873 -8.316294
v -21.529409 2.251873 -7.965856
v -20.871508 2.251873 -8.032090
v -20.871508 2.251873 -8.159260
v -21.529409 2.251873 -8.196545
v -21.161581 2.251873 -8.342976
v -21.047699 0.750624 -8.283409
v -21.529409 0.750624 -7.982326
v -20.890705 0.750624 -8.032090
v -20.926142 0.750624 -8.151868
v -21.529409 0.750624 -8.213016
v -21.161581 0.750624 -8.333953
v -21.529409 0.750624 -8.274451
v -21.777834 3.041263 -8.947592
v -21.310511 3.460876 -9.012592
v -20.459946 3.002078 -8.764341
v -20.099583 3.460876 -8.921883
v -19.821411 3.283355 -8.032090
v -21.777834 3.279982 -8.032090
v -20.128153 3.283355 -8.914726
v -21.777834 3.279982 -8.976421
v -20.275373 3.002078 -8.032090
v -19.792839 3.460876 -8.032090
v -21.777834 2.918035 -8.032090
v -21.310511 3.460876 -8.032090
v -21.777834 3.460956 -8.976421
v -19.777834 3.460956 -8.032090
v -21.777834 3.460956 -8.032090
v -20.084578 3.460956 -8.945298
v -20.310417 3.099009 -8.839562
v -21.777834 3.099009 -8.976421
v -21.777834 3.099009 -8.032090
v -20.003674 3.099009 -8.032090
v -20.275373 3.002078 -8.536007
v -21.777834 3.279982 -8.536007
v -19.917706 3.283355 -8.578648
v -21.310511 3.460876 -8.512592
v -19.889133 3.460876 -8.512592
v -21.777834 3.013480 -8.536007
v -19.874128 3.460956 -8.536007
v -21.777834 3.460956 -8.536007
v -20.099968 3.099009 -8.536007
v -21.777834 3.099009 -8.536007
v -21.170616 2.991792 -8.804649
v -21.170616 3.460876 -9.012592
v -21.170616 3.279982 -8.962795
v -21.170616 3.043127 -8.032090
v -21.170616 2.918035 -8.032090
v -21.170616 3.460956 -9.036007
v -21.170616 3.099009 -8.930272
v -21.170616 2.918035 -8.536007
v -21.170616 3.043127 -8.536007
v -20.474226 3.460876 -9.012592
v -20.474226 3.279982 -8.962795
v -20.474226 3.460956 -9.036007
v -20.474226 3.099009 -8.930272
v -20.474226 2.991792 -8.804649
v -20.474226 3.043127 -8.032090
v -20.474226 2.918035 -8.032090
v -20.474226 2.918035 -8.536007
v -20.474226 3.043127 -8.536007
v -21.474226 3.002636 -8.920328
v -21.268154 3.318138 -8.032090
v -21.474226 2.918035 -8.032090
v -21.474226 2.965757 -8.536007
v -21.268154 3.318138 -8.536007
v -21.268154 3.460876 -9.012592
v -21.474226 3.279982 -8.999401
v -21.474226 3.460956 -9.036007
v -21.474226 3.099009 -8.983140
v -20.421207 3.002078 -8.716417
v -21.777834 3.279982 -8.931065
v -21.310511 3.460876 -8.907650
v -21.777834 3.460956 -8.931065
v -21.777834 3.099009 -8.931065
v -20.083982 3.283355 -8.844188
v -20.055412 3.460876 -8.835979
v -21.777834 3.013480 -8.931065
v -20.040407 3.460956 -8.859393
v -20.266247 3.099009 -8.775850
v -21.170616 2.976312 -8.748265
v -21.170616 3.318138 -8.931065
v -20.474226 3.318138 -8.931065
v -20.474226 2.976312 -8.748265
v -21.474226 2.994896 -8.839664
v -21.268154 3.318138 -8.931065
v -20.154800 3.460876 -8.938231
v -20.190523 3.282747 -8.923389
v -20.154800 3.460956 -8.961645
v -20.339939 3.099009 -8.855910
v -20.462521 3.000225 -8.771605
v -19.903339 3.318138 -8.032090
v -20.311211 2.986932 -8.032090
v -20.311211 2.986932 -8.536007
v -19.982279 3.318138 -8.536007
v -20.430761 2.997435 -8.722157
v -20.118589 3.318138 -8.872310
v -21.572567 3.441031 -8.432723
v -21.534204 3.729584 -8.410475
v -21.465454 3.441031 -8.436386
v -21.504124 3.729584 -8.412685
v -21.575136 3.441031 -8.321963
v -21.552542 3.729584 -8.343621
v -21.462324 3.441031 -8.320836
v -21.484449 3.729584 -8.342940
v -21.436943 3.441031 -8.375217
v -21.469130 3.729584 -8.375765
v -21.597393 3.441031 -8.375217
v -21.565975 3.729584 -8.375765
v -21.517168 3.441031 -8.455442
v -21.517551 3.729584 -8.424188
v -21.517168 3.441031 -8.294992
v -21.517551 3.729584 -8.327341
v -21.517168 3.441031 -8.375217
v -21.590103 3.556452 -8.450768
v -21.448553 3.556452 -8.455608
v -21.444418 3.556452 -8.302909
v -21.593498 3.556452 -8.304399
v -21.622911 3.556452 -8.374774
v -21.410877 3.556452 -8.374774
v -21.516893 3.556452 -8.268757
v -21.516893 3.556452 -8.480791
v -21.562239 3.627448 -8.422096
v -21.475407 3.627448 -8.425065
v -21.472870 3.627448 -8.331394
v -21.564322 3.627448 -8.332309
v -21.582363 3.627448 -8.375479
v -21.452293 3.627448 -8.375479
v -21.517328 3.627448 -8.310444
v -21.517328 3.627448 -8.440514
v -21.539682 3.678516 -8.422695
v -21.499361 3.678516 -8.425704
v -21.472275 3.678516 -8.330799
v -21.564930 3.678516 -8.331725
v -21.583212 3.678516 -8.375464
v -21.451429 3.678516 -8.375464
v -21.517321 3.678516 -8.309573
v -21.517321 3.678516 -8.441356
v -21.566677 3.674998 -8.636171
v -21.560551 3.726066 -8.636770
v -21.521168 3.726066 -8.655673
v -21.487785 3.726066 -8.639818
v -21.478703 3.674998 -8.639179
v -21.521177 3.674998 -8.654832
v -21.519239 3.727825 -8.592846
v -21.542194 3.727825 -8.573943
v -21.501289 3.676757 -8.576352
v -21.500729 3.727825 -8.576990
v -21.541611 3.676757 -8.573343
v -21.519249 3.676757 -8.592004
v -21.539974 3.704051 -8.422995
v -21.499081 3.704051 -8.426023
v -21.471977 3.704051 -8.330502
v -21.565235 3.704051 -8.331433
v -21.583635 3.704051 -8.375457
v -21.450996 3.704051 -8.375457
v -21.517315 3.704051 -8.309137
v -21.560259 3.700532 -8.636471
v -21.488066 3.700532 -8.639499
v -21.521172 3.700532 -8.655252
v -21.541903 3.702291 -8.573644
v -21.501009 3.702291 -8.576672
v -21.517311 3.775272 -8.442197
v -21.498800 3.775272 -8.426342
v -21.450563 3.775272 -8.375449
v -21.471682 3.775272 -8.330204
v -21.517311 3.775272 -8.308702
v -21.565540 3.775272 -8.331141
v -21.584059 3.775272 -8.375449
v -21.540266 3.775272 -8.423294
v -21.517168 3.775273 -8.375217
v -21.529409 0.000000 -7.739965
v -21.529409 3.002498 -7.739965
v -20.941792 0.000000 -7.681653
v -20.941792 3.002498 -7.681653
v -20.793753 0.000000 -7.838687
v -21.529409 3.002498 -7.801402
v -20.793753 3.002498 -7.838687
v -21.529409 0.000000 -7.801402
v -21.161581 0.000000 -7.654971
v -21.161581 3.002498 -7.654971
v -21.161581 0.000000 -7.801402
v -21.529409 1.501249 -7.909133
v -21.089535 1.501249 -7.820293
v -21.529409 1.501249 -8.107357
v -20.941496 1.501249 -7.913953
v -21.529409 1.501249 -7.963989
v -21.240976 1.501249 -7.822974
v -21.529409 2.251873 -7.806200
v -21.019547 2.251873 -7.747888
v -21.529409 2.251873 -8.098326
v -20.871508 2.251873 -7.904922
v -21.529409 2.251873 -7.867636
v -21.161581 2.251873 -7.721206
v -21.047699 0.750624 -7.780772
v -21.529409 0.750624 -8.081856
v -20.926142 0.750624 -7.912313
v -21.529409 0.750624 -7.851166
v -21.161581 0.750624 -7.730228
v -21.529409 0.750624 -7.789730
v -21.777834 3.047296 -7.110538
v -21.310511 3.460876 -7.051589
v -20.459946 3.002078 -7.299840
v -20.099583 3.460876 -7.142298
v -20.128153 3.283355 -7.149455
v -21.777834 3.279982 -7.087760
v -21.777834 3.460956 -7.087760
v -20.084578 3.460956 -7.118883
v -20.310417 3.099009 -7.224618
v -21.777834 3.099009 -7.087760
v -20.275373 3.002078 -7.528174
v -21.777834 3.279982 -7.528174
v -19.917706 3.283355 -7.485533
v -21.310511 3.460876 -7.551589
v -19.889133 3.460876 -7.551589
v -21.777834 3.013480 -7.528174
v -19.874128 3.460956 -7.528174
v -21.777834 3.460956 -7.528174
v -20.099968 3.099009 -7.528174
v -21.777834 3.099009 -7.528174
v -21.170616 2.991792 -7.259531
v -21.170616 3.460876 -7.051589
v -21.170616 3.279982 -7.101386
v -21.170616 3.460956 -7.028174
v -21.170616 3.099009 -7.133909
v -21.170616 2.918035 -7.528174
v -21.170616 3.043127 -7.528174
v -20.474226 3.460876 -7.051589
v -20.474226 3.279982 -7.101386
v -20.474226 3.460956 -7.028174
v -20.474226 3.099009 -7.133909
v -20.474226 2.991792 -7.259531
v -20.474226 2.918035 -7.528174
v -20.474226 3.043127 -7.528174
v -21.474226 3.002636 -7.143853
v -21.474226 2.965757 -7.528174
v -21.268154 3.318138 -7.528174
v -21.268154 3.460876 -7.051589
v -21.474226 3.279982 -7.064780
v -21.474226 3.460956 -7.028174
v -21.474226 3.099009 -7.081041
v -20.421207 3.002078 -7.347764
v -21.777834 3.279982 -7.133117
v -21.310511 3.460876 -7.156532
v -21.777834 3.460956 -7.133117
v -21.777834 3.099009 -7.133117
v -20.083982 3.283355 -7.219993
v -20.055412 3.460876 -7.228202
v -21.777834 3.013480 -7.133117
v -20.040407 3.460956 -7.204788
v -20.266247 3.099009 -7.288331
v -21.170616 2.976312 -7.315916
v -21.170616 3.318138 -7.133117
v -20.474226 3.318138 -7.133117
v -20.474226 2.976312 -7.315916
v -21.474226 2.994896 -7.224516
v -21.268154 3.318138 -7.133117
v -20.154800 3.460876 -7.125950
v -20.190523 3.282747 -7.140792
v -20.154800 3.460956 -7.102536
v -20.339939 3.099009 -7.208271
v -20.462521 3.000225 -7.292575
v -20.311211 2.986932 -7.528174
v -19.982279 3.318138 -7.528174
v -20.430761 2.997435 -7.342024
v -20.118589 3.318138 -7.191871
v -21.572567 3.441031 -7.631458
v -21.534204 3.729584 -7.653707
v -21.465454 3.441031 -7.627795
v -21.504124 3.729584 -7.651496
v -21.575136 3.441031 -7.742218
v -21.552542 3.729584 -7.720560
v -21.462324 3.441031 -7.743345
v -21.484449 3.729584 -7.721241
v -21.436943 3.441031 -7.688964
v -21.469130 3.729584 -7.688416
v -21.597393 3.441031 -7.688964
v -21.565975 3.729584 -7.688416
v -21.517168 3.441031 -7.608738
v -21.517551 3.729584 -7.639993
v -21.517168 3.441031 -7.769189
v -21.517551 3.729584 -7.736840
v -21.517168 3.441031 -7.688964
v -21.590103 3.556452 -7.613414
v -21.448555 3.556452 -7.608573
v -21.444418 3.556452 -7.761272
v -21.593498 3.556452 -7.759782
v -21.622911 3.556452 -7.689407
v -21.410877 3.556452 -7.689407
v -21.516893 3.556452 -7.795425
v -21.516893 3.556452 -7.583390
v -21.562239 3.627448 -7.642085
v -21.475407 3.627448 -7.639116
v -21.472870 3.627448 -7.732787
v -21.564322 3.627448 -7.731873
v -21.582363 3.627448 -7.688703
v -21.452293 3.627448 -7.688703
v -21.517328 3.627448 -7.753737
v -21.517328 3.627448 -7.623668
v -21.539682 3.678516 -7.641486
v -21.499361 3.678516 -7.638478
v -21.472275 3.678516 -7.733382
v -21.564930 3.678516 -7.732456
v -21.583212 3.678516 -7.688717
v -21.451429 3.678516 -7.688717
v -21.517321 3.678516 -7.754609
v -21.517321 3.678516 -7.622826
v -21.566677 3.674998 -7.428010
v -21.560551 3.726066 -7.427411
v -21.521168 3.726066 -7.408508
v -21.487785 3.726066 -7.424363
v -21.478703 3.674998 -7.425002
v -21.521177 3.674998 -7.409349
v -21.519239 3.727825 -7.471335
v -21.542194 3.727825 -7.490238
v -21.501289 3.676757 -7.487829
v -21.500729 3.727825 -7.487191
v -21.541611 3.676757 -7.490838
v -21.519249 3.676757 -7.472177
v -21.539974 3.704051 -7.641186
v -21.499081 3.704051 -7.638158
v -21.471977 3.704051 -7.733680
v -21.565235 3.704051 -7.732748
v -21.583635 3.704051 -7.688725
v -21.450996 3.704051 -7.688725
v -21.517315 3.704051 -7.755044
v -21.560259 3.700532 -7.427711
v -21.488066 3.700532 -7.424682
v -21.521172 3.700532 -7.408929
v -21.541903 3.702291 -7.490538
v -21.501009 3.702291 -7.487510
v -21.517311 3.775272 -7.621984
v -21.498800 3.775272 -7.637839
v -21.450563 3.775272 -7.688732
v -21.471682 3.775272 -7.733977
v -21.517311 3.775272 -7.755480
v -21.565540 3.775272 -7.733039
v -21.584059 3.775272 -7.688732
v -21.540266 3.775272 -7.640887
v -21.517168 3.775273 -7.688964
v -20.909157 3.015552 -8.011352
v -20.909157 3.058604 -8.011352
v -20.918779 3.015552 -7.988121
v -20.918779 3.058604 -7.988121
v -20.936558 3.015552 -7.970341
v -20.936558 3.058604 -7.970341
v -20.959789 3.015552 -7.960719
v -20.959789 3.058604 -7.960719
v -20.984934 3.015552 -7.960719
v -20.984934 3.058604 -7.960719
v -21.008163 3.015552 -7.970341
v -21.008163 3.058604 -7.970341
v -21.025944 3.015552 -7.988121
v -21.025944 3.058604 -7.988121
v -21.035566 3.015552 -8.011352
v -21.035566 3.058604 -8.011352
v -21.035566 3.015552 -8.036496
v -21.035566 3.058604 -8.036496
v -21.025944 3.015552 -8.059727
v -21.025944 3.058604 -8.059727
v -21.008163 3.015552 -8.077506
v -21.008163 3.058604 -8.077506
v -20.984934 3.015552 -8.087129
v -20.984934 3.058604 -8.087129
v -20.959789 3.015552 -8.087129
v -20.959789 3.058604 -8.087129
v -20.936558 3.015552 -8.077506
v -20.936558 3.058604 -8.077506
v -20.918779 3.015552 -8.059727
v -20.918779 3.058604 -8.059727
v -20.909157 3.015552 -8.036496
v -20.909157 3.058604 -8.036496
v -21.609310 3.451318 -8.127615
v -21.576197 3.987963 -8.088826
v -21.446489 3.451318 -8.122331
v -21.479906 3.987963 -8.085701
v -21.617331 3.451318 -7.946124
v -21.580942 3.987963 -7.981493
v -21.446770 3.451318 -7.940008
v -21.480074 3.987963 -7.977876
v -21.404125 3.451318 -8.031351
v -21.454853 3.987963 -8.031897
v -21.649017 3.451318 -8.031351
v -21.599680 3.987963 -8.031897
v -21.526571 3.451318 -8.153798
v -21.527266 3.987963 -8.104311
v -21.526571 3.451318 -7.908905
v -21.527266 3.987963 -7.959482
v -21.526438 4.008923 -8.031247
v -21.526438 3.430358 -8.031247
v -21.564489 3.606558 -8.075110
v -21.491722 3.606558 -8.072749
v -21.491848 3.606558 -7.991266
v -21.568075 3.606558 -7.993999
v -21.582235 3.606558 -8.032089
v -21.472790 3.606558 -8.032089
v -21.527512 3.606558 -7.977366
v -21.527512 3.606558 -8.086812
v -21.563812 3.863911 -8.074319
v -21.492405 3.863911 -8.072001
v -21.492529 3.863911 -7.992040
v -21.567331 3.863911 -7.994722
v -21.581228 3.863911 -8.032101
v -21.473825 3.863911 -8.032101
v -21.527527 3.863911 -7.978399
v -21.527527 3.863911 -8.085802
v -21.440102 3.510870 -8.129333
v -21.440405 3.510870 -7.932768
v -21.624289 3.510870 -7.939362
v -21.658449 3.510870 -8.031247
v -21.394426 3.510870 -8.031247
v -21.526438 3.510870 -7.899236
v -21.526438 3.510870 -8.163259
v -21.615639 3.510870 -8.135030
v -21.602888 3.936417 -8.120093
v -21.452969 3.936417 -8.115228
v -21.453228 3.936417 -7.947351
v -21.610275 3.936417 -7.952982
v -21.639450 3.936417 -8.031457
v -21.413961 3.936417 -8.031457
v -21.526705 3.936417 -7.918713
v -21.526705 3.936417 -8.144201
v -21.496611 3.846927 -8.076175
v -21.004555 3.793159 -8.058902
v -21.496611 3.772336 -8.073753
v -21.048792 3.785098 -8.057443
v -21.496611 3.850602 -7.993030
v -21.002375 3.793557 -8.008780
v -21.496611 3.772465 -7.990228
v -21.048716 3.785112 -8.007091
v -21.496611 3.752928 -8.032074
v -21.060303 3.783000 -8.032317
v -21.496611 3.865119 -8.032074
v -20.993767 3.795126 -8.032317
v -21.496611 3.809023 -8.088170
v -21.027035 3.789063 -8.066133
v -21.496611 3.809023 -7.975979
v -21.027035 3.789063 -7.998501
v -21.027374 3.807967 -8.031247
v -21.517570 3.807968 -8.031247
v -21.341370 3.894297 -8.060465
v -21.341370 3.846651 -8.058918
v -21.341370 3.846733 -8.005565
v -21.341370 3.896644 -8.007355
v -21.341370 3.905916 -8.032295
v -21.341370 3.834253 -8.032295
v -21.341370 3.870085 -7.996463
v -21.341370 3.870085 -8.068127
v -21.109638 3.894931 -8.057768
v -21.126364 3.855295 -8.056372
v -21.126335 3.855363 -8.008198
v -21.108814 3.896884 -8.009813
v -21.105558 3.904598 -8.032332
v -21.130716 3.844982 -8.032332
v -21.118137 3.874789 -7.999979
v -21.118137 3.874789 -8.064686
v -21.437059 3.796157 -8.060430
v -21.437059 3.796244 -8.004003
v -21.437059 3.849030 -8.005896
v -21.437059 3.858836 -8.032272
v -21.437059 3.783045 -8.032272
v -21.437059 3.820940 -7.994377
v -21.437059 3.820940 -8.070168
v -21.437059 3.846547 -8.062065
v -21.019901 3.826130 -8.056720
v -21.051481 3.799632 -8.055382
v -21.051426 3.799678 -8.009221
v -21.018347 3.827435 -8.010769
v -21.012201 3.832592 -8.032348
v -21.059698 3.792737 -8.032348
v -21.035950 3.812665 -8.001347
v -21.035950 3.812665 -8.063349
v -21.212694 3.880839 -8.058819
v -21.212694 3.880921 -8.005668
v -21.212694 3.930643 -8.007451
v -21.212694 3.939880 -8.032296
v -21.212694 3.868489 -8.032296
v -21.212694 3.904185 -7.996601
v -21.212694 3.904185 -8.067992
v -21.212694 3.928305 -8.060359
vn -0.6219 -0.5736 -0.5331
vn -0.7647 -0.0566 -0.6419
vn 0.4194 -0.5670 -0.7089
vn 0.4680 -0.1219 -0.8753
vn 0.7580 -0.6522 -0.0000
vn 0.9947 -0.1030 -0.0000
vn -0.7215 -0.6924 -0.0000
vn -1.0000 -0.0000 -0.0000
vn 0.7544 -0.5543 -0.3517
vn 0.9181 -0.1282 -0.3750
vn -0.7071 -0.7071 -0.0000
vn 0.0131 -0.6327 -0.7743
vn -0.0397 -0.0916 -0.9950
vn -0.0000 -1.0000 -0.0000
vn -0.8149 0.0022 -0.5796
vn 0.3949 -0.0207 -0.9185
vn 0.9997 -0.0248 -0.0000
vn 0.8875 -0.0294 -0.4598
vn -0.0675 -0.0032 -0.9977
vn -0.7821 -0.0654 -0.6197
vn 0.4188 -0.1190 -0.9002
vn 0.9952 -0.0979 -0.0000
vn 0.9161 -0.1175 -0.3833
vn -0.0573 -0.1067 -0.9926
vn 0.4564 0.1213 -0.8815
vn 0.9948 0.1016 -0.0000
vn 0.8856 0.1169 -0.4496
vn 0.0049 0.1109 -0.9938
vn -0.7670 0.0680 -0.6380
vn -0.7237 -0.5155 -0.4587
vn 0.2410 0.9656 0.0980
vn 0.6051 -0.6258 -0.4921
vn -0.3066 0.9039 0.2983
vn 0.8821 -0.4710 -0.0000
vn 0.5263 -0.4655 -0.7116
vn -0.7392 -0.0489 -0.6717
vn 0.3936 -0.9193 -0.0000
vn -0.4158 0.9094 -0.0000
vn -0.6966 -0.7174 -0.0000
vn 0.5982 0.8013 -0.0000
vn -0.6237 0.5630 -0.5422
vn 0.8106 0.5856 -0.0000
vn -0.7070 0.7072 -0.0000
vn 0.5127 0.5205 -0.6828
vn 0.3969 -0.7456 -0.5353
vn -0.6705 -0.2133 -0.7106
vn 0.5752 -0.8180 -0.0000
vn 0.4159 -0.8929 -0.1723
vn 0.8269 -0.4587 -0.3254
vn -0.4489 0.8840 0.1309
vn -0.7590 -0.6484 -0.0592
vn 0.7598 0.6006 -0.2489
vn 0.5515 -0.8051 -0.2182
vn 0.0423 -0.8972 -0.4396
vn -0.0000 0.8640 0.5035
vn 0.0511 -0.2444 -0.9683
vn 0.5769 0.8168 -0.0000
vn -0.0392 -0.9992 -0.0000
vn 0.0250 0.5797 -0.8144
vn 0.0901 -0.4665 -0.8799
vn -0.0401 -0.9920 -0.1200
vn 0.4861 0.8422 0.2333
vn -0.0466 0.8727 0.4861
vn 0.1076 -0.3050 -0.9462
vn 0.0772 0.5483 -0.8327
vn 0.1618 -0.5285 -0.8334
vn 0.2331 -0.8440 -0.4831
vn -0.2364 0.9716 -0.0000
vn 0.1986 -0.9801 -0.0000
vn 0.2034 -0.9695 -0.1366
vn -0.1971 0.9466 0.2553
vn 0.0538 -0.8172 -0.5739
vn 0.9509 0.3095 -0.0000
vn -0.0784 -0.9969 -0.0000
vn -0.0852 -0.9914 -0.0995
vn 0.9267 0.3724 0.0500
vn 0.2538 0.8941 0.3690
vn 0.0045 -0.1436 -0.9896
vn -0.0300 0.6138 -0.7889
vn 0.0718 -0.3485 -0.9345
vn 0.4548 -0.8213 -0.3444
vn 0.5521 0.8286 0.0927
vn 0.7482 -0.4866 -0.4510
vn -0.4770 0.8266 0.2986
vn -0.6037 -0.7778 -0.1751
vn 0.6785 0.6267 -0.3833
vn 0.5082 -0.7858 -0.3525
vn -0.0226 -0.9761 -0.2162
vn 0.2254 0.6710 0.7064
vn -0.1235 0.6813 0.7215
vn 0.3101 -0.9018 -0.3009
vn -0.0490 -0.9848 -0.1665
vn 0.7241 0.5380 0.4316
vn -0.2247 0.8485 0.4791
vn 0.2084 -0.3738 -0.9038
vn 0.1479 0.6087 -0.7795
vn 0.3248 -0.6411 -0.6954
vn 0.5549 -0.7220 -0.4132
vn -0.6718 0.7407 -0.0000
vn 0.3893 -0.9211 -0.0000
vn 0.4060 -0.9006 -0.1550
vn -0.6654 0.7024 0.2527
vn 0.6203 -0.6589 -0.4254
vn -0.4995 0.6257 0.5992
vn -0.4936 -0.7098 -0.5025
vn -0.7920 0.1684 -0.5869
vn 0.4772 -0.7105 -0.5172
vn 0.7863 0.1606 -0.5966
vn -0.5052 -0.7133 0.4857
vn -0.7150 0.1281 0.6873
vn 0.4940 -0.7168 0.4921
vn 0.7027 0.1272 0.7000
vn 0.7094 -0.7048 -0.0006
vn 0.9702 0.1378 -0.1992
vn -0.7056 -0.7086 -0.0051
vn -0.9686 0.1335 -0.2098
vn -0.0137 -0.7129 -0.7012
vn 0.0057 0.7912 -0.6115
vn 0.0014 -0.7051 0.7091
vn 0.0007 0.1342 0.9909
vn -0.6937 0.1374 -0.7071
vn 0.6694 0.1388 -0.7299
vn 0.7014 0.1390 0.6991
vn -0.7141 0.1387 0.6861
vn -0.9904 0.1383 -0.0041
vn 0.9902 0.1394 0.0016
vn 0.0031 0.1399 0.9902
vn -0.0159 0.1384 -0.9902
vn -0.6627 0.3357 -0.6694
vn 0.6443 0.3422 -0.6839
vn 0.6838 0.2619 0.6811
vn -0.6954 0.2636 0.6686
vn -0.9468 0.3180 -0.0491
vn 0.9441 0.3271 -0.0409
vn 0.0017 0.2742 0.9617
vn -0.0164 0.3236 -0.9460
vn -0.8058 -0.0916 -0.5851
vn 0.7925 -0.0822 -0.6043
vn 0.7083 -0.0165 0.7057
vn -0.7209 -0.0165 0.6929
vn -0.9903 0.0361 -0.1341
vn 0.9916 0.0389 -0.1234
vn 0.0024 -0.0171 0.9999
vn -0.0071 -0.8459 -0.5334
vn -0.7777 -0.5567 -0.2921
vn -0.7476 0.5706 -0.3399
vn -0.0015 0.6074 -0.7944
vn 0.7300 0.5745 -0.3702
vn 0.7819 -0.5412 -0.3096
vn -0.0092 -0.6217 -0.7832
vn 0.0005 0.9998 -0.0217
vn -0.6573 0.7480 0.0918
vn 0.6794 -0.7267 0.1019
vn 0.6698 0.7404 0.0575
vn -0.6647 -0.7358 0.1291
vn -0.0000 -0.9998 0.0216
vn -0.9439 0.1304 -0.3034
vn 0.9384 0.1267 -0.3215
vn 0.6815 0.2727 0.6791
vn -0.6939 0.2715 0.6669
vn -0.9528 0.2612 -0.1548
vn 0.9534 0.2653 -0.1438
vn 0.0029 0.2751 0.9614
vn -0.9043 0.0457 -0.4245
vn 0.8788 0.0694 -0.4722
vn -0.0068 0.0175 -0.9998
vn -0.9853 0.0496 0.1632
vn 0.9914 0.0614 0.1152
vn 0.0091 0.4462 -0.8949
vn 0.5564 0.5855 -0.5896
vn 0.8817 0.4549 -0.1251
vn 0.6166 0.4922 0.6144
vn 0.0030 0.4737 0.8807
vn -0.6291 0.4887 0.6046
vn -0.8765 0.4621 -0.1347
vn -0.5573 0.5821 -0.5921
vn -0.0000 1.0000 -0.0000
vn -0.6219 -0.5736 0.5331
vn -0.7647 -0.0566 0.6419
vn 0.4194 -0.5670 0.7089
vn 0.4680 -0.1219 0.8753
vn 0.7544 -0.5543 0.3517
vn 0.9181 -0.1282 0.3750
vn 0.0131 -0.6327 0.7743
vn -0.0397 -0.0916 0.9950
vn -0.8149 0.0022 0.5796
vn 0.3949 -0.0207 0.9185
vn 0.8875 -0.0294 0.4598
vn -0.0675 -0.0032 0.9977
vn -0.7821 -0.0654 0.6197
vn 0.4188 -0.1190 0.9002
vn 0.9161 -0.1175 0.3833
vn -0.0573 -0.1067 0.9926
vn 0.4564 0.1213 0.8815
vn 0.8856 0.1169 0.4496
vn 0.0049 0.1109 0.9938
vn -0.7670 0.0680 0.6380
vn -0.7101 -0.5132 0.4820
vn 0.2410 0.9656 -0.0980
vn 0.6051 -0.6258 0.4921
vn -0.3066 0.9039 -0.2983
vn 0.5263 -0.4655 0.7116
vn -0.7392 -0.0489 0.6717
vn -0.6237 0.5630 0.5422
vn 0.5127 0.5205 0.6828
vn 0.3969 -0.7456 0.5353
vn -0.6754 -0.2076 0.7076
vn 0.4159 -0.8929 0.1723
vn 0.8269 -0.4587 0.3254
vn -0.4489 0.8840 -0.1309
vn -0.7590 -0.6484 0.0592
vn 0.7598 0.6006 0.2489
vn 0.5515 -0.8051 0.2182
vn 0.0423 -0.8972 0.4396
vn -0.0000 0.8640 -0.5035
vn 0.0511 -0.2444 0.9683
vn 0.0250 0.5797 0.8144
vn 0.0901 -0.4665 0.8799
vn -0.0401 -0.9920 0.1200
vn 0.4861 0.8422 -0.2333
vn -0.0466 0.8727 -0.4861
vn 0.1076 -0.3050 0.9462
vn 0.0772 0.5483 0.8327
vn 0.1618 -0.5285 0.8334
vn 0.2331 -0.8440 0.4831
vn 0.2034 -0.9695 0.1366
vn -0.1971 0.9466 -0.2553
vn 0.0553 -0.8118 0.5813
vn -0.0852 -0.9914 0.0995
vn 0.9267 0.3724 -0.0500
vn 0.2538 0.8941 -0.3690
vn 0.0045 -0.1436 0.9896
vn -0.0300 0.6138 0.7889
vn 0.0730 -0.3455 0.9356
vn 0.4548 -0.8213 0.3444
vn 0.5521 0.8286 -0.0927
vn 0.7482 -0.4866 0.4510
vn -0.4770 0.8266 -0.2986
vn -0.6115 -0.7684 0.1887
vn 0.6785 0.6267 0.3833
vn 0.5082 -0.7858 0.3525
vn -0.0226 -0.9761 0.2162
vn 0.2254 0.6710 -0.7064
vn -0.1235 0.6813 -0.7215
vn 0.3101 -0.9018 0.3009
vn -0.0488 -0.9837 0.1728
vn 0.7241 0.5380 -0.4316
vn -0.2247 0.8485 -0.4791
vn 0.2084 -0.3738 0.9038
vn 0.1479 0.6087 0.7795
vn 0.3248 -0.6411 0.6954
vn 0.5549 -0.7220 0.4132
vn 0.4060 -0.9006 0.1550
vn -0.6654 0.7024 -0.2527
vn 0.6203 -0.6589 0.4254
vn -0.4995 0.6257 -0.5992
vn -0.4936 -0.7098 0.5025
vn -0.7920 0.1684 0.5869
vn 0.4772 -0.7105 0.5172
vn 0.7863 0.1606 0.5966
vn -0.5052 -0.7133 -0.4857
vn -0.7150 0.1281 -0.6873
vn 0.4940 -0.7168 -0.4921
vn 0.7027 0.1272 -0.7000
vn 0.7094 -0.7048 0.0006
vn 0.9702 0.1378 0.1992
vn -0.7056 -0.7086 0.0051
vn -0.9686 0.1335 0.2098
vn -0.0137 -0.7129 0.7012
vn 0.0057 0.7912 0.6115
vn 0.0014 -0.7051 -0.7091
vn 0.0007 0.1342 -0.9909
vn -0.6937 0.1374 0.7071
vn 0.6694 0.1388 0.7299
vn 0.7014 0.1390 -0.6991
vn -0.7141 0.1387 -0.6861
vn -0.9904 0.1383 0.0041
vn 0.9902 0.1394 -0.0016
vn 0.0031 0.1399 -0.9902
vn -0.0159 0.1384 0.9902
vn -0.6627 0.3357 0.6694
vn 0.6443 0.3422 0.6839
vn 0.6838 0.2619 -0.6811
vn -0.6954 0.2636 -0.6686
vn -0.9468 0.3180 0.0491
vn 0.9441 0.3271 0.0409
vn 0.0017 0.2742 -0.9617
vn -0.0164 0.3236 0.9460
vn -0.8058 -0.0916 0.5851
vn 0.7925 -0.0822 0.6043
vn 0.7083 -0.0165 -0.7057
vn -0.7209 -0.0165 -0.6929
vn -0.9903 0.0361 0.1341
vn 0.9916 0.0389 0.1234
vn 0.0024 -0.0171 -0.9999
vn -0.0071 -0.8459 0.5334
vn -0.7777 -0.5567 0.2921
vn -0.7476 0.5706 0.3399
vn -0.0015 0.6074 0.7944
vn 0.7300 0.5745 0.3702
vn 0.7819 -0.5412 0.3096
vn -0.0092 -0.6217 0.7832
vn 0.0005 0.9998 0.0217
vn -0.6573 0.7480 -0.0918
vn 0.6794 -0.7267 -0.1019
vn 0.6698 0.7404 -0.0575
vn -0.6647 -0.7358 -0.1291
vn -0.0000 -0.9998 -0.0216
vn -0.9439 0.1304 0.3034
vn 0.9384 0.1267 0.3215
vn 0.6815 0.2727 -0.6791
vn -0.6939 0.2715 -0.6669
vn -0.9528 0.2612 0.1548
vn 0.9534 0.2653 0.1438
vn 0.0029 0.2751 -0.9614
vn -0.9043 0.0457 0.4245
vn 0.8788 0.0694 0.4722
vn -0.0068 0.0175 0.9998
vn -0.9853 0.0496 -0.1632
vn 0.9914 0.0614 -0.1152
vn 0.0091 0.4462 0.8949
vn 0.5564 0.5855 0.5896
vn 0.8817 0.4549 0.1251
vn 0.6166 0.4922 -0.6144
vn 0.0030 0.4737 -0.8807
vn -0.6291 0.4887 -0.6046
vn -0.8765 0.4621 0.1347
vn -0.5573 0.5821 0.5921
vn 0.7319 -0.6657 0.1456
vn 0.7319 0.6657 0.1456
vn 0.6204 -0.6657 0.4146
vn 0.6204 0.6657 0.4146
vn 0.4146 -0.6657 0.6204
vn 0.4146 0.6657 0.6204
vn 0.1456 -0.6657 0.7319
vn 0.1456 0.6657 0.7319
vn -0.1456 -0.6657 0.7319
vn -0.1456 0.6657 0.7319
vn -0.4146 -0.6657 0.6204
vn -0.4146 0.6657 0.6204
vn -0.6204 -0.6657 0.4146
vn -0.6204 0.6657 0.4146
vn -0.7319 -0.6657 0.1456
vn -0.7319 0.6657 0.1456
vn -0.7319 -0.6657 -0.1456
vn -0.7319 0.6657 -0.1456
vn -0.6204 -0.6657 -0.4146
vn -0.6204 0.6657 -0.4146
vn -0.4146 -0.6657 -0.6204
vn -0.4146 0.6657 -0.6204
vn -0.1456 -0.6657 -0.7319
vn -0.1456 0.6657 -0.7319
vn 0.1456 -0.6657 -0.7319
vn 0.1456 0.6657 -0.7319
vn 0.4146 -0.6657 -0.6204
vn 0.4146 0.6657 -0.6204
vn 0.6204 -0.6657 -0.4146
vn 0.6204 0.6657 -0.4146
vn 0.7319 -0.6657 -0.1456
vn 0.7319 0.6657 -0.1456
vn -0.5262 -0.6349 -0.5657
vn -0.4163 0.7956 -0.4402
vn 0.5294 -0.6388 -0.5583
vn 0.4220 0.7919 -0.4413
vn -0.5531 -0.6370 0.5369
vn -0.4348 0.7951 0.4229
vn 0.5284 -0.6396 0.5583
vn 0.4208 0.7937 0.4392
vn 0.7625 -0.6470 -0.0000
vn 0.5878 0.8090 -0.0011
vn -0.7549 -0.6557 -0.0115
vn -0.5830 0.8124 -0.0096
vn 0.0234 -0.6603 -0.7506
vn 0.0177 0.8153 -0.5788
vn -0.0053 -0.6553 0.7554
vn -0.0048 0.8141 0.5807
vn 0.0063 1.0000 0.0030
vn 0.0023 -1.0000 0.0006
vn -0.6307 0.3722 -0.6810
vn 0.6400 0.3603 -0.6787
vn 0.6386 0.3648 0.6776
vn -0.6681 0.3692 0.6460
vn -0.9334 0.3583 -0.0188
vn 0.9287 0.3709 -0.0006
vn -0.0101 0.3656 0.9307
vn 0.0332 0.3567 -0.9336
vn -0.6311 -0.3707 -0.6814
vn 0.6404 -0.3588 -0.6791
vn 0.6390 -0.3633 0.6780
vn -0.6686 -0.3677 0.6464
vn -0.9340 -0.3569 -0.0189
vn 0.9292 -0.3695 -0.0006
vn -0.0101 -0.3641 0.9313
vn 0.0332 -0.3552 -0.9342
vn 0.6652 0.2348 -0.7088
vn 0.6626 0.2370 0.7105
vn -0.6983 0.2364 0.6757
vn -0.9720 0.2344 -0.0152
vn 0.9719 0.2353 0.0013
vn -0.0069 0.2375 0.9714
vn 0.0317 0.2364 -0.9711
vn -0.6553 0.2359 -0.7176
vn -0.6728 -0.0085 -0.7397
vn 0.6837 -0.0085 -0.7297
vn 0.6809 -0.0086 0.7324
vn -0.7185 -0.0085 0.6955
vn -0.9999 -0.0086 -0.0142
vn 1.0000 -0.0084 0.0019
vn -0.0060 -0.0086 0.9999
vn 0.0318 -0.0086 -0.9995
vn -0.4331 0.5961 -0.6761
vn 0.6222 -0.5718 -0.5347
vn -0.3304 -0.6651 -0.6697
vn -0.3355 -0.7976 -0.5013
vn -0.4359 0.6287 0.6440
vn 0.6692 -0.5711 0.4754
vn -0.3257 -0.6649 0.6722
vn -0.3310 -0.7993 0.5015
vn -0.3375 -0.9413 0.0002
vn -0.6052 -0.7961 0.0028
vn -0.5040 0.8637 -0.0090
vn 0.8785 -0.4770 -0.0243
vn -0.4207 -0.0495 -0.9059
vn 0.1037 -0.6794 -0.7264
vn -0.4133 -0.0266 0.9102
vn 0.1587 -0.6629 0.7317
vn 0.1503 -0.9886 -0.0137
vn -0.9999 -0.0099 0.0054
vn -0.2459 0.6614 -0.7086
vn 0.2589 -0.6425 -0.7213
vn 0.2586 -0.6411 0.7226
vn -0.2590 0.6988 0.6667
vn -0.3427 0.9393 -0.0165
vn 0.3780 -0.9258 0.0005
vn -0.0126 0.0339 0.9993
vn 0.0057 -0.0106 -0.9999
vn 0.3377 0.6189 -0.7092
vn -0.2846 -0.6008 -0.7470
vn -0.2835 -0.5997 0.7483
vn 0.3545 0.6533 0.6690
vn 0.4663 0.8844 -0.0168
vn -0.4425 -0.8968 0.0005
vn 0.0466 0.0360 0.9983
vn 0.0246 -0.0058 -0.9997
vn 0.3851 -0.6414 -0.6636
vn 0.3872 -0.6400 0.6637
vn -0.0747 0.6964 0.7138
vn -0.1874 0.9821 -0.0190
vn 0.4603 -0.8878 -0.0000
vn 0.1851 -0.0191 0.9825
vn 0.1938 -0.0597 -0.9792
vn -0.0571 0.6524 -0.7557
vn 0.5484 0.4617 -0.6972
vn -0.5609 -0.2866 -0.7767
vn -0.5604 -0.2846 0.7778
vn 0.5768 0.4834 0.6585
vn 0.7734 0.6337 -0.0168
vn -0.8942 -0.4476 0.0001
vn 0.0421 0.0920 0.9949
vn 0.0027 0.0619 -0.9981
vn 0.0025 -0.6449 -0.7642
vn 0.0028 -0.6433 0.7656
vn 0.0271 0.7458 0.6656
vn 0.0288 0.9994 -0.0167
vn -0.0090 -1.0000 0.0006
vn 0.0190 0.0709 0.9973
vn 0.0178 0.0224 -0.9996
vn 0.0268 0.7090 -0.7047
vt 0.936140 0.748232
vt 0.936322 0.772315
vt 0.929696 0.772281
vt 0.931780 0.748149
vt 0.949455 0.747848
vt 0.949540 0.771905
vt 0.947688 0.772082
vt 0.947614 0.748034
vt 0.932525 0.692119
vt 0.930519 0.690945
vt 0.933281 0.673900
vt 0.936379 0.688794
vt 0.925256 0.747496
vt 0.923281 0.771710
vt 0.917599 0.770653
vt 0.921464 0.746807
vt 0.933549 0.693256
vt 0.936148 0.690103
vt 0.956465 0.747177
vt 0.956465 0.771258
vt 0.932165 0.694151
vt 0.931058 0.694247
vt 0.930010 0.694079
vt 0.944730 0.700394
vt 0.948510 0.723004
vt 0.938481 0.723731
vt 0.936082 0.703835
vt 0.953216 0.696754
vt 0.954747 0.722606
vt 0.950176 0.722897
vt 0.946081 0.699923
vt 0.933845 0.704148
vt 0.933972 0.723716
vt 0.928707 0.723415
vt 0.930483 0.704231
vt 0.925340 0.722895
vt 0.928425 0.703861
vt 0.083909 0.725316
vt 0.096783 0.725316
vt 0.096783 0.728548
vt 0.083909 0.728548
vt 0.145644 0.702801
vt 0.145644 0.689927
vt 0.148346 0.689927
vt 0.148346 0.702801
vt 0.071036 0.741421
vt 0.083909 0.741421
vt 0.083909 0.754295
vt 0.071036 0.754295
vt 0.145644 0.677054
vt 0.148346 0.677054
vt 0.058162 0.725316
vt 0.071036 0.725316
vt 0.071036 0.728548
vt 0.058162 0.728548
vt 0.119862 0.772259
vt 0.122564 0.772259
vt 0.122564 0.780076
vt 0.119862 0.780076
vt 0.145644 0.715674
vt 0.148346 0.715674
vt 0.109691 0.720731
vt 0.122564 0.720731
vt 0.122564 0.728548
vt 0.109691 0.728548
vt 0.058162 0.741421
vt 0.058162 0.754295
vt 0.096783 0.741421
vt 0.096783 0.754295
vt 0.045289 0.741421
vt 0.045289 0.754295
vt 0.145644 0.728548
vt 0.148346 0.728548
vt 0.045289 0.725316
vt 0.045289 0.728548
vt 0.122599 0.728548
vt 0.122599 0.715674
vt 0.135472 0.715674
vt 0.135472 0.728548
vt 0.045289 0.731250
vt 0.058162 0.731250
vt 0.083909 0.731250
vt 0.096783 0.731250
vt 0.071036 0.731250
vt 0.099519 0.720731
vt 0.099519 0.728548
vt 0.122599 0.702801
vt 0.135472 0.702801
vt 0.096817 0.772259
vt 0.109691 0.772259
vt 0.109691 0.780076
vt 0.096817 0.780076
vt 0.122599 0.689927
vt 0.122599 0.677054
vt 0.135472 0.677054
vt 0.135472 0.689927
vt 0.096817 0.746512
vt 0.109691 0.746512
vt 0.109691 0.764442
vt 0.096817 0.764442
vt 0.099519 0.694984
vt 0.109691 0.694984
vt 0.109691 0.712914
vt 0.099519 0.712914
vt 0.045289 0.684871
vt 0.058162 0.684871
vt 0.058162 0.692688
vt 0.045289 0.692688
vt 0.071036 0.684871
vt 0.083909 0.684871
vt 0.083909 0.692688
vt 0.071036 0.692688
vt 0.122564 0.694984
vt 0.122564 0.712914
vt 0.119862 0.746512
vt 0.122564 0.746512
vt 0.122564 0.764442
vt 0.119862 0.764442
vt 0.096783 0.684871
vt 0.096783 0.692688
vt 0.119862 0.731814
vt 0.122564 0.731814
vt 0.109691 0.680285
vt 0.122564 0.680285
vt 0.099519 0.680285
vt 0.096817 0.731814
vt 0.109691 0.731814
vt 0.058162 0.710618
vt 0.045289 0.710618
vt 0.083909 0.710618
vt 0.071036 0.710618
vt 0.096783 0.710618
vt 0.083909 0.677054
vt 0.096783 0.677054
vt 0.058162 0.677054
vt 0.071036 0.677054
vt 0.045289 0.677054
vt 0.096817 0.712914
vt 0.096817 0.720731
vt 0.097190 0.683652
vt 0.096817 0.694984
vt 0.096817 0.728548
vt 0.109691 0.728582
vt 0.119862 0.728582
vt 0.096817 0.677054
vt 0.099519 0.677054
vt 0.096817 0.728582
vt 0.109691 0.677054
vt 0.122564 0.677054
vt 0.122564 0.728582
vt 0.934734 0.541121
vt 0.934310 0.541121
vt 0.934734 0.544891
vt 0.935158 0.544891
vt 0.935158 0.548660
vt 0.934734 0.548660
vt 0.934734 0.552429
vt 0.935158 0.552429
vt 0.935158 0.556199
vt 0.934734 0.556199
vt 0.934734 0.559968
vt 0.935158 0.559968
vt 0.935158 0.563737
vt 0.934734 0.563737
vt 0.923850 0.552429
vt 0.927619 0.552429
vt 0.927619 0.556199
vt 0.923850 0.556199
vt 0.942696 0.552429
vt 0.942696 0.556199
vt 0.920080 0.552429
vt 0.920080 0.556199
vt 0.935158 0.541121
vt 0.920080 0.548660
vt 0.923850 0.548660
vt 0.927619 0.548660
vt 0.927619 0.533583
vt 0.930634 0.533583
vt 0.930634 0.537352
vt 0.927619 0.537352
vt 0.930634 0.548660
vt 0.930634 0.552429
vt 0.927619 0.541121
vt 0.930634 0.541121
vt 0.930634 0.544891
vt 0.927619 0.544891
vt 0.930634 0.556199
vt 0.930634 0.559968
vt 0.927619 0.559968
vt 0.930634 0.563737
vt 0.927619 0.563737
vt 0.933461 0.533583
vt 0.933461 0.537352
vt 0.933461 0.548660
vt 0.933461 0.552429
vt 0.933461 0.541121
vt 0.933461 0.544891
vt 0.933461 0.556199
vt 0.933461 0.559968
vt 0.933461 0.563737
vt 0.934310 0.533583
vt 0.934310 0.537352
vt 0.934310 0.548660
vt 0.934310 0.552429
vt 0.934310 0.544891
vt 0.934310 0.556199
vt 0.934310 0.559968
vt 0.934310 0.563737
vt 0.934734 0.537352
vt 0.935158 0.537352
vt 0.934734 0.533583
vt 0.935158 0.533583
vt 0.934310 0.537352
vt 0.942696 0.548660
vt 0.938927 0.552429
vt 0.938927 0.556199
vt 0.938927 0.548660
vt 0.907181 0.742955
vt 0.911318 0.744421
vt 0.905684 0.767906
vt 0.899427 0.765593
vt 0.894751 0.737881
vt 0.896428 0.738708
vt 0.888786 0.761351
vt 0.887096 0.760528
vt 0.928257 0.691341
vt 0.925671 0.686843
vt 0.917673 0.746114
vt 0.911911 0.769638
vt 0.926935 0.692051
vt 0.925477 0.688159
vt 0.888355 0.734768
vt 0.880773 0.757468
vt 0.927957 0.693385
vt 0.928970 0.693866
vt 0.914147 0.694822
vt 0.921215 0.701126
vt 0.912689 0.719032
vt 0.903465 0.714797
vt 0.907294 0.688387
vt 0.913022 0.693900
vt 0.901928 0.714106
vt 0.897711 0.712214
vt 0.923226 0.702213
vt 0.926368 0.703481
vt 0.922002 0.722194
vt 0.916944 0.720614
vt 0.119418 0.549502
vt 0.118195 0.549502
vt 0.119418 0.560373
vt 0.119418 0.571244
vt 0.120641 0.571244
vt 0.120641 0.560373
vt 0.119418 0.582116
vt 0.119418 0.592987
vt 0.120641 0.592987
vt 0.120641 0.582116
vt 0.119418 0.603858
vt 0.119418 0.614729
vt 0.120641 0.614729
vt 0.120641 0.603858
vt 0.088028 0.582116
vt 0.088028 0.592987
vt 0.098899 0.592987
vt 0.098899 0.582116
vt 0.142383 0.582116
vt 0.142383 0.592987
vt 0.077156 0.582116
vt 0.077156 0.592987
vt 0.120641 0.549502
vt 0.077156 0.571244
vt 0.088028 0.571244
vt 0.098899 0.571244
vt 0.098899 0.527760
vt 0.098899 0.538631
vt 0.107595 0.538631
vt 0.107595 0.527760
vt 0.107595 0.582116
vt 0.107595 0.571244
vt 0.098899 0.549502
vt 0.098899 0.560373
vt 0.107595 0.560373
vt 0.107595 0.549502
vt 0.098899 0.603858
vt 0.107595 0.603858
vt 0.107595 0.592987
vt 0.098899 0.614729
vt 0.107595 0.614729
vt 0.115749 0.538631
vt 0.115749 0.527760
vt 0.115749 0.582116
vt 0.115749 0.571244
vt 0.115749 0.560373
vt 0.115749 0.549502
vt 0.115749 0.603858
vt 0.115749 0.592987
vt 0.115749 0.614729
vt 0.118195 0.538631
vt 0.118195 0.527760
vt 0.118195 0.582116
vt 0.118195 0.571244
vt 0.118195 0.560373
vt 0.118195 0.603858
vt 0.118195 0.592987
vt 0.118195 0.614729
vt 0.119418 0.538631
vt 0.120641 0.538631
vt 0.119418 0.527760
vt 0.120641 0.527760
vt 0.142383 0.571244
vt 0.131512 0.582116
vt 0.131512 0.592987
vt 0.131512 0.571244
vt 0.074577 0.564277
vt 0.074577 0.566456
vt 0.059070 0.566456
vt 0.059070 0.564277
vt 0.074577 0.568635
vt 0.059070 0.568635
vt 0.074577 0.570814
vt 0.059070 0.570814
vt 0.074577 0.572993
vt 0.059070 0.572993
vt 0.074577 0.575172
vt 0.059070 0.575172
vt 0.074577 0.577350
vt 0.059070 0.577350
vt 0.074577 0.579529
vt 0.059070 0.579529
vt 0.074577 0.581708
vt 0.059070 0.581708
vt 0.074577 0.583887
vt 0.059070 0.583887
vt 0.074577 0.586066
vt 0.059070 0.586066
vt 0.074577 0.588245
vt 0.059070 0.588245
vt 0.074577 0.590423
vt 0.059070 0.590423
vt 0.074577 0.592602
vt 0.059070 0.592602
vt 0.074577 0.594781
vt 0.059070 0.594781
vt 0.074577 0.596960
vt 0.059070 0.596960
vt 0.080787 0.579769
vt 0.083866 0.579769
vt 0.086711 0.580947
vt 0.088888 0.583124
vt 0.090067 0.585969
vt 0.090067 0.589048
vt 0.088888 0.591893
vt 0.086711 0.594070
vt 0.083866 0.595248
vt 0.080787 0.595248
vt 0.077943 0.594070
vt 0.075765 0.591893
vt 0.074587 0.589048
vt 0.074587 0.585969
vt 0.075765 0.583124
vt 0.077943 0.580947
vt 0.080787 0.564278
vt 0.077943 0.565456
vt 0.075765 0.567633
vt 0.074587 0.570478
vt 0.074587 0.573557
vt 0.075765 0.576402
vt 0.077943 0.578579
vt 0.080787 0.579757
vt 0.083866 0.579757
vt 0.086711 0.578579
vt 0.088888 0.576402
vt 0.090067 0.573557
vt 0.090067 0.570478
vt 0.088888 0.567633
vt 0.086711 0.565456
vt 0.083866 0.564278
vt 0.956847 0.537352
vt 0.957789 0.537352
vt 0.957789 0.541121
vt 0.956847 0.541121
vt 0.956847 0.544891
vt 0.957789 0.544891
vt 0.957789 0.548660
vt 0.956847 0.548660
vt 0.956847 0.552429
vt 0.957789 0.552429
vt 0.957789 0.556199
vt 0.956847 0.556199
vt 0.956847 0.559968
vt 0.957789 0.559968
vt 0.957789 0.563737
vt 0.956847 0.563737
vt 0.946481 0.552429
vt 0.950250 0.552429
vt 0.950250 0.556199
vt 0.946481 0.556199
vt 0.961558 0.552429
vt 0.965328 0.552429
vt 0.965328 0.556199
vt 0.961558 0.556199
vt 0.942712 0.552429
vt 0.942712 0.556199
vt 0.942712 0.548660
vt 0.946481 0.548660
vt 0.961558 0.548660
vt 0.965328 0.548660
vt 0.950250 0.548660
vt 0.956847 0.533583
vt 0.957789 0.533583
vt 0.952135 0.533583
vt 0.954020 0.533583
vt 0.954020 0.537352
vt 0.952135 0.537352
vt 0.952135 0.548660
vt 0.954020 0.548660
vt 0.954020 0.552429
vt 0.952135 0.552429
vt 0.952135 0.541121
vt 0.954020 0.541121
vt 0.954020 0.544891
vt 0.952135 0.544891
vt 0.952135 0.556199
vt 0.954020 0.556199
vt 0.954020 0.559968
vt 0.952135 0.559968
vt 0.954020 0.563737
vt 0.952135 0.563737
vt 0.955904 0.533583
vt 0.955904 0.537352
vt 0.955904 0.548660
vt 0.955904 0.552429
vt 0.955904 0.541121
vt 0.955904 0.544891
vt 0.955904 0.556199
vt 0.955904 0.559968
vt 0.955904 0.563737
vt 0.950250 0.537352
vt 0.950250 0.541121
vt 0.950250 0.544891
vt 0.950250 0.559968
vt 0.950250 0.563737
vt 0.950250 0.533583
vt 0.934215 0.567522
vt 0.935158 0.567522
vt 0.935158 0.571291
vt 0.934215 0.571291
vt 0.934215 0.575061
vt 0.935158 0.575061
vt 0.935158 0.578830
vt 0.934215 0.578830
vt 0.934215 0.582599
vt 0.935158 0.582599
vt 0.935158 0.586369
vt 0.934215 0.586369
vt 0.934215 0.590138
vt 0.935158 0.590138
vt 0.935158 0.593907
vt 0.934215 0.593907
vt 0.923850 0.582599
vt 0.927619 0.582599
vt 0.927619 0.586369
vt 0.923850 0.586369
vt 0.938927 0.582599
vt 0.942696 0.582599
vt 0.942696 0.586369
vt 0.938927 0.586369
vt 0.920080 0.582599
vt 0.920080 0.586369
vt 0.920080 0.578830
vt 0.923850 0.578830
vt 0.938927 0.578830
vt 0.942696 0.578830
vt 0.927619 0.578830
vt 0.934215 0.563753
vt 0.935158 0.563753
vt 0.929504 0.563753
vt 0.931388 0.563753
vt 0.931388 0.567522
vt 0.929504 0.567522
vt 0.929504 0.578830
vt 0.931388 0.578830
vt 0.931388 0.582599
vt 0.929504 0.582599
vt 0.929504 0.571291
vt 0.931388 0.571291
vt 0.931388 0.575061
vt 0.929504 0.575061
vt 0.929504 0.586369
vt 0.931388 0.586369
vt 0.931388 0.590138
vt 0.929504 0.590138
vt 0.931388 0.593907
vt 0.929504 0.593907
vt 0.932331 0.563753
vt 0.933273 0.563753
vt 0.933273 0.567522
vt 0.932331 0.567522
vt 0.932331 0.578830
vt 0.933273 0.578830
vt 0.933273 0.582599
vt 0.932331 0.582599
vt 0.932331 0.571291
vt 0.933273 0.571291
vt 0.933273 0.575061
vt 0.932331 0.575061
vt 0.932331 0.586369
vt 0.933273 0.586369
vt 0.933273 0.590138
vt 0.932331 0.590138
vt 0.933273 0.593907
vt 0.932331 0.593907
vt 0.927619 0.567522
vt 0.927619 0.571291
vt 0.927619 0.575061
vt 0.927619 0.590138
vt 0.927619 0.593907
vt 0.927619 0.563753
s 1
f 86/99/66 70/100/55 60/101/46 81/102/63
f 85/103/50 66/104/50 58/105/44 80/106/62
f 72/107/56 71/108/56 63/109/49 68/110/53
f 84/111/65 67/112/52 62/113/48 83/114/64
f 81/102/63 60/101/46 67/112/52 84/111/65
f 69/115/54 72/107/56 68/110/53 57/116/43
f 82/117/50 64/118/50 66/104/50 85/103/50
f 59/119/45 65/120/51 72/107/56 69/115/54
f 65/120/51 61/121/47 71/108/56 72/107/56
f 80/106/62 58/105/44 70/100/55 86/99/66
f 93/122/71 73/123/57 79/124/61 92/125/70
f 88/126/50 75/127/50 78/128/50 91/129/50
f 87/130/67 74/131/58 77/132/60 90/133/69
f 90/133/69 77/132/60 76/134/59 89/135/68
f 91/129/50 78/128/50 73/123/57 93/122/71
f 92/125/70 79/124/61 74/131/58 87/130/67
f 73/123/57 80/106/62 86/99/66 79/124/61
f 75/127/50 82/117/50 85/103/50 78/128/50
f 74/131/58 81/102/63 84/111/65 77/132/60
f 77/132/60 84/111/65 83/114/64 76/134/59
f 78/128/50 85/103/50 80/106/62 73/123/57
f 79/124/61 86/99/66 81/102/63 74/131/58
f 69/115/54 92/125/70 87/130/67 59/119/45
f 68/110/53 91/129/50 93/122/71 57/116/43
f 65/120/51 90/133/69 89/135/68 61/121/47
f 59/119/45 87/130/67 90/133/69 65/120/51
f 63/109/49 88/126/50 91/129/50 68/110/53
f 57/116/43 93/122/71 92/125/70 69/115/54
f 169/136/138 167/137/136 97/138/75 109/139/86
f 152/140/50 154/141/85 106/142/83 101/143/78
f 116/144/91 120/145/94 107/146/84 98/147/76
f 154/141/85 153/148/124 95/149/73 106/142/83
f 170/150/139 168/151/137 100/152/77 110/153/87
f 166/154/135 147/155/119 95/156/73 153/157/124
f 155/158/50 152/140/50 101/143/78 111/159/88
f 145/160/117 144/161/116 104/162/81 119/163/93
f 122/164/95 116/144/91 98/147/76 113/165/89
f 120/145/94 118/166/92 103/167/80 107/146/84
f 168/151/137 169/136/138 109/139/86 100/152/77
f 114/168/90 122/164/95 113/165/89 102/169/79
f 158/170/127 155/158/50 111/159/88 94/171/72
f 171/172/140 170/150/139 110/153/87 96/173/74
f 104/174/81 112/175/50 123/176/50 119/177/93
f 151/178/123 160/179/129 122/164/95 114/168/90
f 159/180/128 157/181/126 118/166/92 120/145/94
f 160/179/129 156/182/125 116/144/91 122/164/95
f 165/183/134 145/160/117 119/163/93 158/184/127
f 112/175/50 99/185/50 115/186/50 123/176/50
f 143/187/115 146/188/118 117/189/82 105/190/82
f 108/191/85 105/192/82 117/193/82 121/194/85
f 156/182/125 159/180/128 120/145/94 116/144/91
f 99/185/50 108/191/85 121/194/85 115/186/50
f 138/195/110 141/196/113 132/197/104 127/198/99
f 164/199/133 140/200/112 131/201/103 161/202/130
f 142/203/114 150/204/122 130/205/102 124/206/96
f 148/207/120 149/208/121 129/209/101 126/210/98
f 140/200/112 139/211/111 128/212/100 131/201/103
f 163/213/132 133/214/105 125/215/97 162/216/131
f 150/204/122 148/207/120 126/210/98 130/205/102
f 149/208/121 147/217/119 125/218/97 129/209/101
f 177/219/146 167/220/136 133/214/105 163/213/132
f 174/221/143 173/222/142 139/211/111 140/200/112
f 176/223/145 174/221/143 140/200/112 164/199/133
f 172/224/141 175/225/144 141/196/113 138/195/110
f 124/206/96 130/205/102 136/226/108 137/227/109
f 126/210/98 129/209/101 135/228/107 134/229/106
f 130/205/102 126/210/98 134/229/106 136/226/108
f 129/209/101 125/218/97 133/230/105 135/228/107
f 106/231/83 95/232/73 147/217/119 149/208/121
f 111/233/88 101/234/78 148/207/120 150/204/122
f 101/234/78 106/231/83 149/208/121 148/207/120
f 94/235/72 111/233/88 150/204/122 142/203/114
f 127/198/99 132/197/104 146/188/118 143/187/115
f 161/202/130 131/201/103 145/160/117 165/183/134
f 131/201/103 128/212/100 144/161/116 145/160/117
f 162/216/131 125/215/97 147/155/119 166/154/135
f 132/197/104 162/216/131 166/154/135 146/188/118
f 124/236/96 161/202/130 165/183/134 142/237/114
f 171/238/140 176/223/145 164/199/133 137/239/109
f 175/225/144 177/219/146 163/213/132 141/196/113
f 141/196/113 163/213/132 162/216/131 132/197/104
f 137/239/109 164/199/133 161/202/130 124/236/96
f 100/152/77 109/139/86 159/180/128 156/182/125
f 142/237/114 165/183/134 158/184/127 94/240/72
f 110/153/87 100/152/77 156/182/125 160/179/129
f 109/139/86 97/138/75 157/181/126 159/180/128
f 96/173/74 110/153/87 160/179/129 151/178/123
f 119/177/93 123/176/50 155/158/50 158/170/127
f 123/176/50 115/186/50 152/140/50 155/158/50
f 146/188/118 166/154/135 153/157/124 117/189/82
f 121/194/85 117/193/82 153/148/124 154/141/85
f 115/186/50 121/194/85 154/141/85 152/140/50
f 118/241/92 157/242/126 177/219/146 175/225/144
f 96/243/74 151/244/123 176/223/145 171/238/140
f 103/245/80 118/241/92 175/225/144 172/224/141
f 151/244/123 114/246/90 174/221/143 176/223/145
f 114/246/90 102/247/79 173/222/142 174/221/143
f 157/242/126 97/248/75 167/220/136 177/219/146
f 137/227/109 136/226/108 170/150/139 171/172/140
f 134/229/106 135/228/107 169/136/138 168/151/137
f 136/226/108 134/229/106 168/151/137 170/150/139
f 135/228/107 133/230/105 167/137/136 169/136/138
f 242/249/210 227/250/195 223/250/191 239/249/207
f 236/251/204 187/252/156 185/253/154 233/254/201
f 237/255/205 193/256/162 183/257/152 234/258/202
f 235/259/203 189/260/158 179/261/148 231/262/199
f 194/263/56 192/264/161 182/265/151 188/266/157
f 183/257/152 193/256/162 247/256/215 248/257/216
f 191/267/160 179/268/148 250/268/218 243/267/211
f 190/269/159 194/263/56 188/266/157 178/270/147
f 234/258/202 183/257/152 189/260/158 235/259/203
f 232/249/200 181/271/150 187/252/156 236/251/204
f 180/272/149 186/273/155 194/263/56 190/269/159
f 193/256/162 185/253/154 246/253/214 247/256/215
f 185/253/154 187/252/156 245/252/213 246/253/214
f 186/273/155 184/274/153 192/264/161 194/263/56
f 233/254/201 185/253/154 193/256/162 237/255/205
f 226/268/194 225/267/193 221/267/189 220/268/188
f 178/275/147 195/276/163 202/277/170 190/278/159
f 184/274/153 197/279/165 201/280/169 192/264/161
f 180/281/149 196/282/164 200/283/168 186/284/155
f 182/265/151 198/285/166 199/286/167 188/287/157
f 188/287/157 199/286/167 195/288/163 178/289/147
f 192/264/161 201/280/169 198/285/166 182/265/151
f 186/284/155 200/283/168 197/279/165 184/274/153
f 190/278/159 202/277/170 196/282/164 180/281/149
f 195/276/163 203/290/171 210/291/178 202/277/170
f 197/279/165 205/292/173 209/293/177 201/280/169
f 196/282/164 204/294/172 208/295/176 200/283/168
f 198/285/166 206/296/174 207/297/175 199/286/167
f 199/286/167 207/297/175 203/298/171 195/288/163
f 201/280/169 209/293/177 206/296/174 198/285/166
f 200/283/168 208/295/176 205/292/173 197/279/165
f 202/277/170 210/291/178 204/294/172 196/282/164
f 203/290/171 211/299/179 218/300/186 210/291/178
f 205/292/173 213/301/181 217/302/185 209/293/177
f 204/294/172 212/250/180 216/303/184 208/295/176
f 206/296/174 214/304/182 215/305/183 207/297/175
f 207/297/175 215/305/183 211/306/179 203/298/171
f 209/293/177 217/302/185 214/304/182 206/296/174
f 208/295/176 216/303/184 213/301/181 205/292/173
f 210/291/178 218/300/186 212/250/180 204/294/172
f 240/307/208 221/308/189 222/271/190 239/249/207
f 238/309/206 220/310/188 221/308/189 240/307/208
f 230/311/198 229/299/197 219/299/187 224/300/192
f 227/250/195 230/311/198 224/300/192 223/250/191
f 225/267/193 228/312/196 222/312/190 221/267/189
f 241/262/209 226/261/194 220/261/188 238/262/206
f 231/262/199 179/261/148 226/261/194 241/262/209
f 191/267/160 181/312/150 228/312/196 225/267/193
f 212/250/180 218/300/186 230/311/198 227/250/195
f 218/300/186 211/299/179 229/299/197 230/311/198
f 179/268/148 191/267/160 225/267/193 226/268/194
f 232/249/200 212/250/180 227/250/195 242/249/210
f 181/271/150 232/249/200 242/249/210 228/271/196
f 211/306/179 231/262/199 241/262/209 229/306/197
f 229/306/197 241/262/209 238/262/206 219/306/187
f 219/299/187 238/309/206 240/307/208 224/300/192
f 224/300/192 240/307/208 239/249/207 223/250/191
f 213/301/181 233/254/201 237/255/205 217/302/185
f 212/250/180 232/249/200 236/251/204 216/303/184
f 214/304/182 234/258/202 235/259/203 215/305/183
f 215/305/183 235/259/203 231/262/199 211/306/179
f 217/302/185 237/255/205 234/258/202 214/304/182
f 216/303/184 236/251/204 233/254/201 213/301/181
f 228/271/196 242/249/210 239/249/207 222/271/190
f 251/313/219 243/267/211 250/268/218 249/314/217
f 247/256/215 251/313/219 249/314/217 248/257/216
f 246/253/214 245/315/213 251/313/219 247/256/215
f 245/315/213 244/312/212 243/267/211 251/313/219
f 189/260/158 183/257/152 248/257/216 249/260/217
f 187/252/156 181/271/150 244/271/212 245/252/213
f 181/312/150 191/267/160 243/267/211 244/312/212
f 179/261/148 189/260/158 249/260/217 250/261/218
f 274/316/235 270/317/233 255/318/223 261/319/227
f 273/320/50 269/321/232 253/322/221 257/323/50
f 262/324/56 259/325/53 63/109/49 71/108/56
f 272/326/234 83/114/64 62/113/48 258/327/225
f 270/317/233 272/326/234 258/327/225 255/318/223
f 260/328/226 252/329/220 259/325/53 262/324/56
f 271/330/50 273/320/50 257/323/50 64/331/50
f 254/332/222 260/328/226 262/324/56 256/333/224
f 256/333/224 262/324/56 71/108/56 61/121/47
f 269/321/232 274/316/235 261/319/227 253/322/221
f 280/334/239 279/335/238 268/336/231 263/337/228
f 276/338/50 278/339/50 267/340/50 265/341/50
f 275/342/236 277/343/237 266/344/230 264/345/229
f 277/343/237 89/135/68 76/134/59 266/344/230
f 278/339/50 280/334/239 263/337/228 267/340/50
f 279/335/238 275/342/236 264/345/229 268/336/231
f 263/337/228 268/336/231 274/316/235 269/321/232
f 265/341/50 267/340/50 273/320/50 271/330/50
f 264/345/229 266/344/230 272/326/234 270/317/233
f 266/344/230 76/134/59 83/114/64 272/326/234
f 267/340/50 263/337/228 269/321/232 273/320/50
f 268/336/231 264/345/229 270/317/233 274/316/235
f 260/328/226 254/332/222 275/342/236 279/335/238
f 259/325/53 252/329/220 280/334/239 278/339/50
f 256/333/224 61/121/47 89/135/68 277/343/237
f 254/332/222 256/333/224 277/343/237 275/342/236
f 63/109/49 259/325/53 278/339/50 276/338/50
f 252/329/220 260/328/226 279/335/238 280/334/239
f 340/136/292 288/139/247 284/138/243 338/137/290
f 323/140/50 286/143/245 287/142/246 325/141/85
f 293/144/251 98/147/76 107/146/84 297/145/254
f 325/141/85 287/142/246 282/149/241 324/148/278
f 341/150/293 289/153/248 285/152/244 339/151/291
f 337/154/289 324/157/278 282/156/241 318/155/273
f 326/158/50 290/159/249 286/143/245 323/140/50
f 316/160/271 296/163/253 104/162/81 144/161/116
f 299/164/255 113/165/89 98/147/76 293/144/251
f 297/145/254 107/146/84 103/167/80 295/166/252
f 339/151/291 285/152/244 288/139/247 340/136/292
f 291/168/250 102/169/79 113/165/89 299/164/255
f 329/170/281 281/171/240 290/159/249 326/158/50
f 342/172/294 283/173/242 289/153/248 341/150/293
f 104/174/81 296/177/253 300/176/50 112/175/50
f 322/178/277 291/168/250 299/164/255 331/179/283
f 330/180/282 297/145/254 295/166/252 328/181/280
f 331/179/283 299/164/255 293/144/251 327/182/279
f 336/183/288 329/184/281 296/163/253 316/160/271
f 112/175/50 300/176/50 292/186/50 99/185/50
f 143/187/115 105/190/82 294/189/82 317/188/272
f 108/191/85 298/194/85 294/193/82 105/192/82
f 327/182/279 293/144/251 297/145/254 330/180/282
f 99/185/50 292/186/50 298/194/85 108/191/85
f 138/195/110 127/198/99 307/197/262 314/196/269
f 335/199/287 332/202/284 306/201/261 313/200/268
f 315/203/270 301/206/256 305/205/260 321/204/276
f 319/207/274 303/210/258 304/209/259 320/208/275
f 313/200/268 306/201/261 128/212/100 139/211/111
f 334/213/286 333/216/285 302/215/257 308/214/263
f 321/204/276 305/205/260 303/210/258 319/207/274
f 320/208/275 304/209/259 302/218/257 318/217/273
f 346/219/298 334/213/286 308/214/263 338/220/290
f 343/221/295 313/200/268 139/211/111 173/222/142
f 345/223/297 335/199/287 313/200/268 343/221/295
f 172/224/141 138/195/110 314/196/269 344/225/296
f 301/206/256 312/227/267 311/226/266 305/205/260
f 303/210/258 309/229/264 310/228/265 304/209/259
f 305/205/260 311/226/266 309/229/264 303/210/258
f 304/209/259 310/228/265 308/230/263 302/218/257
f 287/231/246 320/208/275 318/217/273 282/232/241
f 290/233/249 321/204/276 319/207/274 286/234/245
f 286/234/245 319/207/274 320/208/275 287/231/246
f 281/235/240 315/203/270 321/204/276 290/233/249
f 127/198/99 143/187/115 317/188/272 307/197/262
f 332/202/284 336/183/288 316/160/271 306/201/261
f 306/201/261 316/160/271 144/161/116 128/212/100
f 333/216/285 337/154/289 318/155/273 302/215/257
f 307/197/262 317/188/272 337/154/289 333/216/285
f 301/236/256 315/237/270 336/183/288 332/202/284
f 342/238/294 312/239/267 335/199/287 345/223/297
f 344/225/296 314/196/269 334/213/286 346/219/298
f 314/196/269 307/197/262 333/216/285 334/213/286
f 312/239/267 301/236/256 332/202/284 335/199/287
f 285/152/244 327/182/279 330/180/282 288/139/247
f 315/237/270 281/240/240 329/184/281 336/183/288
f 289/153/248 331/179/283 327/182/279 285/152/244
f 288/139/247 330/180/282 328/181/280 284/138/243
f 283/173/242 322/178/277 331/179/283 289/153/248
f 296/177/253 329/170/281 326/158/50 300/176/50
f 300/176/50 326/158/50 323/140/50 292/186/50
f 317/188/272 294/189/82 324/157/278 337/154/289
f 298/194/85 325/141/85 324/148/278 294/193/82
f 292/186/50 323/140/50 325/141/85 298/194/85
f 295/241/252 344/225/296 346/219/298 328/242/280
f 283/243/242 342/238/294 345/223/297 322/244/277
f 103/245/80 172/224/141 344/225/296 295/241/252
f 322/244/277 345/223/297 343/221/295 291/246/250
f 291/246/250 343/221/295 173/222/142 102/247/79
f 328/242/280 346/219/298 338/220/290 284/248/243
f 312/227/267 342/172/294 341/150/293 311/226/266
f 309/229/264 339/151/291 340/136/292 310/228/265
f 311/226/266 341/150/293 339/151/291 309/229/264
f 310/228/265 340/136/292 338/137/290 308/230/263
f 411/346/362 408/346/359 392/347/343 396/347/347
f 405/348/356 402/349/353 354/350/306 356/351/308
f 406/352/357 403/353/354 352/354/304 362/355/314
f 404/356/355 400/357/351 348/358/300 358/359/310
f 363/360/56 357/361/309 351/362/303 361/363/313
f 352/354/304 417/354/368 416/355/367 362/355/314
f 360/364/312 412/364/363 419/365/370 348/365/300
f 359/366/311 347/367/299 357/361/309 363/360/56
f 403/353/354 404/356/355 358/359/310 352/354/304
f 401/346/352 405/348/356 356/351/308 350/368/302
f 349/369/301 359/366/311 363/360/56 355/370/307
f 362/355/314 416/355/367 415/350/366 354/350/306
f 354/350/306 415/350/366 414/351/365 356/351/308
f 355/370/307 363/360/56 361/363/313 353/371/305
f 402/349/353 406/352/357 362/355/314 354/350/306
f 395/365/346 389/365/340 390/364/341 394/364/345
f 347/372/299 359/373/311 371/374/322 364/375/315
f 353/371/305 361/363/313 370/376/321 366/377/317
f 349/378/301 355/379/307 369/380/320 365/381/316
f 351/362/303 357/382/309 368/383/319 367/384/318
f 357/382/309 347/385/299 364/386/315 368/383/319
f 361/363/313 351/362/303 367/384/318 370/376/321
f 355/379/307 353/371/305 366/377/317 369/380/320
f 359/373/311 349/378/301 365/381/316 371/374/322
f 364/375/315 371/374/322 379/387/330 372/388/323
f 366/377/317 370/376/321 378/389/329 374/390/325
f 365/381/316 369/380/320 377/391/328 373/392/324
f 367/384/318 368/383/319 376/393/327 375/394/326
f 368/383/319 364/386/315 372/395/323 376/393/327
f 370/376/321 367/384/318 375/394/326 378/389/329
f 369/380/320 366/377/317 374/390/325 377/391/328
f 371/374/322 365/381/316 373/392/324 379/387/330
f 372/388/323 379/387/330 387/396/338 380/397/331
f 374/390/325 378/389/329 386/398/337 382/399/333
f 373/392/324 377/391/328 385/400/336 381/347/332
f 375/394/326 376/393/327 384/401/335 383/402/334
f 376/393/327 372/395/323 380/403/331 384/401/335
f 378/389/329 375/394/326 383/402/334 386/398/337
f 377/391/328 374/390/325 382/399/333 385/400/336
f 379/387/330 373/392/324 381/347/332 387/396/338
f 409/404/360 408/346/359 391/368/342 390/405/341
f 407/406/358 409/404/360 390/405/341 389/407/340
f 399/396/350 393/396/344 388/397/339 398/397/349
f 396/347/347 392/347/343 393/396/344 399/396/350
f 394/364/345 390/364/341 391/408/342 397/408/348
f 410/357/361 407/357/358 389/358/340 395/358/346
f 400/357/351 410/357/361 395/358/346 348/358/300
f 360/364/312 394/364/345 397/408/348 350/408/302
f 381/347/332 396/347/347 399/396/350 387/396/338
f 387/396/338 399/396/350 398/397/349 380/397/331
f 348/365/300 395/365/346 394/364/345 360/364/312
f 401/346/352 411/346/362 396/347/347 381/347/332
f 350/368/302 397/368/348 411/346/362 401/346/352
f 380/403/331 398/403/349 410/357/361 400/357/351
f 398/403/349 388/403/339 407/357/358 410/357/361
f 388/397/339 393/396/344 409/404/360 407/406/358
f 393/396/344 392/347/343 408/346/359 409/404/360
f 382/399/333 386/398/337 406/352/357 402/349/353
f 381/347/332 385/400/336 405/348/356 401/346/352
f 383/402/334 384/401/335 404/356/355 403/353/354
f 384/401/335 380/403/331 400/357/351 404/356/355
f 386/398/337 383/402/334 403/353/354 406/352/357
f 385/400/336 382/399/333 402/349/353 405/348/356
f 397/368/348 391/368/342 408/346/359 411/346/362
f 420/409/219 418/410/369 419/365/370 412/364/363
f 416/355/367 417/354/368 418/410/369 420/409/219
f 415/350/366 416/355/367 420/409/219 414/411/365
f 414/411/365 420/409/219 412/364/363 413/408/364
f 358/359/310 418/359/369 417/354/368 352/354/304
f 356/351/308 414/351/365 413/368/364 350/368/302
f 350/408/302 413/408/364 412/364/363 360/364/312
f 348/358/300 419/358/370 418/359/369 358/359/310
f 422/412/372 424/413/374 423/414/373 421/415/371
f 424/413/374 426/416/376 425/417/375 423/414/373
f 426/416/376 428/418/378 427/419/377 425/417/375
f 428/418/378 430/420/380 429/421/379 427/419/377
f 430/420/380 432/422/382 431/423/381 429/421/379
f 432/422/382 434/424/384 433/425/383 431/423/381
f 434/424/384 436/426/386 435/427/385 433/425/383
f 436/426/386 438/428/388 437/429/387 435/427/385
f 438/428/388 440/430/390 439/431/389 437/429/387
f 440/430/390 442/432/392 441/433/391 439/431/389
f 442/432/392 444/434/394 443/435/393 441/433/391
f 444/434/394 446/436/396 445/437/395 443/435/393
f 446/436/396 448/438/398 447/439/397 445/437/395
f 448/438/398 450/440/400 449/441/399 447/439/397
f 450/440/400 452/442/402 451/443/401 449/441/399
f 422/444/372 452/445/402 450/446/400 448/447/398 446/448/396 444/449/394 442/450/392 440/451/390 438/452/388 436/453/386 434/454/384 432/455/382 430/456/380 428/457/378 426/458/376 424/459/374
f 451/443/401 452/442/402 422/412/372 421/415/371
f 421/460/371 423/461/373 425/462/375 427/463/377 429/464/379 431/465/381 433/466/383 435/467/385 437/468/387 439/469/389 441/470/391 443/471/393 445/472/395 447/473/397 449/474/399 451/475/401
f 502/476/452 466/477/416 456/478/406 496/479/446
f 500/480/450 462/481/412 460/482/410 497/483/447
f 501/484/451 468/485/418 458/486/408 498/487/448
f 499/488/449 464/489/414 454/490/404 495/491/445
f 470/492/420 467/493/417 457/494/407 463/495/413
f 469/496/419 466/497/416 454/498/404 464/499/414
f 468/485/418 469/496/419 464/499/414 458/486/408
f 465/500/415 470/492/420 463/495/413 453/501/403
f 498/487/448 458/486/408 464/489/414 499/488/449
f 496/479/446 456/478/406 462/481/412 500/480/450
f 455/502/405 461/503/411 470/492/420 465/500/415
f 460/482/410 462/504/412 469/496/419 468/485/418
f 462/504/412 456/505/406 466/497/416 469/496/419
f 461/503/411 459/506/409 467/493/417 470/492/420
f 497/483/447 460/482/410 468/485/418 501/484/451
f 495/507/445 454/508/404 466/477/416 502/476/452
f 494/509/444 471/510/421 478/511/428 493/512/443
f 488/513/438 473/514/423 477/515/427 492/516/442
f 487/517/437 472/518/422 476/519/426 491/520/441
f 489/521/439 474/522/424 475/523/425 490/524/440
f 490/524/440 475/523/425 471/525/421 494/526/444
f 492/516/442 477/515/427 474/522/424 489/521/439
f 491/520/441 476/519/426 473/514/423 488/513/438
f 493/512/443 478/511/428 472/518/422 487/517/437
f 471/510/421 479/527/429 486/528/436 478/511/428
f 473/514/423 481/529/431 485/530/435 477/515/427
f 472/518/422 480/531/430 484/532/434 476/519/426
f 474/522/424 482/533/432 483/534/433 475/523/425
f 475/523/425 483/534/433 479/535/429 471/525/421
f 477/515/427 485/530/435 482/533/432 474/522/424
f 476/519/426 484/532/434 481/529/431 473/514/423
f 478/511/428 486/528/436 480/531/430 472/518/422
f 465/536/415 493/512/443 487/517/437 455/537/405
f 461/538/411 491/520/441 488/513/438 459/506/409
f 467/493/417 492/516/442 489/521/439 457/494/407
f 463/539/413 490/524/440 494/526/444 453/540/403
f 457/494/407 489/521/439 490/524/440 463/539/413
f 455/537/405 487/517/437 491/520/441 461/538/411
f 459/506/409 488/513/438 492/516/442 467/493/417
f 453/541/403 494/509/444 493/512/443 465/536/415
f 479/527/429 495/507/445 502/476/452 486/528/436
f 481/529/431 497/483/447 501/484/451 485/530/435
f 480/531/430 496/479/446 500/480/450 484/532/434
f 482/533/432 498/487/448 499/488/449 483/534/433
f 483/534/433 499/488/449 495/491/445 479/535/429
f 485/530/435 501/484/451 498/487/448 482/533/432
f 484/532/434 500/480/450 497/483/447 481/529/431
f 486/528/436 502/476/452 496/479/446 480/531/430
f 552/542/502 516/543/466 506/544/456 546/545/496
f 550/546/500 512/547/462 510/548/460 547/549/497
f 551/550/501 518/551/468 508/552/458 548/553/498
f 549/554/499 514/555/464 504/556/454 545/557/495
f 520/558/470 517/559/467 507/560/457 513/561/463
f 519/562/469 516/563/466 504/564/454 514/565/464
f 518/551/468 519/562/469 514/565/464 508/552/458
f 515/566/465 520/558/470 513/561/463 503/567/453
f 548/553/498 508/552/458 514/555/464 549/554/499
f 546/545/496 506/544/456 512/547/462 550/546/500
f 505/568/455 511/569/461 520/558/470 515/566/465
f 510/548/460 512/570/462 519/562/469 518/551/468
f 512/570/462 506/571/456 516/563/466 519/562/469
f 511/569/461 509/572/459 517/559/467 520/558/470
f 547/549/497 510/548/460 518/551/468 551/550/501
f 545/573/495 504/574/454 516/543/466 552/542/502
f 544/575/494 521/576/471 528/577/478 543/578/493
f 538/579/488 523/580/473 527/581/477 542/582/492
f 537/583/487 522/584/472 526/585/476 541/586/491
f 539/587/489 524/588/474 525/589/475 540/590/490
f 540/590/490 525/589/475 521/591/471 544/592/494
f 542/582/492 527/581/477 524/588/474 539/587/489
f 541/586/491 526/585/476 523/580/473 538/579/488
f 543/578/493 528/577/478 522/584/472 537/583/487
f 560/593/510 529/594/479 536/595/486 559/596/509
f 554/597/504 531/598/481 535/599/485 558/600/508
f 553/601/503 530/602/480 534/603/484 557/604/507
f 555/605/505 532/606/482 533/607/483 556/608/506
f 556/608/506 533/607/483 529/609/479 560/610/510
f 558/600/508 535/599/485 532/606/482 555/605/505
f 557/604/507 534/603/484 531/598/481 554/597/504
f 559/596/509 536/595/486 530/602/480 553/601/503
f 515/611/465 543/578/493 537/583/487 505/612/455
f 511/613/461 541/586/491 538/579/488 509/572/459
f 517/559/467 542/582/492 539/587/489 507/560/457
f 513/614/463 540/590/490 544/592/494 503/615/453
f 507/560/457 539/587/489 540/590/490 513/614/463
f 505/612/455 537/583/487 541/586/491 511/613/461
f 509/572/459 538/579/488 542/582/492 517/559/467
f 503/616/453 544/575/494 543/578/493 515/611/465
f 529/594/479 545/573/495 552/542/502 536/595/486
f 531/598/481 547/549/497 551/550/501 535/599/485
f 530/602/480 546/545/496 550/546/500 534/603/484
f 532/606/482 548/553/498 549/554/499 533/607/483
f 533/607/483 549/554/499 545/557/495 529/609/479
f 535/599/485 551/550/501 548/553/498 532/606/482
f 534/603/484 550/546/500 547/549/497 531/598/481
f 536/595/486 552/542/502 546/545/496 530/602/480
f 528/577/478 559/596/509 553/601/503 522/584/472
f 526/585/476 557/604/507 554/597/504 523/580/473
f 527/581/477 558/600/508 555/605/505 524/588/474
f 525/589/475 556/608/506 560/610/510 521/591/471
f 524/588/474 555/605/505 556/608/506 525/589/475
f 522/584/472 553/601/503 557/604/507 526/585/476
f 523/580/473 554/597/504 558/600/508 527/581/477
f 521/576/471 560/593/510 559/596/509 528/577/478
o Hall_tub
v -21.657768 0.038136 1.141222
v -21.657768 2.038136 1.141222
v -21.657768 0.038136 -2.184184
v -21.657768 2.038136 -2.184184
v -14.789127 0.038136 1.141222
v -14.789127 2.038136 1.141222
v -14.789127 0.038136 -2.184184
v -14.789127 2.038136 -2.184184
vn -1.0000 -0.0000 -0.0000
vn -0.0000 -0.0000 -1.0000
vn 1.0000 -0.0000 -0.0000
vn -0.0000 -0.0000 1.0000
vn -0.0000 -1.0000 -0.0000
vn -0.0000 1.0000 -0.0000
vt 0.375000 0.000000
vt 0.625000 0.000000
vt 0.625000 0.250000
vt 0.375000 0.250000
vt 0.625000 0.500000
vt 0.375000 0.500000
vt 0.625000 0.750000
vt 0.375000 0.750000
vt 0.625000 1.000000
vt 0.375000 1.000000
vt 0.125000 0.500000
vt 0.125000 0.750000
vt 0.875000 0.500000
vt 0.875000 0.750000
s 0
f 561/617/511 562/618/511 564/619/511 563/620/511
f 563/620/512 564/619/512 568/621/512 567/622/512
f 567/622/513 568/621/513 566/623/513 565/624/513
f 565/624/514 566/623/514 562/625/514 561/626/514
f 563/627/515 567/622/515 565/624/515 561/628/515
f 568/621/516 564/629/516 562/630/516 566/623/516
o Hall_sink_2
v -19.652376 0.094459 -5.595835
v -19.652376 3.020323 -5.595835
v -22.002085 0.094459 -5.595835
v -22.002085 3.020323 -5.595835
v -19.652376 0.094459 -11.077581
v -19.652376 3.020323 -11.077581
v -22.002085 0.094459 -11.077581
v -22.002085 3.020323 -11.077581
vn -0.0000 -0.0000 1.0000
vn -1.0000 -0.0000 -0.0000
vn -0.0000 -0.0000 -1.0000
vn 1.0000 -0.0000 -0.0000
vn -0.0000 -1.0000 -0.0000
vn -0.0000 1.0000 -0.0000
vt 0.375000 0.000000
vt 0.625000 0.000000
vt 0.625000 0.250000
vt 0.375000 0.250000
vt 0.625000 0.500000
vt 0.375000 0.500000
vt 0.625000 0.750000
vt 0.375000 0.750000
vt 0.625000 1.000000
vt 0.375000 1.000000
vt 0.125000 0.500000
vt 0.125000 0.750000
vt 0.875000 0.500000
vt 0.875000 0.750000
s 0
f 569/631/517 570/632/517 572/633/517 571/634/517
f 571/634/518 572/633/518 576/635/518 575/636/518
f 575/636/519 576/635/519 574/637/519 573/638/519
f 573/638/520 574/637/520 570/639/520 569/640/520
f 571/641/521 575/636/521 573/638/521 569/642/521
f 576/635/522 572/643/522 570/644/522 574/637/522
o Master_sink_1
v -5.157918 0.000000 18.121801
v -5.157918 3.002498 18.121801
v -5.745536 0.000000 18.180113
v -5.745536 3.002498 18.180113
v -5.893576 0.000000 17.829676
v -5.893576 3.002498 17.829676
v -5.157918 0.000000 17.829676
v -5.157918 3.002498 17.829676
v -5.893576 0.000000 18.023079
v -5.157918 3.002498 18.060364
v -5.893576 3.002498 18.023079
v -5.157918 0.000000 18.060364
v -5.525747 0.000000 18.206795
v -5.525747 3.002498 18.206795
v -5.525747 0.000000 17.829676
v -5.525747 0.000000 18.060364
v -5.157918 1.501249 17.952633
v -5.597794 1.501249 18.041473
v -5.157918 1.501249 17.754410
v -5.745833 1.501249 17.829676
v -5.745833 1.501249 17.947813
v -5.157918 1.501249 17.897776
v -5.446352 1.501249 18.038792
v -5.157918 2.251873 18.055567
v -5.667782 2.251873 18.113878
v -5.157918 2.251873 17.763441
v -5.815821 2.251873 17.829676
v -5.815821 2.251873 17.956844
v -5.157918 2.251873 17.994129
v -5.525747 2.251873 18.140560
v -5.639629 0.750624 18.080994
v -5.157918 0.750624 17.779911
v -5.796624 0.750624 17.829676
v -5.761187 0.750624 17.949453
v -5.157918 0.750624 18.010599
v -5.525747 0.750624 18.131536
v -5.157918 0.750624 18.072037
v -4.909494 3.041263 18.745176
v -5.376818 3.460876 18.810177
v -6.227382 3.002078 18.561926
v -6.587746 3.460876 18.719467
v -6.865918 3.283355 17.829676
v -4.909494 3.279982 17.829676
v -6.559175 3.283355 18.712311
v -4.909494 3.279982 18.774006
v -6.411955 3.002078 17.829676
v -6.894489 3.460876 17.829676
v -4.909494 2.918035 17.829676
v -5.376818 3.460876 17.829676
v -4.909494 3.460956 18.774006
v -6.909494 3.460956 17.829676
v -4.909494 3.460956 17.829676
v -6.602751 3.460956 18.742882
v -6.376911 3.099009 18.637148
v -4.909494 3.099009 18.774006
v -4.909494 3.099009 17.829676
v -6.683654 3.099009 17.829676
v -6.411955 3.002078 18.333591
v -4.909494 3.279982 18.333591
v -6.769624 3.283355 18.376232
v -5.376818 3.460876 18.310177
v -6.798195 3.460876 18.310177
v -4.909494 3.013480 18.333591
v -6.813200 3.460956 18.333591
v -4.909494 3.460956 18.333591
v -6.587360 3.099009 18.333591
v -4.909494 3.099009 18.333591
v -5.516712 2.991792 18.602234
v -5.516712 3.460876 18.810177
v -5.516712 3.279982 18.760380
v -5.516712 3.043127 17.829676
v -5.516712 2.918035 17.829676
v -5.516712 3.460956 18.833591
v -5.516712 3.099009 18.727858
v -5.516712 2.918035 18.333591
v -5.516712 3.043127 18.333591
v -6.213103 3.460876 18.810177
v -6.213103 3.279982 18.760380
v -6.213103 3.460956 18.833591
v -6.213103 3.099009 18.727858
v -6.213103 2.991792 18.602234
v -6.213103 3.043127 17.829676
v -6.213103 2.918035 17.829676
v -6.213103 2.918035 18.333591
v -6.213103 3.043127 18.333591
v -5.213103 3.002636 18.717913
v -5.419174 3.318138 17.829676
v -5.213103 2.918035 17.829676
v -5.213103 2.965757 18.333591
v -5.419174 3.318138 18.333591
v -5.419174 3.460876 18.810177
v -5.213103 3.279982 18.796986
v -5.213103 3.460956 18.833591
v -5.213103 3.099009 18.780724
v -6.266121 3.002078 18.514002
v -4.909494 3.279982 18.728649
v -5.376818 3.460876 18.705235
v -4.909494 3.460956 18.728649
v -4.909494 3.099009 18.728649
v -6.603345 3.283355 18.641773
v -6.631917 3.460876 18.633564
v -4.909494 3.013480 18.728649
v -6.646922 3.460956 18.656979
v -6.421082 3.099009 18.573435
v -5.516712 2.976312 18.545849
v -5.516712 3.318138 18.728649
v -6.213103 3.318138 18.728649
v -6.213103 2.976312 18.545849
v -5.213103 2.994896 18.637249
v -5.419174 3.318138 18.728649
v -6.532528 3.460876 18.735815
v -6.496805 3.282747 18.720974
v -6.532528 3.460956 18.759230
v -6.347390 3.099009 18.653496
v -6.224809 3.000225 18.569191
v -6.783990 3.318138 17.829676
v -6.376118 2.986932 17.829676
v -6.376118 2.986932 18.333591
v -6.705050 3.318138 18.333591
v -6.256566 2.997435 18.519741
v -6.568738 3.318138 18.669895
v -5.114762 3.441031 18.230309
v -5.153123 3.729584 18.208059
v -5.221875 3.441031 18.233971
v -5.183205 3.729584 18.210270
v -5.112192 3.441031 18.119549
v -5.134787 3.729584 18.141205
v -5.225004 3.441031 18.118420
v -5.202879 3.729584 18.140524
v -5.250386 3.441031 18.172802
v -5.218199 3.729584 18.173349
v -5.089935 3.441031 18.172802
v -5.121353 3.729584 18.173349
v -5.170161 3.441031 18.253027
v -5.169776 3.729584 18.221773
v -5.170161 3.441031 18.092577
v -5.169776 3.729584 18.124926
v -5.170161 3.441031 18.172802
v -5.097225 3.556452 18.248352
v -5.238774 3.556452 18.253193
v -5.242909 3.556452 18.100492
v -5.093829 3.556452 18.101984
v -5.064417 3.556452 18.172358
v -5.276452 3.556452 18.172358
v -5.170434 3.556452 18.066341
v -5.170434 3.556452 18.278376
v -5.125090 3.627448 18.219681
v -5.211921 3.627448 18.222651
v -5.214458 3.627448 18.128979
v -5.123007 3.627448 18.129892
v -5.104965 3.627448 18.173063
v -5.235034 3.627448 18.173063
v -5.170000 3.627448 18.108028
v -5.170000 3.627448 18.238098
v -5.147645 3.678516 18.220280
v -5.187967 3.678516 18.223288
v -5.215053 3.678516 18.128384
v -5.122397 3.678516 18.129311
v -5.104117 3.678516 18.173048
v -5.235900 3.678516 18.173048
v -5.170009 3.678516 18.107157
v -5.170009 3.678516 18.238939
v -5.120651 3.674998 18.433756
v -5.126778 3.726066 18.434355
v -5.166161 3.726066 18.453259
v -5.199543 3.726066 18.437403
v -5.208626 3.674998 18.436764
v -5.166152 3.674998 18.452415
v -5.168089 3.727825 18.390430
v -5.145134 3.727825 18.371527
v -5.186039 3.676757 18.373938
v -5.186600 3.727825 18.374575
v -5.145717 3.676757 18.370928
v -5.168080 3.676757 18.389589
v -5.147354 3.704051 18.220579
v -5.188248 3.704051 18.223608
v -5.215350 3.704051 18.128086
v -5.122093 3.704051 18.129019
v -5.103693 3.704051 18.173040
v -5.236332 3.704051 18.173040
v -5.170013 3.704051 18.106722
v -5.127069 3.700532 18.434055
v -5.199263 3.700532 18.437084
v -5.166156 3.700532 18.452837
v -5.145426 3.702291 18.371227
v -5.186319 3.702291 18.374256
v -5.170018 3.775272 18.239782
v -5.188529 3.775272 18.223927
v -5.236765 3.775272 18.173035
v -5.215648 3.775272 18.127789
v -5.170018 3.775272 18.106285
v -5.121788 3.775272 18.128727
v -5.103270 3.775272 18.173035
v -5.147063 3.775272 18.220879
v -5.170161 3.775273 18.172802
v -5.157918 0.000000 17.537550
v -5.157918 3.002498 17.537550
v -5.745536 0.000000 17.479239
v -5.745536 3.002498 17.479239
v -5.893576 0.000000 17.636271
v -5.157918 3.002498 17.598986
v -5.893576 3.002498 17.636271
v -5.157918 0.000000 17.598986
v -5.525747 0.000000 17.452555
v -5.525747 3.002498 17.452555
v -5.525747 0.000000 17.598986
v -5.157918 1.501249 17.706717
v -5.597794 1.501249 17.617878
v -5.157918 1.501249 17.904942
v -5.745833 1.501249 17.711538
v -5.157918 1.501249 17.761574
v -5.446352 1.501249 17.620558
v -5.157918 2.251873 17.603785
v -5.667782 2.251873 17.545473
v -5.157918 2.251873 17.895910
v -5.815821 2.251873 17.702507
v -5.157918 2.251873 17.665220
v -5.525747 2.251873 17.518791
v -5.639629 0.750624 17.578356
v -5.157918 0.750624 17.879440
v -5.761187 0.750624 17.709898
v -5.157918 0.750624 17.648750
v -5.525747 0.750624 17.527813
v -5.157918 0.750624 17.587315
v -4.909494 3.047296 16.908123
v -5.376818 3.460876 16.849173
v -6.227382 3.002078 17.097424
v -6.587746 3.460876 16.939882
v -6.559175 3.283355 16.947039
v -4.909494 3.279982 16.885345
v -4.909494 3.460956 16.885345
v -6.602751 3.460956 16.916468
v -6.376911 3.099009 17.022203
v -4.909494 3.099009 16.885345
v -6.411955 3.002078 17.325758
v -4.909494 3.279982 17.325758
v -6.769624 3.283355 17.283117
v -5.376818 3.460876 17.349173
v -6.798195 3.460876 17.349173
v -4.909494 3.013480 17.325758
v -6.813200 3.460956 17.325758
v -4.909494 3.460956 17.325758
v -6.587360 3.099009 17.325758
v -4.909494 3.099009 17.325758
v -5.516712 2.991792 17.057116
v -5.516712 3.460876 16.849173
v -5.516712 3.279982 16.898970
v -5.516712 3.460956 16.825758
v -5.516712 3.099009 16.931494
v -5.516712 2.918035 17.325758
v -5.516712 3.043127 17.325758
v -6.213103 3.460876 16.849173
v -6.213103 3.279982 16.898970
v -6.213103 3.460956 16.825758
v -6.213103 3.099009 16.931494
v -6.213103 2.991792 17.057116
v -6.213103 2.918035 17.325758
v -6.213103 3.043127 17.325758
v -5.213103 3.002636 16.941437
v -5.213103 2.965757 17.325758
v -5.419175 3.318138 17.325758
v -5.419175 3.460876 16.849173
v -5.213103 3.279982 16.862364
v -5.213103 3.460956 16.825758
v -5.213103 3.099009 16.878626
v -6.266121 3.002078 17.145348
v -4.909494 3.279982 16.930702
v -5.376818 3.460876 16.954117
v -4.909494 3.460956 16.930702
v -4.909494 3.099009 16.930702
v -6.603345 3.283355 17.017578
v -6.631917 3.460876 17.025787
v -4.909494 3.013480 16.930702
v -6.646922 3.460956 17.002373
v -6.421082 3.099009 17.085915
v -5.516712 2.976312 17.113501
v -5.516712 3.318138 16.930702
v -6.213103 3.318138 16.930702
v -6.213103 2.976312 17.113501
v -5.213103 2.994896 17.022100
v -5.419175 3.318138 16.930702
v -6.532528 3.460876 16.923534
v -6.496805 3.282747 16.938375
v -6.532528 3.460956 16.900120
v -6.347390 3.099009 17.005856
v -6.224809 3.000225 17.090160
v -6.376118 2.986932 17.325758
v -6.705050 3.318138 17.325758
v -6.256566 2.997435 17.139608
v -6.568738 3.318138 16.989456
v -5.114762 3.441031 17.429043
v -5.153123 3.729584 17.451292
v -5.221875 3.441031 17.425379
v -5.183205 3.729584 17.449080
v -5.112192 3.441031 17.539803
v -5.134787 3.729584 17.518145
v -5.225004 3.441031 17.540930
v -5.202879 3.729584 17.518826
v -5.250386 3.441031 17.486547
v -5.218199 3.729584 17.486002
v -5.089935 3.441031 17.486547
v -5.121353 3.729584 17.486002
v -5.170161 3.441031 17.406322
v -5.169776 3.729584 17.437578
v -5.170161 3.441031 17.566772
v -5.169776 3.729584 17.534424
v -5.170161 3.441031 17.486547
v -5.097225 3.556452 17.410997
v -5.238774 3.556452 17.406158
v -5.242909 3.556452 17.558857
v -5.093829 3.556452 17.557367
v -5.064417 3.556452 17.486992
v -5.276452 3.556452 17.486992
v -5.170434 3.556452 17.593010
v -5.170434 3.556452 17.380974
v -5.125090 3.627448 17.439671
v -5.211922 3.627448 17.436701
v -5.214458 3.627448 17.530371
v -5.123007 3.627448 17.529457
v -5.104965 3.627448 17.486286
v -5.235034 3.627448 17.486286
v -5.170000 3.627448 17.551321
v -5.170000 3.627448 17.421251
v -5.147645 3.678516 17.439070
v -5.187967 3.678516 17.436062
v -5.215053 3.678516 17.530966
v -5.122397 3.678516 17.530041
v -5.104117 3.678516 17.486301
v -5.235900 3.678516 17.486301
v -5.170009 3.678516 17.552193
v -5.170009 3.678516 17.420410
v -5.120651 3.674998 17.225594
v -5.126778 3.726066 17.224995
v -5.166161 3.726066 17.206093
v -5.199544 3.726066 17.221947
v -5.208626 3.674998 17.222586
v -5.166152 3.674998 17.206934
v -5.168089 3.727825 17.268919
v -5.145134 3.727825 17.287823
v -5.186039 3.676757 17.285414
v -5.186600 3.727825 17.284775
v -5.145717 3.676757 17.288422
v -5.168080 3.676757 17.269762
v -5.147354 3.704051 17.438770
v -5.188248 3.704051 17.435743
v -5.215350 3.704051 17.531265
v -5.122093 3.704051 17.530333
v -5.103693 3.704051 17.486309
v -5.236333 3.704051 17.486309
v -5.170013 3.704051 17.552629
v -5.127069 3.700532 17.225294
v -5.199263 3.700532 17.222267
v -5.166156 3.700532 17.206512
v -5.145426 3.702291 17.288122
v -5.186319 3.702291 17.285095
v -5.170018 3.775272 17.419569
v -5.188529 3.775272 17.435423
v -5.236765 3.775272 17.486317
v -5.215648 3.775272 17.531563
v -5.170018 3.775272 17.553064
v -5.121788 3.775272 17.530624
v -5.103270 3.775272 17.486317
v -5.147063 3.775272 17.438471
v -5.170161 3.775273 17.486547
v -5.778172 3.015552 17.808935
v -5.778172 3.058604 17.808935
v -5.768550 3.015552 17.785706
v -5.768550 3.058604 17.785706
v -5.750770 3.015552 17.767925
v -5.750770 3.058604 17.767925
v -5.727539 3.015552 17.758303
v -5.727539 3.058604 17.758303
v -5.702395 3.015552 17.758303
v -5.702395 3.058604 17.758303
v -5.679164 3.015552 17.767925
v -5.679164 3.058604 17.767925
v -5.661385 3.015552 17.785706
v -5.661385 3.058604 17.785706
v -5.651762 3.015552 17.808935
v -5.651762 3.058604 17.808935
v -5.651762 3.015552 17.834080
v -5.651762 3.058604 17.834080
v -5.661385 3.015552 17.857311
v -5.661385 3.058604 17.857311
v -5.679164 3.015552 17.875092
v -5.679164 3.058604 17.875092
v -5.702395 3.015552 17.884712
v -5.702395 3.058604 17.884712
v -5.727539 3.015552 17.884712
v -5.727539 3.058604 17.884712
v -5.750770 3.015552 17.875092
v -5.750770 3.058604 17.875092
v -5.768550 3.015552 17.857311
v -5.768550 3.058604 17.857311
v -5.778172 3.015552 17.834080
v -5.778172 3.058604 17.834080
v -5.078019 3.451318 17.925200
v -5.111131 3.987963 17.886410
v -5.240839 3.451318 17.919914
v -5.207422 3.987963 17.883286
v -5.069997 3.451318 17.743708
v -5.106387 3.987963 17.779078
v -5.240558 3.451318 17.737593
v -5.207255 3.987963 17.775461
v -5.283204 3.451318 17.828936
v -5.232476 3.987963 17.829481
v -5.038311 3.451318 17.828936
v -5.087648 3.987963 17.829481
v -5.160758 3.451318 17.951382
v -5.160062 3.987963 17.901896
v -5.160758 3.451318 17.706490
v -5.160062 3.987963 17.757067
v -5.160891 4.008923 17.828833
v -5.160891 3.430358 17.828833
v -5.122839 3.606558 17.872696
v -5.195606 3.606558 17.870333
v -5.195480 3.606558 17.788851
v -5.119254 3.606558 17.791584
v -5.105093 3.606558 17.829674
v -5.214539 3.606558 17.829674
v -5.159816 3.606558 17.774950
v -5.159816 3.606558 17.884398
v -5.123515 3.863911 17.871902
v -5.194923 3.863911 17.869585
v -5.194800 3.863911 17.789623
v -5.119997 3.863911 17.792307
v -5.106101 3.863911 17.829685
v -5.213503 3.863911 17.829685
v -5.159802 3.863911 17.775984
v -5.159802 3.863911 17.883387
v -5.247227 3.510870 17.926918
v -5.246924 3.510870 17.730352
v -5.063041 3.510870 17.736946
v -5.028879 3.510870 17.828833
v -5.292902 3.510870 17.828833
v -5.160891 3.510870 17.696821
v -5.160891 3.510870 17.960842
v -5.071689 3.510870 17.932615
v -5.084440 3.936417 17.917677
v -5.234359 3.936417 17.912811
v -5.234100 3.936417 17.744936
v -5.077054 3.936417 17.750566
v -5.047878 3.936417 17.829042
v -5.273367 3.936417 17.829042
v -5.160623 3.936417 17.716297
v -5.160623 3.936417 17.941786
v -5.190718 3.846927 17.873758
v -5.682774 3.793159 17.856485
v -5.190718 3.772336 17.871338
v -5.638536 3.785098 17.855026
v -5.190718 3.850602 17.790613
v -5.684953 3.793557 17.806364
v -5.190718 3.772465 17.787811
v -5.638613 3.785112 17.804676
v -5.190718 3.752928 17.829659
v -5.627026 3.783000 17.829901
v -5.190718 3.865119 17.829659
v -5.693562 3.795126 17.829901
v -5.190718 3.809023 17.885754
v -5.660294 3.789063 17.863718
v -5.190718 3.809023 17.773563
v -5.660294 3.789063 17.796085
v -5.659955 3.807967 17.828833
v -5.169758 3.807968 17.828833
v -5.345958 3.894297 17.858049
v -5.345958 3.846651 17.856503
v -5.345958 3.846733 17.803150
v -5.345958 3.896644 17.804939
v -5.345958 3.905916 17.829880
v -5.345958 3.834253 17.829880
v -5.345958 3.870085 17.794048
v -5.345958 3.870085 17.865711
v -5.577690 3.894931 17.855352
v -5.560964 3.855295 17.853956
v -5.560993 3.855363 17.805782
v -5.578514 3.896884 17.807398
v -5.581769 3.904598 17.829918
v -5.556612 3.844982 17.829918
v -5.569191 3.874789 17.797564
v -5.569191 3.874789 17.862270
v -5.250269 3.796157 17.858013
v -5.250269 3.796244 17.801588
v -5.250269 3.849030 17.803480
v -5.250269 3.858836 17.829857
v -5.250269 3.783045 17.829857
v -5.250269 3.820940 17.791962
v -5.250269 3.820940 17.867752
v -5.250269 3.846547 17.859650
v -5.667427 3.826130 17.854305
v -5.635847 3.799632 17.852966
v -5.635901 3.799678 17.806805
v -5.668983 3.827435 17.808353
v -5.675128 3.832592 17.829931
v -5.627630 3.792737 17.829931
v -5.651379 3.812665 17.798931
v -5.651379 3.812665 17.860933
v -5.474634 3.880839 17.856403
v -5.474634 3.880921 17.803251
v -5.474634 3.930643 17.805035
v -5.474634 3.939880 17.829882
v -5.474634 3.868489 17.829882
v -5.474634 3.904185 17.794186
v -5.474634 3.904185 17.865578
v -5.474634 3.928305 17.857944
vn 0.6219 -0.5736 0.5331
vn 0.7647 -0.0566 0.6419
vn -0.4194 -0.5670 0.7089
vn -0.4680 -0.1219 0.8753
vn -0.7580 -0.6522 -0.0000
vn -0.9947 -0.1030 -0.0000
vn 0.7215 -0.6924 -0.0000
vn 1.0000 -0.0000 -0.0000
vn -0.7544 -0.5543 0.3517
vn -0.9181 -0.1282 0.3750
vn 0.7071 -0.7071 -0.0000
vn -0.0131 -0.6327 0.7743
vn 0.0397 -0.0916 0.9950
vn -0.0000 -1.0000 -0.0000
vn 0.8149 0.0022 0.5796
vn -0.3949 -0.0207 0.9185
vn -0.9997 -0.0248 -0.0000
vn -0.8875 -0.0294 0.4598
vn 0.0675 -0.0032 0.9977
vn 0.7821 -0.0654 0.6197
vn -0.4188 -0.1190 0.9002
vn -0.9952 -0.0979 -0.0000
vn -0.9161 -0.1175 0.3833
vn 0.0573 -0.1067 0.9926
vn -0.4564 0.1213 0.8815
vn -0.9948 0.1016 -0.0000
vn -0.8856 0.1169 0.4496
vn -0.0049 0.1109 0.9938
vn 0.7670 0.0680 0.6380
vn 0.7237 -0.5155 0.4587
vn -0.2410 0.9656 -0.0980
vn -0.6051 -0.6258 0.4921
vn 0.3066 0.9039 -0.2983
vn -0.8821 -0.4710 -0.0000
vn -0.5263 -0.4655 0.7116
vn 0.7392 -0.0489 0.6717
vn -0.3936 -0.9193 -0.0000
vn 0.4158 0.9094 -0.0000
vn 0.6966 -0.7174 -0.0000
vn -0.5982 0.8013 -0.0000
vn 0.6237 0.5630 0.5422
vn -0.8106 0.5856 -0.0000
vn 0.7070 0.7072 -0.0000
vn -0.5127 0.5205 0.6828
vn -0.3969 -0.7456 0.5353
vn 0.6705 -0.2133 0.7106
vn -0.5752 -0.8180 -0.0000
vn -0.4159 -0.8929 0.1723
vn -0.8269 -0.4587 0.3254
vn 0.4489 0.8840 -0.1309
vn 0.7590 -0.6484 0.0592
vn -0.7598 0.6006 0.2489
vn -0.5515 -0.8051 0.2182
vn -0.0423 -0.8972 0.4396
vn -0.0000 0.8640 -0.5035
vn -0.0511 -0.2444 0.9683
vn -0.5769 0.8168 -0.0000
vn 0.0392 -0.9992 -0.0000
vn -0.0250 0.5797 0.8144
vn -0.0901 -0.4665 0.8799
vn 0.0401 -0.9920 0.1200
vn -0.4861 0.8422 -0.2333
vn 0.0466 0.8727 -0.4861
vn -0.1076 -0.3050 0.9462
vn -0.0772 0.5483 0.8327
vn -0.1618 -0.5285 0.8334
vn -0.2331 -0.8440 0.4831
vn 0.2364 0.9716 -0.0000
vn -0.1986 -0.9801 -0.0000
vn -0.2034 -0.9695 0.1366
vn 0.1971 0.9466 -0.2553
vn -0.0538 -0.8172 0.5739
vn -0.9509 0.3095 -0.0000
vn 0.0784 -0.9969 -0.0000
vn 0.0852 -0.9914 0.0995
vn -0.9267 0.3724 -0.0500
vn -0.2538 0.8941 -0.3690
vn -0.0045 -0.1436 0.9896
vn 0.0300 0.6138 0.7889
vn -0.0718 -0.3485 0.9345
vn -0.4548 -0.8213 0.3444
vn -0.5521 0.8286 -0.0927
vn -0.7482 -0.4866 0.4510
vn 0.4770 0.8266 -0.2986
vn 0.6037 -0.7778 0.1751
vn -0.6785 0.6267 0.3833
vn -0.5082 -0.7858 0.3525
vn 0.0226 -0.9761 0.2162
vn -0.2254 0.6710 -0.7064
vn 0.1235 0.6813 -0.7215
vn -0.3101 -0.9018 0.3009
vn 0.0490 -0.9848 0.1665
vn -0.7241 0.5380 -0.4316
vn 0.2247 0.8485 -0.4791
vn -0.2084 -0.3738 0.9038
vn -0.1479 0.6087 0.7795
vn -0.3248 -0.6411 0.6954
vn -0.5549 -0.7220 0.4132
vn 0.6718 0.7407 -0.0000
vn -0.3893 -0.9211 -0.0000
vn -0.4060 -0.9006 0.1550
vn 0.6654 0.7024 -0.2527
vn -0.6203 -0.6589 0.4254
vn 0.4995 0.6257 -0.5992
vn 0.4936 -0.7098 0.5025
vn 0.7920 0.1684 0.5869
vn -0.4772 -0.7105 0.5172
vn -0.7863 0.1606 0.5966
vn 0.5052 -0.7133 -0.4857
vn 0.7150 0.1281 -0.6873
vn -0.4940 -0.7168 -0.4921
vn -0.7027 0.1272 -0.7000
vn -0.7094 -0.7048 0.0006
vn -0.9702 0.1378 0.1992
vn 0.7056 -0.7086 0.0051
vn 0.9686 0.1335 0.2098
vn 0.0137 -0.7129 0.7012
vn -0.0057 0.7912 0.6115
vn -0.0014 -0.7051 -0.7091
vn -0.0007 0.1342 -0.9909
vn 0.6937 0.1374 0.7071
vn -0.6694 0.1388 0.7299
vn -0.7014 0.1390 -0.6991
vn 0.7141 0.1387 -0.6861
vn 0.9904 0.1383 0.0041
vn -0.9902 0.1394 -0.0016
vn -0.0031 0.1399 -0.9902
vn 0.0159 0.1384 0.9902
vn 0.6627 0.3357 0.6694
vn -0.6443 0.3422 0.6839
vn -0.6838 0.2619 -0.6811
vn 0.6954 0.2636 -0.6686
vn 0.9468 0.3180 0.0491
vn -0.9441 0.3271 0.0409
vn -0.0017 0.2742 -0.9617
vn 0.0164 0.3236 0.9460
vn 0.8058 -0.0916 0.5851
vn -0.7925 -0.0822 0.6043
vn -0.7083 -0.0165 -0.7057
vn 0.7209 -0.0165 -0.6929
vn 0.9903 0.0361 0.1341
vn -0.9916 0.0389 0.1234
vn -0.0024 -0.0171 -0.9999
vn 0.0071 -0.8459 0.5334
vn 0.7777 -0.5567 0.2921
vn 0.7476 0.5706 0.3399
vn 0.0015 0.6074 0.7944
vn -0.7300 0.5745 0.3702
vn -0.7819 -0.5412 0.3096
vn 0.0092 -0.6217 0.7832
vn -0.0005 0.9998 0.0217
vn 0.6573 0.7480 -0.0918
vn -0.6794 -0.7267 -0.1019
vn -0.6698 0.7404 -0.0575
vn 0.6647 -0.7358 -0.1291
vn -0.0000 -0.9998 -0.0216
vn 0.9439 0.1304 0.3034
vn -0.9384 0.1267 0.3215
vn -0.6815 0.2727 -0.6791
vn 0.6939 0.2715 -0.6669
vn 0.9528 0.2612 0.1548
vn -0.9534 0.2653 0.1438
vn -0.0029 0.2751 -0.9614
vn 0.9043 0.0457 0.4245
vn -0.8788 0.0694 0.4722
vn 0.0068 0.0175 0.9998
vn 0.9853 0.0496 -0.1632
vn -0.9914 0.0614 -0.1152
vn -0.0091 0.4462 0.8949
vn -0.5564 0.5855 0.5896
vn -0.8817 0.4549 0.1251
vn -0.6166 0.4922 -0.6144
vn -0.0030 0.4737 -0.8807
vn 0.6291 0.4887 -0.6046
vn 0.8765 0.4621 0.1347
vn 0.5573 0.5821 0.5921
vn -0.0000 1.0000 -0.0000
vn 0.6219 -0.5736 -0.5331
vn 0.7647 -0.0566 -0.6419
vn -0.4194 -0.5670 -0.7089
vn -0.4680 -0.1219 -0.8753
vn -0.7544 -0.5543 -0.3517
vn -0.9181 -0.1282 -0.3750
vn -0.0131 -0.6327 -0.7743
vn 0.0397 -0.0916 -0.9950
vn 0.8149 0.0022 -0.5796
vn -0.3949 -0.0207 -0.9185
vn -0.8875 -0.0294 -0.4598
vn 0.0675 -0.0032 -0.9977
vn 0.7821 -0.0654 -0.6197
vn -0.4188 -0.1190 -0.9002
vn -0.9161 -0.1175 -0.3833
vn 0.0573 -0.1067 -0.9926
vn -0.4564 0.1213 -0.8815
vn -0.8856 0.1169 -0.4496
vn -0.0049 0.1109 -0.9938
vn 0.7670 0.0680 -0.6380
vn 0.7101 -0.5132 -0.4820
vn -0.2410 0.9656 0.0980
vn -0.6051 -0.6258 -0.4921
vn 0.3066 0.9039 0.2983
vn -0.5263 -0.4655 -0.7116
vn 0.7392 -0.0489 -0.6717
vn 0.6237 0.5630 -0.5422
vn -0.5127 0.5205 -0.6828
vn -0.3969 -0.7456 -0.5353
vn 0.6754 -0.2076 -0.7076
vn -0.4159 -0.8929 -0.1723
vn -0.8269 -0.4587 -0.3254
vn 0.4489 0.8840 0.1309
vn 0.7590 -0.6484 -0.0592
vn -0.7598 0.6006 -0.2489
vn -0.5515 -0.8051 -0.2182
vn -0.0423 -0.8972 -0.4396
vn -0.0000 0.8640 0.5035
vn -0.0511 -0.2444 -0.9683
vn -0.0250 0.5797 -0.8144
vn -0.0901 -0.4665 -0.8799
vn 0.0401 -0.9920 -0.1200
vn -0.4861 0.8422 0.2333
vn 0.0466 0.8727 0.4861
vn -0.1076 -0.3050 -0.9462
vn -0.0772 0.5483 -0.8327
vn -0.1618 -0.5285 -0.8334
vn -0.2331 -0.8440 -0.4831
vn -0.2034 -0.9695 -0.1366
vn 0.1971 0.9466 0.2553
vn -0.0553 -0.8118 -0.5813
vn 0.0852 -0.9914 -0.0995
vn -0.9267 0.3724 0.0500
vn -0.2538 0.8941 0.3690
vn -0.0045 -0.1436 -0.9896
vn 0.0300 0.6138 -0.7889
vn -0.0730 -0.3455 -0.9356
vn -0.4548 -0.8213 -0.3444
vn -0.5521 0.8286 0.0927
vn -0.7482 -0.4866 -0.4510
vn 0.4770 0.8266 0.2986
vn 0.6115 -0.7684 -0.1887
vn -0.6785 0.6267 -0.3833
vn -0.5082 -0.7858 -0.3525
vn 0.0226 -0.9761 -0.2162
vn -0.2254 0.6710 0.7064
vn 0.1235 0.6813 0.7215
vn -0.3101 -0.9018 -0.3009
vn 0.0488 -0.9837 -0.1728
vn -0.7241 0.5380 0.4316
vn 0.2247 0.8485 0.4791
vn -0.2084 -0.3738 -0.9038
vn -0.1479 0.6087 -0.7795
vn -0.3248 -0.6411 -0.6954
vn -0.5549 -0.7220 -0.4132
vn -0.4060 -0.9006 -0.1550
vn 0.6654 0.7024 0.2527
vn -0.6203 -0.6589 -0.4254
vn 0.4995 0.6257 0.5992
vn 0.4936 -0.7098 -0.5025
vn 0.7920 0.1684 -0.5869
vn -0.4772 -0.7105 -0.5172
vn -0.7863 0.1606 -0.5966
vn 0.5052 -0.7133 0.4857
vn 0.7150 0.1281 0.6873
vn -0.4940 -0.7168 0.4921
vn -0.7027 0.1272 0.7000
vn -0.7094 -0.7048 -0.0006
vn -0.9702 0.1378 -0.1992
vn 0.7056 -0.7086 -0.0051
vn 0.9686 0.1335 -0.2098
vn 0.0137 -0.7129 -0.7012
vn -0.0057 0.7912 -0.6115
vn -0.0014 -0.7051 0.7091
vn -0.0007 0.1342 0.9909
vn 0.6937 0.1374 -0.7071
vn -0.6694 0.1388 -0.7299
vn -0.7014 0.1390 0.6991
vn 0.7141 0.1387 0.6861
vn 0.9904 0.1383 -0.0041
vn -0.9902 0.1394 0.0016
vn -0.0031 0.1399 0.9902
vn 0.0159 0.1384 -0.9902
vn 0.6627 0.3357 -0.6694
vn -0.6443 0.3422 -0.6839
vn -0.6838 0.2619 0.6811
vn 0.6954 0.2636 0.6686
vn 0.9468 0.3180 -0.0491
vn -0.9441 0.3271 -0.0409
vn -0.0017 0.2742 0.9617
vn 0.0164 0.3236 -0.9460
vn 0.8058 -0.0916 -0.5851
vn -0.7925 -0.0822 -0.6043
vn -0.7083 -0.0165 0.7057
vn 0.7209 -0.0165 0.6929
vn 0.9903 0.0361 -0.1341
vn -0.9916 0.0389 -0.1234
vn -0.0024 -0.0171 0.9999
vn 0.0071 -0.8459 -0.5334
vn 0.7777 -0.5567 -0.2921
vn 0.7476 0.5706 -0.3399
vn 0.0015 0.6074 -0.7944
vn -0.7300 0.5745 -0.3702
vn -0.7819 -0.5412 -0.3096
vn 0.0092 -0.6217 -0.7832
vn -0.0005 0.9998 -0.0217
vn 0.6573 0.7480 0.0918
vn -0.6794 -0.7267 0.1019
vn -0.6698 0.7404 0.0575
vn 0.6647 -0.7358 0.1291
vn -0.0000 -0.9998 0.0216
vn 0.9439 0.1304 -0.3034
vn -0.9384 0.1267 -0.3215
vn -0.6815 0.2727 0.6791
vn 0.6939 0.2715 0.6669
vn 0.9528 0.2612 -0.1548
vn -0.9534 0.2653 -0.1438
vn -0.0029 0.2751 0.9614
vn 0.9043 0.0457 -0.4245
vn -0.8788 0.0694 -0.4722
vn 0.0068 0.0175 -0.9998
vn 0.9853 0.0496 0.1632
vn -0.9914 0.0614 0.1152
vn -0.0091 0.4462 -0.8949
vn -0.5564 0.5855 -0.5896
vn -0.8817 0.4549 -0.1251
vn -0.6166 0.4922 0.6144
vn -0.0030 0.4737 0.8807
vn 0.6291 0.4887 0.6046
vn 0.8765 0.4621 -0.1347
vn 0.5573 0.5821 -0.5921
vn -0.7319 -0.6657 -0.1456
vn -0.7319 0.6657 -0.1456
vn -0.6204 -0.6657 -0.4146
vn -0.6204 0.6657 -0.4146
vn -0.4146 -0.6657 -0.6204
vn -0.4146 0.6657 -0.6204
vn -0.1456 -0.6657 -0.7319
vn -0.1456 0.6657 -0.7319
vn 0.1456 -0.6657 -0.7319
vn 0.1456 0.6657 -0.7319
vn 0.4146 -0.6657 -0.6204
vn 0.4146 0.6657 -0.6204
vn 0.6204 -0.6657 -0.4146
vn 0.6204 0.6657 -0.4146
vn 0.7319 -0.6657 -0.1456
vn 0.7319 0.6657 -0.1456
vn 0.7319 -0.6657 0.1456
vn 0.7319 0.6657 0.1456
vn 0.6204 -0.6657 0.4146
vn 0.6204 0.6657 0.4146
vn 0.4146 -0.6657 0.6204
vn 0.4146 0.6657 0.6204
vn 0.1456 -0.6657 0.7319
vn 0.1456 0.6657 0.7319
vn -0.1456 -0.6657 0.7319
vn -0.1456 0.6657 0.7319
vn -0.4146 -0.6657 0.6204
vn -0.4146 0.6657 0.6204
vn -0.6204 -0.6657 0.4146
vn -0.6204 0.6657 0.4146
vn -0.7319 -0.6657 0.1456
vn -0.7319 0.6657 0.1456
vn 0.5262 -0.6349 0.5657
vn 0.4163 0.7956 0.4402
vn -0.5294 -0.6388 0.5583
vn -0.4220 0.7919 0.4413
vn 0.5531 -0.6370 -0.5369
vn 0.4348 0.7951 -0.4229
vn -0.5284 -0.6396 -0.5583
vn -0.4208 0.7937 -0.4392
vn -0.7625 -0.6470 -0.0000
vn -0.5878 0.8090 0.0011
vn 0.7549 -0.6557 0.0115
vn 0.5830 0.8124 0.0096
vn -0.0234 -0.6603 0.7506
vn -0.0177 0.8153 0.5788
vn 0.0053 -0.6553 -0.7554
vn 0.0048 0.8141 -0.5807
vn -0.0063 1.0000 -0.0030
vn -0.0023 -1.0000 -0.0006
vn 0.6307 0.3722 0.6810
vn -0.6400 0.3603 0.6787
vn -0.6386 0.3648 -0.6776
vn 0.6681 0.3692 -0.6460
vn 0.9334 0.3583 0.0188
vn -0.9287 0.3709 0.0006
vn 0.0101 0.3656 -0.9307
vn -0.0332 0.3567 0.9336
vn 0.6311 -0.3707 0.6814
vn -0.6404 -0.3588 0.6791
vn -0.6390 -0.3633 -0.6780
vn 0.6686 -0.3677 -0.6464
vn 0.9340 -0.3569 0.0189
vn -0.9292 -0.3695 0.0006
vn 0.0101 -0.3641 -0.9313
vn -0.0332 -0.3552 0.9342
vn -0.6652 0.2348 0.7088
vn -0.6626 0.2370 -0.7105
vn 0.6983 0.2364 -0.6757
vn 0.9720 0.2344 0.0152
vn -0.9719 0.2353 -0.0013
vn 0.0069 0.2375 -0.9714
vn -0.0317 0.2364 0.9711
vn 0.6553 0.2359 0.7176
vn 0.6728 -0.0085 0.7397
vn -0.6837 -0.0085 0.7297
vn -0.6809 -0.0086 -0.7324
vn 0.7185 -0.0085 -0.6955
vn 0.9999 -0.0086 0.0142
vn -1.0000 -0.0084 -0.0019
vn 0.0060 -0.0086 -0.9999
vn -0.0318 -0.0086 0.9995
vn 0.4331 0.5961 0.6761
vn -0.6222 -0.5718 0.5347
vn 0.3304 -0.6651 0.6697
vn 0.3355 -0.7976 0.5013
vn 0.4359 0.6287 -0.6440
vn -0.6692 -0.5711 -0.4754
vn 0.3257 -0.6649 -0.6722
vn 0.3310 -0.7993 -0.5015
vn 0.3375 -0.9413 -0.0002
vn 0.6052 -0.7961 -0.0028
vn 0.5040 0.8637 0.0090
vn -0.8785 -0.4770 0.0243
vn 0.4207 -0.0495 0.9059
vn -0.1037 -0.6794 0.7264
vn 0.4133 -0.0266 -0.9102
vn -0.1587 -0.6629 -0.7317
vn -0.1503 -0.9886 0.0137
vn 0.9999 -0.0099 -0.0054
vn 0.2459 0.6614 0.7086
vn -0.2589 -0.6425 0.7213
vn -0.2586 -0.6411 -0.7226
vn 0.2590 0.6988 -0.6667
vn 0.3427 0.9393 0.0165
vn -0.3780 -0.9258 -0.0005
vn 0.0126 0.0339 -0.9993
vn -0.0057 -0.0106 0.9999
vn -0.3377 0.6189 0.7092
vn 0.2846 -0.6008 0.7470
vn 0.2835 -0.5997 -0.7483
vn -0.3545 0.6533 -0.6690
vn -0.4663 0.8844 0.0168
vn 0.4425 -0.8968 -0.0005
vn -0.0466 0.0360 -0.9983
vn -0.0246 -0.0058 0.9997
vn -0.3851 -0.6414 0.6636
vn -0.3872 -0.6400 -0.6637
vn 0.0747 0.6964 -0.7138
vn 0.1874 0.9821 0.0190
vn -0.4603 -0.8878 -0.0000
vn -0.1851 -0.0191 -0.9825
vn -0.1938 -0.0597 0.9792
vn 0.0571 0.6524 0.7557
vn -0.5484 0.4617 0.6972
vn 0.5609 -0.2866 0.7767
vn 0.5604 -0.2846 -0.7778
vn -0.5768 0.4834 -0.6585
vn -0.7734 0.6337 0.0168
vn 0.8942 -0.4476 -0.0001
vn -0.0421 0.0920 -0.9949
vn -0.0027 0.0619 0.9981
vn -0.0025 -0.6449 0.7642
vn -0.0028 -0.6433 -0.7656
vn -0.0271 0.7458 -0.6656
vn -0.0288 0.9994 0.0167
vn 0.0090 -1.0000 -0.0006
vn -0.0190 0.0709 -0.9973
vn -0.0178 0.0224 0.9996
vn -0.0268 0.7090 0.7047
vt 0.936140 0.748232
vt 0.936322 0.772315
vt 0.929696 0.772281
vt 0.931780 0.748149
vt 0.949455 0.747848
vt 0.949540 0.771905
vt 0.947688 0.772082
vt 0.947614 0.748034
vt 0.932525 0.692119
vt 0.930519 0.690945
vt 0.933281 0.673900
vt 0.936379 0.688794
vt 0.925256 0.747496
vt 0.923281 0.771710
vt 0.917599 0.770653
vt 0.921464 0.746807
vt 0.933549 0.693256
vt 0.936148 0.690103
vt 0.956465 0.747177
vt 0.956465 0.771258
vt 0.932165 0.694151
vt 0.931058 0.694247
vt 0.930010 0.694079
vt 0.944730 0.700394
vt 0.948510 0.723004
vt 0.938481 0.723731
vt 0.936082 0.703835
vt 0.953216 0.696754
vt 0.954747 0.722606
vt 0.950176 0.722897
vt 0.946081 0.699923
vt 0.933845 0.704148
vt 0.933972 0.723716
vt 0.928707 0.723415
vt 0.930483 0.704231
vt 0.925340 0.722895
vt 0.928425 0.703861
vt 0.083909 0.725316
vt 0.096783 0.725316
vt 0.096783 0.728548
vt 0.083909 0.728548
vt 0.145644 0.702801
vt 0.145644 0.689927
vt 0.148346 0.689927
vt 0.148346 0.702801
vt 0.071036 0.741421
vt 0.083909 0.741421
vt 0.083909 0.754295
vt 0.071036 0.754295
vt 0.145644 0.677054
vt 0.148346 0.677054
vt 0.058162 0.725316
vt 0.071036 0.725316
vt 0.071036 0.728548
vt 0.058162 0.728548
vt 0.119862 0.772259
vt 0.122564 0.772259
vt 0.122564 0.780076
vt 0.119862 0.780076
vt 0.145644 0.715674
vt 0.148346 0.715674
vt 0.109691 0.720731
vt 0.122564 0.720731
vt 0.122564 0.728548
vt 0.109691 0.728548
vt 0.058162 0.741421
vt 0.058162 0.754295
vt 0.096783 0.741421
vt 0.096783 0.754295
vt 0.045289 0.741421
vt 0.045289 0.754295
vt 0.145644 0.728548
vt 0.148346 0.728548
vt 0.045289 0.725316
vt 0.045289 0.728548
vt 0.122599 0.728548
vt 0.122599 0.715674
vt 0.135472 0.715674
vt 0.135472 0.728548
vt 0.045289 0.731250
vt 0.058162 0.731250
vt 0.083909 0.731250
vt 0.096783 0.731250
vt 0.071036 0.731250
vt 0.099519 0.720731
vt 0.099519 0.728548
vt 0.122599 0.702801
vt 0.135472 0.702801
vt 0.096817 0.772259
vt 0.109691 0.772259
vt 0.109691 0.780076
vt 0.096817 0.780076
vt 0.122599 0.689927
vt 0.122599 0.677054
vt 0.135472 0.677054
vt 0.135472 0.689927
vt 0.096817 0.746512
vt 0.109691 0.746512
vt 0.109691 0.764442
vt 0.096817 0.764442
vt 0.099519 0.694984
vt 0.109691 0.694984
vt 0.109691 0.712914
vt 0.099519 0.712914
vt 0.045289 0.684871
vt 0.058162 0.684871
vt 0.058162 0.692688
vt 0.045289 0.692688
vt 0.071036 0.684871
vt 0.083909 0.684871
vt 0.083909 0.692688
vt 0.071036 0.692688
vt 0.122564 0.694984
vt 0.122564 0.712914
vt 0.119862 0.746512
vt 0.122564 0.746512
vt 0.122564 0.764442
vt 0.119862 0.764442
vt 0.096783 0.684871
vt 0.096783 0.692688
vt 0.119862 0.731814
vt 0.122564 0.731814
vt 0.109691 0.680285
vt 0.122564 0.680285
vt 0.099519 0.680285
vt 0.096817 0.731814
vt 0.109691 0.731814
vt 0.058162 0.710618
vt 0.045289 0.710618
vt 0.083909 0.710618
vt 0.071036 0.710618
vt 0.096783 0.710618
vt 0.083909 0.677054
vt 0.096783 0.677054
vt 0.058162 0.677054
vt 0.071036 0.677054
vt 0.045289 0.677054
vt 0.096817 0.712914
vt 0.096817 0.720731
vt 0.097190 0.683652
vt 0.096817 0.694984
vt 0.096817 0.728548
vt 0.109691 0.728582
vt 0.119862 0.728582
vt 0.096817 0.677054
vt 0.099519 0.677054
vt 0.096817 0.728582
vt 0.109691 0.677054
vt 0.122564 0.677054
vt 0.122564 0.728582
vt 0.934734 0.541121
vt 0.934310 0.541121
vt 0.934734 0.544891
vt 0.935158 0.544891
vt 0.935158 0.548660
vt 0.934734 0.548660
vt 0.934734 0.552429
vt 0.935158 0.552429
vt 0.935158 0.556199
vt 0.934734 0.556199
vt 0.934734 0.559968
vt 0.935158 0.559968
vt 0.935158 0.563737
vt 0.934734 0.563737
vt 0.923850 0.552429
vt 0.927619 0.552429
vt 0.927619 0.556199
vt 0.923850 0.556199
vt 0.942696 0.552429
vt 0.942696 0.556199
vt 0.920080 0.552429
vt 0.920080 0.556199
vt 0.935158 0.541121
vt 0.920080 0.548660
vt 0.923850 0.548660
vt 0.927619 0.548660
vt 0.927619 0.533583
vt 0.930634 0.533583
vt 0.930634 0.537352
vt 0.927619 0.537352
vt 0.930634 0.548660
vt 0.930634 0.552429
vt 0.927619 0.541121
vt 0.930634 0.541121
vt 0.930634 0.544891
vt 0.927619 0.544891
vt 0.930634 0.556199
vt 0.930634 0.559968
vt 0.927619 0.559968
vt 0.930634 0.563737
vt 0.927619 0.563737
vt 0.933461 0.533583
vt 0.933461 0.537352
vt 0.933461 0.548660
vt 0.933461 0.552429
vt 0.933461 0.541121
vt 0.933461 0.544891
vt 0.933461 0.556199
vt 0.933461 0.559968
vt 0.933461 0.563737
vt 0.934310 0.533583
vt 0.934310 0.537352
vt 0.934310 0.548660
vt 0.934310 0.552429
vt 0.934310 0.544891
vt 0.934310 0.556199
vt 0.934310 0.559968
vt 0.934310 0.563737
vt 0.934734 0.537352
vt 0.935158 0.537352
vt 0.934734 0.533583
vt 0.935158 0.533583
vt 0.934310 0.537352
vt 0.942696 0.548660
vt 0.938927 0.552429
vt 0.938927 0.556199
vt 0.938927 0.548660
vt 0.907181 0.742955
vt 0.911318 0.744421
vt 0.905684 0.767906
vt 0.899427 0.765593
vt 0.894751 0.737881
vt 0.896428 0.738708
vt 0.888786 0.761351
vt 0.887096 0.760528
vt 0.928257 0.691341
vt 0.925671 0.686843
vt 0.917673 0.746114
vt 0.911911 0.769638
vt 0.926935 0.692051
vt 0.925477 0.688159
vt 0.888355 0.734768
vt 0.880773 0.757468
vt 0.927957 0.693385
vt 0.928970 0.693866
vt 0.914147 0.694822
vt 0.921215 0.701126
vt 0.912689 0.719032
vt 0.903465 0.714797
vt 0.907294 0.688387
vt 0.913022 0.693900
vt 0.901928 0.714106
vt 0.897711 0.712214
vt 0.923226 0.702213
vt 0.926368 0.703481
vt 0.922002 0.722194
vt 0.916944 0.720614
vt 0.119418 0.549502
vt 0.118195 0.549502
vt 0.119418 0.560373
vt 0.119418 0.571244
vt 0.120641 0.571244
vt 0.120641 0.560373
vt 0.119418 0.582116
vt 0.119418 0.592987
vt 0.120641 0.592987
vt 0.120641 0.582116
vt 0.119418 0.603858
vt 0.119418 0.614729
vt 0.120641 0.614729
vt 0.120641 0.603858
vt 0.088028 0.582116
vt 0.088028 0.592987
vt 0.098899 0.592987
vt 0.098899 0.582116
vt 0.142383 0.582116
vt 0.142383 0.592987
vt 0.077156 0.582116
vt 0.077156 0.592987
vt 0.120641 0.549502
vt 0.077156 0.571244
vt 0.088028 0.571244
vt 0.098899 0.571244
vt 0.098899 0.527760
vt 0.098899 0.538631
vt 0.107595 0.538631
vt 0.107595 0.527760
vt 0.107595 0.582116
vt 0.107595 0.571244
vt 0.098899 0.549502
vt 0.098899 0.560373
vt 0.107595 0.560373
vt 0.107595 0.549502
vt 0.098899 0.603858
vt 0.107595 0.603858
vt 0.107595 0.592987
vt 0.098899 0.614729
vt 0.107595 0.614729
vt 0.115749 0.538631
vt 0.115749 0.527760
vt 0.115749 0.582116
vt 0.115749 0.571244
vt 0.115749 0.560373
vt 0.115749 0.549502
vt 0.115749 0.603858
vt 0.115749 0.592987
vt 0.115749 0.614729
vt 0.118195 0.538631
vt 0.118195 0.527760
vt 0.118195 0.582116
vt 0.118195 0.571244
vt 0.118195 0.560373
vt 0.118195 0.603858
vt 0.118195 0.592987
vt 0.118195 0.614729
vt 0.119418 0.538631
vt 0.120641 0.538631
vt 0.119418 0.527760
vt 0.120641 0.527760
vt 0.142383 0.571244
vt 0.131512 0.582116
vt 0.131512 0.592987
vt 0.131512 0.571244
vt 0.074577 0.564277
vt 0.074577 0.566456
vt 0.059070 0.566456
vt 0.059070 0.564277
vt 0.074577 0.568635
vt 0.059070 0.568635
vt 0.074577 0.570814
vt 0.059070 0.570814
vt 0.074577 0.572993
vt 0.059070 0.572993
vt 0.074577 0.575172
vt 0.059070 0.575172
vt 0.074577 0.577350
vt 0.059070 0.577350
vt 0.074577 0.579529
vt 0.059070 0.579529
vt 0.074577 0.581708
vt 0.059070 0.581708
vt 0.074577 0.583887
vt 0.059070 0.583887
vt 0.074577 0.586066
vt 0.059070 0.586066
vt 0.074577 0.588245
vt 0.059070 0.588245
vt 0.074577 0.590423
vt 0.059070 0.590423
vt 0.074577 0.592602
vt 0.059070 0.592602
vt 0.074577 0.594781
vt 0.059070 0.594781
vt 0.074577 0.596960
vt 0.059070 0.596960
vt 0.080787 0.579769
vt 0.083866 0.579769
vt 0.086711 0.580947
vt 0.088888 0.583124
vt 0.090067 0.585969
vt 0.090067 0.589048
vt 0.088888 0.591893
vt 0.086711 0.594070
vt 0.083866 0.595248
vt 0.080787 0.595248
vt 0.077943 0.594070
vt 0.075765 0.591893
vt 0.074587 0.589048
vt 0.074587 0.585969
vt 0.075765 0.583124
vt 0.077943 0.580947
vt 0.080787 0.564278
vt 0.077943 0.565456
vt 0.075765 0.567633
vt 0.074587 0.570478
vt 0.074587 0.573557
vt 0.075765 0.576402
vt 0.077943 0.578579
vt 0.080787 0.579757
vt 0.083866 0.579757
vt 0.086711 0.578579
vt 0.088888 0.576402
vt 0.090067 0.573557
vt 0.090067 0.570478
vt 0.088888 0.567633
vt 0.086711 0.565456
vt 0.083866 0.564278
vt 0.956847 0.537352
vt 0.957789 0.537352
vt 0.957789 0.541121
vt 0.956847 0.541121
vt 0.956847 0.544891
vt 0.957789 0.544891
vt 0.957789 0.548660
vt 0.956847 0.548660
vt 0.956847 0.552429
vt 0.957789 0.552429
vt 0.957789 0.556199
vt 0.956847 0.556199
vt 0.956847 0.559968
vt 0.957789 0.559968
vt 0.957789 0.563737
vt 0.956847 0.563737
vt 0.946481 0.552429
vt 0.950250 0.552429
vt 0.950250 0.556199
vt 0.946481 0.556199
vt 0.961558 0.552429
vt 0.965328 0.552429
vt 0.965328 0.556199
vt 0.961558 0.556199
vt 0.942712 0.552429
vt 0.942712 0.556199
vt 0.942712 0.548660
vt 0.946481 0.548660
vt 0.961558 0.548660
vt 0.965328 0.548660
vt 0.950250 0.548660
vt 0.956847 0.533583
vt 0.957789 0.533583
vt 0.952135 0.533583
vt 0.954020 0.533583
vt 0.954020 0.537352
vt 0.952135 0.537352
vt 0.952135 0.548660
vt 0.954020 0.548660
vt 0.954020 0.552429
vt 0.952135 0.552429
vt 0.952135 0.541121
vt 0.954020 0.541121
vt 0.954020 0.544891
vt 0.952135 0.544891
vt 0.952135 0.556199
vt 0.954020 0.556199
vt 0.954020 0.559968
vt 0.952135 0.559968
vt 0.954020 0.563737
vt 0.952135 0.563737
vt 0.955904 0.533583
vt 0.955904 0.537352
vt 0.955904 0.548660
vt 0.955904 0.552429
vt 0.955904 0.541121
vt 0.955904 0.544891
vt 0.955904 0.556199
vt 0.955904 0.559968
vt 0.955904 0.563737
vt 0.950250 0.537352
vt 0.950250 0.541121
vt 0.950250 0.544891
vt 0.950250 0.559968
vt 0.950250 0.563737
vt 0.950250 0.533583
vt 0.934215 0.567522
vt 0.935158 0.567522
vt 0.935158 0.571291
vt 0.934215 0.571291
vt 0.934215 0.575061
vt 0.935158 0.575061
vt 0.935158 0.578830
vt 0.934215 0.578830
vt 0.934215 0.582599
vt 0.935158 0.582599
vt 0.935158 0.586369
vt 0.934215 0.586369
vt 0.934215 0.590138
vt 0.935158 0.590138
vt 0.935158 0.593907
vt 0.934215 0.593907
vt 0.923850 0.582599
vt 0.927619 0.582599
vt 0.927619 0.586369
vt 0.923850 0.586369
vt 0.938927 0.582599
vt 0.942696 0.582599
vt 0.942696 0.586369
vt 0.938927 0.586369
vt 0.920080 0.582599
vt 0.920080 0.586369
vt 0.920080 0.578830
vt 0.923850 0.578830
vt 0.938927 0.578830
vt 0.942696 0.578830
vt 0.927619 0.578830
vt 0.934215 0.563753
vt 0.935158 0.563753
vt 0.929504 0.563753
vt 0.931388 0.563753
vt 0.931388 0.567522
vt 0.929504 0.567522
vt 0.929504 0.578830
vt 0.931388 0.578830
vt 0.931388 0.582599
vt 0.929504 0.582599
vt 0.929504 0.571291
vt 0.931388 0.571291
vt 0.931388 0.575061
vt 0.929504 0.575061
vt 0.929504 0.586369
vt 0.931388 0.586369
vt 0.931388 0.590138
vt 0.929504 0.590138
vt 0.931388 0.593907
vt 0.929504 0.593907
vt 0.932331 0.563753
vt 0.933273 0.563753
vt 0.933273 0.567522
vt 0.932331 0.567522
vt 0.932331 0.578830
vt 0.933273 0.578830
vt 0.933273 0.582599
vt 0.932331 0.582599
vt 0.932331 0.571291
vt 0.933273 0.571291
vt 0.933273 0.575061
vt 0.932331 0.575061
vt 0.932331 0.586369
vt 0.933273 0.586369
vt 0.933273 0.590138
vt 0.932331 0.590138
vt 0.933273 0.593907
vt 0.932331 0.593907
vt 0.927619 0.567522
vt 0.927619 0.571291
vt 0.927619 0.575061
vt 0.927619 0.590138
vt 0.927619 0.593907
vt 0.927619 0.563753
s 1
f 606/645/546 590/646/535 580/647/526 601/648/543
f 605/649/530 586/650/530 578/651/524 600/652/542
f 592/653/536 591/654/536 583/655/529 588/656/533
f 604/657/545 587/658/532 582/659/528 603/660/544
f 601/648/543 580/647/526 587/658/532 604/657/545
f 589/661/534 592/653/536 588/656/533 577/662/523
f 602/663/530 584/664/530 586/650/530 605/649/530
f 579/665/525 585/666/531 592/653/536 589/661/534
f 585/666/531 581/667/527 591/654/536 592/653/536
f 600/652/542 578/651/524 590/646/535 606/645/546
f 613/668/551 593/669/537 599/670/541 612/671/550
f 608/672/530 595/673/530 598/674/530 611/675/530
f 607/676/547 594/677/538 597/678/540 610/679/549
f 610/679/549 597/678/540 596/680/539 609/681/548
f 611/675/530 598/674/530 593/669/537 613/668/551
f 612/671/550 599/670/541 594/677/538 607/676/547
f 593/669/537 600/652/542 606/645/546 599/670/541
f 595/673/530 602/663/530 605/649/530 598/674/530
f 594/677/538 601/648/543 604/657/545 597/678/540
f 597/678/540 604/657/545 603/660/544 596/680/539
f 598/674/530 605/649/530 600/652/542 593/669/537
f 599/670/541 606/645/546 601/648/543 594/677/538
f 589/661/534 612/671/550 607/676/547 579/665/525
f 588/656/533 611/675/530 613/668/551 577/662/523
f 585/666/531 610/679/549 609/681/548 581/667/527
f 579/665/525 607/676/547 610/679/549 585/666/531
f 583/655/529 608/672/530 611/675/530 588/656/533
f 577/662/523 613/668/551 612/671/550 589/661/534
f 689/682/618 687/683/616 617/684/555 629/685/566
f 672/686/530 674/687/565 626/688/563 621/689/558
f 636/690/571 640/691/574 627/692/564 618/693/556
f 674/687/565 673/694/604 615/695/553 626/688/563
f 690/696/619 688/697/617 620/698/557 630/699/567
f 686/700/615 667/701/599 615/702/553 673/703/604
f 675/704/530 672/686/530 621/689/558 631/705/568
f 665/706/597 664/707/596 624/708/561 639/709/573
f 642/710/575 636/690/571 618/693/556 633/711/569
f 640/691/574 638/712/572 623/713/560 627/692/564
f 688/697/617 689/682/618 629/685/566 620/698/557
f 634/714/570 642/710/575 633/711/569 622/715/559
f 678/716/607 675/704/530 631/705/568 614/717/552
f 691/718/620 690/696/619 630/699/567 616/719/554
f 624/720/561 632/721/530 643/722/530 639/723/573
f 671/724/603 680/725/609 642/710/575 634/714/570
f 679/726/608 677/727/606 638/712/572 640/691/574
f 680/725/609 676/728/605 636/690/571 642/710/575
f 685/729/614 665/706/597 639/709/573 678/730/607
f 632/721/530 619/731/530 635/732/530 643/722/530
f 663/733/595 666/734/598 637/735/562 625/736/562
f 628/737/565 625/738/562 637/739/562 641/740/565
f 676/728/605 679/726/608 640/691/574 636/690/571
f 619/731/530 628/737/565 641/740/565 635/732/530
f 658/741/590 661/742/593 652/743/584 647/744/579
f 684/745/613 660/746/592 651/747/583 681/748/610
f 662/749/594 670/750/602 650/751/582 644/752/576
f 668/753/600 669/754/601 649/755/581 646/756/578
f 660/746/592 659/757/591 648/758/580 651/747/583
f 683/759/612 653/760/585 645/761/577 682/762/611
f 670/750/602 668/753/600 646/756/578 650/751/582
f 669/754/601 667/763/599 645/764/577 649/755/581
f 697/765/626 687/766/616 653/760/585 683/759/612
f 694/767/623 693/768/622 659/757/591 660/746/592
f 696/769/625 694/767/623 660/746/592 684/745/613
f 692/770/621 695/771/624 661/742/593 658/741/590
f 644/752/576 650/751/582 656/772/588 657/773/589
f 646/756/578 649/755/581 655/774/587 654/775/586
f 650/751/582 646/756/578 654/775/586 656/772/588
f 649/755/581 645/764/577 653/776/585 655/774/587
f 626/777/563 615/778/553 667/763/599 669/754/601
f 631/779/568 621/780/558 668/753/600 670/750/602
f 621/780/558 626/777/563 669/754/601 668/753/600
f 614/781/552 631/779/568 670/750/602 662/749/594
f 647/744/579 652/743/584 666/734/598 663/733/595
f 681/748/610 651/747/583 665/706/597 685/729/614
f 651/747/583 648/758/580 664/707/596 665/706/597
f 682/762/611 645/761/577 667/701/599 686/700/615
f 652/743/584 682/762/611 686/700/615 666/734/598
f 644/782/576 681/748/610 685/729/614 662/783/594
f 691/784/620 696/769/625 684/745/613 657/785/589
f 695/771/624 697/765/626 683/759/612 661/742/593
f 661/742/593 683/759/612 682/762/611 652/743/584
f 657/785/589 684/745/613 681/748/610 644/782/576
f 620/698/557 629/685/566 679/726/608 676/728/605
f 662/783/594 685/729/614 678/730/607 614/786/552
f 630/699/567 620/698/557 676/728/605 680/725/609
f 629/685/566 617/684/555 677/727/606 679/726/608
f 616/719/554 630/699/567 680/725/609 671/724/603
f 639/723/573 643/722/530 675/704/530 678/716/607
f 643/722/530 635/732/530 672/686/530 675/704/530
f 666/734/598 686/700/615 673/703/604 637/735/562
f 641/740/565 637/739/562 673/694/604 674/687/565
f 635/732/530 641/740/565 674/687/565 672/686/530
f 638/787/572 677/788/606 697/765/626 695/771/624
f 616/789/554 671/790/603 696/769/625 691/784/620
f 623/791/560 638/787/572 695/771/624 692/770/621
f 671/790/603 634/792/570 694/767/623 696/769/625
f 634/792/570 622/793/559 693/768/622 694/767/623
f 677/788/606 617/794/555 687/766/616 697/765/626
f 657/773/589 656/772/588 690/696/619 691/718/620
f 654/775/586 655/774/587 689/682/618 688/697/617
f 656/772/588 654/775/586 688/697/617 690/696/619
f 655/774/587 653/776/585 687/683/616 689/682/618
f 762/795/690 747/796/675 743/796/671 759/795/687
f 756/797/684 707/798/636 705/799/634 753/800/681
f 757/801/685 713/802/642 703/803/632 754/804/682
f 755/805/683 709/806/638 699/807/628 751/808/679
f 714/809/536 712/810/641 702/811/631 708/812/637
f 703/803/632 713/802/642 767/802/695 768/803/696
f 711/813/640 699/814/628 770/814/698 763/813/691
f 710/815/639 714/809/536 708/812/637 698/816/627
f 754/804/682 703/803/632 709/806/638 755/805/683
f 752/795/680 701/817/630 707/798/636 756/797/684
f 700/818/629 706/819/635 714/809/536 710/815/639
f 713/802/642 705/799/634 766/799/694 767/802/695
f 705/799/634 707/798/636 765/798/693 766/799/694
f 706/819/635 704/820/633 712/810/641 714/809/536
f 753/800/681 705/799/634 713/802/642 757/801/685
f 746/814/674 745/813/673 741/813/669 740/814/668
f 698/821/627 715/822/643 722/823/650 710/824/639
f 704/820/633 717/825/645 721/826/649 712/810/641
f 700/827/629 716/828/644 720/829/648 706/830/635
f 702/811/631 718/831/646 719/832/647 708/833/637
f 708/833/637 719/832/647 715/834/643 698/835/627
f 712/810/641 721/826/649 718/831/646 702/811/631
f 706/830/635 720/829/648 717/825/645 704/820/633
f 710/824/639 722/823/650 716/828/644 700/827/629
f 715/822/643 723/836/651 730/837/658 722/823/650
f 717/825/645 725/838/653 729/839/657 721/826/649
f 716/828/644 724/840/652 728/841/656 720/829/648
f 718/831/646 726/842/654 727/843/655 719/832/647
f 719/832/647 727/843/655 723/844/651 715/834/643
f 721/826/649 729/839/657 726/842/654 718/831/646
f 720/829/648 728/841/656 725/838/653 717/825/645
f 722/823/650 730/837/658 724/840/652 716/828/644
f 723/836/651 731/845/659 738/846/666 730/837/658
f 725/838/653 733/847/661 737/848/665 729/839/657
f 724/840/652 732/796/660 736/849/664 728/841/656
f 726/842/654 734/850/662 735/851/663 727/843/655
f 727/843/655 735/851/663 731/852/659 723/844/651
f 729/839/657 737/848/665 734/850/662 726/842/654
f 728/841/656 736/849/664 733/847/661 725/838/653
f 730/837/658 738/846/666 732/796/660 724/840/652
f 760/853/688 741/854/669 742/817/670 759/795/687
f 758/855/686 740/856/668 741/854/669 760/853/688
f 750/857/678 749/845/677 739/845/667 744/846/672
f 747/796/675 750/857/678 744/846/672 743/796/671
f 745/813/673 748/858/676 742/858/670 741/813/669
f 761/808/689 746/807/674 740/807/668 758/808/686
f 751/808/679 699/807/628 746/807/674 761/808/689
f 711/813/640 701/858/630 748/858/676 745/813/673
f 732/796/660 738/846/666 750/857/678 747/796/675
f 738/846/666 731/845/659 749/845/677 750/857/678
f 699/814/628 711/813/640 745/813/673 746/814/674
f 752/795/680 732/796/660 747/796/675 762/795/690
f 701/817/630 752/795/680 762/795/690 748/817/676
f 731/852/659 751/808/679 761/808/689 749/852/677
f 749/852/677 761/808/689 758/808/686 739/852/667
f 739/845/667 758/855/686 760/853/688 744/846/672
f 744/846/672 760/853/688 759/795/687 743/796/671
f 733/847/661 753/800/681 757/801/685 737/848/665
f 732/796/660 752/795/680 756/797/684 736/849/664
f 734/850/662 754/804/682 755/805/683 735/851/663
f 735/851/663 755/805/683 751/808/679 731/852/659
f 737/848/665 757/801/685 754/804/682 734/850/662
f 736/849/664 756/797/684 753/800/681 733/847/661
f 748/817/676 762/795/690 759/795/687 742/817/670
f 771/859/699 763/813/691 770/814/698 769/860/697
f 767/802/695 771/859/699 769/860/697 768/803/696
f 766/799/694 765/861/693 771/859/699 767/802/695
f 765/861/693 764/858/692 763/813/691 771/859/699
f 709/806/638 703/803/632 768/803/696 769/806/697
f 707/798/636 701/817/630 764/817/692 765/798/693
f 701/858/630 711/813/640 763/813/691 764/858/692
f 699/807/628 709/806/638 769/806/697 770/807/698
f 794/862/715 790/863/713 775/864/703 781/865/707
f 793/866/530 789/867/712 773/868/701 777/869/530
f 782/870/536 779/871/533 583/655/529 591/654/536
f 792/872/714 603/660/544 582/659/528 778/873/705
f 790/863/713 792/872/714 778/873/705 775/864/703
f 780/874/706 772/875/700 779/871/533 782/870/536
f 791/876/530 793/866/530 777/869/530 584/877/530
f 774/878/702 780/874/706 782/870/536 776/879/704
f 776/879/704 782/870/536 591/654/536 581/667/527
f 789/867/712 794/862/715 781/865/707 773/868/701
f 800/880/719 799/881/718 788/882/711 783/883/708
f 796/884/530 798/885/530 787/886/530 785/887/530
f 795/888/716 797/889/717 786/890/710 784/891/709
f 797/889/717 609/681/548 596/680/539 786/890/710
f 798/885/530 800/880/719 783/883/708 787/886/530
f 799/881/718 795/888/716 784/891/709 788/882/711
f 783/883/708 788/882/711 794/862/715 789/867/712
f 785/887/530 787/886/530 793/866/530 791/876/530
f 784/891/709 786/890/710 792/872/714 790/863/713
f 786/890/710 596/680/539 603/660/544 792/872/714
f 787/886/530 783/883/708 789/867/712 793/866/530
f 788/882/711 784/891/709 790/863/713 794/862/715
f 780/874/706 774/878/702 795/888/716 799/881/718
f 779/871/533 772/875/700 800/880/719 798/885/530
f 776/879/704 581/667/527 609/681/548 797/889/717
f 774/878/702 776/879/704 797/889/717 795/888/716
f 583/655/529 779/871/533 798/885/530 796/884/530
f 772/875/700 780/874/706 799/881/718 800/880/719
f 860/682/772 808/685/727 804/684/723 858/683/770
f 843/686/530 806/689/725 807/688/726 845/687/565
f 813/690/731 618/693/556 627/692/564 817/691/734
f 845/687/565 807/688/726 802/695/721 844/694/758
f 861/696/773 809/699/728 805/698/724 859/697/771
f 857/700/769 844/703/758 802/702/721 838/701/753
f 846/704/530 810/705/729 806/689/725 843/686/530
f 836/706/751 816/709/733 624/708/561 664/707/596
f 819/710/735 633/711/569 618/693/556 813/690/731
f 817/691/734 627/692/564 623/713/560 815/712/732
f 859/697/771 805/698/724 808/685/727 860/682/772
f 811/714/730 622/715/559 633/711/569 819/710/735
f 849/716/761 801/717/720 810/705/729 846/704/530
f 862/718/774 803/719/722 809/699/728 861/696/773
f 624/720/561 816/723/733 820/722/530 632/721/530
f 842/724/757 811/714/730 819/710/735 851/725/763
f 850/726/762 817/691/734 815/712/732 848/727/760
f 851/725/763 819/710/735 813/690/731 847/728/759
f 856/729/768 849/730/761 816/709/733 836/706/751
f 632/721/530 820/722/530 812/732/530 619/731/530
f 663/733/595 625/736/562 814/735/562 837/734/752
f 628/737/565 818/740/565 814/739/562 625/738/562
f 847/728/759 813/690/731 817/691/734 850/726/762
f 619/731/530 812/732/530 818/740/565 628/737/565
f 658/741/590 647/744/579 827/743/742 834/742/749
f 855/745/767 852/748/764 826/747/741 833/746/748
f 835/749/750 821/752/736 825/751/740 841/750/756
f 839/753/754 823/756/738 824/755/739 840/754/755
f 833/746/748 826/747/741 648/758/580 659/757/591
f 854/759/766 853/762/765 822/761/737 828/760/743
f 841/750/756 825/751/740 823/756/738 839/753/754
f 840/754/755 824/755/739 822/764/737 838/763/753
f 866/765/778 854/759/766 828/760/743 858/766/770
f 863/767/775 833/746/748 659/757/591 693/768/622
f 865/769/777 855/745/767 833/746/748 863/767/775
f 692/770/621 658/741/590 834/742/749 864/771/776
f 821/752/736 832/773/747 831/772/746 825/751/740
f 823/756/738 829/775/744 830/774/745 824/755/739
f 825/751/740 831/772/746 829/775/744 823/756/738
f 824/755/739 830/774/745 828/776/743 822/764/737
f 807/777/726 840/754/755 838/763/753 802/778/721
f 810/779/729 841/750/756 839/753/754 806/780/725
f 806/780/725 839/753/754 840/754/755 807/777/726
f 801/781/720 835/749/750 841/750/756 810/779/729
f 647/744/579 663/733/595 837/734/752 827/743/742
f 852/748/764 856/729/768 836/706/751 826/747/741
f 826/747/741 836/706/751 664/707/596 648/758/580
f 853/762/765 857/700/769 838/701/753 822/761/737
f 827/743/742 837/734/752 857/700/769 853/762/765
f 821/782/736 835/783/750 856/729/768 852/748/764
f 862/784/774 832/785/747 855/745/767 865/769/777
f 864/771/776 834/742/749 854/759/766 866/765/778
f 834/742/749 827/743/742 853/762/765 854/759/766
f 832/785/747 821/782/736 852/748/764 855/745/767
f 805/698/724 847/728/759 850/726/762 808/685/727
f 835/783/750 801/786/720 849/730/761 856/729/768
f 809/699/728 851/725/763 847/728/759 805/698/724
f 808/685/727 850/726/762 848/727/760 804/684/723
f 803/719/722 842/724/757 851/725/763 809/699/728
f 816/723/733 849/716/761 846/704/530 820/722/530
f 820/722/530 846/704/530 843/686/530 812/732/530
f 837/734/752 814/735/562 844/703/758 857/700/769
f 818/740/565 845/687/565 844/694/758 814/739/562
f 812/732/530 843/686/530 845/687/565 818/740/565
f 815/787/732 864/771/776 866/765/778 848/788/760
f 803/789/722 862/784/774 865/769/777 842/790/757
f 623/791/560 692/770/621 864/771/776 815/787/732
f 842/790/757 865/769/777 863/767/775 811/792/730
f 811/792/730 863/767/775 693/768/622 622/793/559
f 848/788/760 866/765/778 858/766/770 804/794/723
f 832/773/747 862/718/774 861/696/773 831/772/746
f 829/775/744 859/697/771 860/682/772 830/774/745
f 831/772/746 861/696/773 859/697/771 829/775/744
f 830/774/745 860/682/772 858/683/770 828/776/743
f 931/892/842 928/892/839 912/893/823 916/893/827
f 925/894/836 922/895/833 874/896/786 876/897/788
f 926/898/837 923/899/834 872/900/784 882/901/794
f 924/902/835 920/903/831 868/904/780 878/905/790
f 883/906/536 877/907/789 871/908/783 881/909/793
f 872/900/784 937/900/848 936/901/847 882/901/794
f 880/910/792 932/910/843 939/911/850 868/911/780
f 879/912/791 867/913/779 877/907/789 883/906/536
f 923/899/834 924/902/835 878/905/790 872/900/784
f 921/892/832 925/894/836 876/897/788 870/914/782
f 869/915/781 879/912/791 883/906/536 875/916/787
f 882/901/794 936/901/847 935/896/846 874/896/786
f 874/896/786 935/896/846 934/897/845 876/897/788
f 875/916/787 883/906/536 881/909/793 873/917/785
f 922/895/833 926/898/837 882/901/794 874/896/786
f 915/911/826 909/911/820 910/910/821 914/910/825
f 867/918/779 879/919/791 891/920/802 884/921/795
f 873/917/785 881/909/793 890/922/801 886/923/797
f 869/924/781 875/925/787 889/926/800 885/927/796
f 871/908/783 877/928/789 888/929/799 887/930/798
f 877/928/789 867/931/779 884/932/795 888/929/799
f 881/909/793 871/908/783 887/930/798 890/922/801
f 875/925/787 873/917/785 886/923/797 889/926/800
f 879/919/791 869/924/781 885/927/796 891/920/802
f 884/921/795 891/920/802 899/933/810 892/934/803
f 886/923/797 890/922/801 898/935/809 894/936/805
f 885/927/796 889/926/800 897/937/808 893/938/804
f 887/930/798 888/929/799 896/939/807 895/940/806
f 888/929/799 884/932/795 892/941/803 896/939/807
f 890/922/801 887/930/798 895/940/806 898/935/809
f 889/926/800 886/923/797 894/936/805 897/937/808
f 891/920/802 885/927/796 893/938/804 899/933/810
f 892/934/803 899/933/810 907/942/818 900/943/811
f 894/936/805 898/935/809 906/944/817 902/945/813
f 893/938/804 897/937/808 905/946/816 901/893/812
f 895/940/806 896/939/807 904/947/815 903/948/814
f 896/939/807 892/941/803 900/949/811 904/947/815
f 898/935/809 895/940/806 903/948/814 906/944/817
f 897/937/808 894/936/805 902/945/813 905/946/816
f 899/933/810 893/938/804 901/893/812 907/942/818
f 929/950/840 928/892/839 911/914/822 910/951/821
f 927/952/838 929/950/840 910/951/821 909/953/820
f 919/942/830 913/942/824 908/943/819 918/943/829
f 916/893/827 912/893/823 913/942/824 919/942/830
f 914/910/825 910/910/821 911/954/822 917/954/828
f 930/903/841 927/903/838 909/904/820 915/904/826
f 920/903/831 930/903/841 915/904/826 868/904/780
f 880/910/792 914/910/825 917/954/828 870/954/782
f 901/893/812 916/893/827 919/942/830 907/942/818
f 907/942/818 919/942/830 918/943/829 900/943/811
f 868/911/780 915/911/826 914/910/825 880/910/792
f 921/892/832 931/892/842 916/893/827 901/893/812
f 870/914/782 917/914/828 931/892/842 921/892/832
f 900/949/811 918/949/829 930/903/841 920/903/831
f 918/949/829 908/949/819 927/903/838 930/903/841
f 908/943/819 913/942/824 929/950/840 927/952/838
f 913/942/824 912/893/823 928/892/839 929/950/840
f 902/945/813 906/944/817 926/898/837 922/895/833
f 901/893/812 905/946/816 925/894/836 921/892/832
f 903/948/814 904/947/815 924/902/835 923/899/834
f 904/947/815 900/949/811 920/903/831 924/902/835
f 906/944/817 903/948/814 923/899/834 926/898/837
f 905/946/816 902/945/813 922/895/833 925/894/836
f 917/914/828 911/914/822 928/892/839 931/892/842
f 940/955/699 938/956/849 939/911/850 932/910/843
f 936/901/847 937/900/848 938/956/849 940/955/699
f 935/896/846 936/901/847 940/955/699 934/957/845
f 934/957/845 940/955/699 932/910/843 933/954/844
f 878/905/790 938/905/849 937/900/848 872/900/784
f 876/897/788 934/897/845 933/914/844 870/914/782
f 870/954/782 933/954/844 932/910/843 880/910/792
f 868/904/780 939/904/850 938/905/849 878/905/790
f 942/958/852 944/959/854 943/960/853 941/961/851
f 944/959/854 946/962/856 945/963/855 943/960/853
f 946/962/856 948/964/858 947/965/857 945/963/855
f 948/964/858 950/966/860 949/967/859 947/965/857
f 950/966/860 952/968/862 951/969/861 949/967/859
f 952/968/862 954/970/864 953/971/863 951/969/861
f 954/970/864 956/972/866 955/973/865 953/971/863
f 956/972/866 958/974/868 957/975/867 955/973/865
f 958/974/868 960/976/870 959/977/869 957/975/867
f 960/976/870 962/978/872 961/979/871 959/977/869
f 962/978/872 964/980/874 963/981/873 961/979/871
f 964/980/874 966/982/876 965/983/875 963/981/873
f 966/982/876 968/984/878 967/985/877 965/983/875
f 968/984/878 970/986/880 969/987/879 967/985/877
f 970/986/880 972/988/882 971/989/881 969/987/879
f 942/990/852 972/991/882 970/992/880 968/993/878 966/994/876 964/995/874 962/996/872 960/997/870 958/998/868 956/999/866 954/1000/864 952/1001/862 950/1002/860 948/1003/858 946/1004/856 944/1005/854
f 971/989/881 972/988/882 942/958/852 941/961/851
f 941/1006/851 943/1007/853 945/1008/855 947/1009/857 949/1010/859 951/1011/861 953/1012/863 955/1013/865 957/1014/867 959/1015/869 961/1016/871 963/1017/873 965/1018/875 967/1019/877 969/1020/879 971/1021/881
f 1022/1022/932 986/1023/896 976/1024/886 1016/1025/926
f 1020/1026/930 982/1027/892 980/1028/890 1017/1029/927
f 1021/1030/931 988/1031/898 978/1032/888 1018/1033/928
f 1019/1034/929 984/1035/894 974/1036/884 1015/1037/925
f 990/1038/900 987/1039/897 977/1040/887 983/1041/893
f 989/1042/899 986/1043/896 974/1044/884 984/1045/894
f 988/1031/898 989/1042/899 984/1045/894 978/1032/888
f 985/1046/895 990/1038/900 983/1041/893 973/1047/883
f 1018/1033/928 978/1032/888 984/1035/894 1019/1034/929
f 1016/1025/926 976/1024/886 982/1027/892 1020/1026/930
f 975/1048/885 981/1049/891 990/1038/900 985/1046/895
f 980/1028/890 982/1050/892 989/1042/899 988/1031/898
f 982/1050/892 976/1051/886 986/1043/896 989/1042/899
f 981/1049/891 979/1052/889 987/1039/897 990/1038/900
f 1017/1029/927 980/1028/890 988/1031/898 1021/1030/931
f 1015/1053/925 974/1054/884 986/1023/896 1022/1022/932
f 1014/1055/924 991/1056/901 998/1057/908 1013/1058/923
f 1008/1059/918 993/1060/903 997/1061/907 1012/1062/922
f 1007/1063/917 992/1064/902 996/1065/906 1011/1066/921
f 1009/1067/919 994/1068/904 995/1069/905 1010/1070/920
f 1010/1070/920 995/1069/905 991/1071/901 1014/1072/924
f 1012/1062/922 997/1061/907 994/1068/904 1009/1067/919
f 1011/1066/921 996/1065/906 993/1060/903 1008/1059/918
f 1013/1058/923 998/1057/908 992/1064/902 1007/1063/917
f 991/1056/901 999/1073/909 1006/1074/916 998/1057/908
f 993/1060/903 1001/1075/911 1005/1076/915 997/1061/907
f 992/1064/902 1000/1077/910 1004/1078/914 996/1065/906
f 994/1068/904 1002/1079/912 1003/1080/913 995/1069/905
f 995/1069/905 1003/1080/913 999/1081/909 991/1071/901
f 997/1061/907 1005/1076/915 1002/1079/912 994/1068/904
f 996/1065/906 1004/1078/914 1001/1075/911 993/1060/903
f 998/1057/908 1006/1074/916 1000/1077/910 992/1064/902
f 985/1082/895 1013/1058/923 1007/1063/917 975/1083/885
f 981/1084/891 1011/1066/921 1008/1059/918 979/1052/889
f 987/1039/897 1012/1062/922 1009/1067/919 977/1040/887
f 983/1085/893 1010/1070/920 1014/1072/924 973/1086/883
f 977/1040/887 1009/1067/919 1010/1070/920 983/1085/893
f 975/1083/885 1007/1063/917 1011/1066/921 981/1084/891
f 979/1052/889 1008/1059/918 1012/1062/922 987/1039/897
f 973/1087/883 1014/1055/924 1013/1058/923 985/1082/895
f 999/1073/909 1015/1053/925 1022/1022/932 1006/1074/916
f 1001/1075/911 1017/1029/927 1021/1030/931 1005/1076/915
f 1000/1077/910 1016/1025/926 1020/1026/930 1004/1078/914
f 1002/1079/912 1018/1033/928 1019/1034/929 1003/1080/913
f 1003/1080/913 1019/1034/929 1015/1037/925 999/1081/909
f 1005/1076/915 1021/1030/931 1018/1033/928 1002/1079/912
f 1004/1078/914 1020/1026/930 1017/1029/927 1001/1075/911
f 1006/1074/916 1022/1022/932 1016/1025/926 1000/1077/910
f 1072/1088/982 1036/1089/946 1026/1090/936 1066/1091/976
f 1070/1092/980 1032/1093/942 1030/1094/940 1067/1095/977
f 1071/1096/981 1038/1097/948 1028/1098/938 1068/1099/978
f 1069/1100/979 1034/1101/944 1024/1102/934 1065/1103/975
f 1040/1104/950 1037/1105/947 1027/1106/937 1033/1107/943
f 1039/1108/949 1036/1109/946 1024/1110/934 1034/1111/944
f 1038/1097/948 1039/1108/949 1034/1111/944 1028/1098/938
f 1035/1112/945 1040/1104/950 1033/1107/943 1023/1113/933
f 1068/1099/978 1028/1098/938 1034/1101/944 1069/1100/979
f 1066/1091/976 1026/1090/936 1032/1093/942 1070/1092/980
f 1025/1114/935 1031/1115/941 1040/1104/950 1035/1112/945
f 1030/1094/940 1032/1116/942 1039/1108/949 1038/1097/948
f 1032/1116/942 1026/1117/936 1036/1109/946 1039/1108/949
f 1031/1115/941 1029/1118/939 1037/1105/947 1040/1104/950
f 1067/1095/977 1030/1094/940 1038/1097/948 1071/1096/981
f 1065/1119/975 1024/1120/934 1036/1089/946 1072/1088/982
f 1064/1121/974 1041/1122/951 1048/1123/958 1063/1124/973
f 1058/1125/968 1043/1126/953 1047/1127/957 1062/1128/972
f 1057/1129/967 1042/1130/952 1046/1131/956 1061/1132/971
f 1059/1133/969 1044/1134/954 1045/1135/955 1060/1136/970
f 1060/1136/970 1045/1135/955 1041/1137/951 1064/1138/974
f 1062/1128/972 1047/1127/957 1044/1134/954 1059/1133/969
f 1061/1132/971 1046/1131/956 1043/1126/953 1058/1125/968
f 1063/1124/973 1048/1123/958 1042/1130/952 1057/1129/967
f 1080/1139/990 1049/1140/959 1056/1141/966 1079/1142/989
f 1074/1143/984 1051/1144/961 1055/1145/965 1078/1146/988
f 1073/1147/983 1050/1148/960 1054/1149/964 1077/1150/987
f 1075/1151/985 1052/1152/962 1053/1153/963 1076/1154/986
f 1076/1154/986 1053/1153/963 1049/1155/959 1080/1156/990
f 1078/1146/988 1055/1145/965 1052/1152/962 1075/1151/985
f 1077/1150/987 1054/1149/964 1051/1144/961 1074/1143/984
f 1079/1142/989 1056/1141/966 1050/1148/960 1073/1147/983
f 1035/1157/945 1063/1124/973 1057/1129/967 1025/1158/935
f 1031/1159/941 1061/1132/971 1058/1125/968 1029/1118/939
f 1037/1105/947 1062/1128/972 1059/1133/969 1027/1106/937
f 1033/1160/943 1060/1136/970 1064/1138/974 1023/1161/933
f 1027/1106/937 1059/1133/969 1060/1136/970 1033/1160/943
f 1025/1158/935 1057/1129/967 1061/1132/971 1031/1159/941
f 1029/1118/939 1058/1125/968 1062/1128/972 1037/1105/947
f 1023/1162/933 1064/1121/974 1063/1124/973 1035/1157/945
f 1049/1140/959 1065/1119/975 1072/1088/982 1056/1141/966
f 1051/1144/961 1067/1095/977 1071/1096/981 1055/1145/965
f 1050/1148/960 1066/1091/976 1070/1092/980 1054/1149/964
f 1052/1152/962 1068/1099/978 1069/1100/979 1053/1153/963
f 1053/1153/963 1069/1100/979 1065/1103/975 1049/1155/959
f 1055/1145/965 1071/1096/981 1068/1099/978 1052/1152/962
f 1054/1149/964 1070/1092/980 1067/1095/977 1051/1144/961
f 1056/1141/966 1072/1088/982 1066/1091/976 1050/1148/960
f 1048/1123/958 1079/1142/989 1073/1147/983 1042/1130/952
f 1046/1131/956 1077/1150/987 1074/1143/984 1043/1126/953
f 1047/1127/957 1078/1146/988 1075/1151/985 1044/1134/954
f 1045/1135/955 1076/1154/986 1080/1156/990 1041/1137/951
f 1044/1134/954 1075/1151/985 1076/1154/986 1045/1135/955
f 1042/1130/952 1073/1147/983 1077/1150/987 1046/1131/956
f 1043/1126/953 1074/1143/984 1078/1146/988 1047/1127/957
f 1041/1122/951 1080/1139/990 1079/1142/989 1048/1123/958
o Master_shower
v -13.322881 0.686143 16.951351
v -13.322881 7.720332 16.951351
v -13.322881 0.686143 12.722256
v -13.322881 7.720332 12.722256
v -9.904014 0.686143 16.951351
v -9.904014 7.720332 16.951351
v -9.904014 0.686143 12.722256
v -9.904014 7.720332 12.722256
vn -1.0000 -0.0000 -0.0000
vn -0.0000 -0.0000 -1.0000
vn 1.0000 -0.0000 -0.0000
vn -0.0000 -0.0000 1.0000
vn -0.0000 -1.0000 -0.0000
vn -0.0000 1.0000 -0.0000
vt 0.375000 0.000000
vt 0.625000 0.000000
vt 0.625000 0.250000
vt 0.375000 0.250000
vt 0.625000 0.500000
vt 0.375000 0.500000
vt 0.625000 0.750000
vt 0.375000 0.750000
vt 0.625000 1.000000
vt 0.375000 1.000000
vt 0.125000 0.500000
vt 0.125000 0.750000
vt 0.875000 0.500000
vt 0.875000 0.750000
s 0
f 1081/1163/991 1082/1164/991 1084/1165/991 1083/1166/991
f 1083/1166/992 1084/1165/992 1088/1167/992 1087/1168/992
f 1087/1168/993 1088/1167/993 1086/1169/993 1085/1170/993
f 1085/1170/994 1086/1169/994 1082/1171/994 1081/1172/994
f 1083/1173/995 1087/1168/995 1085/1170/995 1081/1174/995
f 1088/1167/996 1084/1175/996 1082/1176/996 1086/1169/996
o Master_sink_2
v -4.879640 0.094459 20.798002
v -4.879640 3.020323 20.798002
v -7.229349 0.094459 20.798002
v -7.229349 3.020323 20.798002
v -4.879641 0.094459 15.316256
v -4.879641 3.020323 15.316256
v -7.229350 0.094459 15.316256
v -7.229350 3.020323 15.316256
vn -0.0000 -0.0000 1.0000
vn -1.0000 -0.0000 -0.0000
vn -0.0000 -0.0000 -1.0000
vn 1.0000 -0.0000 -0.0000
vn -0.0000 -1.0000 -0.0000
vn -0.0000 1.0000 -0.0000
vt 0.375000 0.000000
vt 0.625000 0.000000
vt 0.625000 0.250000
vt 0.375000 0.250000
vt 0.625000 0.500000
vt 0.375000 0.500000
vt 0.625000 0.750000
vt 0.375000 0.750000
vt 0.625000 1.000000
vt 0.375000 1.000000
vt 0.125000 0.500000
vt 0.125000 0.750000
vt 0.875000 0.500000
vt 0.875000 0.750000
s 0
f 1089/1177/997 1090/1178/997 1092/1179/997 1091/1180/997
f 1091/1180/998 1092/1179/998 1096/1181/998 1095/1182/998
f 1095/1182/999 1096/1181/999 1094/1183/999 1093/1184/999
f 1093/1184/1000 1094/1183/1000 1090/1185/1000 1089/1186/1000
f 1091/1187/1001 1095/1182/1001 1093/1184/1001 1089/1188/1001
f 1096/1181/1002 1092/1189/1002 1090/1190/1002 1094/1183/1002
o Dresser_1
v 19.461203 0.180394 9.721050
v 19.461203 3.399974 9.721050
v 16.619184 0.180394 9.721050
v 16.619184 3.399974 9.721050
v 19.461203 0.180394 2.730526
v 19.461203 3.399974 2.730526
v 16.619184 0.180394 2.730526
v 16.619184 3.399974 2.730526
vn -0.0000 -0.0000 1.0000
vn -1.0000 -0.0000 -0.0000
vn -0.0000 -0.0000 -1.0000
vn 1.0000 -0.0000 -0.0000
vn -0.0000 -1.0000 -0.0000
vn -0.0000 1.0000 -0.0000
vt 0.375000 0.000000
vt 0.625000 0.000000
vt 0.625000 0.250000
vt 0.375000 0.250000
vt 0.625000 0.500000
vt 0.375000 0.500000
vt 0.625000 0.750000
vt 0.375000 0.750000
vt 0.625000 1.000000
vt 0.375000 1.000000
vt 0.125000 0.500000
vt 0.125000 0.750000
vt 0.875000 0.500000
vt 0.875000 0.750000
s 0
f 1097/1191/1003 1098/1192/1003 1100/1193/1003 1099/1194/1003
f 1099/1194/1004 1100/1193/1004 1104/1195/1004 1103/1196/1004
f 1103/1196/1005 1104/1195/1005 1102/1197/1005 1101/1198/1005
f 1101/1198/1006 1102/1197/1006 1098/1199/1006 1097/1200/1006
f 1099/1201/1007 1103/1196/1007 1101/1198/1007 1097/1202/1007
f 1104/1195/1008 1100/1203/1008 1098/1204/1008 1102/1197/1008
o Dresser_2
v 12.238985 0.180394 -10.395824
v 12.238985 3.399974 -10.395824
v 12.238985 0.180394 -13.237843
v 12.238985 3.399974 -13.237843
v 19.229509 0.180394 -10.395824
v 19.229509 3.399974 -10.395824
v 19.229509 0.180394 -13.237843
v 19.229509 3.399974 -13.237843
vn -1.0000 -0.0000 -0.0000
vn -0.0000 -0.0000 -1.0000
vn 1.0000 -0.0000 -0.0000
vn -0.0000 -0.0000 1.0000
vn -0.0000 -1.0000 -0.0000
vn -0.0000 1.0000 -0.0000
vt 0.375000 0.000000
vt 0.625000 0.000000
vt 0.625000 0.250000
vt 0.375000 0.250000
vt 0.625000 0.500000
vt 0.375000 0.500000
vt 0.625000 0.750000
vt 0.375000 0.750000
vt 0.625000 1.000000
vt 0.375000 1.000000
vt 0.125000 0.500000
vt 0.125000 0.750000
vt 0.875000 0.500000
vt 0.875000 0.750000
s 0
f 1105/1205/1009 1106/1206/1009 1108/1207/1009 1107/1208/1009
f 1107/1208/1010 1108/1207/1010 1112/1209/1010 1111/1210/1010
f 1111/1210/1011 1112/1209/1011 1110/1211/1011 1109/1212/1011
f 1109/1212/1012 1110/1211/1012 1106/1213/1012 1105/1214/1012
f 1107/1215/1013 1111/1210/1013 1109/1212/1013 1105/1216/1013
f 1112/1209/1014 1108/1217/1014 1106/1218/1014 1110/1211/1014
o Dresser_3
v -8.327993 0.180394 -25.011490
v -8.327993 3.399974 -25.011490
v -8.327993 0.180394 -27.853508
v -8.327993 3.399974 -27.853508
v -1.337470 0.180394 -25.011490
v -1.337470 3.399974 -25.011490
v -1.337470 0.180394 -27.853508
v -1.337470 3.399974 -27.853508
vn -1.0000 -0.0000 -0.0000
vn -0.0000 -0.0000 -1.0000
vn 1.0000 -0.0000 -0.0000
vn -0.0000 -0.0000 1.0000
vn -0.0000 -1.0000 -0.0000
vn -0.0000 1.0000 -0.0000
vt 0.375000 0.000000
vt 0.625000 0.000000
vt 0.625000 0.250000
vt 0.375000 0.250000
vt 0.625000 0.500000
vt 0.375000 0.500000
vt 0.625000 0.750000
vt 0.375000 0.750000
vt 0.625000 1.000000
vt 0.375000 1.000000
vt 0.125000 0.500000
vt 0.125000 0.750000
vt 0.875000 0.500000
vt 0.875000 0.750000
s 0
f 1113/1219/1015 1114/1220/1015 1116/1221/1015 1115/1222/1015
f 1115/1222/1016 1116/1221/1016 1120/1223/1016 1119/1224/1016
f 1119/1224/1017 1120/1223/1017 1118/1225/1017 1117/1226/1017
f 1117/1226/1018 1118/1225/1018 1114/1227/1018 1113/1228/1018
f 1115/1229/1019 1119/1224/1019 1117/1226/1019 1113/1230/1019
f 1120/1223/1020 1116/1231/1020 1114/1232/1020 1118/1225/1020
o Hall_bath_floor
v -22.100925 0.100516 1.531085
v -14.507836 0.100516 1.531085
v -22.100925 0.100516 -11.179935
v -14.507836 0.100516 -11.179935
vn -0.0000 1.0000 -0.0000
vt 0.000000 0.000000
vt 1.000000 0.000000
vt 1.000000 1.000000
vt 0.000000 1.000000
s 0
f 1121/1233/1021 1122/1234/1021 1124/1235/1021 1123/1236/1021
o Master_bath_floor
v -4.592982 0.100516 22.190477
v -4.592982 0.100516 12.349333
v -13.875689 0.100516 22.190477
v -13.875689 0.100516 12.349333
vn -0.0000 1.0000 -0.0000
vt 0.000000 0.000000
vt 1.000000 0.000000
vt 1.000000 1.000000
vt 0.000000 1.000000
s 0
f 1125/1237/1022 1126/1238/1022 1128/1239/1022 1127/1240/1022
