# Blender 5.1.1
# www.blender.org
o Head_Demon
v 11.848799 9.954985 -23.354877
v 11.848799 9.879145 -23.658354
v 11.848799 9.748203 -23.903130
v 11.848799 9.517672 -24.111126
v 11.848799 9.341215 -24.074060
v 11.848799 9.221474 -24.025894
v 11.848799 9.000222 -23.908920
v 11.848799 8.399903 -23.354877
v 11.858185 9.943192 -23.459396
v 11.877848 9.908266 -23.559896
v 11.895968 9.879145 -23.652523
v 11.911852 9.821782 -23.763906
v 11.924888 9.748203 -23.894398
v 11.934573 9.654883 -24.010664
v 11.940538 9.517672 -24.100830
v 11.942553 9.341215 -24.063566
v 11.940538 9.221474 -24.015598
v 11.934573 9.106336 -23.952988
v 11.924888 9.000222 -23.900188
v 11.911852 8.907213 -23.785007
v 11.895968 8.830882 -23.660089
v 11.879473 8.711269 -23.657387
v 11.858185 8.355463 -23.747910
v 11.877848 9.943192 -23.453333
v 11.916417 9.908266 -23.548000
v 11.951963 9.879145 -23.635254
v 11.983120 9.821782 -23.741926
v 12.008690 9.748203 -23.868555
v 12.027689 9.654883 -23.981941
v 12.039390 9.517672 -24.070345
v 12.043340 9.341215 -24.032480
v 12.039390 9.221474 -23.985111
v 12.027689 9.106336 -23.924267
v 12.008690 9.000222 -23.874346
v 11.983120 8.907213 -23.763027
v 11.951963 8.830882 -23.642820
v 11.922418 8.705760 -23.638294
v 11.877848 8.355696 -23.743526
v 11.895968 9.943192 -23.443485
v 11.951963 9.908266 -23.528683
v 12.027191 9.851545 -23.607206
v 12.075448 9.775216 -23.752674
v 12.085922 9.682207 -23.809158
v 12.098777 9.576096 -23.943277
v 12.115763 9.460956 -23.968914
v 12.136227 9.341215 -23.920088
v 12.146173 9.221474 -23.890917
v 12.129188 9.106336 -23.865074
v 12.101604 9.000222 -23.823101
v 12.048801 8.907213 -23.676033
v 12.003569 8.830882 -23.607206
v 11.986143 8.715478 -23.621059
v 11.926221 8.355696 -23.728619
v 11.911852 9.943192 -23.430229
v 11.983120 9.908266 -23.502691
v 12.048801 9.851545 -23.569464
v 12.120304 9.775216 -23.627998
v 12.153617 9.682207 -23.676033
v 12.167363 9.576096 -23.711727
v 12.190300 9.460956 -23.733707
v 12.197187 9.341215 -23.741127
v 12.210343 9.221474 -23.733707
v 12.188725 9.106336 -23.711727
v 12.153617 9.000222 -23.676033
v 12.106371 8.907213 -23.627998
v 12.048801 8.830882 -23.569464
v 12.052340 8.713974 -23.563648
v 11.969909 8.351647 -23.700375
v 11.924888 9.943192 -23.414082
v 12.008690 9.908266 -23.471010
v 12.061535 9.851545 -23.523481
v 12.121181 9.775216 -23.569464
v 12.209172 9.682207 -23.607206
v 12.229094 9.576096 -23.635254
v 12.255832 9.460956 -23.652523
v 12.264004 9.341215 -23.658354
v 12.275875 9.221474 -23.652523
v 12.250454 9.106336 -23.635254
v 12.209172 9.000222 -23.607206
v 12.153617 8.907213 -23.569464
v 12.085922 8.830882 -23.523481
v 12.060501 8.710485 -23.486351
v 12.013090 8.351647 -23.666031
v 11.934573 9.943192 -23.395657
v 12.027689 9.908266 -23.434872
v 12.092556 9.851545 -23.471010
v 12.151125 9.775216 -23.502691
v 12.203467 9.682207 -23.528683
v 12.242750 9.576096 -23.548000
v 12.265036 9.460956 -23.559896
v 12.274740 9.341215 -23.563911
v 12.265378 9.221474 -23.559896
v 12.261773 9.106336 -23.548000
v 12.205032 9.000222 -23.528683
v 12.188725 8.907213 -23.502691
v 12.113505 8.830882 -23.471010
v 12.074193 8.716326 -23.447874
v 12.093063 8.358273 -23.586203
v 11.940538 9.943192 -23.375668
v 12.039390 9.908266 -23.395657
v 12.108872 9.851545 -23.414082
v 12.172744 9.775216 -23.430229
v 12.195745 9.682207 -23.443485
v 12.270996 9.576096 -23.453333
v 12.279700 9.460956 -23.459396
v 12.294073 9.341215 -23.461441
v 12.265285 9.221474 -23.459396
v 12.247803 9.106336 -23.453333
v 12.204727 9.000222 -23.443485
v 12.210343 8.907213 -23.416260
v 12.130491 8.830882 -23.414082
v 12.071422 8.726520 -23.420292
v 12.101407 8.360348 -23.479816
v 11.942552 9.943192 -23.354877
v 12.043340 9.908266 -23.354877
v 12.112947 9.851545 -23.354877
v 12.162466 9.775216 -23.354877
v 12.229408 9.682207 -23.354877
v 12.271712 9.576096 -23.354877
v 12.296855 9.460956 -23.354877
v 12.298736 9.341215 -23.354877
v 12.264358 9.221474 -23.354877
v 12.249187 9.106336 -23.354877
v 12.205587 9.000222 -23.354877
v 12.197528 8.907213 -23.343018
v 12.136227 8.830882 -23.354877
v 12.078981 8.730275 -23.385044
v 12.059562 8.364880 -23.379513
v 11.940538 9.943192 -23.334087
v 12.039390 9.908266 -23.314091
v 12.103796 9.851545 -23.295670
v 12.155167 9.775216 -23.279522
v 12.220369 9.682207 -23.266266
v 12.262175 9.576096 -23.256418
v 12.287175 9.460956 -23.250353
v 12.292583 9.341215 -23.248308
v 12.258370 9.221474 -23.250353
v 12.239617 9.106336 -23.256418
v 12.201222 9.000222 -23.266266
v 12.184305 8.907213 -23.279522
v 12.130491 8.830882 -23.295670
v 12.080791 8.733784 -23.338728
v 11.974665 8.355309 -23.358723
v 11.934573 9.943192 -23.314091
v 12.027689 9.908266 -23.274879
v 12.086810 9.851545 -23.238735
v 12.133548 9.775216 -23.207060
v 12.194948 9.682207 -23.181067
v 12.274963 9.576096 -23.161747
v 12.267790 9.460956 -23.149853
v 12.233441 9.341215 -23.145836
v 12.246811 9.221474 -23.149853
v 12.226089 9.106336 -23.161747
v 12.182173 9.000222 -23.181067
v 12.165707 8.907213 -23.207060
v 12.118461 8.830882 -23.238735
v 12.048907 8.750411 -23.299517
v 11.944860 8.381198 -23.338728
v 11.924888 9.943192 -23.295670
v 12.008690 9.908266 -23.238735
v 12.085922 9.851545 -23.186270
v 12.098440 9.775216 -23.140285
v 12.153666 9.682207 -23.102543
v 12.201187 9.576096 -23.074497
v 12.191718 9.460956 -23.057224
v 12.191324 9.341215 -23.051399
v 12.215781 9.172308 -23.057224
v 12.177284 9.057170 -23.074497
v 12.172733 8.951056 -23.102543
v 12.143514 8.907213 -23.140285
v 12.109762 8.830882 -23.186270
v 12.008690 8.821553 -23.263372
v 11.924888 8.412827 -23.364685
v 11.911852 9.943192 -23.279522
v 11.983120 9.908266 -23.207060
v 12.048800 9.851545 -23.140285
v 12.106371 9.775216 -23.081751
v 12.131710 9.682207 -23.033718
v 12.107727 9.576096 -22.998020
v 12.150707 9.460956 -22.976042
v 12.205815 9.341215 -22.968618
v 12.200336 9.172308 -22.976042
v 12.141781 9.057895 -22.994513
v 12.120213 8.951056 -23.033718
v 12.106371 8.907213 -23.073591
v 12.082562 8.816865 -23.140285
v 11.983120 8.853848 -23.231697
v 11.911852 8.429432 -23.348536
v 11.895968 9.943192 -23.266266
v 11.951963 9.908266 -23.181067
v 12.003569 9.851545 -23.102543
v 12.048801 9.775216 -23.033718
v 12.085922 9.682207 -22.977230
v 12.081776 9.605934 -22.969118
v 12.098762 9.490794 -22.943275
v 12.136227 9.341215 -22.900690
v 12.083609 9.221474 -22.909418
v 12.013603 9.106336 -22.919760
v 12.056208 9.000222 -22.957750
v 12.048801 8.804186 -22.992098
v 12.014262 8.690382 -23.059444
v 11.951963 8.834582 -23.205702
v 11.895968 8.429432 -23.335279
v 11.877848 9.943192 -23.256418
v 11.916417 9.908266 -23.161747
v 11.951963 9.851545 -23.074497
v 11.983120 9.775216 -22.998020
v 12.008690 9.682207 -22.935259
v 12.027689 9.605934 -22.922483
v 12.039390 9.490794 -22.893764
v 12.001564 9.370754 -22.857367
v 11.897866 9.221474 -22.972132
v 11.922431 9.106336 -22.864979
v 11.943918 9.070322 -22.915777
v 11.927059 8.831768 -22.907257
v 11.951963 8.682427 -22.957903
v 11.916417 8.827110 -23.186382
v 11.877848 8.429432 -23.325434
v 11.858185 9.943192 -23.250353
v 11.877848 9.908266 -23.149853
v 11.895968 9.851545 -23.057224
v 11.911852 9.775216 -22.976042
v 11.924888 9.682207 -22.909418
v 11.934573 9.629493 -22.899952
v 11.940538 9.514353 -22.869463
v 11.864655 9.341215 -22.842642
v 11.883523 9.221474 -22.828175
v 11.921730 9.106336 -22.791227
v 11.915718 9.063696 -22.880983
v 11.911852 8.723652 -22.894350
v 11.895968 8.574311 -22.940630
v 11.877848 8.827110 -23.174490
v 11.858185 8.429432 -23.319368
v 11.848799 9.943192 -23.248308
v 11.848799 9.908266 -23.145836
v 11.848799 9.851545 -23.051399
v 11.848799 9.775216 -22.968618
v 11.848799 9.682207 -22.900690
v 11.848799 9.629493 -22.890253
v 11.848799 9.514353 -22.859167
v 11.848799 9.341215 -22.838249
v 11.848799 9.221474 -22.813898
v 11.848799 9.106336 -22.772112
v 11.848799 9.048738 -22.872255
v 11.848799 8.733679 -22.881493
v 11.848799 8.574311 -22.934803
v 11.848799 8.827110 -23.170473
v 11.848799 8.429432 -23.317322
v 11.848799 9.943192 -23.461441
v 11.848799 9.908266 -23.563911
v 11.848799 9.821782 -23.771328
v 11.848799 9.654883 -24.020359
v 11.848799 9.106336 -23.962683
v 11.848799 8.907213 -23.792429
v 11.848799 8.830882 -23.665920
v 11.848799 8.695847 -23.671892
v 11.848799 8.355463 -23.745068
v 11.959255 9.872686 -23.173050
v 12.116405 9.879445 -23.008526
v 11.984621 9.863370 -23.188978
v 12.135944 9.872266 -23.020798
v 12.010417 9.849758 -23.200525
v 12.155814 9.861782 -23.029692
v 12.035651 9.832378 -23.207249
v 12.175253 9.848392 -23.034870
v 12.059355 9.811894 -23.208883
v 12.193511 9.832616 -23.036131
v 12.080615 9.789098 -23.205374
v 12.209888 9.815054 -23.033426
v 12.098618 9.764864 -23.196852
v 12.223754 9.796388 -23.026861
v 12.112669 9.740120 -23.183643
v 12.234578 9.777328 -23.016687
v 12.122229 9.715821 -23.166260
v 12.241941 9.758612 -23.003296
v 12.126930 9.692902 -23.145365
v 12.245564 9.740954 -22.987200
v 12.126593 9.672240 -23.121761
v 12.245303 9.725041 -22.969021
v 12.121230 9.654630 -23.096361
v 12.241173 9.711475 -22.949455
v 12.111047 9.640748 -23.070137
v 12.233329 9.700785 -22.929255
v 12.096435 9.631131 -23.044098
v 12.222074 9.693376 -22.909199
v 12.077955 9.626147 -23.019243
v 12.207839 9.689535 -22.890053
v 12.056320 9.625985 -22.996529
v 12.191174 9.689410 -22.872557
v 12.032359 9.630653 -22.976828
v 12.172716 9.693007 -22.857382
v 12.006992 9.639972 -22.960897
v 12.153177 9.700186 -22.845110
v 11.981196 9.653584 -22.949350
v 12.133307 9.710671 -22.836214
v 11.955962 9.670965 -22.942627
v 12.113870 9.724058 -22.831038
v 11.932260 9.691446 -22.940992
v 12.095611 9.739836 -22.829777
v 11.910997 9.714244 -22.944502
v 12.079234 9.757396 -22.832479
v 11.892996 9.738481 -22.953024
v 12.065368 9.776064 -22.839045
v 11.878944 9.763225 -22.966232
v 12.054544 9.795120 -22.849220
v 11.869385 9.787519 -22.983620
v 12.047180 9.813841 -22.862612
v 11.864683 9.810440 -23.004513
v 12.043558 9.831494 -22.878706
v 11.865020 9.831104 -23.028114
v 12.043818 9.847410 -22.896887
v 11.870383 9.848714 -23.053516
v 12.047949 9.860973 -22.916452
v 11.880568 9.862592 -23.079739
v 12.055794 9.871667 -22.936653
v 11.895179 9.872210 -23.105780
v 12.067048 9.879075 -22.956709
v 11.913658 9.877196 -23.130634
v 12.081283 9.882916 -22.975857
v 11.935294 9.877357 -23.153349
v 12.097948 9.883041 -22.993351
v 12.296793 9.993503 -22.931101
v 12.283401 9.999405 -22.927816
v 12.310015 9.986447 -22.931684
v 12.322560 9.978507 -22.929546
v 12.333947 9.969997 -22.924770
v 12.343737 9.961232 -22.917536
v 12.351554 9.952560 -22.908125
v 12.357099 9.944308 -22.896898
v 12.360156 9.936792 -22.884283
v 12.360611 9.930302 -22.870770
v 12.358444 9.925089 -22.856874
v 12.353740 9.921353 -22.843132
v 12.346678 9.919236 -22.830070
v 12.337530 9.918818 -22.818192
v 12.326649 9.920125 -22.807953
v 12.314451 9.923094 -22.799747
v 12.301406 9.927616 -22.793890
v 12.288015 9.933521 -22.790606
v 12.274793 9.940577 -22.790020
v 12.262247 9.948510 -22.792158
v 12.250861 9.957024 -22.796934
v 12.241071 9.965786 -22.804169
v 12.233253 9.974460 -22.813580
v 12.227710 9.982714 -22.824808
v 12.224651 9.990232 -22.837421
v 12.224196 9.996719 -22.850935
v 12.226363 10.001932 -22.864832
v 12.231069 10.005671 -22.878574
v 12.238131 10.007785 -22.891636
v 12.247277 10.008200 -22.903513
v 12.258160 10.006896 -22.913752
v 12.270357 10.003928 -22.921957
v 12.330648 10.138715 -22.897800
v 12.321924 10.141538 -22.897575
v 12.339042 10.135312 -22.896358
v 12.346782 10.131454 -22.893301
v 12.353571 10.127295 -22.888750
v 12.359149 10.122990 -22.882879
v 12.363301 10.118707 -22.875912
v 12.365868 10.114611 -22.868118
v 12.366750 10.110858 -22.859797
v 12.365914 10.107594 -22.851267
v 12.363393 10.104940 -22.842857
v 12.359282 10.103004 -22.834888
v 12.353742 10.101856 -22.827671
v 12.346982 10.101541 -22.821480
v 12.339264 10.102075 -22.816555
v 12.330884 10.103433 -22.813082
v 12.322165 10.105562 -22.811195
v 12.313441 10.108384 -22.810970
v 12.305048 10.111786 -22.812412
v 12.297308 10.115643 -22.815468
v 12.290519 10.119805 -22.820021
v 12.284941 10.124109 -22.825891
v 12.280788 10.128392 -22.832859
v 12.278222 10.132488 -22.840652
v 12.277339 10.136240 -22.848974
v 12.278175 10.139505 -22.857504
v 12.280697 10.142159 -22.865915
v 12.284807 10.144094 -22.873882
v 12.290348 10.145244 -22.881100
v 12.297108 10.145557 -22.887291
v 12.304826 10.145024 -22.892218
v 12.313205 10.143668 -22.895689
v 12.290440 10.249447 -22.865175
v 12.289957 10.250134 -22.864979
v 12.290934 10.248741 -22.865206
v 12.291419 10.248043 -22.865067
v 12.291880 10.247380 -22.864763
v 12.292295 10.246777 -22.864309
v 12.292649 10.246255 -22.863720
v 12.292933 10.245840 -22.863020
v 12.293129 10.245542 -22.862234
v 12.293235 10.245377 -22.861395
v 12.293243 10.245346 -22.860533
v 12.293158 10.245457 -22.859684
v 12.292976 10.245701 -22.858875
v 12.292709 10.246067 -22.858143
v 12.292367 10.246547 -22.857513
v 12.291962 10.247117 -22.857010
v 12.291510 10.247759 -22.856653
v 12.291027 10.248446 -22.856457
v 12.290534 10.249152 -22.856428
v 12.290048 10.249849 -22.856567
v 12.289588 10.250514 -22.856871
v 12.289173 10.251117 -22.857325
v 12.288817 10.251637 -22.857914
v 12.288536 10.252054 -22.858614
v 12.288339 10.252351 -22.859398
v 12.288232 10.252516 -22.860237
v 12.288223 10.252547 -22.861099
v 12.288311 10.252438 -22.861950
v 12.288491 10.252193 -22.862757
v 12.288757 10.251826 -22.863489
v 12.289101 10.251348 -22.864119
v 12.289505 10.250776 -22.864622
v 11.913032 8.827430 -22.890270
v 11.848799 8.794877 -22.940514
v 11.905848 8.667195 -22.911846
v 11.848799 8.640222 -22.924036
v 11.848799 8.919791 -22.871246
v 11.933941 8.929135 -22.910734
v 11.914186 8.928976 -22.879770
v 11.878725 8.882412 -22.887817
v 11.877828 8.895548 -22.896696
v 11.879958 8.882398 -22.888542
v 11.879414 8.895047 -22.897373
v 11.881308 8.882428 -22.889017
v 11.881131 8.894766 -22.897812
v 11.882722 8.882504 -22.889221
v 11.882915 8.894720 -22.897995
v 11.884146 8.882622 -22.889149
v 11.884700 8.894909 -22.897915
v 11.885526 8.882776 -22.888802
v 11.886413 8.895321 -22.897577
v 11.886808 8.882963 -22.888195
v 11.887991 8.895947 -22.896992
v 11.887943 8.883171 -22.887350
v 11.889372 8.896762 -22.896183
v 11.888887 8.883396 -22.886299
v 11.890503 8.897729 -22.895182
v 11.889606 8.883628 -22.885084
v 11.891341 8.898820 -22.894028
v 11.890070 8.883862 -22.883749
v 11.891854 8.899984 -22.892761
v 11.890261 8.884081 -22.882349
v 11.892022 8.901186 -22.891436
v 11.890173 8.884282 -22.880936
v 11.891838 8.902368 -22.890099
v 11.889809 8.884458 -22.879562
v 11.891310 8.903492 -22.888803
v 11.889182 8.884599 -22.878284
v 11.890457 8.904512 -22.887598
v 11.888317 8.884703 -22.877148
v 11.889315 8.905396 -22.886532
v 11.887248 8.884762 -22.876200
v 11.887923 8.906100 -22.885641
v 11.886015 8.884775 -22.875473
v 11.886338 8.906602 -22.884966
v 11.884665 8.884746 -22.874998
v 11.884620 8.906882 -22.884527
v 11.883252 8.884671 -22.874794
v 11.882834 8.906930 -22.884344
v 11.881827 8.884552 -22.874866
v 11.881051 8.906744 -22.884422
v 11.880447 8.884398 -22.875212
v 11.879337 8.906328 -22.884762
v 11.879166 8.884213 -22.875820
v 11.877760 8.905701 -22.885345
v 11.878031 8.884003 -22.876665
v 11.876379 8.904887 -22.886154
v 11.877086 8.883779 -22.877716
v 11.875247 8.903918 -22.887156
v 11.876368 8.883546 -22.878931
v 11.874410 8.902830 -22.888311
v 11.875903 8.883314 -22.880266
v 11.873897 8.901663 -22.889576
v 11.875712 8.883096 -22.881666
v 11.873729 8.900464 -22.890903
v 11.875800 8.882893 -22.883080
v 11.873913 8.899282 -22.892241
v 11.876164 8.882716 -22.884453
v 11.874441 8.898157 -22.893536
v 11.876791 8.882577 -22.885731
v 11.875293 8.897136 -22.894739
v 11.877656 8.882475 -22.886868
v 11.876436 8.896254 -22.895807
v 11.879758 8.866649 -22.880520
v 11.880773 8.866818 -22.881088
v 11.881877 8.867007 -22.881447
v 11.883027 8.867212 -22.881580
v 11.884180 8.867419 -22.881483
v 11.885291 8.867629 -22.881159
v 11.886318 8.867825 -22.880621
v 11.887221 8.868005 -22.879889
v 11.887965 8.868159 -22.878990
v 11.888522 8.868283 -22.877962
v 11.888870 8.868375 -22.876842
v 11.888996 8.868424 -22.875673
v 11.888895 8.868435 -22.874502
v 11.888571 8.868403 -22.873373
v 11.888037 8.868332 -22.872328
v 11.887312 8.868224 -22.871408
v 11.886426 8.868083 -22.870647
v 11.885410 8.867914 -22.870079
v 11.884307 8.867726 -22.869720
v 11.883156 8.867523 -22.869587
v 11.882003 8.867312 -22.869684
v 11.880892 8.867106 -22.870008
v 11.879866 8.866908 -22.870546
v 11.878963 8.866728 -22.871279
v 11.878219 8.866574 -22.872175
v 11.877662 8.866450 -22.873203
v 11.877314 8.866360 -22.874325
v 11.877188 8.866308 -22.875492
v 11.877289 8.866300 -22.876663
v 11.877612 8.866329 -22.877794
v 11.878147 8.866402 -22.878839
v 11.878871 8.866508 -22.879759
v 11.881591 8.847313 -22.873697
v 11.882232 8.847449 -22.874084
v 11.882935 8.847591 -22.874336
v 11.883675 8.847733 -22.874443
v 11.884422 8.847869 -22.874401
v 11.885148 8.847995 -22.874212
v 11.885825 8.848104 -22.873882
v 11.886427 8.848194 -22.873426
v 11.886930 8.848261 -22.872860
v 11.887317 8.848300 -22.872208
v 11.887570 8.848314 -22.871490
v 11.887682 8.848302 -22.870737
v 11.887647 8.848258 -22.869978
v 11.887467 8.848191 -22.869242
v 11.887149 8.848101 -22.868557
v 11.886704 8.847990 -22.867950
v 11.886151 8.847864 -22.867443
v 11.885511 8.847727 -22.867056
v 11.884808 8.847587 -22.866804
v 11.884068 8.847445 -22.866697
v 11.883321 8.847309 -22.866739
v 11.882594 8.847184 -22.866928
v 11.881918 8.847075 -22.867256
v 11.881315 8.846983 -22.867714
v 11.880812 8.846918 -22.868279
v 11.880425 8.846878 -22.868933
v 11.880172 8.846866 -22.869650
v 11.880060 8.846879 -22.870403
v 11.880095 8.846918 -22.871162
v 11.880275 8.846986 -22.871899
v 11.880593 8.847078 -22.872581
v 11.881038 8.847187 -22.873190
v 11.884213 8.828302 -22.872784
v 11.884535 8.828288 -22.872833
v 11.884861 8.828278 -22.872818
v 11.885178 8.828269 -22.872742
v 11.885472 8.828263 -22.872602
v 11.885736 8.828260 -22.872410
v 11.885956 8.828260 -22.872169
v 11.886125 8.828265 -22.871889
v 11.886235 8.828272 -22.871584
v 11.886285 8.828279 -22.871262
v 11.886271 8.828293 -22.870935
v 11.886193 8.828307 -22.870619
v 11.886055 8.828321 -22.870325
v 11.885862 8.828339 -22.870062
v 11.885622 8.828356 -22.869843
v 11.885343 8.828372 -22.869673
v 11.885036 8.828386 -22.869562
v 11.884715 8.828399 -22.869514
v 11.884389 8.828411 -22.869528
v 11.884072 8.828420 -22.869606
v 11.883777 8.828424 -22.869745
v 11.883514 8.828429 -22.869938
v 11.883294 8.828428 -22.870178
v 11.883125 8.828423 -22.870457
v 11.883014 8.828418 -22.870764
v 11.882965 8.828407 -22.871086
v 11.882979 8.828396 -22.871412
v 11.883057 8.828382 -22.871729
v 11.883195 8.828364 -22.872023
v 11.883388 8.828349 -22.872286
v 11.883628 8.828335 -22.872505
v 11.883906 8.828317 -22.872673
v 11.883661 8.792210 -22.875782
v 11.883706 8.792204 -22.875803
v 11.883755 8.792202 -22.875816
v 11.883804 8.792203 -22.875820
v 11.883854 8.792206 -22.875814
v 11.883901 8.792212 -22.875801
v 11.883945 8.792222 -22.875778
v 11.883982 8.792235 -22.875748
v 11.884012 8.792247 -22.875710
v 11.884034 8.792261 -22.875668
v 11.884048 8.792276 -22.875622
v 11.884051 8.792292 -22.875574
v 11.884045 8.792307 -22.875526
v 11.884028 8.792320 -22.875483
v 11.884004 8.792334 -22.875441
v 11.883971 8.792343 -22.875404
v 11.883932 8.792352 -22.875376
v 11.883887 8.792357 -22.875353
v 11.883839 8.792359 -22.875340
v 11.883789 8.792358 -22.875336
v 11.883739 8.792355 -22.875341
v 11.883693 8.792349 -22.875357
v 11.883649 8.792338 -22.875380
v 11.883612 8.792327 -22.875410
v 11.883581 8.792315 -22.875448
v 11.883559 8.792299 -22.875490
v 11.883546 8.792286 -22.875536
v 11.883542 8.792268 -22.875584
v 11.883549 8.792253 -22.875629
v 11.883565 8.792241 -22.875675
v 11.883590 8.792227 -22.875717
v 11.883622 8.792217 -22.875753
v 11.857494 8.889690 -22.883768
v 11.856518 8.899015 -22.889639
v 11.858207 8.889598 -22.884459
v 11.857436 8.898558 -22.890354
v 11.859041 8.889523 -22.884998
v 11.858500 8.898237 -22.890930
v 11.859966 8.889469 -22.885366
v 11.859668 8.898070 -22.891342
v 11.860946 8.889439 -22.885548
v 11.860896 8.898060 -22.891577
v 11.861942 8.889430 -22.885536
v 11.862137 8.898206 -22.891624
v 11.862918 8.889449 -22.885332
v 11.863342 8.898504 -22.891483
v 11.863834 8.889488 -22.884943
v 11.864468 8.898946 -22.891159
v 11.864657 8.889550 -22.884382
v 11.865467 8.899508 -22.890663
v 11.865355 8.889632 -22.883677
v 11.866304 8.900175 -22.890017
v 11.865899 8.889732 -22.882847
v 11.866946 8.900918 -22.889242
v 11.866270 8.889844 -22.881927
v 11.867369 8.901711 -22.888371
v 11.866454 8.889964 -22.880957
v 11.867555 8.902519 -22.887434
v 11.866444 8.890088 -22.879967
v 11.867496 8.903314 -22.886471
v 11.866239 8.890211 -22.879000
v 11.867199 8.904064 -22.885517
v 11.865848 8.890328 -22.878090
v 11.866672 8.904744 -22.884609
v 11.865285 8.890435 -22.877275
v 11.865934 8.905324 -22.883781
v 11.864573 8.890528 -22.876583
v 11.865016 8.905783 -22.883066
v 11.863738 8.890604 -22.876043
v 11.863953 8.906102 -22.882492
v 11.862814 8.890657 -22.875677
v 11.862784 8.906271 -22.882080
v 11.861834 8.890688 -22.875496
v 11.861556 8.906282 -22.881845
v 11.860837 8.890697 -22.875507
v 11.860315 8.906134 -22.881798
v 11.859862 8.890679 -22.875711
v 11.859109 8.905834 -22.881939
v 11.858945 8.890638 -22.876101
v 11.857985 8.905395 -22.882263
v 11.858122 8.890576 -22.876659
v 11.856984 8.904831 -22.882759
v 11.857426 8.890494 -22.877367
v 11.856148 8.904165 -22.883406
v 11.856880 8.890395 -22.878197
v 11.855506 8.903420 -22.884180
v 11.856509 8.890284 -22.879114
v 11.855083 8.902629 -22.885052
v 11.856325 8.890162 -22.880087
v 11.854897 8.901822 -22.885986
v 11.856336 8.890038 -22.881075
v 11.854955 8.901026 -22.886950
v 11.856541 8.889917 -22.882042
v 11.855253 8.900275 -22.887905
v 11.856933 8.889800 -22.882952
v 11.855781 8.899596 -22.888813
v 11.858097 8.878567 -22.878990
v 11.858703 8.878616 -22.879541
v 11.859403 8.878666 -22.879963
v 11.860172 8.878721 -22.880238
v 11.860981 8.878774 -22.880360
v 11.861797 8.878824 -22.880318
v 11.862591 8.878870 -22.880119
v 11.863331 8.878911 -22.879770
v 11.863988 8.878943 -22.879282
v 11.864537 8.878967 -22.878675
v 11.864959 8.878983 -22.877972
v 11.865235 8.878984 -22.877201
v 11.865356 8.878978 -22.876392
v 11.865317 8.878961 -22.875574
v 11.865120 8.878933 -22.874779
v 11.864771 8.878899 -22.874039
v 11.864285 8.878856 -22.873381
v 11.863680 8.878808 -22.872831
v 11.862980 8.878757 -22.872410
v 11.862210 8.878703 -22.872133
v 11.861402 8.878650 -22.872013
v 11.860585 8.878599 -22.872053
v 11.859792 8.878552 -22.872252
v 11.859053 8.878511 -22.872602
v 11.858395 8.878480 -22.873089
v 11.857845 8.878457 -22.873695
v 11.857424 8.878443 -22.874399
v 11.857147 8.878438 -22.875170
v 11.857026 8.878447 -22.875980
v 11.857065 8.878463 -22.876799
v 11.857263 8.878491 -22.877592
v 11.857612 8.878524 -22.878332
v 11.858875 8.864918 -22.874664
v 11.859256 8.864970 -22.875031
v 11.859700 8.865018 -22.875315
v 11.860192 8.865059 -22.875507
v 11.860713 8.865095 -22.875599
v 11.861242 8.865121 -22.875589
v 11.861759 8.865138 -22.875475
v 11.862245 8.865145 -22.875263
v 11.862680 8.865141 -22.874960
v 11.863048 8.865126 -22.874580
v 11.863336 8.865103 -22.874136
v 11.863530 8.865071 -22.873644
v 11.863625 8.865030 -22.873125
v 11.863617 8.864984 -22.872597
v 11.863505 8.864933 -22.872082
v 11.863295 8.864880 -22.871597
v 11.862994 8.864826 -22.871164
v 11.862614 8.864774 -22.870800
v 11.862169 8.864728 -22.870514
v 11.861678 8.864686 -22.870323
v 11.861157 8.864650 -22.870230
v 11.860628 8.864624 -22.870241
v 11.860111 8.864608 -22.870354
v 11.859625 8.864599 -22.870567
v 11.859190 8.864604 -22.870869
v 11.858822 8.864618 -22.871248
v 11.858535 8.864644 -22.871693
v 11.858340 8.864676 -22.872185
v 11.858245 8.864713 -22.872705
v 11.858253 8.864760 -22.873234
v 11.858365 8.864813 -22.873749
v 11.858575 8.864864 -22.874231
v 11.859262 8.851542 -22.874470
v 11.859470 8.851507 -22.874556
v 11.859691 8.851475 -22.874598
v 11.859916 8.851442 -22.874598
v 11.860136 8.851413 -22.874552
v 11.860344 8.851387 -22.874462
v 11.860531 8.851365 -22.874334
v 11.860690 8.851351 -22.874174
v 11.860814 8.851340 -22.873983
v 11.860900 8.851336 -22.873774
v 11.860944 8.851340 -22.873550
v 11.860943 8.851350 -22.873323
v 11.860899 8.851365 -22.873102
v 11.860813 8.851388 -22.872892
v 11.860687 8.851414 -22.872704
v 11.860528 8.851442 -22.872545
v 11.860341 8.851475 -22.872419
v 11.860133 8.851508 -22.872335
v 11.859913 8.851543 -22.872292
v 11.859688 8.851574 -22.872293
v 11.859468 8.851604 -22.872341
v 11.859260 8.851631 -22.872429
v 11.859073 8.851652 -22.872557
v 11.858914 8.851665 -22.872717
v 11.858789 8.851677 -22.872908
v 11.858704 8.851680 -22.873117
v 11.858660 8.851677 -22.873341
v 11.858661 8.851666 -22.873568
v 11.858705 8.851649 -22.873791
v 11.858790 8.851629 -22.873999
v 11.858916 8.851604 -22.874186
v 11.859076 8.851573 -22.874346
v 11.855515 8.826666 -22.876413
v 11.855541 8.826659 -22.876434
v 11.855572 8.826654 -22.876451
v 11.855604 8.826650 -22.876461
v 11.855639 8.826649 -22.876465
v 11.855674 8.826649 -22.876463
v 11.855707 8.826653 -22.876455
v 11.855739 8.826658 -22.876440
v 11.855766 8.826662 -22.876419
v 11.855789 8.826670 -22.876394
v 11.855806 8.826679 -22.876366
v 11.855818 8.826689 -22.876335
v 11.855822 8.826698 -22.876301
v 11.855820 8.826708 -22.876268
v 11.855810 8.826718 -22.876236
v 11.855795 8.826727 -22.876207
v 11.855774 8.826736 -22.876181
v 11.855748 8.826742 -22.876158
v 11.855718 8.826747 -22.876143
v 11.855685 8.826751 -22.876131
v 11.855650 8.826752 -22.876127
v 11.855616 8.826752 -22.876129
v 11.855582 8.826749 -22.876137
v 11.855551 8.826744 -22.876152
v 11.855523 8.826738 -22.876173
v 11.855500 8.826731 -22.876198
v 11.855483 8.826722 -22.876226
v 11.855472 8.826713 -22.876259
v 11.855468 8.826702 -22.876291
v 11.855470 8.826694 -22.876324
v 11.855478 8.826682 -22.876356
v 11.855494 8.826674 -22.876387
v 11.899041 8.875898 -22.892466
v 11.898689 8.881246 -22.897257
v 11.899496 8.875739 -22.892897
v 11.899265 8.880842 -22.897663
v 11.900032 8.875602 -22.893234
v 11.899940 8.880537 -22.897997
v 11.900628 8.875495 -22.893463
v 11.900691 8.880344 -22.898241
v 11.901261 8.875422 -22.893578
v 11.901486 8.880270 -22.898392
v 11.901908 8.875384 -22.893568
v 11.902296 8.880316 -22.898438
v 11.902543 8.875383 -22.893440
v 11.903090 8.880479 -22.898380
v 11.903141 8.875422 -22.893194
v 11.903836 8.880760 -22.898222
v 11.903681 8.875495 -22.892843
v 11.904507 8.881141 -22.897966
v 11.904140 8.875600 -22.892399
v 11.905076 8.881609 -22.897625
v 11.904502 8.875738 -22.891880
v 11.905522 8.882148 -22.897211
v 11.904752 8.875897 -22.891304
v 11.905828 8.882735 -22.896742
v 11.904881 8.876076 -22.890696
v 11.905982 8.883349 -22.896233
v 11.904884 8.876265 -22.890076
v 11.905977 8.883966 -22.895702
v 11.904760 8.876458 -22.889469
v 11.905815 8.884562 -22.895176
v 11.904516 8.876646 -22.888901
v 11.905501 8.885115 -22.894669
v 11.904160 8.876824 -22.888390
v 11.905047 8.885602 -22.894203
v 11.903705 8.876984 -22.887959
v 11.904471 8.886005 -22.893797
v 11.903169 8.877121 -22.887621
v 11.903795 8.886311 -22.893463
v 11.902573 8.877228 -22.887392
v 11.903046 8.886504 -22.893219
v 11.901938 8.877300 -22.887278
v 11.902250 8.886580 -22.893070
v 11.901293 8.877340 -22.887287
v 11.901441 8.886533 -22.893023
v 11.900658 8.877338 -22.887415
v 11.900647 8.886366 -22.893080
v 11.900060 8.877301 -22.887661
v 11.899900 8.886088 -22.893238
v 11.899520 8.877228 -22.888012
v 11.899230 8.885709 -22.893494
v 11.899061 8.877122 -22.888456
v 11.898661 8.885241 -22.893835
v 11.898699 8.876986 -22.888975
v 11.898214 8.884701 -22.894247
v 11.898449 8.876826 -22.889551
v 11.897908 8.884111 -22.894718
v 11.898320 8.876648 -22.890160
v 11.897755 8.883499 -22.895227
v 11.898316 8.876458 -22.890779
v 11.897759 8.882882 -22.895758
v 11.898440 8.876266 -22.891386
v 11.897922 8.882286 -22.896284
v 11.898685 8.876079 -22.891954
v 11.898235 8.881734 -22.896791
v 11.899083 8.869293 -22.888176
v 11.899474 8.869244 -22.888533
v 11.899928 8.869205 -22.888809
v 11.900428 8.869183 -22.888992
v 11.900953 8.869176 -22.889074
v 11.901485 8.869184 -22.889055
v 11.902002 8.869208 -22.888931
v 11.902486 8.869247 -22.888712
v 11.902916 8.869299 -22.888403
v 11.903277 8.869363 -22.888018
v 11.903556 8.869435 -22.887569
v 11.903739 8.869513 -22.887075
v 11.903823 8.869594 -22.886557
v 11.903801 8.869674 -22.886032
v 11.903677 8.869752 -22.885519
v 11.903454 8.869823 -22.885042
v 11.903141 8.869884 -22.884615
v 11.902750 8.869935 -22.884258
v 11.902296 8.869974 -22.883982
v 11.901796 8.869997 -22.883801
v 11.901271 8.870004 -22.883717
v 11.900739 8.869994 -22.883738
v 11.900222 8.869971 -22.883860
v 11.899738 8.869931 -22.884079
v 11.899308 8.869879 -22.884388
v 11.898947 8.869817 -22.884773
v 11.898668 8.869744 -22.885221
v 11.898485 8.869665 -22.885715
v 11.898401 8.869586 -22.886234
v 11.898422 8.869505 -22.886761
v 11.898547 8.869429 -22.887272
v 11.898770 8.869356 -22.887751
v 11.899151 8.861017 -22.883896
v 11.899397 8.860997 -22.884136
v 11.899685 8.860981 -22.884323
v 11.900004 8.860970 -22.884451
v 11.900343 8.860964 -22.884514
v 11.900687 8.860965 -22.884510
v 11.901024 8.860970 -22.884439
v 11.901341 8.860981 -22.884304
v 11.901625 8.860996 -22.884109
v 11.901866 8.861016 -22.883865
v 11.902054 8.861041 -22.883577
v 11.902182 8.861067 -22.883259
v 11.902246 8.861095 -22.882921
v 11.902242 8.861125 -22.882578
v 11.902170 8.861153 -22.882242
v 11.902035 8.861180 -22.881927
v 11.901840 8.861203 -22.881645
v 11.901594 8.861224 -22.881405
v 11.901306 8.861241 -22.881218
v 11.900987 8.861254 -22.881090
v 11.900648 8.861258 -22.881027
v 11.900304 8.861259 -22.881031
v 11.899967 8.861253 -22.881102
v 11.899650 8.861240 -22.881237
v 11.899366 8.861225 -22.881430
v 11.899125 8.861206 -22.881676
v 11.898937 8.861182 -22.881964
v 11.898809 8.861156 -22.882282
v 11.898746 8.861125 -22.882618
v 11.898749 8.861097 -22.882961
v 11.898821 8.861069 -22.883297
v 11.898956 8.861042 -22.883614
v 11.898950 8.852473 -22.882292
v 11.899082 8.852434 -22.882343
v 11.899224 8.852401 -22.882366
v 11.899369 8.852372 -22.882360
v 11.899511 8.852351 -22.882328
v 11.899646 8.852337 -22.882269
v 11.899767 8.852332 -22.882185
v 11.899871 8.852336 -22.882080
v 11.899952 8.852345 -22.881958
v 11.900009 8.852362 -22.881823
v 11.900039 8.852387 -22.881680
v 11.900040 8.852419 -22.881536
v 11.900013 8.852456 -22.881395
v 11.899960 8.852495 -22.881264
v 11.899880 8.852538 -22.881147
v 11.899778 8.852579 -22.881048
v 11.899659 8.852620 -22.880972
v 11.899526 8.852657 -22.880920
v 11.899384 8.852693 -22.880898
v 11.899240 8.852720 -22.880901
v 11.899096 8.852741 -22.880934
v 11.898963 8.852757 -22.880995
v 11.898841 8.852761 -22.881079
v 11.898738 8.852757 -22.881184
v 11.898656 8.852748 -22.881306
v 11.898600 8.852730 -22.881441
v 11.898569 8.852705 -22.881582
v 11.898568 8.852674 -22.881727
v 11.898595 8.852636 -22.881868
v 11.898649 8.852598 -22.882000
v 11.898728 8.852556 -22.882116
v 11.898829 8.852513 -22.882215
v 11.895663 8.836481 -22.880783
v 11.895679 8.836475 -22.880796
v 11.895699 8.836469 -22.880806
v 11.895720 8.836463 -22.880814
v 11.895742 8.836461 -22.880816
v 11.895764 8.836460 -22.880814
v 11.895787 8.836462 -22.880808
v 11.895807 8.836467 -22.880800
v 11.895825 8.836472 -22.880787
v 11.895841 8.836476 -22.880772
v 11.895852 8.836486 -22.880754
v 11.895861 8.836495 -22.880735
v 11.895864 8.836504 -22.880716
v 11.895863 8.836514 -22.880695
v 11.895858 8.836526 -22.880676
v 11.895847 8.836535 -22.880657
v 11.895835 8.836545 -22.880642
v 11.895818 8.836552 -22.880629
v 11.895799 8.836558 -22.880619
v 11.895778 8.836562 -22.880611
v 11.895755 8.836564 -22.880610
v 11.895733 8.836565 -22.880611
v 11.895711 8.836563 -22.880615
v 11.895690 8.836559 -22.880625
v 11.895672 8.836554 -22.880638
v 11.895657 8.836549 -22.880653
v 11.895645 8.836539 -22.880671
v 11.895638 8.836532 -22.880690
v 11.895634 8.836520 -22.880709
v 11.895635 8.836512 -22.880730
v 11.895640 8.836500 -22.880749
v 11.895650 8.836491 -22.880768
v 11.901845 8.760365 -22.899305
v 11.896171 8.750923 -22.910746
v 11.900561 8.759982 -22.898804
v 11.894688 8.750807 -22.909739
v 11.899425 8.759462 -22.898108
v 11.893350 8.750392 -22.908617
v 11.898480 8.758820 -22.897245
v 11.892207 8.749692 -22.907423
v 11.897764 8.758084 -22.896248
v 11.891304 8.748735 -22.906200
v 11.897303 8.757281 -22.895157
v 11.890676 8.747564 -22.904997
v 11.897114 8.756442 -22.894012
v 11.890344 8.746215 -22.903860
v 11.897205 8.755602 -22.892859
v 11.890325 8.744741 -22.902832
v 11.897574 8.754790 -22.891741
v 11.890616 8.743205 -22.901955
v 11.898205 8.754039 -22.890699
v 11.891208 8.741657 -22.901260
v 11.899076 8.753372 -22.889778
v 11.892078 8.740165 -22.900776
v 11.900150 8.752825 -22.889008
v 11.893192 8.738778 -22.900520
v 11.901387 8.752413 -22.888422
v 11.894508 8.737558 -22.900501
v 11.902742 8.752150 -22.888042
v 11.895975 8.736548 -22.900721
v 11.904160 8.752050 -22.887882
v 11.897537 8.735786 -22.901171
v 11.905588 8.752114 -22.887949
v 11.899133 8.735301 -22.901836
v 11.906971 8.752342 -22.888239
v 11.900702 8.735112 -22.902687
v 11.908255 8.752725 -22.888741
v 11.902184 8.735228 -22.903694
v 11.909391 8.753246 -22.889437
v 11.903522 8.735642 -22.904816
v 11.910336 8.753886 -22.890301
v 11.904665 8.736341 -22.906012
v 11.911053 8.754622 -22.891296
v 11.905567 8.737294 -22.907234
v 11.911514 8.755424 -22.892387
v 11.906197 8.738471 -22.908438
v 11.911703 8.756263 -22.893532
v 11.906528 8.739821 -22.909573
v 11.911611 8.757104 -22.894684
v 11.906548 8.741294 -22.910601
v 11.911242 8.757916 -22.895803
v 11.906257 8.742832 -22.911478
v 11.910611 8.758669 -22.896843
v 11.905663 8.744377 -22.912172
v 11.909741 8.759333 -22.897766
v 11.904794 8.745871 -22.912657
v 11.908668 8.759880 -22.898537
v 11.903680 8.747255 -22.912914
v 11.907429 8.760294 -22.899122
v 11.902364 8.748476 -22.912931
v 11.906074 8.760557 -22.899502
v 11.900897 8.749487 -22.912712
v 11.904656 8.760655 -22.899662
v 11.899336 8.750248 -22.912262
v 11.903228 8.760590 -22.899597
v 11.897739 8.750734 -22.911598
v 11.905896 8.772366 -22.887375
v 11.904879 8.771886 -22.887030
v 11.903989 8.771310 -22.886522
v 11.903261 8.770656 -22.885870
v 11.902723 8.769954 -22.885096
v 11.902397 8.769224 -22.884232
v 11.902293 8.768501 -22.883310
v 11.902417 8.767807 -22.882368
v 11.902762 8.767175 -22.881439
v 11.903318 8.766624 -22.880562
v 11.904062 8.766176 -22.879768
v 11.904964 8.765851 -22.879087
v 11.905992 8.765659 -22.878550
v 11.907104 8.765608 -22.878172
v 11.908258 8.765699 -22.877970
v 11.909411 8.765931 -22.877951
v 11.910519 8.766293 -22.878117
v 11.911536 8.766771 -22.878460
v 11.912426 8.767347 -22.878969
v 11.913154 8.768001 -22.879622
v 11.913692 8.768705 -22.880396
v 11.914019 8.769432 -22.881260
v 11.914123 8.770156 -22.882179
v 11.913998 8.770849 -22.883121
v 11.913652 8.771482 -22.884050
v 11.913097 8.772031 -22.884930
v 11.912354 8.772481 -22.885723
v 11.911450 8.772807 -22.886402
v 11.910423 8.772998 -22.886942
v 11.909310 8.773049 -22.887320
v 11.908156 8.772958 -22.887522
v 11.907002 8.772728 -22.887539
v 11.908789 8.787254 -22.873455
v 11.908127 8.786929 -22.873266
v 11.907542 8.786549 -22.872963
v 11.907058 8.786122 -22.872561
v 11.906692 8.785670 -22.872070
v 11.906459 8.785209 -22.871513
v 11.906366 8.784755 -22.870911
v 11.906421 8.784325 -22.870285
v 11.906617 8.783938 -22.869659
v 11.906948 8.783608 -22.869061
v 11.907403 8.783346 -22.868509
v 11.907965 8.783163 -22.868029
v 11.908607 8.783070 -22.867636
v 11.909311 8.783064 -22.867346
v 11.910047 8.783151 -22.867168
v 11.910786 8.783320 -22.867115
v 11.911500 8.783574 -22.867182
v 11.912161 8.783898 -22.867371
v 11.912746 8.784278 -22.867674
v 11.913231 8.784704 -22.868076
v 11.913597 8.785156 -22.868567
v 11.913831 8.785618 -22.869125
v 11.913922 8.786072 -22.869728
v 11.913868 8.786503 -22.870352
v 11.913672 8.786888 -22.870977
v 11.913341 8.787218 -22.871576
v 11.912886 8.787478 -22.872128
v 11.912325 8.787662 -22.872608
v 11.911680 8.787758 -22.873001
v 11.910976 8.787764 -22.873293
v 11.910243 8.787676 -22.873468
v 11.909504 8.787505 -22.873524
v 11.906380 8.802657 -22.862230
v 11.906159 8.802540 -22.862020
v 11.905991 8.802405 -22.861774
v 11.905880 8.802259 -22.861506
v 11.905830 8.802110 -22.861219
v 11.905845 8.801961 -22.860929
v 11.905922 8.801820 -22.860647
v 11.906061 8.801686 -22.860382
v 11.906254 8.801574 -22.860146
v 11.906494 8.801482 -22.859945
v 11.906773 8.801414 -22.859791
v 11.907080 8.801374 -22.859686
v 11.907401 8.801364 -22.859636
v 11.907727 8.801382 -22.859642
v 11.908044 8.801429 -22.859707
v 11.908339 8.801502 -22.859823
v 11.908602 8.801601 -22.859989
v 11.908820 8.801721 -22.860199
v 11.908990 8.801854 -22.860445
v 11.909101 8.802000 -22.860714
v 11.909150 8.802151 -22.861000
v 11.909136 8.802299 -22.861290
v 11.909058 8.802442 -22.861572
v 11.908919 8.802573 -22.861837
v 11.908727 8.802686 -22.862074
v 11.908486 8.802779 -22.862274
v 11.908208 8.802846 -22.862429
v 11.907901 8.802887 -22.862534
v 11.907578 8.802897 -22.862583
v 11.907252 8.802879 -22.862576
v 11.906938 8.802829 -22.862514
v 11.906642 8.802757 -22.862396
v 11.900941 8.835227 -22.847336
v 11.900898 8.835216 -22.847313
v 11.900861 8.835198 -22.847286
v 11.900830 8.835176 -22.847252
v 11.900807 8.835151 -22.847216
v 11.900794 8.835123 -22.847178
v 11.900790 8.835091 -22.847139
v 11.900796 8.835057 -22.847103
v 11.900811 8.835027 -22.847067
v 11.900835 8.834997 -22.847034
v 11.900867 8.834969 -22.847010
v 11.900907 8.834943 -22.846989
v 11.900949 8.834926 -22.846975
v 11.900997 8.834909 -22.846970
v 11.901047 8.834901 -22.846972
v 11.901095 8.834901 -22.846981
v 11.901143 8.834904 -22.846998
v 11.901186 8.834914 -22.847021
v 11.901223 8.834931 -22.847048
v 11.901254 8.834952 -22.847082
v 11.901276 8.834979 -22.847116
v 11.901290 8.835006 -22.847157
v 11.901294 8.835038 -22.847195
v 11.901288 8.835072 -22.847233
v 11.901273 8.835103 -22.847267
v 11.901249 8.835135 -22.847298
v 11.901217 8.835160 -22.847324
v 11.901177 8.835186 -22.847343
v 11.901134 8.835207 -22.847357
v 11.901087 8.835218 -22.847364
v 11.901037 8.835229 -22.847363
v 11.900989 8.835229 -22.847353
v 11.880919 8.748729 -22.891668
v 11.876585 8.741119 -22.898428
v 11.879953 8.748732 -22.891422
v 11.875484 8.741414 -22.897913
v 11.879050 8.748660 -22.891006
v 11.874427 8.741518 -22.897255
v 11.878243 8.748515 -22.890438
v 11.873451 8.741420 -22.896479
v 11.877566 8.748302 -22.889740
v 11.872595 8.741130 -22.895615
v 11.877043 8.748034 -22.888935
v 11.871893 8.740656 -22.894695
v 11.876694 8.747714 -22.888058
v 11.871370 8.740018 -22.893755
v 11.876533 8.747360 -22.887140
v 11.871047 8.739237 -22.892834
v 11.876565 8.746983 -22.886219
v 11.870937 8.738347 -22.891962
v 11.876791 8.746598 -22.885326
v 11.871043 8.737378 -22.891178
v 11.877200 8.746218 -22.884501
v 11.871363 8.736371 -22.890509
v 11.877779 8.745862 -22.883772
v 11.871881 8.735363 -22.889980
v 11.878503 8.745539 -22.883167
v 11.872581 8.734394 -22.889614
v 11.879345 8.745263 -22.882711
v 11.873434 8.733500 -22.889423
v 11.880274 8.745045 -22.882421
v 11.874409 8.732717 -22.889414
v 11.881252 8.744895 -22.882309
v 11.875465 8.732070 -22.889591
v 11.882244 8.744816 -22.882376
v 11.876565 8.731591 -22.889942
v 11.883209 8.744814 -22.882622
v 11.877665 8.731293 -22.890457
v 11.884113 8.744884 -22.883038
v 11.878723 8.731191 -22.891115
v 11.884919 8.745028 -22.883606
v 11.879699 8.731287 -22.891891
v 11.885596 8.745241 -22.884304
v 11.880554 8.731577 -22.892757
v 11.886120 8.745509 -22.885109
v 11.881257 8.732053 -22.893677
v 11.886469 8.745829 -22.885986
v 11.881780 8.732692 -22.894615
v 11.886630 8.746183 -22.886904
v 11.882102 8.733473 -22.895536
v 11.886598 8.746561 -22.887825
v 11.882213 8.734362 -22.896408
v 11.886372 8.746946 -22.888716
v 11.882106 8.735329 -22.897194
v 11.885962 8.747326 -22.889544
v 11.881787 8.736338 -22.897861
v 11.885385 8.747682 -22.890272
v 11.881269 8.737346 -22.898390
v 11.884660 8.748006 -22.890875
v 11.880569 8.738314 -22.898758
v 11.883818 8.748281 -22.891333
v 11.879715 8.739208 -22.898949
v 11.882889 8.748496 -22.891623
v 11.878741 8.739992 -22.898956
v 11.881910 8.748647 -22.891737
v 11.877685 8.740638 -22.898781
v 11.884508 8.758324 -22.885189
v 11.883720 8.758199 -22.885002
v 11.882990 8.758026 -22.884674
v 11.882346 8.757806 -22.884218
v 11.881812 8.757553 -22.883652
v 11.881410 8.757273 -22.882994
v 11.881154 8.756978 -22.882275
v 11.881054 8.756679 -22.881517
v 11.881115 8.756386 -22.880756
v 11.881333 8.756114 -22.880014
v 11.881701 8.755869 -22.879324
v 11.882205 8.755666 -22.878712
v 11.882825 8.755507 -22.878199
v 11.883536 8.755401 -22.877808
v 11.884313 8.755352 -22.877552
v 11.885124 8.755362 -22.877441
v 11.885940 8.755429 -22.877480
v 11.886727 8.755552 -22.877668
v 11.887458 8.755726 -22.877996
v 11.888103 8.755944 -22.878452
v 11.888636 8.756199 -22.879019
v 11.889039 8.756478 -22.879675
v 11.889295 8.756774 -22.880394
v 11.889394 8.757073 -22.881151
v 11.889334 8.757364 -22.881914
v 11.889115 8.757637 -22.882654
v 11.888747 8.757880 -22.883347
v 11.888244 8.758086 -22.883957
v 11.887624 8.758243 -22.884470
v 11.886912 8.758349 -22.884863
v 11.886135 8.758397 -22.885118
v 11.885324 8.758390 -22.885229
v 11.887594 8.770334 -22.877993
v 11.887083 8.770240 -22.877892
v 11.886605 8.770118 -22.877697
v 11.886181 8.769974 -22.877415
v 11.885824 8.769811 -22.877058
v 11.885550 8.769639 -22.876638
v 11.885369 8.769462 -22.876173
v 11.885289 8.769287 -22.875679
v 11.885311 8.769121 -22.875177
v 11.885436 8.768972 -22.874683
v 11.885657 8.768842 -22.874220
v 11.885969 8.768738 -22.873804
v 11.886356 8.768666 -22.873449
v 11.886806 8.768628 -22.873173
v 11.887300 8.768622 -22.872982
v 11.887821 8.768652 -22.872887
v 11.888347 8.768716 -22.872889
v 11.888858 8.768811 -22.872990
v 11.889337 8.768930 -22.873184
v 11.889761 8.769074 -22.873466
v 11.890117 8.769238 -22.873823
v 11.890391 8.769410 -22.874243
v 11.890572 8.769588 -22.874708
v 11.890653 8.769763 -22.875202
v 11.890631 8.769928 -22.875704
v 11.890506 8.770077 -22.876198
v 11.890285 8.770205 -22.876661
v 11.889974 8.770309 -22.877077
v 11.889585 8.770385 -22.877430
v 11.889135 8.770423 -22.877708
v 11.888641 8.770428 -22.877897
v 11.888121 8.770397 -22.877995
v 11.887403 8.782866 -22.873301
v 11.887219 8.782857 -22.873167
v 11.887065 8.782832 -22.873003
v 11.886946 8.782802 -22.872812
v 11.886867 8.782761 -22.872602
v 11.886830 8.782713 -22.872383
v 11.886837 8.782661 -22.872162
v 11.886889 8.782605 -22.871948
v 11.886983 8.782551 -22.871748
v 11.887114 8.782496 -22.871572
v 11.887280 8.782444 -22.871426
v 11.887471 8.782398 -22.871313
v 11.887683 8.782360 -22.871239
v 11.887906 8.782329 -22.871208
v 11.888131 8.782308 -22.871222
v 11.888351 8.782299 -22.871277
v 11.888557 8.782299 -22.871372
v 11.888741 8.782311 -22.871506
v 11.888895 8.782332 -22.871672
v 11.889014 8.782365 -22.871862
v 11.889094 8.782407 -22.872070
v 11.889131 8.782452 -22.872290
v 11.889124 8.782504 -22.872511
v 11.889072 8.782561 -22.872725
v 11.888979 8.782616 -22.872925
v 11.888846 8.782671 -22.873102
v 11.888682 8.782722 -22.873249
v 11.888490 8.782768 -22.873362
v 11.888278 8.782808 -22.873434
v 11.888055 8.782838 -22.873465
v 11.887830 8.782857 -22.873453
v 11.887609 8.782868 -22.873396
v 11.887492 8.807783 -22.869318
v 11.887460 8.807785 -22.869307
v 11.887429 8.807784 -22.869289
v 11.887403 8.807780 -22.869267
v 11.887381 8.807773 -22.869242
v 11.887364 8.807763 -22.869211
v 11.887353 8.807750 -22.869183
v 11.887349 8.807732 -22.869152
v 11.887352 8.807717 -22.869120
v 11.887361 8.807700 -22.869091
v 11.887376 8.807682 -22.869066
v 11.887397 8.807665 -22.869043
v 11.887423 8.807649 -22.869026
v 11.887451 8.807635 -22.869015
v 11.887484 8.807622 -22.869009
v 11.887517 8.807614 -22.869009
v 11.887550 8.807607 -22.869015
v 11.887583 8.807605 -22.869026
v 11.887613 8.807606 -22.869043
v 11.887640 8.807609 -22.869066
v 11.887662 8.807617 -22.869091
v 11.887679 8.807628 -22.869120
v 11.887690 8.807641 -22.869150
v 11.887693 8.807655 -22.869183
v 11.887691 8.807673 -22.869211
v 11.887682 8.807690 -22.869242
v 11.887667 8.807707 -22.869267
v 11.887647 8.807726 -22.869289
v 11.887621 8.807742 -22.869305
v 11.887591 8.807755 -22.869318
v 11.887559 8.807767 -22.869324
v 11.887526 8.807775 -22.869324
v 11.865268 8.746009 -22.885876
v 11.864659 8.743956 -22.892736
v 11.864666 8.746191 -22.886030
v 11.863918 8.744288 -22.892712
v 11.864030 8.746286 -22.886103
v 11.863129 8.744473 -22.892656
v 11.863382 8.746285 -22.886091
v 11.862321 8.744499 -22.892576
v 11.862749 8.746190 -22.885998
v 11.861526 8.744370 -22.892471
v 11.862154 8.746004 -22.885820
v 11.860774 8.744088 -22.892347
v 11.861619 8.745737 -22.885571
v 11.860093 8.743668 -22.892208
v 11.861167 8.745397 -22.885256
v 11.859512 8.743117 -22.892061
v 11.860814 8.744996 -22.884890
v 11.859051 8.742466 -22.891909
v 11.860574 8.744553 -22.884483
v 11.858727 8.741735 -22.891760
v 11.860456 8.744079 -22.884058
v 11.858556 8.740954 -22.891619
v 11.860464 8.743598 -22.883623
v 11.858541 8.740152 -22.891493
v 11.860598 8.743125 -22.883202
v 11.858685 8.739360 -22.891382
v 11.860853 8.742682 -22.882805
v 11.858980 8.738606 -22.891296
v 11.861219 8.742281 -22.882452
v 11.859417 8.737926 -22.891233
v 11.861683 8.741942 -22.882153
v 11.859978 8.737339 -22.891201
v 11.862226 8.741674 -22.881922
v 11.860641 8.736871 -22.891197
v 11.862827 8.741491 -22.881767
v 11.861382 8.736537 -22.891224
v 11.863464 8.741397 -22.881695
v 11.862172 8.736353 -22.891279
v 11.864111 8.741398 -22.881706
v 11.862980 8.736325 -22.891361
v 11.864745 8.741493 -22.881800
v 11.863775 8.736455 -22.891466
v 11.865340 8.741676 -22.881977
v 11.864528 8.736736 -22.891588
v 11.865874 8.741945 -22.882227
v 11.865208 8.737161 -22.891726
v 11.866326 8.742286 -22.882542
v 11.865789 8.737707 -22.891874
v 11.866679 8.742687 -22.882908
v 11.866251 8.738358 -22.892027
v 11.866920 8.743131 -22.883314
v 11.866573 8.739089 -22.892176
v 11.867038 8.743603 -22.883741
v 11.866745 8.739871 -22.892315
v 11.867030 8.744083 -22.884174
v 11.866760 8.740674 -22.892443
v 11.866896 8.744556 -22.884596
v 11.866616 8.741466 -22.892553
v 11.866641 8.745002 -22.884993
v 11.866321 8.742218 -22.892639
v 11.866274 8.745400 -22.885345
v 11.865884 8.742899 -22.892702
v 11.865810 8.745739 -22.885645
v 11.865323 8.743486 -22.892735
v 11.865778 8.749431 -22.878799
v 11.865280 8.749510 -22.878971
v 11.864757 8.749522 -22.879066
v 11.864228 8.749461 -22.879086
v 11.863714 8.749333 -22.879028
v 11.863236 8.749142 -22.878895
v 11.862811 8.748896 -22.878689
v 11.862455 8.748603 -22.878422
v 11.862183 8.748277 -22.878103
v 11.862004 8.747926 -22.877745
v 11.861926 8.747566 -22.877359
v 11.861952 8.747213 -22.876961
v 11.862080 8.746877 -22.876570
v 11.862306 8.746574 -22.876194
v 11.862620 8.746313 -22.875854
v 11.863012 8.746105 -22.875561
v 11.863465 8.745959 -22.875322
v 11.863964 8.745879 -22.875153
v 11.864488 8.745868 -22.875057
v 11.865016 8.745927 -22.875038
v 11.865529 8.746057 -22.875095
v 11.866008 8.746247 -22.875229
v 11.866433 8.746492 -22.875435
v 11.866789 8.746786 -22.875700
v 11.867061 8.747113 -22.876020
v 11.867240 8.747462 -22.876379
v 11.867318 8.747822 -22.876764
v 11.867292 8.748177 -22.877161
v 11.867164 8.748511 -22.877554
v 11.866939 8.748815 -22.877930
v 11.866623 8.749075 -22.878269
v 11.866232 8.749284 -22.878563
v 11.866000 8.754223 -22.870813
v 11.865683 8.754271 -22.870937
v 11.865347 8.754276 -22.871014
v 11.865005 8.754239 -22.871037
v 11.864671 8.754164 -22.871006
v 11.864357 8.754048 -22.870924
v 11.864075 8.753901 -22.870792
v 11.863836 8.753726 -22.870617
v 11.863650 8.753529 -22.870403
v 11.863523 8.753321 -22.870161
v 11.863461 8.753104 -22.869900
v 11.863465 8.752892 -22.869629
v 11.863536 8.752692 -22.869358
v 11.863670 8.752509 -22.869099
v 11.863864 8.752353 -22.868860
v 11.864108 8.752229 -22.868652
v 11.864395 8.752142 -22.868483
v 11.864712 8.752093 -22.868359
v 11.865048 8.752087 -22.868282
v 11.865390 8.752122 -22.868261
v 11.865724 8.752200 -22.868290
v 11.866038 8.752315 -22.868374
v 11.866320 8.752462 -22.868504
v 11.866558 8.752640 -22.868679
v 11.866744 8.752834 -22.868893
v 11.866871 8.753044 -22.869135
v 11.866934 8.753259 -22.869396
v 11.866929 8.753470 -22.869667
v 11.866858 8.753673 -22.869938
v 11.866724 8.753855 -22.870197
v 11.866530 8.754010 -22.870436
v 11.866286 8.754135 -22.870644
v 11.865439 8.760568 -22.864893
v 11.865293 8.760581 -22.864882
v 11.865149 8.760572 -22.864851
v 11.865013 8.760548 -22.864798
v 11.864891 8.760502 -22.864727
v 11.864788 8.760443 -22.864641
v 11.864707 8.760368 -22.864542
v 11.864652 8.760282 -22.864435
v 11.864623 8.760190 -22.864323
v 11.864624 8.760096 -22.864210
v 11.864654 8.759998 -22.864103
v 11.864710 8.759905 -22.864004
v 11.864792 8.759818 -22.863918
v 11.864896 8.759741 -22.863846
v 11.865019 8.759678 -22.863792
v 11.865154 8.759631 -22.863760
v 11.865298 8.759602 -22.863747
v 11.865445 8.759591 -22.863758
v 11.865589 8.759597 -22.863791
v 11.865725 8.759624 -22.863844
v 11.865847 8.759668 -22.863914
v 11.865950 8.759727 -22.864000
v 11.866031 8.759802 -22.864100
v 11.866086 8.759889 -22.864206
v 11.866115 8.759980 -22.864319
v 11.866114 8.760077 -22.864429
v 11.866085 8.760173 -22.864538
v 11.866028 8.760266 -22.864637
v 11.865946 8.760353 -22.864723
v 11.865842 8.760429 -22.864796
v 11.865719 8.760491 -22.864849
v 11.865583 8.760540 -22.864882
v 11.866505 8.774095 -22.855688
v 11.866483 8.774100 -22.855692
v 11.866461 8.774103 -22.855692
v 11.866438 8.774104 -22.855688
v 11.866417 8.774100 -22.855684
v 11.866396 8.774093 -22.855677
v 11.866379 8.774081 -22.855669
v 11.866364 8.774066 -22.855659
v 11.866352 8.774052 -22.855648
v 11.866344 8.774035 -22.855635
v 11.866342 8.774015 -22.855623
v 11.866343 8.773996 -22.855612
v 11.866349 8.773978 -22.855600
v 11.866359 8.773961 -22.855589
v 11.866373 8.773944 -22.855581
v 11.866389 8.773932 -22.855574
v 11.866409 8.773920 -22.855570
v 11.866430 8.773913 -22.855566
v 11.866452 8.773910 -22.855566
v 11.866475 8.773911 -22.855568
v 11.866497 8.773915 -22.855572
v 11.866517 8.773922 -22.855579
v 11.866535 8.773933 -22.855587
v 11.866549 8.773948 -22.855597
v 11.866561 8.773964 -22.855608
v 11.866569 8.773980 -22.855621
v 11.866571 8.774000 -22.855633
v 11.866570 8.774017 -22.855646
v 11.866565 8.774038 -22.855656
v 11.866554 8.774054 -22.855667
v 11.866541 8.774071 -22.855677
v 11.866524 8.774083 -22.855682
v 11.855178 8.747259 -22.887733
v 11.854995 8.745719 -22.892706
v 11.854726 8.747316 -22.887846
v 11.854424 8.745867 -22.892687
v 11.854259 8.747307 -22.887899
v 11.853838 8.745901 -22.892647
v 11.853797 8.747227 -22.887890
v 11.853258 8.745822 -22.892588
v 11.853356 8.747081 -22.887821
v 11.852706 8.745631 -22.892513
v 11.852954 8.746876 -22.887693
v 11.852203 8.745338 -22.892422
v 11.852605 8.746620 -22.887512
v 11.851768 8.744955 -22.892321
v 11.852324 8.746321 -22.887285
v 11.851420 8.744491 -22.892216
v 11.852121 8.745994 -22.887018
v 11.851171 8.743970 -22.892105
v 11.852004 8.745646 -22.886724
v 11.851029 8.743408 -22.891998
v 11.851977 8.745294 -22.886415
v 11.851003 8.742830 -22.891895
v 11.852042 8.744950 -22.886103
v 11.851090 8.742255 -22.891804
v 11.852196 8.744630 -22.885796
v 11.851290 8.741707 -22.891724
v 11.852431 8.744345 -22.885509
v 11.851593 8.741204 -22.891661
v 11.852742 8.744103 -22.885254
v 11.851988 8.740772 -22.891617
v 11.853115 8.743917 -22.885036
v 11.852460 8.740421 -22.891592
v 11.853536 8.743793 -22.884869
v 11.852991 8.740169 -22.891590
v 11.853988 8.743735 -22.884756
v 11.853561 8.740021 -22.891609
v 11.854453 8.743746 -22.884705
v 11.854148 8.739985 -22.891649
v 11.854916 8.743826 -22.884712
v 11.854728 8.740065 -22.891708
v 11.855356 8.743972 -22.884781
v 11.855280 8.740254 -22.891783
v 11.855760 8.744175 -22.884909
v 11.855783 8.740548 -22.891872
v 11.856108 8.744432 -22.885090
v 11.856216 8.740934 -22.891973
v 11.856389 8.744730 -22.885319
v 11.856565 8.741395 -22.892080
v 11.856592 8.745061 -22.885584
v 11.856815 8.741916 -22.892191
v 11.856709 8.745407 -22.885878
v 11.856956 8.742477 -22.892298
v 11.856736 8.745758 -22.886187
v 11.856983 8.743057 -22.892401
v 11.856671 8.746101 -22.886501
v 11.856895 8.743633 -22.892492
v 11.856518 8.746422 -22.886806
v 11.856696 8.744180 -22.892572
v 11.856281 8.746708 -22.887093
v 11.856393 8.744681 -22.892635
v 11.855970 8.746948 -22.887350
v 11.855998 8.745114 -22.892679
v 11.855598 8.747134 -22.887568
v 11.855526 8.745466 -22.892702
v 11.855124 8.749766 -22.882607
v 11.854758 8.749763 -22.882730
v 11.854383 8.749706 -22.882799
v 11.854012 8.749599 -22.882814
v 11.853662 8.749444 -22.882772
v 11.853344 8.749249 -22.882675
v 11.853070 8.749021 -22.882526
v 11.852852 8.748769 -22.882334
v 11.852697 8.748502 -22.882103
v 11.852612 8.748230 -22.881842
v 11.852601 8.747963 -22.881563
v 11.852662 8.747715 -22.881275
v 11.852795 8.747490 -22.880991
v 11.852993 8.747302 -22.880720
v 11.853250 8.747153 -22.880472
v 11.853555 8.747053 -22.880260
v 11.853897 8.747005 -22.880087
v 11.854262 8.747008 -22.879965
v 11.854637 8.747065 -22.879896
v 11.855008 8.747170 -22.879881
v 11.855358 8.747327 -22.879923
v 11.855677 8.747520 -22.880020
v 11.855950 8.747748 -22.880169
v 11.856169 8.748001 -22.880362
v 11.856323 8.748268 -22.880592
v 11.856408 8.748539 -22.880854
v 11.856421 8.748805 -22.881132
v 11.856359 8.749055 -22.881420
v 11.856226 8.749279 -22.881704
v 11.856028 8.749467 -22.881975
v 11.855771 8.749615 -22.882223
v 11.855465 8.749717 -22.882435
v 11.854696 8.753215 -22.876820
v 11.854464 8.753211 -22.876911
v 11.854223 8.753175 -22.876965
v 11.853984 8.753106 -22.876982
v 11.853754 8.753011 -22.876959
v 11.853544 8.752891 -22.876900
v 11.853361 8.752750 -22.876804
v 11.853212 8.752596 -22.876678
v 11.853103 8.752433 -22.876524
v 11.853038 8.752268 -22.876348
v 11.853020 8.752106 -22.876160
v 11.853048 8.751955 -22.875961
v 11.853124 8.751822 -22.875767
v 11.853242 8.751707 -22.875578
v 11.853399 8.751619 -22.875406
v 11.853589 8.751560 -22.875256
v 11.853805 8.751534 -22.875132
v 11.854036 8.751538 -22.875042
v 11.854278 8.751574 -22.874987
v 11.854517 8.751640 -22.874971
v 11.854746 8.751738 -22.874992
v 11.854957 8.751858 -22.875053
v 11.855140 8.751998 -22.875147
v 11.855289 8.752152 -22.875275
v 11.855397 8.752316 -22.875429
v 11.855462 8.752481 -22.875605
v 11.855481 8.752641 -22.875793
v 11.855452 8.752791 -22.875990
v 11.855376 8.752928 -22.876186
v 11.855258 8.753040 -22.876373
v 11.855102 8.753129 -22.876547
v 11.854911 8.753188 -22.876698
v 11.853519 8.757678 -22.872532
v 11.853414 8.757670 -22.872524
v 11.853312 8.757645 -22.872499
v 11.853218 8.757611 -22.872461
v 11.853137 8.757564 -22.872410
v 11.853070 8.757509 -22.872349
v 11.853022 8.757446 -22.872276
v 11.852992 8.757378 -22.872200
v 11.852983 8.757308 -22.872118
v 11.852996 8.757241 -22.872036
v 11.853028 8.757174 -22.871960
v 11.853080 8.757115 -22.871887
v 11.853149 8.757064 -22.871824
v 11.853233 8.757021 -22.871773
v 11.853329 8.756991 -22.871735
v 11.853431 8.756975 -22.871710
v 11.853538 8.756971 -22.871700
v 11.853643 8.756981 -22.871708
v 11.853745 8.757004 -22.871733
v 11.853839 8.757039 -22.871771
v 11.853921 8.757086 -22.871822
v 11.853988 8.757140 -22.871885
v 11.854036 8.757204 -22.871956
v 11.854065 8.757272 -22.872032
v 11.854074 8.757341 -22.872114
v 11.854061 8.757410 -22.872196
v 11.854029 8.757475 -22.872272
v 11.853977 8.757535 -22.872345
v 11.853908 8.757587 -22.872408
v 11.853825 8.757627 -22.872461
v 11.853729 8.757657 -22.872499
v 11.853626 8.757676 -22.872522
v 11.852627 8.767467 -22.865862
v 11.852611 8.767470 -22.865864
v 11.852594 8.767469 -22.865864
v 11.852578 8.767468 -22.865862
v 11.852563 8.767462 -22.865858
v 11.852550 8.767455 -22.865854
v 11.852538 8.767445 -22.865849
v 11.852530 8.767431 -22.865841
v 11.852523 8.767420 -22.865833
v 11.852520 8.767406 -22.865824
v 11.852520 8.767391 -22.865814
v 11.852524 8.767378 -22.865807
v 11.852530 8.767365 -22.865797
v 11.852539 8.767357 -22.865789
v 11.852551 8.767344 -22.865784
v 11.852564 8.767339 -22.865778
v 11.852580 8.767333 -22.865776
v 11.852595 8.767330 -22.865774
v 11.852612 8.767329 -22.865774
v 11.852628 8.767334 -22.865774
v 11.852643 8.767339 -22.865778
v 11.852656 8.767347 -22.865784
v 11.852668 8.767358 -22.865789
v 11.852676 8.767369 -22.865795
v 11.852683 8.767382 -22.865805
v 11.852686 8.767395 -22.865814
v 11.852686 8.767408 -22.865822
v 11.852683 8.767422 -22.865831
v 11.852676 8.767435 -22.865839
v 11.852667 8.767446 -22.865847
v 11.852655 8.767456 -22.865852
v 11.852642 8.767462 -22.865858
v 11.839413 9.943192 -23.459396
v 11.819750 9.908266 -23.559896
v 11.801629 9.879145 -23.652523
v 11.785746 9.821782 -23.763906
v 11.772710 9.748203 -23.894398
v 11.763024 9.654883 -24.010664
v 11.757059 9.517672 -24.100830
v 11.755045 9.341215 -24.063566
v 11.757059 9.221474 -24.015598
v 11.763024 9.106336 -23.952988
v 11.772710 9.000222 -23.900188
v 11.785746 8.907213 -23.785007
v 11.801629 8.830882 -23.660089
v 11.818125 8.711269 -23.657387
v 11.839413 8.355463 -23.747910
v 11.819750 9.943192 -23.453333
v 11.781180 9.908266 -23.548000
v 11.745634 9.879145 -23.635254
v 11.714478 9.821782 -23.741926
v 11.688908 9.748203 -23.868555
v 11.669909 9.654883 -23.981941
v 11.658208 9.517672 -24.070345
v 11.654258 9.341215 -24.032480
v 11.658208 9.221474 -23.985111
v 11.669909 9.106336 -23.924267
v 11.688908 9.000222 -23.874346
v 11.714478 8.907213 -23.763027
v 11.745634 8.830882 -23.642820
v 11.775180 8.705760 -23.638294
v 11.819750 8.355696 -23.743526
v 11.801629 9.943192 -23.443485
v 11.745634 9.908266 -23.528683
v 11.670406 9.851545 -23.607206
v 11.622149 9.775216 -23.752674
v 11.611675 9.682207 -23.809158
v 11.598821 9.576096 -23.943277
v 11.581835 9.460956 -23.968914
v 11.561371 9.341215 -23.920088
v 11.551424 9.221474 -23.890917
v 11.568410 9.106336 -23.865074
v 11.595994 9.000222 -23.823101
v 11.648796 8.907213 -23.676033
v 11.694029 8.830882 -23.607206
v 11.711454 8.715478 -23.621059
v 11.771377 8.355696 -23.728619
v 11.785746 9.943192 -23.430229
v 11.714478 9.908266 -23.502691
v 11.648796 9.851545 -23.569464
v 11.577293 9.775216 -23.627998
v 11.543981 9.682207 -23.676033
v 11.530234 9.576096 -23.711727
v 11.507298 9.460956 -23.733707
v 11.500410 9.341215 -23.741127
v 11.487254 9.221474 -23.733707
v 11.508873 9.106336 -23.711727
v 11.543981 9.000222 -23.676033
v 11.591227 8.907213 -23.627998
v 11.648796 8.830882 -23.569464
v 11.645258 8.713974 -23.563648
v 11.727689 8.351647 -23.700375
v 11.772710 9.943192 -23.414082
v 11.688908 9.908266 -23.471010
v 11.636063 9.851545 -23.523481
v 11.576416 9.775216 -23.569464
v 11.488425 9.682207 -23.607206
v 11.468504 9.576096 -23.635254
v 11.441766 9.460956 -23.652523
v 11.433594 9.341215 -23.658354
v 11.421722 9.221474 -23.652523
v 11.447144 9.106336 -23.635254
v 11.488425 9.000222 -23.607206
v 11.543981 8.907213 -23.569464
v 11.611675 8.830882 -23.523481
v 11.637096 8.710485 -23.486351
v 11.684507 8.351647 -23.666031
v 11.763024 9.943192 -23.395657
v 11.669909 9.908266 -23.434872
v 11.605042 9.851545 -23.471010
v 11.546473 9.775216 -23.502691
v 11.494130 9.682207 -23.528683
v 11.454847 9.576096 -23.548000
v 11.432562 9.460956 -23.559896
v 11.422857 9.341215 -23.563911
v 11.432220 9.221474 -23.559896
v 11.435824 9.106336 -23.548000
v 11.492565 9.000222 -23.528683
v 11.508873 8.907213 -23.502691
v 11.584092 8.830882 -23.471010
v 11.623405 8.716326 -23.447874
v 11.604534 8.358273 -23.586203
v 11.757059 9.943192 -23.375668
v 11.658208 9.908266 -23.395657
v 11.588725 9.851545 -23.414082
v 11.524854 9.775216 -23.430229
v 11.501853 9.682207 -23.443485
v 11.426601 9.576096 -23.453333
v 11.417897 9.460956 -23.459396
v 11.403524 9.341215 -23.461441
v 11.432313 9.221474 -23.459396
v 11.449795 9.106336 -23.453333
v 11.492870 9.000222 -23.443485
v 11.487254 8.907213 -23.416260
v 11.567106 8.830882 -23.414082
v 11.626176 8.726520 -23.420292
v 11.596190 8.360348 -23.479816
v 11.755046 9.943192 -23.354877
v 11.654258 9.908266 -23.354877
v 11.584650 9.851545 -23.354877
v 11.535131 9.775216 -23.354877
v 11.468189 9.682207 -23.354877
v 11.425885 9.576096 -23.354877
v 11.400743 9.460956 -23.354877
v 11.398862 9.341215 -23.354877
v 11.433240 9.221474 -23.354877
v 11.448410 9.106336 -23.354877
v 11.492010 9.000222 -23.354877
v 11.500070 8.907213 -23.343018
v 11.561371 8.830882 -23.354877
v 11.618616 8.730275 -23.385044
v 11.638036 8.364880 -23.379513
v 11.757059 9.943192 -23.334087
v 11.658208 9.908266 -23.314091
v 11.593801 9.851545 -23.295670
v 11.542431 9.775216 -23.279522
v 11.477228 9.682207 -23.266266
v 11.435423 9.576096 -23.256418
v 11.410422 9.460956 -23.250353
v 11.405015 9.341215 -23.248308
v 11.439227 9.221474 -23.250353
v 11.457980 9.106336 -23.256418
v 11.496375 9.000222 -23.266266
v 11.513292 8.907213 -23.279522
v 11.567106 8.830882 -23.295670
v 11.616807 8.733784 -23.338728
v 11.722933 8.355309 -23.358723
v 11.763024 9.943192 -23.314091
v 11.669909 9.908266 -23.274879
v 11.610787 9.851545 -23.238735
v 11.564050 9.775216 -23.207060
v 11.502649 9.682207 -23.181067
v 11.422634 9.576096 -23.161747
v 11.429808 9.460956 -23.149853
v 11.464156 9.341215 -23.145836
v 11.450787 9.221474 -23.149853
v 11.471508 9.106336 -23.161747
v 11.515425 9.000222 -23.181067
v 11.531891 8.907213 -23.207060
v 11.579137 8.830882 -23.238735
v 11.648690 8.750411 -23.299517
v 11.752737 8.381198 -23.338728
v 11.772710 9.943192 -23.295670
v 11.688908 9.908266 -23.238735
v 11.611675 9.851545 -23.186270
v 11.599157 9.775216 -23.140285
v 11.543931 9.682207 -23.102543
v 11.496410 9.576096 -23.074497
v 11.505879 9.460956 -23.057224
v 11.506273 9.341215 -23.051399
v 11.481816 9.172308 -23.057224
v 11.520313 9.057170 -23.074497
v 11.524864 8.951056 -23.102543
v 11.554084 8.907213 -23.140285
v 11.587835 8.830882 -23.186270
v 11.688908 8.821553 -23.263372
v 11.772710 8.412827 -23.364685
v 11.785746 9.943192 -23.279522
v 11.714478 9.908266 -23.207060
v 11.648797 9.851545 -23.140285
v 11.591227 9.775216 -23.081751
v 11.565887 9.682207 -23.033718
v 11.589870 9.576096 -22.998020
v 11.546890 9.460956 -22.976042
v 11.491782 9.341215 -22.968618
v 11.497261 9.172308 -22.976042
v 11.555817 9.057895 -22.994513
v 11.577385 8.951056 -23.033718
v 11.591227 8.907213 -23.073591
v 11.615035 8.816865 -23.140285
v 11.714478 8.853848 -23.231697
v 11.785746 8.429432 -23.348536
v 11.801629 9.943192 -23.266266
v 11.745634 9.908266 -23.181067
v 11.694029 9.851545 -23.102543
v 11.648796 9.775216 -23.033718
v 11.611675 9.682207 -22.977230
v 11.615822 9.605934 -22.969118
v 11.598836 9.490794 -22.943275
v 11.561371 9.341215 -22.900690
v 11.613989 9.221474 -22.909418
v 11.683994 9.106336 -22.919760
v 11.641390 9.000222 -22.957750
v 11.648796 8.804186 -22.992098
v 11.683335 8.690382 -23.059444
v 11.745634 8.834582 -23.205702
v 11.801629 8.429432 -23.335279
v 11.819750 9.943192 -23.256418
v 11.781180 9.908266 -23.161747
v 11.745634 9.851545 -23.074497
v 11.714478 9.775216 -22.998020
v 11.688908 9.682207 -22.935259
v 11.669909 9.605934 -22.922483
v 11.658208 9.490794 -22.893764
v 11.696033 9.370754 -22.857367
v 11.799731 9.221474 -22.972132
v 11.775167 9.106336 -22.864979
v 11.753679 9.070322 -22.915777
v 11.770538 8.831768 -22.907257
v 11.745634 8.682427 -22.957903
v 11.781180 8.827110 -23.186382
v 11.819750 8.429432 -23.325434
v 11.839413 9.943192 -23.250353
v 11.819750 9.908266 -23.149853
v 11.801629 9.851545 -23.057224
v 11.785746 9.775216 -22.976042
v 11.772710 9.682207 -22.909418
v 11.763024 9.629493 -22.899952
v 11.757059 9.514353 -22.869463
v 11.832942 9.341215 -22.842642
v 11.814075 9.221474 -22.828175
v 11.775867 9.106336 -22.791227
v 11.781879 9.063696 -22.880983
v 11.785746 8.723652 -22.894350
v 11.801629 8.574311 -22.940630
v 11.819750 8.827110 -23.174490
v 11.839413 8.429432 -23.319368
v 11.738342 9.872686 -23.173050
v 11.581192 9.879445 -23.008526
v 11.712976 9.863370 -23.188978
v 11.561653 9.872266 -23.020798
v 11.687181 9.849758 -23.200525
v 11.541783 9.861782 -23.029692
v 11.661946 9.832378 -23.207249
v 11.522345 9.848392 -23.034870
v 11.638243 9.811894 -23.208883
v 11.504086 9.832616 -23.036131
v 11.616982 9.789098 -23.205374
v 11.487710 9.815054 -23.033426
v 11.598980 9.764864 -23.196852
v 11.473844 9.796388 -23.026861
v 11.584929 9.740120 -23.183643
v 11.463019 9.777328 -23.016687
v 11.575369 9.715821 -23.166260
v 11.455656 9.758612 -23.003296
v 11.570667 9.692902 -23.145365
v 11.452034 9.740954 -22.987200
v 11.571005 9.672240 -23.121761
v 11.452294 9.725041 -22.969021
v 11.576367 9.654630 -23.096361
v 11.456425 9.711475 -22.949455
v 11.586551 9.640748 -23.070137
v 11.464269 9.700785 -22.929255
v 11.601163 9.631131 -23.044098
v 11.475524 9.693376 -22.909199
v 11.619642 9.626147 -23.019243
v 11.489758 9.689535 -22.890053
v 11.641277 9.625985 -22.996529
v 11.506424 9.689410 -22.872557
v 11.665238 9.630653 -22.976828
v 11.524881 9.693007 -22.857382
v 11.690605 9.639972 -22.960897
v 11.544420 9.700186 -22.845110
v 11.716401 9.653584 -22.949350
v 11.564290 9.710671 -22.836214
v 11.741635 9.670965 -22.942627
v 11.583728 9.724058 -22.831038
v 11.765338 9.691446 -22.940992
v 11.601987 9.739836 -22.829777
v 11.786600 9.714244 -22.944502
v 11.618363 9.757396 -22.832479
v 11.804602 9.738481 -22.953024
v 11.632230 9.776064 -22.839045
v 11.818653 9.763225 -22.966232
v 11.643053 9.795120 -22.849220
v 11.828213 9.787519 -22.983620
v 11.650417 9.813841 -22.862612
v 11.832914 9.810440 -23.004513
v 11.654039 9.831494 -22.878706
v 11.832578 9.831104 -23.028114
v 11.653780 9.847410 -22.896887
v 11.827214 9.848714 -23.053516
v 11.649649 9.860973 -22.916452
v 11.817030 9.862592 -23.079739
v 11.641804 9.871667 -22.936653
v 11.802419 9.872210 -23.105780
v 11.630549 9.879075 -22.956709
v 11.783939 9.877196 -23.130634
v 11.616315 9.882916 -22.975857
v 11.762303 9.877357 -23.153349
v 11.599649 9.883041 -22.993351
v 11.400805 9.993503 -22.931101
v 11.414196 9.999405 -22.927816
v 11.387583 9.986447 -22.931684
v 11.375037 9.978507 -22.929546
v 11.363650 9.969997 -22.924770
v 11.353861 9.961232 -22.917536
v 11.346044 9.952560 -22.908125
v 11.340499 9.944308 -22.896898
v 11.337441 9.936792 -22.884283
v 11.336987 9.930302 -22.870770
v 11.339153 9.925089 -22.856874
v 11.343858 9.921353 -22.843132
v 11.350920 9.919236 -22.830070
v 11.360067 9.918818 -22.818192
v 11.370949 9.920125 -22.807953
v 11.383146 9.923094 -22.799747
v 11.396192 9.927616 -22.793890
v 11.409582 9.933521 -22.790606
v 11.422805 9.940577 -22.790020
v 11.435350 9.948510 -22.792158
v 11.446736 9.957024 -22.796934
v 11.456527 9.965786 -22.804169
v 11.464344 9.974460 -22.813580
v 11.469888 9.982714 -22.824808
v 11.472946 9.990232 -22.837421
v 11.473401 9.996719 -22.850935
v 11.471234 10.001932 -22.864832
v 11.466529 10.005671 -22.878574
v 11.459467 10.007785 -22.891636
v 11.450320 10.008200 -22.903513
v 11.439438 10.006896 -22.913752
v 11.427240 10.003928 -22.921957
v 11.366949 10.138715 -22.897800
v 11.375673 10.141538 -22.897575
v 11.358556 10.135312 -22.896358
v 11.350816 10.131454 -22.893301
v 11.344027 10.127295 -22.888750
v 11.338449 10.122990 -22.882879
v 11.334296 10.118707 -22.875912
v 11.331730 10.114611 -22.868118
v 11.330848 10.110858 -22.859797
v 11.331683 10.107594 -22.851267
v 11.334205 10.104940 -22.842857
v 11.338315 10.103004 -22.834888
v 11.343856 10.101856 -22.827671
v 11.350616 10.101541 -22.821480
v 11.358334 10.102075 -22.816555
v 11.366714 10.103433 -22.813082
v 11.375432 10.105562 -22.811195
v 11.384156 10.108384 -22.810970
v 11.392550 10.111786 -22.812412
v 11.400290 10.115643 -22.815468
v 11.407079 10.119805 -22.820021
v 11.412657 10.124109 -22.825891
v 11.416809 10.128392 -22.832859
v 11.419375 10.132488 -22.840652
v 11.420259 10.136240 -22.848974
v 11.419422 10.139505 -22.857504
v 11.416901 10.142159 -22.865915
v 11.412790 10.144094 -22.873882
v 11.407249 10.145244 -22.881100
v 11.400490 10.145557 -22.887291
v 11.392772 10.145024 -22.892218
v 11.384393 10.143668 -22.895689
v 11.407158 10.249447 -22.865175
v 11.407640 10.250134 -22.864979
v 11.406664 10.248741 -22.865206
v 11.406178 10.248043 -22.865067
v 11.405718 10.247380 -22.864763
v 11.405303 10.246777 -22.864309
v 11.404948 10.246255 -22.863720
v 11.404665 10.245840 -22.863020
v 11.404469 10.245542 -22.862234
v 11.404363 10.245377 -22.861395
v 11.404354 10.245346 -22.860533
v 11.404440 10.245457 -22.859684
v 11.404621 10.245701 -22.858875
v 11.404888 10.246067 -22.858143
v 11.405231 10.246547 -22.857513
v 11.405636 10.247117 -22.857010
v 11.406088 10.247759 -22.856653
v 11.406570 10.248446 -22.856457
v 11.407063 10.249152 -22.856428
v 11.407550 10.249849 -22.856567
v 11.408010 10.250514 -22.856871
v 11.408424 10.251117 -22.857325
v 11.408780 10.251637 -22.857914
v 11.409061 10.252054 -22.858614
v 11.409259 10.252351 -22.859398
v 11.409366 10.252516 -22.860237
v 11.409374 10.252547 -22.861099
v 11.409286 10.252438 -22.861950
v 11.409106 10.252193 -22.862757
v 11.408840 10.251826 -22.863489
v 11.408497 10.251348 -22.864119
v 11.408092 10.250776 -22.864622
v 11.784566 8.827430 -22.890270
v 11.791750 8.667195 -22.911846
v 11.763657 8.929135 -22.910734
v 11.783411 8.928976 -22.879770
v 11.818872 8.882412 -22.887817
v 11.819770 8.895548 -22.896696
v 11.817639 8.882398 -22.888542
v 11.818184 8.895047 -22.897373
v 11.816290 8.882428 -22.889017
v 11.816466 8.894766 -22.897812
v 11.814876 8.882504 -22.889221
v 11.814682 8.894720 -22.897995
v 11.813452 8.882622 -22.889149
v 11.812898 8.894909 -22.897915
v 11.812072 8.882776 -22.888802
v 11.811185 8.895321 -22.897577
v 11.810789 8.882963 -22.888195
v 11.809607 8.895947 -22.896992
v 11.809654 8.883171 -22.887350
v 11.808226 8.896762 -22.896183
v 11.808710 8.883396 -22.886299
v 11.807095 8.897729 -22.895182
v 11.807992 8.883628 -22.885084
v 11.806256 8.898820 -22.894028
v 11.807528 8.883862 -22.883749
v 11.805743 8.899984 -22.892761
v 11.807337 8.884081 -22.882349
v 11.805575 8.901186 -22.891436
v 11.807425 8.884282 -22.880936
v 11.805759 8.902368 -22.890099
v 11.807789 8.884458 -22.879562
v 11.806288 8.903492 -22.888803
v 11.808415 8.884599 -22.878284
v 11.807140 8.904512 -22.887598
v 11.809280 8.884703 -22.877148
v 11.808283 8.905396 -22.886532
v 11.810349 8.884762 -22.876200
v 11.809674 8.906100 -22.885641
v 11.811583 8.884775 -22.875473
v 11.811259 8.906602 -22.884966
v 11.812932 8.884746 -22.874998
v 11.812978 8.906882 -22.884527
v 11.814345 8.884671 -22.874794
v 11.814763 8.906930 -22.884344
v 11.815770 8.884552 -22.874866
v 11.816546 8.906744 -22.884422
v 11.817150 8.884398 -22.875212
v 11.818260 8.906328 -22.884762
v 11.818432 8.884213 -22.875820
v 11.819838 8.905701 -22.885345
v 11.819567 8.884003 -22.876665
v 11.821218 8.904887 -22.886154
v 11.820512 8.883779 -22.877716
v 11.822351 8.903918 -22.887156
v 11.821230 8.883546 -22.878931
v 11.823188 8.902830 -22.888311
v 11.821694 8.883314 -22.880266
v 11.823701 8.901663 -22.889576
v 11.821885 8.883096 -22.881666
v 11.823869 8.900464 -22.890903
v 11.821797 8.882893 -22.883080
v 11.823685 8.899282 -22.892241
v 11.821433 8.882716 -22.884453
v 11.823156 8.898157 -22.893536
v 11.820807 8.882577 -22.885731
v 11.822305 8.897136 -22.894739
v 11.819942 8.882475 -22.886868
v 11.821161 8.896254 -22.895807
v 11.817840 8.866649 -22.880520
v 11.816825 8.866818 -22.881088
v 11.815721 8.867007 -22.881447
v 11.814570 8.867212 -22.881580
v 11.813417 8.867419 -22.881483
v 11.812306 8.867629 -22.881159
v 11.811279 8.867825 -22.880621
v 11.810376 8.868005 -22.879889
v 11.809632 8.868159 -22.878990
v 11.809075 8.868283 -22.877962
v 11.808727 8.868375 -22.876842
v 11.808601 8.868424 -22.875673
v 11.808702 8.868435 -22.874502
v 11.809027 8.868403 -22.873373
v 11.809561 8.868332 -22.872328
v 11.810286 8.868224 -22.871408
v 11.811172 8.868083 -22.870647
v 11.812187 8.867914 -22.870079
v 11.813291 8.867726 -22.869720
v 11.814442 8.867523 -22.869587
v 11.815595 8.867312 -22.869684
v 11.816706 8.867106 -22.870008
v 11.817732 8.866908 -22.870546
v 11.818635 8.866728 -22.871279
v 11.819379 8.866574 -22.872175
v 11.819936 8.866450 -22.873203
v 11.820284 8.866360 -22.874325
v 11.820410 8.866308 -22.875492
v 11.820309 8.866300 -22.876663
v 11.819985 8.866329 -22.877794
v 11.819450 8.866402 -22.878839
v 11.818727 8.866508 -22.879759
v 11.816007 8.847313 -22.873697
v 11.815366 8.847449 -22.874084
v 11.814663 8.847591 -22.874336
v 11.813923 8.847733 -22.874443
v 11.813175 8.847869 -22.874401
v 11.812449 8.847995 -22.874212
v 11.811772 8.848104 -22.873882
v 11.811171 8.848194 -22.873426
v 11.810667 8.848261 -22.872860
v 11.810281 8.848300 -22.872208
v 11.810027 8.848314 -22.871490
v 11.809916 8.848302 -22.870737
v 11.809951 8.848258 -22.869978
v 11.810130 8.848191 -22.869242
v 11.810449 8.848101 -22.868557
v 11.810893 8.847990 -22.867950
v 11.811446 8.847864 -22.867443
v 11.812086 8.847727 -22.867056
v 11.812790 8.847587 -22.866804
v 11.813530 8.847445 -22.866697
v 11.814277 8.847309 -22.866739
v 11.815003 8.847184 -22.866928
v 11.815680 8.847075 -22.867256
v 11.816282 8.846983 -22.867714
v 11.816786 8.846918 -22.868279
v 11.817172 8.846878 -22.868933
v 11.817426 8.846866 -22.869650
v 11.817537 8.846879 -22.870403
v 11.817502 8.846918 -22.871162
v 11.817323 8.846986 -22.871899
v 11.817004 8.847078 -22.872581
v 11.816560 8.847187 -22.873190
v 11.813384 8.828302 -22.872784
v 11.813063 8.828288 -22.872833
v 11.812737 8.828278 -22.872818
v 11.812420 8.828269 -22.872742
v 11.812125 8.828263 -22.872602
v 11.811862 8.828260 -22.872410
v 11.811642 8.828260 -22.872169
v 11.811473 8.828265 -22.871889
v 11.811362 8.828272 -22.871584
v 11.811313 8.828279 -22.871262
v 11.811327 8.828293 -22.870935
v 11.811404 8.828307 -22.870619
v 11.811543 8.828321 -22.870325
v 11.811735 8.828339 -22.870062
v 11.811975 8.828356 -22.869843
v 11.812255 8.828372 -22.869673
v 11.812561 8.828386 -22.869562
v 11.812882 8.828399 -22.869514
v 11.813209 8.828411 -22.869528
v 11.813525 8.828420 -22.869606
v 11.813821 8.828424 -22.869745
v 11.814083 8.828429 -22.869938
v 11.814303 8.828428 -22.870178
v 11.814472 8.828423 -22.870457
v 11.814584 8.828418 -22.870764
v 11.814632 8.828407 -22.871086
v 11.814618 8.828396 -22.871412
v 11.814541 8.828382 -22.871729
v 11.814403 8.828364 -22.872023
v 11.814210 8.828349 -22.872286
v 11.813970 8.828335 -22.872505
v 11.813691 8.828317 -22.872673
v 11.813936 8.792210 -22.875782
v 11.813891 8.792204 -22.875803
v 11.813843 8.792202 -22.875816
v 11.813793 8.792203 -22.875820
v 11.813744 8.792206 -22.875814
v 11.813697 8.792212 -22.875801
v 11.813653 8.792222 -22.875778
v 11.813616 8.792235 -22.875748
v 11.813585 8.792247 -22.875710
v 11.813563 8.792261 -22.875668
v 11.813550 8.792276 -22.875622
v 11.813546 8.792292 -22.875574
v 11.813553 8.792307 -22.875526
v 11.813569 8.792320 -22.875483
v 11.813594 8.792334 -22.875441
v 11.813626 8.792343 -22.875404
v 11.813665 8.792352 -22.875376
v 11.813710 8.792357 -22.875353
v 11.813759 8.792359 -22.875340
v 11.813808 8.792358 -22.875336
v 11.813858 8.792355 -22.875341
v 11.813905 8.792349 -22.875357
v 11.813949 8.792338 -22.875380
v 11.813986 8.792327 -22.875410
v 11.814016 8.792315 -22.875448
v 11.814038 8.792299 -22.875490
v 11.814052 8.792286 -22.875536
v 11.814055 8.792268 -22.875584
v 11.814049 8.792253 -22.875629
v 11.814033 8.792241 -22.875675
v 11.814008 8.792227 -22.875717
v 11.813975 8.792217 -22.875753
v 11.840103 8.889690 -22.883768
v 11.841080 8.899015 -22.889639
v 11.839391 8.889598 -22.884459
v 11.840161 8.898558 -22.890354
v 11.838556 8.889523 -22.884998
v 11.839098 8.898237 -22.890930
v 11.837631 8.889469 -22.885366
v 11.837930 8.898070 -22.891342
v 11.836652 8.889439 -22.885548
v 11.836701 8.898060 -22.891577
v 11.835655 8.889430 -22.885536
v 11.835461 8.898206 -22.891624
v 11.834680 8.889449 -22.885332
v 11.834255 8.898504 -22.891483
v 11.833763 8.889488 -22.884943
v 11.833130 8.898946 -22.891159
v 11.832940 8.889550 -22.884382
v 11.832130 8.899508 -22.890663
v 11.832243 8.889632 -22.883677
v 11.831293 8.900175 -22.890017
v 11.831698 8.889732 -22.882847
v 11.830651 8.900918 -22.889242
v 11.831327 8.889844 -22.881927
v 11.830229 8.901711 -22.888371
v 11.831143 8.889964 -22.880957
v 11.830043 8.902519 -22.887434
v 11.831154 8.890088 -22.879967
v 11.830101 8.903314 -22.886471
v 11.831359 8.890211 -22.879000
v 11.830399 8.904064 -22.885517
v 11.831750 8.890328 -22.878090
v 11.830926 8.904744 -22.884609
v 11.832313 8.890435 -22.877275
v 11.831663 8.905324 -22.883781
v 11.833025 8.890528 -22.876583
v 11.832582 8.905783 -22.883066
v 11.833859 8.890604 -22.876043
v 11.833645 8.906102 -22.882492
v 11.834784 8.890657 -22.875677
v 11.834813 8.906271 -22.882080
v 11.835764 8.890688 -22.875496
v 11.836041 8.906282 -22.881845
v 11.836761 8.890697 -22.875507
v 11.837282 8.906134 -22.881798
v 11.837735 8.890679 -22.875711
v 11.838489 8.905834 -22.881939
v 11.838653 8.890638 -22.876101
v 11.839613 8.905395 -22.882263
v 11.839476 8.890576 -22.876659
v 11.840613 8.904831 -22.882759
v 11.840172 8.890494 -22.877367
v 11.841450 8.904165 -22.883406
v 11.840717 8.890395 -22.878197
v 11.842092 8.903420 -22.884180
v 11.841088 8.890284 -22.879114
v 11.842514 8.902629 -22.885052
v 11.841272 8.890162 -22.880087
v 11.842700 8.901822 -22.885986
v 11.841262 8.890038 -22.881075
v 11.842643 8.901026 -22.886950
v 11.841057 8.889917 -22.882042
v 11.842344 8.900275 -22.887905
v 11.840665 8.889800 -22.882952
v 11.841817 8.899596 -22.888813
v 11.839500 8.878567 -22.878990
v 11.838895 8.878616 -22.879541
v 11.838195 8.878666 -22.879963
v 11.837425 8.878721 -22.880238
v 11.836617 8.878774 -22.880360
v 11.835800 8.878824 -22.880318
v 11.835007 8.878870 -22.880119
v 11.834267 8.878911 -22.879770
v 11.833610 8.878943 -22.879282
v 11.833060 8.878967 -22.878675
v 11.832639 8.878983 -22.877972
v 11.832362 8.878984 -22.877201
v 11.832241 8.878978 -22.876392
v 11.832280 8.878961 -22.875574
v 11.832478 8.878933 -22.874779
v 11.832827 8.878899 -22.874039
v 11.833312 8.878856 -22.873381
v 11.833918 8.878808 -22.872831
v 11.834618 8.878757 -22.872410
v 11.835387 8.878703 -22.872133
v 11.836196 8.878650 -22.872013
v 11.837012 8.878599 -22.872053
v 11.837806 8.878552 -22.872252
v 11.838545 8.878511 -22.872602
v 11.839203 8.878480 -22.873089
v 11.839752 8.878457 -22.873695
v 11.840174 8.878443 -22.874399
v 11.840450 8.878438 -22.875170
v 11.840571 8.878447 -22.875980
v 11.840532 8.878463 -22.876799
v 11.840335 8.878491 -22.877592
v 11.839986 8.878524 -22.878332
v 11.838722 8.864918 -22.874664
v 11.838342 8.864970 -22.875031
v 11.837897 8.865018 -22.875315
v 11.837405 8.865059 -22.875507
v 11.836884 8.865095 -22.875599
v 11.836355 8.865121 -22.875589
v 11.835838 8.865138 -22.875475
v 11.835353 8.865145 -22.875263
v 11.834917 8.865141 -22.874960
v 11.834550 8.865126 -22.874580
v 11.834262 8.865103 -22.874136
v 11.834067 8.865071 -22.873644
v 11.833973 8.865030 -22.873125
v 11.833981 8.864984 -22.872597
v 11.834092 8.864933 -22.872082
v 11.834303 8.864880 -22.871597
v 11.834603 8.864826 -22.871164
v 11.834984 8.864774 -22.870800
v 11.835428 8.864728 -22.870514
v 11.835919 8.864686 -22.870323
v 11.836440 8.864650 -22.870230
v 11.836969 8.864624 -22.870241
v 11.837486 8.864608 -22.870354
v 11.837973 8.864599 -22.870567
v 11.838408 8.864604 -22.870869
v 11.838776 8.864618 -22.871248
v 11.839063 8.864644 -22.871693
v 11.839257 8.864676 -22.872185
v 11.839353 8.864713 -22.872705
v 11.839345 8.864760 -22.873234
v 11.839232 8.864813 -22.873749
v 11.839023 8.864864 -22.874231
v 11.838335 8.851542 -22.874470
v 11.838127 8.851507 -22.874556
v 11.837907 8.851475 -22.874598
v 11.837682 8.851442 -22.874598
v 11.837461 8.851413 -22.874552
v 11.837254 8.851387 -22.874462
v 11.837067 8.851365 -22.874334
v 11.836907 8.851351 -22.874174
v 11.836783 8.851340 -22.873983
v 11.836698 8.851336 -22.873774
v 11.836654 8.851340 -22.873550
v 11.836655 8.851350 -22.873323
v 11.836699 8.851365 -22.873102
v 11.836784 8.851388 -22.872892
v 11.836910 8.851414 -22.872704
v 11.837070 8.851442 -22.872545
v 11.837256 8.851475 -22.872419
v 11.837464 8.851508 -22.872335
v 11.837685 8.851543 -22.872292
v 11.837910 8.851574 -22.872293
v 11.838130 8.851604 -22.872341
v 11.838338 8.851631 -22.872429
v 11.838525 8.851652 -22.872557
v 11.838683 8.851665 -22.872717
v 11.838808 8.851677 -22.872908
v 11.838894 8.851680 -22.873117
v 11.838938 8.851677 -22.873341
v 11.838937 8.851666 -22.873568
v 11.838893 8.851649 -22.873791
v 11.838807 8.851629 -22.873999
v 11.838681 8.851604 -22.874186
v 11.838522 8.851573 -22.874346
v 11.842082 8.826666 -22.876413
v 11.842056 8.826659 -22.876434
v 11.842026 8.826654 -22.876451
v 11.841993 8.826650 -22.876461
v 11.841959 8.826649 -22.876465
v 11.841924 8.826649 -22.876463
v 11.841890 8.826653 -22.876455
v 11.841859 8.826658 -22.876440
v 11.841831 8.826662 -22.876419
v 11.841808 8.826670 -22.876394
v 11.841791 8.826679 -22.876366
v 11.841780 8.826689 -22.876335
v 11.841776 8.826698 -22.876301
v 11.841778 8.826708 -22.876268
v 11.841787 8.826718 -22.876236
v 11.841803 8.826727 -22.876207
v 11.841824 8.826736 -22.876181
v 11.841849 8.826742 -22.876158
v 11.841880 8.826747 -22.876143
v 11.841912 8.826751 -22.876131
v 11.841948 8.826752 -22.876127
v 11.841982 8.826752 -22.876129
v 11.842015 8.826749 -22.876137
v 11.842047 8.826744 -22.876152
v 11.842074 8.826738 -22.876173
v 11.842097 8.826731 -22.876198
v 11.842114 8.826722 -22.876226
v 11.842126 8.826713 -22.876259
v 11.842130 8.826702 -22.876291
v 11.842128 8.826694 -22.876324
v 11.842119 8.826682 -22.876356
v 11.842103 8.826674 -22.876387
v 11.798556 8.875898 -22.892466
v 11.798908 8.881246 -22.897257
v 11.798101 8.875739 -22.892897
v 11.798332 8.880842 -22.897663
v 11.797565 8.875602 -22.893234
v 11.797657 8.880537 -22.897997
v 11.796969 8.875495 -22.893463
v 11.796906 8.880344 -22.898241
v 11.796336 8.875422 -22.893578
v 11.796111 8.880270 -22.898392
v 11.795690 8.875384 -22.893568
v 11.795301 8.880316 -22.898438
v 11.795054 8.875383 -22.893440
v 11.794508 8.880479 -22.898380
v 11.794456 8.875422 -22.893194
v 11.793761 8.880760 -22.898222
v 11.793917 8.875495 -22.892843
v 11.793091 8.881141 -22.897966
v 11.793458 8.875600 -22.892399
v 11.792521 8.881609 -22.897625
v 11.793096 8.875738 -22.891880
v 11.792075 8.882148 -22.897211
v 11.792846 8.875897 -22.891304
v 11.791769 8.882735 -22.896742
v 11.792717 8.876076 -22.890696
v 11.791615 8.883349 -22.896233
v 11.792713 8.876265 -22.890076
v 11.791620 8.883966 -22.895702
v 11.792837 8.876458 -22.889469
v 11.791782 8.884562 -22.895176
v 11.793081 8.876646 -22.888901
v 11.792096 8.885115 -22.894669
v 11.793438 8.876824 -22.888390
v 11.792550 8.885602 -22.894203
v 11.793893 8.876984 -22.887959
v 11.793126 8.886005 -22.893797
v 11.794429 8.877121 -22.887621
v 11.793802 8.886311 -22.893463
v 11.795025 8.877228 -22.887392
v 11.794552 8.886504 -22.893219
v 11.795659 8.877300 -22.887278
v 11.795347 8.886580 -22.893070
v 11.796305 8.877340 -22.887287
v 11.796157 8.886533 -22.893023
v 11.796940 8.877338 -22.887415
v 11.796950 8.886366 -22.893080
v 11.797538 8.877301 -22.887661
v 11.797697 8.886088 -22.893238
v 11.798078 8.877228 -22.888012
v 11.798368 8.885709 -22.893494
v 11.798536 8.877122 -22.888456
v 11.798937 8.885241 -22.893835
v 11.798899 8.876986 -22.888975
v 11.799383 8.884701 -22.894247
v 11.799149 8.876826 -22.889551
v 11.799689 8.884111 -22.894718
v 11.799277 8.876648 -22.890160
v 11.799843 8.883499 -22.895227
v 11.799281 8.876458 -22.890779
v 11.799838 8.882882 -22.895758
v 11.799157 8.876266 -22.891386
v 11.799676 8.882286 -22.896284
v 11.798913 8.876079 -22.891954
v 11.799362 8.881734 -22.896791
v 11.798514 8.869293 -22.888176
v 11.798123 8.869244 -22.888533
v 11.797669 8.869205 -22.888809
v 11.797170 8.869183 -22.888992
v 11.796644 8.869176 -22.889074
v 11.796112 8.869184 -22.889055
v 11.795595 8.869208 -22.888931
v 11.795112 8.869247 -22.888712
v 11.794682 8.869299 -22.888403
v 11.794320 8.869363 -22.888018
v 11.794042 8.869435 -22.887569
v 11.793859 8.869513 -22.887075
v 11.793775 8.869594 -22.886557
v 11.793797 8.869674 -22.886032
v 11.793921 8.869752 -22.885519
v 11.794144 8.869823 -22.885042
v 11.794456 8.869884 -22.884615
v 11.794847 8.869935 -22.884258
v 11.795301 8.869974 -22.883982
v 11.795801 8.869997 -22.883801
v 11.796327 8.870004 -22.883717
v 11.796859 8.869994 -22.883738
v 11.797376 8.869971 -22.883860
v 11.797859 8.869931 -22.884079
v 11.798289 8.869879 -22.884388
v 11.798651 8.869817 -22.884773
v 11.798929 8.869744 -22.885221
v 11.799112 8.869665 -22.885715
v 11.799196 8.869586 -22.886234
v 11.799175 8.869505 -22.886761
v 11.799050 8.869429 -22.887272
v 11.798827 8.869356 -22.887751
v 11.798447 8.861017 -22.883896
v 11.798201 8.860997 -22.884136
v 11.797913 8.860981 -22.884323
v 11.797593 8.860970 -22.884451
v 11.797255 8.860964 -22.884514
v 11.796910 8.860965 -22.884510
v 11.796574 8.860970 -22.884439
v 11.796256 8.860981 -22.884304
v 11.795973 8.860996 -22.884109
v 11.795732 8.861016 -22.883865
v 11.795544 8.861041 -22.883577
v 11.795416 8.861067 -22.883259
v 11.795352 8.861095 -22.882921
v 11.795356 8.861125 -22.882578
v 11.795427 8.861153 -22.882242
v 11.795563 8.861180 -22.881927
v 11.795757 8.861203 -22.881645
v 11.796003 8.861224 -22.881405
v 11.796291 8.861241 -22.881218
v 11.796611 8.861254 -22.881090
v 11.796949 8.861258 -22.881027
v 11.797294 8.861259 -22.881031
v 11.797630 8.861253 -22.881102
v 11.797948 8.861240 -22.881237
v 11.798231 8.861225 -22.881430
v 11.798472 8.861206 -22.881676
v 11.798660 8.861182 -22.881964
v 11.798788 8.861156 -22.882282
v 11.798852 8.861125 -22.882618
v 11.798848 8.861097 -22.882961
v 11.798777 8.861069 -22.883297
v 11.798641 8.861042 -22.883614
v 11.798648 8.852473 -22.882292
v 11.798515 8.852434 -22.882343
v 11.798373 8.852401 -22.882366
v 11.798228 8.852372 -22.882360
v 11.798086 8.852351 -22.882328
v 11.797952 8.852337 -22.882269
v 11.797831 8.852332 -22.882185
v 11.797727 8.852336 -22.882080
v 11.797646 8.852345 -22.881958
v 11.797588 8.852362 -22.881823
v 11.797559 8.852387 -22.881680
v 11.797558 8.852419 -22.881536
v 11.797585 8.852456 -22.881395
v 11.797638 8.852495 -22.881264
v 11.797717 8.852538 -22.881147
v 11.797819 8.852579 -22.881048
v 11.797938 8.852620 -22.880972
v 11.798072 8.852657 -22.880920
v 11.798213 8.852693 -22.880898
v 11.798358 8.852720 -22.880901
v 11.798501 8.852741 -22.880934
v 11.798635 8.852757 -22.880995
v 11.798757 8.852761 -22.881079
v 11.798860 8.852757 -22.881184
v 11.798942 8.852748 -22.881306
v 11.798998 8.852730 -22.881441
v 11.799028 8.852705 -22.881582
v 11.799029 8.852674 -22.881727
v 11.799003 8.852636 -22.881868
v 11.798948 8.852598 -22.882000
v 11.798869 8.852556 -22.882116
v 11.798768 8.852513 -22.882215
v 11.801934 8.836481 -22.880783
v 11.801918 8.836475 -22.880796
v 11.801899 8.836469 -22.880806
v 11.801877 8.836463 -22.880814
v 11.801855 8.836461 -22.880816
v 11.801833 8.836460 -22.880814
v 11.801810 8.836462 -22.880808
v 11.801790 8.836467 -22.880800
v 11.801772 8.836472 -22.880787
v 11.801757 8.836476 -22.880772
v 11.801745 8.836486 -22.880754
v 11.801737 8.836495 -22.880735
v 11.801734 8.836504 -22.880716
v 11.801735 8.836514 -22.880695
v 11.801740 8.836526 -22.880676
v 11.801750 8.836535 -22.880657
v 11.801763 8.836545 -22.880642
v 11.801780 8.836552 -22.880629
v 11.801799 8.836558 -22.880619
v 11.801820 8.836562 -22.880611
v 11.801843 8.836564 -22.880610
v 11.801865 8.836565 -22.880611
v 11.801887 8.836563 -22.880615
v 11.801908 8.836559 -22.880625
v 11.801926 8.836554 -22.880638
v 11.801941 8.836549 -22.880653
v 11.801952 8.836539 -22.880671
v 11.801960 8.836532 -22.880690
v 11.801964 8.836520 -22.880709
v 11.801963 8.836512 -22.880730
v 11.801957 8.836500 -22.880749
v 11.801948 8.836491 -22.880768
v 11.795753 8.760365 -22.899305
v 11.801427 8.750923 -22.910746
v 11.797036 8.759982 -22.898804
v 11.802910 8.750807 -22.909739
v 11.798173 8.759462 -22.898108
v 11.804248 8.750392 -22.908617
v 11.799117 8.758820 -22.897245
v 11.805390 8.749692 -22.907423
v 11.799833 8.758084 -22.896248
v 11.806293 8.748735 -22.906200
v 11.800295 8.757281 -22.895157
v 11.806922 8.747564 -22.904997
v 11.800484 8.756442 -22.894012
v 11.807254 8.746215 -22.903860
v 11.800392 8.755602 -22.892859
v 11.807273 8.744741 -22.902832
v 11.800023 8.754790 -22.891741
v 11.806981 8.743205 -22.901955
v 11.799393 8.754039 -22.890699
v 11.806390 8.741657 -22.901260
v 11.798522 8.753372 -22.889778
v 11.805519 8.740165 -22.900776
v 11.797447 8.752825 -22.889008
v 11.804405 8.738778 -22.900520
v 11.796210 8.752413 -22.888422
v 11.803089 8.737558 -22.900501
v 11.794855 8.752150 -22.888042
v 11.801622 8.736548 -22.900721
v 11.793437 8.752050 -22.887882
v 11.800060 8.735786 -22.901171
v 11.792009 8.752114 -22.887949
v 11.798465 8.735301 -22.901836
v 11.790627 8.752342 -22.888239
v 11.796896 8.735112 -22.902687
v 11.789343 8.752725 -22.888741
v 11.795414 8.735228 -22.903694
v 11.788206 8.753246 -22.889437
v 11.794075 8.735642 -22.904816
v 11.787262 8.753886 -22.890301
v 11.792933 8.736341 -22.906012
v 11.786545 8.754622 -22.891296
v 11.792030 8.737294 -22.907234
v 11.786083 8.755424 -22.892387
v 11.791401 8.738471 -22.908438
v 11.785894 8.756263 -22.893532
v 11.791069 8.739821 -22.909573
v 11.785987 8.757104 -22.894684
v 11.791050 8.741294 -22.910601
v 11.786355 8.757916 -22.895803
v 11.791341 8.742832 -22.911478
v 11.786986 8.758669 -22.896843
v 11.791934 8.744377 -22.912172
v 11.787856 8.759333 -22.897766
v 11.792804 8.745871 -22.912657
v 11.788930 8.759880 -22.898537
v 11.793918 8.747255 -22.912914
v 11.790169 8.760294 -22.899122
v 11.795234 8.748476 -22.912931
v 11.791524 8.760557 -22.899502
v 11.796700 8.749487 -22.912712
v 11.792941 8.760655 -22.899662
v 11.798262 8.750248 -22.912262
v 11.794370 8.760590 -22.899597
v 11.799858 8.750734 -22.911598
v 11.791701 8.772366 -22.887375
v 11.792719 8.771886 -22.887030
v 11.793609 8.771310 -22.886522
v 11.794336 8.770656 -22.885870
v 11.794874 8.769954 -22.885096
v 11.795200 8.769224 -22.884232
v 11.795304 8.768501 -22.883310
v 11.795180 8.767807 -22.882368
v 11.794835 8.767175 -22.881439
v 11.794279 8.766624 -22.880562
v 11.793535 8.766176 -22.879768
v 11.792633 8.765851 -22.879087
v 11.791606 8.765659 -22.878550
v 11.790493 8.765608 -22.878172
v 11.789339 8.765699 -22.877970
v 11.788186 8.765931 -22.877951
v 11.787079 8.766293 -22.878117
v 11.786061 8.766771 -22.878460
v 11.785172 8.767347 -22.878969
v 11.784444 8.768001 -22.879622
v 11.783906 8.768705 -22.880396
v 11.783579 8.769432 -22.881260
v 11.783475 8.770156 -22.882179
v 11.783600 8.770849 -22.883121
v 11.783945 8.771482 -22.884050
v 11.784500 8.772031 -22.884930
v 11.785244 8.772481 -22.885723
v 11.786147 8.772807 -22.886402
v 11.787174 8.772998 -22.886942
v 11.788287 8.773049 -22.887320
v 11.789441 8.772958 -22.887522
v 11.790595 8.772728 -22.887539
v 11.788809 8.787254 -22.873455
v 11.789471 8.786929 -22.873266
v 11.790055 8.786549 -22.872963
v 11.790540 8.786122 -22.872561
v 11.790906 8.785670 -22.872070
v 11.791139 8.785209 -22.871513
v 11.791231 8.784755 -22.870911
v 11.791177 8.784325 -22.870285
v 11.790980 8.783938 -22.869659
v 11.790649 8.783608 -22.869061
v 11.790195 8.783346 -22.868509
v 11.789633 8.783163 -22.868029
v 11.788990 8.783070 -22.867636
v 11.788286 8.783064 -22.867346
v 11.787551 8.783151 -22.867168
v 11.786812 8.783320 -22.867115
v 11.786098 8.783574 -22.867182
v 11.785437 8.783898 -22.867371
v 11.784851 8.784278 -22.867674
v 11.784367 8.784704 -22.868076
v 11.784000 8.785156 -22.868567
v 11.783767 8.785618 -22.869125
v 11.783675 8.786072 -22.869728
v 11.783730 8.786503 -22.870352
v 11.783925 8.786888 -22.870977
v 11.784257 8.787218 -22.871576
v 11.784712 8.787478 -22.872128
v 11.785273 8.787662 -22.872608
v 11.785917 8.787758 -22.873001
v 11.786621 8.787764 -22.873293
v 11.787354 8.787676 -22.873468
v 11.788094 8.787505 -22.873524
v 11.791218 8.802657 -22.862230
v 11.791438 8.802540 -22.862020
v 11.791607 8.802405 -22.861774
v 11.791718 8.802259 -22.861506
v 11.791767 8.802110 -22.861219
v 11.791753 8.801961 -22.860929
v 11.791676 8.801820 -22.860647
v 11.791536 8.801686 -22.860382
v 11.791344 8.801574 -22.860146
v 11.791103 8.801482 -22.859945
v 11.790825 8.801414 -22.859791
v 11.790518 8.801374 -22.859686
v 11.790196 8.801364 -22.859636
v 11.789870 8.801382 -22.859642
v 11.789554 8.801429 -22.859707
v 11.789259 8.801502 -22.859823
v 11.788996 8.801601 -22.859989
v 11.788777 8.801721 -22.860199
v 11.788608 8.801854 -22.860445
v 11.788497 8.802000 -22.860714
v 11.788447 8.802151 -22.861000
v 11.788462 8.802299 -22.861290
v 11.788540 8.802442 -22.861572
v 11.788678 8.802573 -22.861837
v 11.788871 8.802686 -22.862074
v 11.789111 8.802779 -22.862274
v 11.789390 8.802846 -22.862429
v 11.789697 8.802887 -22.862534
v 11.790019 8.802897 -22.862583
v 11.790345 8.802879 -22.862576
v 11.790660 8.802829 -22.862514
v 11.790956 8.802757 -22.862396
v 11.796657 8.835227 -22.847336
v 11.796700 8.835216 -22.847313
v 11.796737 8.835198 -22.847286
v 11.796767 8.835176 -22.847252
v 11.796790 8.835151 -22.847216
v 11.796803 8.835123 -22.847178
v 11.796807 8.835091 -22.847139
v 11.796802 8.835057 -22.847103
v 11.796786 8.835027 -22.847067
v 11.796762 8.834997 -22.847034
v 11.796730 8.834969 -22.847010
v 11.796691 8.834943 -22.846989
v 11.796648 8.834926 -22.846975
v 11.796600 8.834909 -22.846970
v 11.796551 8.834901 -22.846972
v 11.796502 8.834901 -22.846981
v 11.796454 8.834904 -22.846998
v 11.796412 8.834914 -22.847021
v 11.796374 8.834931 -22.847048
v 11.796344 8.834952 -22.847082
v 11.796322 8.834979 -22.847116
v 11.796308 8.835006 -22.847157
v 11.796304 8.835038 -22.847195
v 11.796309 8.835072 -22.847233
v 11.796325 8.835103 -22.847267
v 11.796349 8.835135 -22.847298
v 11.796381 8.835160 -22.847324
v 11.796420 8.835186 -22.847343
v 11.796464 8.835207 -22.847357
v 11.796511 8.835218 -22.847364
v 11.796560 8.835229 -22.847363
v 11.796609 8.835229 -22.847353
v 11.816679 8.748729 -22.891668
v 11.821012 8.741119 -22.898428
v 11.817644 8.748732 -22.891422
v 11.822113 8.741414 -22.897913
v 11.818547 8.748660 -22.891006
v 11.823171 8.741518 -22.897255
v 11.819354 8.748515 -22.890438
v 11.824146 8.741420 -22.896479
v 11.820031 8.748302 -22.889740
v 11.825003 8.741130 -22.895615
v 11.820555 8.748034 -22.888935
v 11.825705 8.740656 -22.894695
v 11.820904 8.747714 -22.888058
v 11.826227 8.740018 -22.893755
v 11.821065 8.747360 -22.887140
v 11.826550 8.739237 -22.892834
v 11.821033 8.746983 -22.886219
v 11.826660 8.738347 -22.891962
v 11.820807 8.746598 -22.885326
v 11.826554 8.737378 -22.891178
v 11.820397 8.746218 -22.884501
v 11.826235 8.736371 -22.890509
v 11.819818 8.745862 -22.883772
v 11.825716 8.735363 -22.889980
v 11.819095 8.745539 -22.883167
v 11.825016 8.734394 -22.889614
v 11.818253 8.745263 -22.882711
v 11.824163 8.733500 -22.889423
v 11.817324 8.745045 -22.882421
v 11.823189 8.732717 -22.889414
v 11.816345 8.744895 -22.882309
v 11.822132 8.732070 -22.889591
v 11.815353 8.744816 -22.882376
v 11.821033 8.731591 -22.889942
v 11.814388 8.744814 -22.882622
v 11.819933 8.731293 -22.890457
v 11.813484 8.744884 -22.883038
v 11.818874 8.731191 -22.891115
v 11.812678 8.745028 -22.883606
v 11.817899 8.731287 -22.891891
v 11.812001 8.745241 -22.884304
v 11.817043 8.731577 -22.892757
v 11.811478 8.745509 -22.885109
v 11.816340 8.732053 -22.893677
v 11.811129 8.745829 -22.885986
v 11.815818 8.732692 -22.894615
v 11.810967 8.746183 -22.886904
v 11.815495 8.733473 -22.895536
v 11.811000 8.746561 -22.887825
v 11.815385 8.734362 -22.896408
v 11.811226 8.746946 -22.888716
v 11.815492 8.735329 -22.897194
v 11.811635 8.747326 -22.889544
v 11.815810 8.736338 -22.897861
v 11.812213 8.747682 -22.890272
v 11.816329 8.737346 -22.898390
v 11.812938 8.748006 -22.890875
v 11.817029 8.738314 -22.898758
v 11.813780 8.748281 -22.891333
v 11.817883 8.739208 -22.898949
v 11.814709 8.748496 -22.891623
v 11.818856 8.739992 -22.898956
v 11.815687 8.748647 -22.891737
v 11.819913 8.740638 -22.898781
v 11.813089 8.758324 -22.885189
v 11.813877 8.758199 -22.885002
v 11.814608 8.758026 -22.884674
v 11.815251 8.757806 -22.884218
v 11.815785 8.757553 -22.883652
v 11.816188 8.757273 -22.882994
v 11.816443 8.756978 -22.882275
v 11.816544 8.756679 -22.881517
v 11.816483 8.756386 -22.880756
v 11.816264 8.756114 -22.880014
v 11.815896 8.755869 -22.879324
v 11.815392 8.755666 -22.878712
v 11.814773 8.755507 -22.878199
v 11.814061 8.755401 -22.877808
v 11.813285 8.755352 -22.877552
v 11.812473 8.755362 -22.877441
v 11.811658 8.755429 -22.877480
v 11.810870 8.755552 -22.877668
v 11.810140 8.755726 -22.877996
v 11.809495 8.755944 -22.878452
v 11.808962 8.756199 -22.879019
v 11.808558 8.756478 -22.879675
v 11.808303 8.756774 -22.880394
v 11.808204 8.757073 -22.881151
v 11.808264 8.757364 -22.881914
v 11.808482 8.757637 -22.882654
v 11.808850 8.757880 -22.883347
v 11.809354 8.758086 -22.883957
v 11.809974 8.758243 -22.884470
v 11.810685 8.758349 -22.884863
v 11.811462 8.758397 -22.885118
v 11.812274 8.758390 -22.885229
v 11.810003 8.770334 -22.877993
v 11.810514 8.770240 -22.877892
v 11.810992 8.770118 -22.877697
v 11.811417 8.769974 -22.877415
v 11.811773 8.769811 -22.877058
v 11.812047 8.769639 -22.876638
v 11.812228 8.769462 -22.876173
v 11.812308 8.769287 -22.875679
v 11.812286 8.769121 -22.875177
v 11.812161 8.768972 -22.874683
v 11.811940 8.768842 -22.874220
v 11.811628 8.768738 -22.873804
v 11.811241 8.768666 -22.873449
v 11.810791 8.768628 -22.873173
v 11.810297 8.768622 -22.872982
v 11.809776 8.768652 -22.872887
v 11.809251 8.768716 -22.872889
v 11.808740 8.768811 -22.872990
v 11.808261 8.768930 -22.873184
v 11.807837 8.769074 -22.873466
v 11.807481 8.769238 -22.873823
v 11.807206 8.769410 -22.874243
v 11.807026 8.769588 -22.874708
v 11.806945 8.769763 -22.875202
v 11.806967 8.769928 -22.875704
v 11.807092 8.770077 -22.876198
v 11.807313 8.770205 -22.876661
v 11.807624 8.770309 -22.877077
v 11.808012 8.770385 -22.877430
v 11.808462 8.770423 -22.877708
v 11.808956 8.770428 -22.877897
v 11.809477 8.770397 -22.877995
v 11.810194 8.782866 -22.873301
v 11.810378 8.782857 -22.873167
v 11.810533 8.782832 -22.873003
v 11.810652 8.782802 -22.872812
v 11.810731 8.782761 -22.872602
v 11.810767 8.782713 -22.872383
v 11.810760 8.782661 -22.872162
v 11.810709 8.782605 -22.871948
v 11.810615 8.782551 -22.871748
v 11.810484 8.782496 -22.871572
v 11.810318 8.782444 -22.871426
v 11.810126 8.782398 -22.871313
v 11.809915 8.782360 -22.871239
v 11.809691 8.782329 -22.871208
v 11.809466 8.782308 -22.871222
v 11.809246 8.782299 -22.871277
v 11.809040 8.782299 -22.871372
v 11.808857 8.782311 -22.871506
v 11.808702 8.782332 -22.871672
v 11.808583 8.782365 -22.871862
v 11.808503 8.782407 -22.872070
v 11.808467 8.782452 -22.872290
v 11.808474 8.782504 -22.872511
v 11.808525 8.782561 -22.872725
v 11.808619 8.782616 -22.872925
v 11.808751 8.782671 -22.873102
v 11.808915 8.782722 -22.873249
v 11.809108 8.782768 -22.873362
v 11.809319 8.782808 -22.873434
v 11.809543 8.782838 -22.873465
v 11.809768 8.782857 -22.873453
v 11.809988 8.782868 -22.873396
v 11.810105 8.807783 -22.869318
v 11.810138 8.807785 -22.869307
v 11.810168 8.807784 -22.869289
v 11.810195 8.807780 -22.869267
v 11.810217 8.807773 -22.869242
v 11.810233 8.807763 -22.869211
v 11.810245 8.807750 -22.869183
v 11.810248 8.807732 -22.869152
v 11.810246 8.807717 -22.869120
v 11.810237 8.807700 -22.869091
v 11.810222 8.807682 -22.869066
v 11.810201 8.807665 -22.869043
v 11.810175 8.807649 -22.869026
v 11.810146 8.807635 -22.869015
v 11.810114 8.807622 -22.869009
v 11.810081 8.807614 -22.869009
v 11.810047 8.807607 -22.869015
v 11.810015 8.807605 -22.869026
v 11.809984 8.807606 -22.869043
v 11.809958 8.807609 -22.869066
v 11.809936 8.807617 -22.869091
v 11.809918 8.807628 -22.869120
v 11.809908 8.807641 -22.869150
v 11.809904 8.807655 -22.869183
v 11.809907 8.807673 -22.869211
v 11.809916 8.807690 -22.869242
v 11.809931 8.807707 -22.869267
v 11.809951 8.807726 -22.869289
v 11.809977 8.807742 -22.869305
v 11.810006 8.807755 -22.869318
v 11.810039 8.807767 -22.869324
v 11.810072 8.807775 -22.869324
v 11.832330 8.746009 -22.885876
v 11.832938 8.743956 -22.892736
v 11.832932 8.746191 -22.886030
v 11.833679 8.744288 -22.892712
v 11.833568 8.746286 -22.886103
v 11.834469 8.744473 -22.892656
v 11.834215 8.746285 -22.886091
v 11.835277 8.744499 -22.892576
v 11.834848 8.746190 -22.885998
v 11.836072 8.744370 -22.892471
v 11.835443 8.746004 -22.885820
v 11.836823 8.744088 -22.892347
v 11.835979 8.745737 -22.885571
v 11.837504 8.743668 -22.892208
v 11.836431 8.745397 -22.885256
v 11.838085 8.743117 -22.892061
v 11.836783 8.744996 -22.884890
v 11.838547 8.742466 -22.891909
v 11.837024 8.744553 -22.884483
v 11.838870 8.741735 -22.891760
v 11.837142 8.744079 -22.884058
v 11.839042 8.740954 -22.891619
v 11.837133 8.743598 -22.883623
v 11.839056 8.740152 -22.891493
v 11.837000 8.743125 -22.883202
v 11.838913 8.739360 -22.891382
v 11.836744 8.742682 -22.882805
v 11.838617 8.738606 -22.891296
v 11.836378 8.742281 -22.882452
v 11.838181 8.737926 -22.891233
v 11.835915 8.741942 -22.882153
v 11.837620 8.737339 -22.891201
v 11.835371 8.741674 -22.881922
v 11.836956 8.736871 -22.891197
v 11.834770 8.741491 -22.881767
v 11.836215 8.736537 -22.891224
v 11.834133 8.741397 -22.881695
v 11.835425 8.736353 -22.891279
v 11.833487 8.741398 -22.881706
v 11.834618 8.736325 -22.891361
v 11.832852 8.741493 -22.881800
v 11.833822 8.736455 -22.891466
v 11.832257 8.741676 -22.881977
v 11.833070 8.736736 -22.891588
v 11.831723 8.741945 -22.882227
v 11.832390 8.737161 -22.891726
v 11.831271 8.742286 -22.882542
v 11.831808 8.737707 -22.891874
v 11.830918 8.742687 -22.882908
v 11.831347 8.738358 -22.892027
v 11.830678 8.743131 -22.883314
v 11.831024 8.739089 -22.892176
v 11.830560 8.743603 -22.883741
v 11.830853 8.739871 -22.892315
v 11.830567 8.744083 -22.884174
v 11.830837 8.740674 -22.892443
v 11.830702 8.744556 -22.884596
v 11.830981 8.741466 -22.892553
v 11.830956 8.745002 -22.884993
v 11.831277 8.742218 -22.892639
v 11.831324 8.745400 -22.885345
v 11.831714 8.742899 -22.892702
v 11.831787 8.745739 -22.885645
v 11.832274 8.743486 -22.892735
v 11.831820 8.749431 -22.878799
v 11.832317 8.749510 -22.878971
v 11.832841 8.749522 -22.879066
v 11.833369 8.749461 -22.879086
v 11.833883 8.749333 -22.879028
v 11.834361 8.749142 -22.878895
v 11.834786 8.748896 -22.878689
v 11.835142 8.748603 -22.878422
v 11.835415 8.748277 -22.878103
v 11.835593 8.747926 -22.877745
v 11.835671 8.747566 -22.877359
v 11.835646 8.747213 -22.876961
v 11.835518 8.746877 -22.876570
v 11.835292 8.746574 -22.876194
v 11.834977 8.746313 -22.875854
v 11.834585 8.746105 -22.875561
v 11.834132 8.745959 -22.875322
v 11.833633 8.745879 -22.875153
v 11.833110 8.745868 -22.875057
v 11.832582 8.745927 -22.875038
v 11.832068 8.746057 -22.875095
v 11.831590 8.746247 -22.875229
v 11.831164 8.746492 -22.875435
v 11.830809 8.746786 -22.875700
v 11.830537 8.747113 -22.876020
v 11.830358 8.747462 -22.876379
v 11.830279 8.747822 -22.876764
v 11.830305 8.748177 -22.877161
v 11.830434 8.748511 -22.877554
v 11.830659 8.748815 -22.877930
v 11.830975 8.749075 -22.878269
v 11.831366 8.749284 -22.878563
v 11.831597 8.754223 -22.870813
v 11.831915 8.754271 -22.870937
v 11.832251 8.754276 -22.871014
v 11.832592 8.754239 -22.871037
v 11.832927 8.754164 -22.871006
v 11.833241 8.754048 -22.870924
v 11.833523 8.753901 -22.870792
v 11.833761 8.753726 -22.870617
v 11.833947 8.753529 -22.870403
v 11.834074 8.753321 -22.870161
v 11.834137 8.753104 -22.869900
v 11.834132 8.752892 -22.869629
v 11.834062 8.752692 -22.869358
v 11.833927 8.752509 -22.869099
v 11.833734 8.752353 -22.868860
v 11.833489 8.752229 -22.868652
v 11.833202 8.752142 -22.868483
v 11.832886 8.752093 -22.868359
v 11.832549 8.752087 -22.868282
v 11.832208 8.752122 -22.868261
v 11.831874 8.752200 -22.868290
v 11.831559 8.752315 -22.868374
v 11.831278 8.752462 -22.868504
v 11.831039 8.752640 -22.868679
v 11.830853 8.752834 -22.868893
v 11.830727 8.753044 -22.869135
v 11.830664 8.753259 -22.869396
v 11.830668 8.753470 -22.869667
v 11.830739 8.753673 -22.869938
v 11.830873 8.753855 -22.870197
v 11.831067 8.754010 -22.870436
v 11.831311 8.754135 -22.870644
v 11.832158 8.760568 -22.864893
v 11.832305 8.760581 -22.864882
v 11.832449 8.760572 -22.864851
v 11.832584 8.760548 -22.864798
v 11.832706 8.760502 -22.864727
v 11.832809 8.760443 -22.864641
v 11.832891 8.760368 -22.864542
v 11.832946 8.760282 -22.864435
v 11.832974 8.760190 -22.864323
v 11.832973 8.760096 -22.864210
v 11.832944 8.759998 -22.864103
v 11.832888 8.759905 -22.864004
v 11.832806 8.759818 -22.863918
v 11.832702 8.759741 -22.863846
v 11.832579 8.759678 -22.863792
v 11.832443 8.759631 -22.863760
v 11.832299 8.759602 -22.863747
v 11.832152 8.759591 -22.863758
v 11.832008 8.759597 -22.863791
v 11.831873 8.759624 -22.863844
v 11.831751 8.759668 -22.863914
v 11.831648 8.759727 -22.864000
v 11.831567 8.759802 -22.864100
v 11.831511 8.759889 -22.864206
v 11.831483 8.759980 -22.864319
v 11.831484 8.760077 -22.864429
v 11.831512 8.760173 -22.864538
v 11.831570 8.760266 -22.864637
v 11.831652 8.760353 -22.864723
v 11.831756 8.760429 -22.864796
v 11.831879 8.760491 -22.864849
v 11.832014 8.760540 -22.864882
v 11.831093 8.774095 -22.855688
v 11.831115 8.774100 -22.855692
v 11.831137 8.774103 -22.855692
v 11.831160 8.774104 -22.855688
v 11.831181 8.774100 -22.855684
v 11.831202 8.774093 -22.855677
v 11.831219 8.774081 -22.855669
v 11.831234 8.774066 -22.855659
v 11.831245 8.774052 -22.855648
v 11.831253 8.774035 -22.855635
v 11.831256 8.774015 -22.855623
v 11.831254 8.773996 -22.855612
v 11.831248 8.773978 -22.855600
v 11.831239 8.773961 -22.855589
v 11.831224 8.773944 -22.855581
v 11.831208 8.773932 -22.855574
v 11.831188 8.773920 -22.855570
v 11.831167 8.773913 -22.855566
v 11.831145 8.773910 -22.855566
v 11.831122 8.773911 -22.855568
v 11.831100 8.773915 -22.855572
v 11.831080 8.773922 -22.855579
v 11.831062 8.773933 -22.855587
v 11.831048 8.773948 -22.855597
v 11.831037 8.773964 -22.855608
v 11.831029 8.773980 -22.855621
v 11.831026 8.774000 -22.855633
v 11.831027 8.774017 -22.855646
v 11.831033 8.774038 -22.855656
v 11.831043 8.774054 -22.855667
v 11.831057 8.774071 -22.855677
v 11.831074 8.774083 -22.855682
v 11.842420 8.747259 -22.887733
v 11.842603 8.745719 -22.892706
v 11.842872 8.747316 -22.887846
v 11.843173 8.745867 -22.892687
v 11.843338 8.747307 -22.887899
v 11.843760 8.745901 -22.892647
v 11.843801 8.747227 -22.887890
v 11.844339 8.745822 -22.892588
v 11.844241 8.747081 -22.887821
v 11.844892 8.745631 -22.892513
v 11.844644 8.746876 -22.887693
v 11.845394 8.745338 -22.892422
v 11.844993 8.746620 -22.887512
v 11.845829 8.744955 -22.892321
v 11.845273 8.746321 -22.887285
v 11.846177 8.744491 -22.892216
v 11.845476 8.745994 -22.887018
v 11.846426 8.743970 -22.892105
v 11.845593 8.745646 -22.886724
v 11.846568 8.743408 -22.891998
v 11.845620 8.745294 -22.886415
v 11.846595 8.742830 -22.891895
v 11.845555 8.744950 -22.886103
v 11.846507 8.742255 -22.891804
v 11.845402 8.744630 -22.885796
v 11.846308 8.741707 -22.891724
v 11.845166 8.744345 -22.885509
v 11.846004 8.741204 -22.891661
v 11.844855 8.744103 -22.885254
v 11.845610 8.740772 -22.891617
v 11.844482 8.743917 -22.885036
v 11.845138 8.740421 -22.891592
v 11.844062 8.743793 -22.884869
v 11.844606 8.740169 -22.891590
v 11.843610 8.743735 -22.884756
v 11.844036 8.740021 -22.891609
v 11.843144 8.743746 -22.884705
v 11.843450 8.739985 -22.891649
v 11.842682 8.743826 -22.884712
v 11.842870 8.740065 -22.891708
v 11.842241 8.743972 -22.884781
v 11.842318 8.740254 -22.891783
v 11.841838 8.744175 -22.884909
v 11.841815 8.740548 -22.891872
v 11.841490 8.744432 -22.885090
v 11.841381 8.740934 -22.891973
v 11.841208 8.744730 -22.885319
v 11.841032 8.741395 -22.892080
v 11.841005 8.745061 -22.885584
v 11.840782 8.741916 -22.892191
v 11.840888 8.745407 -22.885878
v 11.840641 8.742477 -22.892298
v 11.840861 8.745758 -22.886187
v 11.840614 8.743057 -22.892401
v 11.840926 8.746101 -22.886501
v 11.840702 8.743633 -22.892492
v 11.841080 8.746422 -22.886806
v 11.840901 8.744180 -22.892572
v 11.841316 8.746708 -22.887093
v 11.841205 8.744681 -22.892635
v 11.841627 8.746948 -22.887350
v 11.841599 8.745114 -22.892679
v 11.841999 8.747134 -22.887568
v 11.842072 8.745466 -22.892702
v 11.842474 8.749766 -22.882607
v 11.842839 8.749763 -22.882730
v 11.843214 8.749706 -22.882799
v 11.843585 8.749599 -22.882814
v 11.843936 8.749444 -22.882772
v 11.844254 8.749249 -22.882675
v 11.844527 8.749021 -22.882526
v 11.844746 8.748769 -22.882334
v 11.844900 8.748502 -22.882103
v 11.844985 8.748230 -22.881842
v 11.844996 8.747963 -22.881563
v 11.844935 8.747715 -22.881275
v 11.844803 8.747490 -22.880991
v 11.844604 8.747302 -22.880720
v 11.844348 8.747153 -22.880472
v 11.844043 8.747053 -22.880260
v 11.843700 8.747005 -22.880087
v 11.843335 8.747008 -22.879965
v 11.842960 8.747065 -22.879896
v 11.842589 8.747170 -22.879881
v 11.842239 8.747327 -22.879923
v 11.841921 8.747520 -22.880020
v 11.841647 8.747748 -22.880169
v 11.841429 8.748001 -22.880362
v 11.841274 8.748268 -22.880592
v 11.841189 8.748539 -22.880854
v 11.841177 8.748805 -22.881132
v 11.841239 8.749055 -22.881420
v 11.841372 8.749279 -22.881704
v 11.841570 8.749467 -22.881975
v 11.841826 8.749615 -22.882223
v 11.842133 8.749717 -22.882435
v 11.842901 8.753215 -22.876820
v 11.843134 8.753211 -22.876911
v 11.843374 8.753175 -22.876965
v 11.843614 8.753106 -22.876982
v 11.843843 8.753011 -22.876959
v 11.844053 8.752891 -22.876900
v 11.844236 8.752750 -22.876804
v 11.844385 8.752596 -22.876678
v 11.844495 8.752433 -22.876524
v 11.844560 8.752268 -22.876348
v 11.844578 8.752106 -22.876160
v 11.844549 8.751955 -22.875961
v 11.844474 8.751822 -22.875767
v 11.844356 8.751707 -22.875578
v 11.844198 8.751619 -22.875406
v 11.844008 8.751560 -22.875256
v 11.843793 8.751534 -22.875132
v 11.843561 8.751538 -22.875042
v 11.843320 8.751574 -22.874987
v 11.843081 8.751640 -22.874971
v 11.842852 8.751738 -22.874992
v 11.842641 8.751858 -22.875053
v 11.842458 8.751998 -22.875147
v 11.842309 8.752152 -22.875275
v 11.842200 8.752316 -22.875429
v 11.842135 8.752481 -22.875605
v 11.842116 8.752641 -22.875793
v 11.842146 8.752791 -22.875990
v 11.842221 8.752928 -22.876186
v 11.842340 8.753040 -22.876373
v 11.842496 8.753129 -22.876547
v 11.842687 8.753188 -22.876698
v 11.844078 8.757678 -22.872532
v 11.844184 8.757670 -22.872524
v 11.844286 8.757645 -22.872499
v 11.844379 8.757611 -22.872461
v 11.844460 8.757564 -22.872410
v 11.844527 8.757509 -22.872349
v 11.844576 8.757446 -22.872276
v 11.844605 8.757378 -22.872200
v 11.844614 8.757308 -22.872118
v 11.844602 8.757241 -22.872036
v 11.844569 8.757174 -22.871960
v 11.844518 8.757115 -22.871887
v 11.844448 8.757064 -22.871824
v 11.844364 8.757021 -22.871773
v 11.844269 8.756991 -22.871735
v 11.844167 8.756975 -22.871710
v 11.844060 8.756971 -22.871700
v 11.843954 8.756981 -22.871708
v 11.843852 8.757004 -22.871733
v 11.843759 8.757039 -22.871771
v 11.843677 8.757086 -22.871822
v 11.843610 8.757140 -22.871885
v 11.843561 8.757204 -22.871956
v 11.843533 8.757272 -22.872032
v 11.843524 8.757341 -22.872114
v 11.843536 8.757410 -22.872196
v 11.843569 8.757475 -22.872272
v 11.843620 8.757535 -22.872345
v 11.843690 8.757587 -22.872408
v 11.843773 8.757627 -22.872461
v 11.843868 8.757657 -22.872499
v 11.843971 8.757676 -22.872522
v 11.844971 8.767467 -22.865862
v 11.844987 8.767470 -22.865864
v 11.845003 8.767469 -22.865864
v 11.845019 8.767468 -22.865862
v 11.845035 8.767462 -22.865858
v 11.845048 8.767455 -22.865854
v 11.845059 8.767445 -22.865849
v 11.845068 8.767431 -22.865841
v 11.845075 8.767420 -22.865833
v 11.845078 8.767406 -22.865824
v 11.845078 8.767391 -22.865814
v 11.845074 8.767378 -22.865807
v 11.845068 8.767365 -22.865797
v 11.845058 8.767357 -22.865789
v 11.845047 8.767344 -22.865784
v 11.845034 8.767339 -22.865778
v 11.845017 8.767333 -22.865776
v 11.845002 8.767330 -22.865774
v 11.844985 8.767329 -22.865774
v 11.844970 8.767334 -22.865774
v 11.844954 8.767339 -22.865778
v 11.844941 8.767347 -22.865784
v 11.844930 8.767358 -22.865789
v 11.844921 8.767369 -22.865795
v 11.844914 8.767382 -22.865805
v 11.844912 8.767395 -22.865814
v 11.844912 8.767408 -22.865822
v 11.844914 8.767422 -22.865831
v 11.844921 8.767435 -22.865839
v 11.844931 8.767446 -22.865847
v 11.844942 8.767456 -22.865852
v 11.844955 8.767462 -22.865858
vn -0.0000 -0.7417 -0.6707
vn -0.0000 0.1449 -0.9894
vn 0.2956 0.0671 -0.9529
vn 0.2573 -0.5946 -0.7618
vn -0.0000 -0.2888 -0.9574
vn -0.0000 0.1828 -0.9831
vn 0.1971 0.1830 -0.9632
vn 0.1956 -0.2838 -0.9387
vn -0.0000 0.9730 -0.2308
vn -0.0000 1.0000 -0.0000
vn 0.0520 0.9749 -0.2163
vn -0.0000 -0.8857 0.4643
vn -0.0000 -0.4265 -0.9045
vn 0.1855 -0.4218 -0.8875
vn -0.0000 0.9519 -0.3064
vn 0.0676 0.9511 -0.3013
vn -0.0000 -0.4675 -0.8840
vn 0.1823 -0.4644 -0.8667
vn -0.0000 0.9249 -0.3802
vn 0.0805 0.9246 -0.3723
vn -0.0000 -0.6240 -0.7814
vn 0.1596 -0.6229 -0.7658
vn -0.0000 0.8822 -0.4709
vn 0.0990 0.8802 -0.4641
vn -0.0000 -0.8186 -0.5744
vn 0.1200 -0.8163 -0.5650
vn -0.0000 0.8280 -0.5608
vn 0.1167 0.8252 -0.5527
vn -0.0000 -0.5161 -0.8565
vn 0.2297 -0.5239 -0.8202
vn -0.0000 0.6700 -0.7424
vn 0.1530 0.6660 -0.7301
vn 0.3938 -0.5093 -0.7652
vn 0.3360 0.0939 -0.9372
vn 0.5197 0.6084 -0.5998
vn 0.5438 0.1824 -0.8192
vn 0.2535 -0.6525 -0.7141
vn 0.4671 -0.3517 -0.8113
vn 0.3897 -0.4293 -0.8147
vn 0.0878 0.9740 -0.2090
vn 0.5272 -0.2292 -0.8183
vn 0.1716 0.9438 -0.2824
vn 0.7067 0.6602 0.2543
vn 0.3947 0.8950 0.2078
vn 0.3061 0.9031 0.3011
vn 0.5223 0.7624 0.3821
vn 0.2463 0.9127 -0.3260
vn 0.3138 0.8491 -0.4250
vn 0.3304 -0.6272 -0.7053
vn 0.2959 -0.8105 -0.5055
vn 0.4343 0.7497 -0.4994
vn 0.2739 0.9217 -0.2747
vn 0.4546 0.8454 -0.2805
vn 0.7257 -0.3600 -0.5863
vn 0.6202 -0.5909 -0.5160
vn 0.6595 0.6387 -0.3964
vn 0.4947 -0.7507 -0.4378
vn 0.7890 0.4863 -0.3755
vn 0.5469 -0.4324 -0.7168
vn 0.8464 0.3551 -0.3970
vn 0.5047 0.0727 -0.8602
vn 0.8692 0.0807 -0.4878
vn 0.3009 -0.6381 -0.7087
vn 0.8646 -0.0570 -0.4992
vn 0.1281 0.9736 -0.1889
vn 0.8137 -0.1837 -0.5515
vn 0.8390 0.2975 -0.4556
vn 0.8710 0.1607 -0.4642
vn 0.8230 -0.0097 -0.5680
vn 0.5033 -0.7373 -0.4507
vn 0.8759 0.0561 -0.4792
vn 0.1637 0.9732 -0.1613
vn 0.8604 -0.1030 -0.4990
vn 0.3503 0.8997 -0.2606
vn 0.8201 -0.3275 -0.4692
vn 0.5636 0.7953 -0.2233
vn 0.7126 -0.5415 -0.4460
vn 0.7162 0.6434 -0.2704
vn 0.5625 -0.6897 -0.4559
vn 0.8049 0.4215 -0.4176
vn 0.6902 -0.4506 -0.5661
vn 0.8902 -0.3186 -0.3256
vn 0.8116 -0.4787 -0.3348
vn 0.6061 0.7531 -0.2558
vn 0.7238 0.6590 -0.2046
vn 0.6874 -0.6245 -0.3708
vn 0.8471 0.4533 -0.2772
vn 0.7664 -0.5146 -0.3844
vn 0.8872 0.2760 -0.3698
vn 0.8774 -0.0296 -0.4789
vn 0.9085 0.1668 -0.3832
vn 0.6331 -0.7123 -0.3031
vn 0.9283 0.0576 -0.3672
vn 0.1932 0.9729 -0.1271
vn 0.9395 -0.0866 -0.3314
vn 0.4122 0.8800 -0.2360
vn 0.9603 -0.1142 -0.2546
vn 0.7464 -0.5907 -0.3066
vn 0.9788 0.1387 -0.1509
vn 0.9958 0.0087 -0.0912
vn 0.2152 0.9726 -0.0878
vn 0.9957 -0.0919 -0.0086
vn 0.4477 0.8750 -0.1842
vn 0.9644 -0.2634 0.0239
vn 0.6357 0.7272 -0.2591
vn 0.9323 -0.3545 -0.0714
vn 0.7829 0.5918 -0.1919
vn 0.8425 -0.4956 -0.2109
vn 0.8800 0.4657 -0.0935
vn 0.7805 -0.5717 -0.2530
vn 0.9515 0.2829 -0.1209
vn 0.9733 -0.2293 -0.0072
vn 0.9237 -0.3811 -0.0400
vn 0.8479 0.5201 -0.1032
vn 0.8874 0.4465 -0.1149
vn 0.8027 -0.5893 -0.0919
vn 0.9384 0.3155 -0.1412
vn 0.9733 -0.2292 0.0111
vn 0.9829 0.1164 -0.1426
vn 0.7246 -0.6847 0.0785
vn 0.9935 -0.0613 -0.0955
vn 0.2288 0.9724 -0.0448
vn 0.9870 -0.1604 -0.0094
vn 0.4811 0.8721 -0.0890
vn 0.9646 -0.2614 0.0337
vn 0.7008 0.7063 -0.1000
vn 0.2334 0.9724 -0.0000
vn 0.6256 -0.6733 0.3940
vn 0.9941 -0.1088 0.0025
vn 0.9783 -0.2053 0.0280
vn 0.4962 0.8682 0.0089
vn 0.9655 -0.2582 0.0330
vn 0.7357 0.6759 0.0440
vn 0.9738 -0.2190 0.0615
vn 0.8362 0.5479 0.0250
vn 0.9216 -0.3769 0.0926
vn 0.8804 0.4734 -0.0282
vn 0.8184 -0.5737 0.0329
vn 0.9512 0.3082 -0.0157
vn 0.9172 -0.3068 0.2543
vn 0.9933 0.1154 -0.0055
vn 0.9037 -0.3949 0.1656
vn 0.7693 -0.6038 0.2086
vn 0.8521 0.5103 0.1163
vn 0.9505 0.3025 0.0707
vn 0.7558 -0.4044 0.5150
vn 0.9884 0.0557 0.1416
vn 0.3988 -0.9122 -0.0945
vn 0.9723 -0.1119 0.2051
vn 0.2288 0.9724 0.0448
vn 0.9736 -0.1739 0.1480
vn 0.4915 0.8650 0.1011
vn 0.9574 -0.2671 0.1100
vn 0.7268 0.6697 0.1525
vn 0.9497 -0.2773 0.1458
vn 0.8013 0.5755 0.1635
vn 0.9113 -0.0442 0.4093
vn 0.9533 -0.0836 0.2902
vn 0.2152 0.9726 0.0878
vn 0.4675 0.8721 0.1448
vn 0.9441 -0.2697 0.1898
vn 0.7099 0.6757 0.1988
vn 0.9390 -0.3004 0.1675
vn 0.7870 0.5508 0.2780
vn 0.8873 -0.4223 0.1854
vn 0.7754 0.5559 0.2995
vn 0.5518 -0.7293 0.4046
vn 0.9044 0.2860 0.3166
vn 0.2888 -0.4784 0.8293
vn 0.9113 -0.0248 0.4109
vn 0.0975 -0.3626 0.9268
vn 0.8177 -0.5113 0.2645
vn 0.4530 -0.8242 0.3398
vn 0.7937 0.4662 0.3908
vn 0.7559 0.2616 0.6001
vn 0.1567 -0.7024 0.6943
vn 0.8549 0.0986 0.5094
vn 0.1018 -0.0183 0.9946
vn 0.9589 0.0769 0.2730
vn 0.1932 0.9729 0.1271
vn 0.9579 -0.1639 0.2358
vn 0.9012 -0.3011 0.3117
vn 0.8526 -0.4199 0.3110
vn 0.8187 0.5163 0.2511
vn 0.8075 -0.2365 0.5404
vn 0.6686 -0.3243 0.6692
vn 0.1637 0.9732 0.1613
vn 0.7532 -0.3371 0.5649
vn 0.7305 0.5769 0.3654
vn 0.7822 -0.4720 0.4067
vn 0.7748 0.3465 0.5288
vn 0.6270 -0.7787 -0.0230
vn 0.7493 0.2250 0.6229
vn 0.4022 -0.9048 0.1401
vn 0.7789 0.2921 0.5549
vn 0.4883 -0.4767 0.7310
vn 0.8801 0.1186 0.4597
vn 0.6085 0.3335 0.7201
vn 0.6792 0.1689 0.7143
vn 0.3445 -0.9306 -0.1240
vn 0.4724 -0.8770 0.0881
vn 0.6237 0.2923 0.7250
vn 0.4904 -0.5951 0.6367
vn 0.4448 0.0082 0.8956
vn 0.1281 0.9736 0.1889
vn 0.2234 -0.1926 0.9555
vn 0.2407 0.9036 0.3543
vn 0.2511 -0.1288 0.9594
vn 0.3403 0.7958 0.5009
vn 0.5223 -0.2021 0.8285
vn 0.4449 0.6502 0.6159
vn 0.7690 -0.3010 0.5640
vn 0.4844 -0.0221 0.8746
vn 0.8660 0.0541 0.4972
vn 0.1659 0.9040 0.3939
vn 0.2346 0.7966 0.5571
vn 0.5530 -0.2375 0.7986
vn 0.2909 0.6617 0.6910
vn 0.6502 -0.0578 0.7576
vn 0.7084 -0.1210 0.6953
vn 0.3710 0.3991 0.8385
vn 0.7681 -0.6029 0.2159
vn 0.4526 0.2302 0.8615
vn 0.2946 -0.9179 0.2659
vn 0.3977 0.2341 0.8872
vn 0.3322 -0.5818 0.7424
vn 0.2638 -0.0708 0.9620
vn 0.0878 0.9740 0.2090
vn 0.2999 -0.9427 0.1461
vn 0.3987 -0.8960 0.1957
vn 0.2027 0.2349 0.9507
vn 0.1793 0.2009 0.9631
vn 0.1941 -0.5794 0.7916
vn 0.3664 -0.0102 0.9304
vn 0.0520 0.9749 0.2163
vn 0.6867 0.1442 0.7125
vn 0.0928 0.9045 0.4163
vn 0.7092 -0.2326 0.6655
vn 0.1267 0.7971 0.5904
vn 0.6940 -0.3430 0.6330
vn 0.1549 0.6623 0.7331
vn 0.3435 -0.0857 0.9352
vn 0.3984 -0.1063 0.9110
vn 0.1828 0.4034 0.8966
vn 0.4393 -0.2917 0.8497
vn -0.0000 -0.3195 0.9476
vn -0.0000 -0.4786 0.8780
vn -0.0000 0.7972 0.6037
vn -0.0000 0.6627 0.7489
vn -0.0000 0.0620 0.9981
vn -0.0000 -0.0139 0.9999
vn -0.0000 0.3967 0.9179
vn -0.0000 -0.2886 0.9575
vn -0.0000 -0.9495 0.3137
vn -0.0000 0.2288 0.9735
vn -0.0000 -0.9926 0.1210
vn -0.0000 0.1838 0.9830
vn -0.0000 -0.5709 0.8210
vn -0.0000 0.1477 0.9890
vn -0.0000 0.9730 0.2308
vn -0.0000 0.2848 0.9586
vn -0.0000 0.9041 0.4274
vn -0.4585 0.4149 -0.7859
vn -0.0109 0.8899 -0.4560
vn 0.1301 0.8143 -0.5656
vn -0.3255 0.3543 -0.8766
vn 0.2736 0.7099 -0.6490
vn -0.1949 0.2658 -0.9441
vn 0.4126 0.5802 -0.7023
vn -0.0733 0.1531 -0.9855
vn 0.5403 0.4299 -0.7234
vn 0.0326 0.0210 -0.9992
vn 0.6505 0.2649 -0.7118
vn 0.1170 -0.1239 -0.9854
vn 0.7382 0.0921 -0.6682
vn 0.1755 -0.2743 -0.9455
vn 0.7999 -0.0811 -0.5946
vn 0.2056 -0.4220 -0.8830
vn 0.8337 -0.2470 -0.4939
vn 0.2077 -0.5589 -0.8028
vn 0.8390 -0.3988 -0.3701
vn 0.1848 -0.6787 -0.7108
vn 0.8165 -0.5303 -0.2283
vn 0.1418 -0.7777 -0.6124
vn 0.7672 -0.6371 -0.0739
vn 0.0839 -0.8547 -0.5123
vn 0.6931 -0.7155 0.0871
vn 0.0157 -0.9104 -0.4135
vn 0.5965 -0.7632 0.2484
vn -0.0595 -0.9464 -0.3174
vn 0.4808 -0.7783 0.4038
vn -0.1399 -0.9643 -0.2249
vn 0.3500 -0.7604 0.5471
vn -0.2246 -0.9649 -0.1361
vn 0.2095 -0.7095 0.6729
vn -0.3132 -0.9483 -0.0511
vn 0.0649 -0.6272 0.7762
vn -0.4057 -0.9135 0.0289
vn -0.0771 -0.5160 0.8531
vn -0.5016 -0.8591 0.1022
vn -0.2102 -0.3801 0.9007
vn -0.5993 -0.7832 0.1655
vn -0.3284 -0.2247 0.9174
vn -0.6961 -0.6853 0.2139
vn -0.4265 -0.0567 0.9027
vn -0.7878 -0.5663 0.2421
vn -0.5012 0.1162 0.8575
vn -0.8689 -0.4301 0.2449
vn -0.5508 0.2859 0.7842
vn -0.9339 -0.2827 0.2190
vn -0.5753 0.4452 0.6861
vn -0.9776 -0.1322 0.1637
vn -0.5760 0.5883 0.5676
vn -0.9966 0.0133 0.0811
vn -0.5543 0.7109 0.4329
vn -0.9890 0.1462 -0.0243
vn -0.5112 0.8104 0.2862
vn -0.9543 0.2601 -0.1469
vn -0.4477 0.8844 0.1321
vn -0.8939 0.3500 -0.2799
vn -0.3644 0.9309 -0.0249
vn -0.8102 0.4123 -0.4167
vn -0.2623 0.9482 -0.1793
vn -0.7065 0.4445 -0.5507
vn 0.9731 -0.2122 -0.0899
vn 0.9609 -0.2599 0.0952
vn -0.1433 0.9347 -0.3252
vn -0.5875 0.4454 -0.6756
vn 0.9506 -0.1509 -0.2713
vn 0.9730 0.2280 0.0363
vn 0.9569 0.2115 0.1993
vn 0.0036 -0.0508 0.9987
vn -0.1554 0.0302 0.9874
vn -0.7939 0.5943 -0.1283
vn -0.7236 0.6095 -0.3240
vn 0.6859 0.0853 -0.7227
vn 0.8044 0.0010 -0.5941
vn 0.6141 -0.2798 0.7380
vn 0.4740 -0.2419 0.8467
vn -0.6887 0.3697 0.6237
vn -0.7692 0.4445 0.4591
vn 0.0262 0.4146 -0.9096
vn 0.2066 0.3384 -0.9180
vn 0.9156 -0.2915 0.2771
vn -0.3089 0.1154 0.9441
vn -0.6179 0.6046 -0.5026
vn 0.8938 -0.0788 -0.4415
vn 0.3225 -0.1894 0.9274
vn -0.8162 0.5091 0.2733
vn 0.3810 0.2566 -0.8883
vn 0.8398 -0.3055 0.4487
vn -0.4524 0.2022 0.8686
vn -0.4829 0.5804 -0.6558
vn 0.1642 -0.1249 0.9785
vn -0.8251 0.5601 0.0743
vn 0.5429 0.1714 -0.8221
vn 0.7377 -0.3015 0.6040
vn -0.5810 0.2879 0.7613
vn -0.3256 0.5386 -0.7771
vn -0.1536 0.4823 -0.8624
vn 0.7679 0.1862 0.6129
vn 0.8512 0.1904 0.4890
vn 0.8069 0.5166 0.2863
vn 0.7830 0.5165 0.3467
vn -0.7907 0.2348 0.5654
vn -0.9006 0.2316 0.3677
vn 0.9151 0.1988 0.3508
vn -0.9615 0.2269 0.1548
vn -0.9734 0.2216 -0.0582
vn -0.9409 0.2170 -0.2600
vn 0.6671 0.1857 0.7215
vn -0.8702 0.2145 -0.4435
vn 0.5498 0.1886 0.8137
vn -0.0808 0.2680 -0.9600
vn 0.1372 0.2882 -0.9477
vn -0.7668 0.2153 -0.6047
vn 0.4163 0.1943 0.8882
vn 0.3511 0.3031 -0.8859
vn -0.6339 0.2207 -0.7412
vn 0.2667 0.2020 0.9424
vn 0.5443 0.3081 -0.7803
vn -0.4737 0.2315 -0.8497
vn 0.1011 0.2108 0.9723
vn 0.7051 0.3024 -0.6414
vn -0.2878 0.2478 -0.9251
vn -0.0786 0.2197 0.9724
vn 0.8281 0.2880 -0.4809
vn -0.2685 0.2274 0.9361
vn 0.9122 0.2685 -0.3094
vn -0.4598 0.2329 0.8570
vn 0.9594 0.2476 -0.1348
vn -0.6391 0.2354 0.7322
vn 0.5602 0.5528 -0.6169
vn 0.4593 0.5683 -0.6827
vn 0.3576 0.5930 -0.7214
vn 0.2529 0.6276 -0.7363
vn 0.1444 0.6743 -0.7242
vn 0.0334 0.7347 -0.6775
vn -0.0781 0.8076 -0.5846
vn -0.1800 0.8848 -0.4299
vn -0.2538 0.9452 -0.2054
vn -0.2679 0.9611 0.0676
vn -0.2129 0.9194 0.3308
vn -0.1029 0.8412 0.5308
vn 0.0330 0.7568 0.6528
vn 0.1721 0.6839 0.7090
vn 0.3015 0.6271 0.7182
vn 0.4184 0.5865 0.6935
vn 0.5177 0.5588 0.6478
vn 0.5988 0.5406 0.5910
vn 0.6627 0.5288 0.5303
vn 0.7132 0.5218 0.4680
vn 0.7522 0.5179 0.4074
vn 0.8253 0.5179 0.2249
vn 0.8389 0.5203 0.1601
vn 0.8474 0.5232 0.0908
vn 0.8499 0.5268 0.0138
vn 0.8444 0.5307 -0.0730
vn 0.8273 0.5348 -0.1720
vn 0.7934 0.5387 -0.2833
vn 0.7375 0.5421 -0.4027
vn 0.6575 0.5458 -0.5195
vn 0.4478 -0.1044 0.8880
vn -0.0000 -0.1745 0.9847
vn -0.4544 -0.5215 -0.7222
vn -0.2782 -0.5591 -0.7811
vn -0.0928 -0.5794 -0.8098
vn 0.0936 -0.5814 -0.8082
vn 0.2760 -0.5652 -0.7774
vn 0.4498 -0.5309 -0.7182
vn 0.6099 -0.4788 -0.6314
vn 0.7492 -0.4112 -0.5193
vn 0.8631 -0.3292 -0.3830
vn 0.9446 -0.2366 -0.2275
vn 0.9888 -0.1374 -0.0587
vn 0.9925 -0.0363 0.1163
vn 0.9552 0.0620 0.2895
vn 0.8790 0.1526 0.4518
vn 0.7683 0.2318 0.5967
vn 0.6289 0.2968 0.7186
vn 0.4677 0.3460 0.8134
vn 0.2928 0.3781 0.8782
vn 0.1070 0.3935 0.9131
vn -0.0803 0.3918 0.9165
vn -0.2659 0.3735 0.8887
vn -0.4423 0.3391 0.8303
vn -0.6053 0.2891 0.7416
vn -0.7470 0.2251 0.6256
vn -0.8627 0.1478 0.4836
vn -0.9447 0.0606 0.3224
vn -0.9884 -0.0337 0.1478
vn -0.9909 -0.1310 -0.0319
vn -0.9515 -0.2270 -0.2076
vn -0.8725 -0.3176 -0.3713
vn -0.0486 0.7443 -0.6660
vn -0.7597 -0.3983 -0.5139
vn -0.6180 -0.4672 -0.6322
vn 0.8911 0.1006 0.4425
vn -0.9472 -0.0644 0.3140
vn -0.6236 0.2033 0.7549
vn -0.4349 -0.4043 -0.8046
vn -0.6050 -0.3642 -0.7080
vn 0.9380 -0.1987 -0.2839
vn 0.0940 0.2909 0.9521
vn -0.9917 -0.1118 -0.0632
vn 0.4586 -0.4077 -0.7896
vn 0.7803 0.1643 0.6034
vn -0.7611 0.1541 0.6301
vn -0.2559 -0.4308 -0.8654
vn 0.9861 -0.1254 -0.1087
vn -0.0997 0.2875 0.9526
vn -0.9506 -0.1838 -0.2503
vn 0.6119 -0.3710 -0.6985
vn 0.6371 0.2168 0.7396
vn -0.8719 0.0960 0.4801
vn -0.0685 -0.4443 -0.8932
vn 0.9959 -0.0485 0.0767
vn -0.2861 0.2713 0.9190
vn -0.8682 -0.2525 -0.4271
vn 0.7453 -0.3236 -0.5830
vn 0.4688 0.2560 0.8454
vn -0.9501 0.0309 0.3103
vn 0.1140 -0.4447 -0.8884
vn 0.9643 0.0282 0.2634
vn -0.4636 0.2427 0.8521
vn -0.7511 -0.3132 -0.5811
vn 0.8557 -0.2657 -0.4441
vn 0.2868 0.2805 0.9160
vn -0.9912 -0.0394 0.1263
vn 0.2933 -0.4321 -0.8528
vn -0.9249 -0.1427 -0.3524
vn 0.9655 -0.0004 0.2606
vn -0.9857 -0.1141 0.1238
vn 0.8945 0.0429 0.4451
vn -0.4232 -0.3365 -0.8412
vn -0.9839 -0.1635 -0.0716
vn 0.7861 0.0804 0.6128
vn -0.2432 -0.3456 -0.9063
vn -0.9410 -0.2109 -0.2648
vn 0.6450 0.1105 0.7562
vn -0.0547 -0.3456 -0.9368
vn -0.8573 -0.2540 -0.4477
vn 0.4770 0.1319 0.8690
vn 0.1290 -0.3369 -0.9327
vn -0.7404 -0.2897 -0.6065
vn 0.2934 0.1435 0.9452
vn 0.3087 -0.3199 -0.8957
vn -0.5926 -0.3178 -0.7402
vn 0.0985 0.1456 0.9844
vn 0.4745 -0.2959 -0.8290
vn -0.0979 0.1380 0.9856
vn 0.6268 -0.2651 -0.7327
vn -0.2867 0.1217 0.9503
vn 0.7577 -0.2287 -0.6112
vn -0.4655 0.0970 0.8797
vn 0.8643 -0.1877 -0.4667
vn -0.6262 0.0649 0.7769
vn 0.9431 -0.1423 -0.3005
vn -0.7621 0.0268 0.6468
vn 0.9882 -0.0951 -0.1203
vn -0.8714 -0.0170 0.4902
vn 0.9965 -0.0471 0.0692
vn -0.3706 0.0822 -0.9252
vn 0.5897 -0.1159 0.7993
vn -0.0162 -0.0841 -0.9963
vn -0.8374 -0.1333 -0.5302
vn 0.4215 -0.1267 0.8980
vn 0.1785 -0.0762 -0.9810
vn -0.7193 -0.1237 -0.6836
vn 0.2397 -0.1369 0.9611
vn 0.3670 -0.0696 -0.9276
vn -0.5708 -0.1134 -0.8132
vn 0.0453 -0.1462 0.9882
vn 0.5401 -0.0648 -0.8391
vn -0.1502 -0.1542 0.9766
vn 0.6935 -0.0617 -0.7179
vn -0.3379 -0.1605 0.9274
vn 0.8185 -0.0607 -0.5713
vn -0.5142 -0.1650 0.8416
vn 0.9123 -0.0618 -0.4048
vn -0.6700 -0.1675 0.7232
vn 0.9730 -0.0649 -0.2215
vn -0.7988 -0.1680 0.5777
vn 0.9970 -0.0700 -0.0315
vn -0.8973 -0.1664 0.4088
vn 0.9842 -0.0769 0.1593
vn -0.9608 -0.1628 0.2246
vn 0.9349 -0.0852 0.3446
vn -0.9870 -0.1575 0.0311
vn 0.8504 -0.0948 0.5175
vn -0.3993 -0.1032 -0.9110
vn -0.9750 -0.1508 -0.1630
vn 0.7341 -0.1051 0.6708
vn -0.2117 -0.0932 -0.9729
vn 0.0360 -0.9509 0.3074
vn -0.2001 -0.1526 0.9678
vn 0.7065 0.0310 -0.7070
vn -0.3817 -0.1417 0.9134
vn 0.8320 0.0095 -0.5546
vn -0.5509 -0.1270 0.8249
vn 0.9249 -0.0140 -0.3799
vn -0.7014 -0.1088 0.7044
vn 0.9809 -0.0383 -0.1906
vn -0.8270 -0.0878 0.5553
vn 0.9980 -0.0631 0.0084
vn -0.9212 -0.0647 0.3838
vn 0.9748 -0.0866 0.2056
vn -0.9800 -0.0403 0.1951
vn 0.9126 -0.1082 0.3942
vn -0.9999 -0.0158 -0.0022
vn 0.8153 -0.1268 0.5650
vn -0.9797 0.0079 -0.2004
vn 0.6865 -0.1420 0.7132
vn -0.1846 0.0845 -0.9792
vn -0.9202 0.0296 -0.3904
vn 0.5336 -0.1529 0.8318
vn 0.0082 0.0822 -0.9966
vn -0.8245 0.0485 -0.5638
vn 0.3629 -0.1595 0.9181
vn 0.1994 0.0754 -0.9770
vn -0.6957 0.0641 -0.7155
vn 0.1773 -0.1617 0.9708
vn 0.3847 0.0644 -0.9208
vn -0.5433 0.0753 -0.8361
vn -0.0096 -0.1594 0.9872
vn 0.5549 0.0495 -0.8304
vn -0.6655 -0.4479 -0.5971
vn -0.5138 -0.5031 -0.6949
vn -0.3427 -0.5435 -0.7662
vn -0.1626 -0.5665 -0.8079
vn 0.0226 -0.5715 -0.8203
vn 0.2084 -0.5584 -0.8030
vn 0.3886 -0.5271 -0.7557
vn 0.5570 -0.4784 -0.6789
vn 0.7074 -0.4136 -0.5732
vn 0.8330 -0.3348 -0.4405
vn 0.9260 -0.2457 -0.2865
vn 0.9817 -0.1504 -0.1172
vn 0.9968 -0.0531 0.0597
vn 0.9710 0.0411 0.2356
vn 0.9066 0.1282 0.4021
vn 0.8074 0.2052 0.5531
vn 0.6796 0.2694 0.6824
vn 0.5286 0.3194 0.7865
vn 0.3593 0.3545 0.8633
vn 0.1785 0.3737 0.9102
vn -0.0089 0.3770 0.9262
vn -0.1968 0.3643 0.9103
vn -0.3807 0.3352 0.8618
vn -0.5519 0.2905 0.7817
vn -0.7051 0.2305 0.6706
vn -0.8313 0.1574 0.5330
vn -0.9248 0.0733 0.3733
vn -0.9799 -0.0184 0.1989
vn -0.9934 -0.1133 0.0190
vn -0.9652 -0.2078 -0.1586
vn -0.1148 0.7626 -0.6366
vn -0.8982 -0.2972 -0.3240
vn -0.7970 -0.3778 -0.4712
vn 0.9746 -0.0118 0.2235
vn -0.8503 0.0337 0.5253
vn -0.4053 0.2515 0.8789
vn -0.6521 -0.3315 -0.6818
vn -0.7897 -0.2752 -0.5483
vn 0.8182 -0.2947 -0.4937
vn 0.3435 0.2531 0.9044
vn -0.9857 0.0016 0.1687
vn 0.2148 -0.4352 -0.8743
vn 0.9119 0.0598 0.4061
vn -0.5722 0.2215 0.7896
vn -0.4966 -0.3761 -0.7823
vn 0.9132 -0.2323 -0.3348
vn 0.1566 0.2713 0.9497
vn -0.9973 -0.0695 -0.0229
vn 0.3874 -0.4184 -0.8215
vn 0.8111 0.1242 0.5716
vn -0.7207 0.1802 0.6694
vn -0.3231 -0.4098 -0.8530
vn 0.9744 -0.1616 -0.1564
vn -0.0331 0.2770 0.9603
vn -0.9664 -0.1422 -0.2140
vn 0.5487 -0.3892 -0.7399
vn 0.6780 0.1790 0.7129
vn -0.8428 0.1289 0.5226
vn -0.1449 -0.4308 -0.8907
vn 0.9957 -0.0871 0.0324
vn -0.2235 0.2702 0.9365
vn -0.8959 -0.2114 -0.3907
vn 0.6936 -0.3480 -0.6307
vn 0.5201 0.2221 0.8247
vn -0.9332 0.0685 0.3529
vn 0.0357 -0.4393 -0.8976
vn -0.9913 -0.0287 -0.1284
vn 0.9929 -0.1155 0.0293
vn -0.9370 -0.0062 0.3493
vn 0.9718 -0.0694 0.2254
vn -0.6413 -0.2645 -0.7203
vn -0.9860 -0.0503 0.1588
vn 0.9102 -0.0245 0.4134
vn -0.4844 -0.2918 -0.8247
vn -0.9945 -0.0970 -0.0393
vn 0.8102 0.0174 0.5859
vn -0.3086 -0.3122 -0.8985
vn -0.9609 -0.1443 -0.2364
vn 0.6766 0.0543 0.7344
vn -0.1291 -0.3241 -0.9372
vn -0.8886 -0.1887 -0.4182
vn 0.5179 0.0845 0.8513
vn 0.0550 -0.3284 -0.9429
vn -0.7801 -0.2294 -0.5821
vn 0.3388 0.1073 0.9347
vn 0.2332 -0.3250 -0.9165
vn 0.1486 0.1217 0.9814
vn 0.4059 -0.3140 -0.8583
vn -0.0441 0.1276 0.9908
vn 0.5649 -0.2957 -0.7703
vn -0.2359 0.1250 0.9637
vn 0.7062 -0.2706 -0.6543
vn -0.4184 0.1138 0.9011
vn 0.8254 -0.2390 -0.5114
vn -0.5842 0.0947 0.8061
vn 0.9161 -0.2019 -0.3465
vn -0.7310 0.0676 0.6790
vn 0.9734 -0.1602 -0.1638
vn -0.5621 0.1479 -0.8138
vn 0.7408 -0.2026 0.6405
vn -0.2552 -0.0551 -0.9653
vn -0.9467 -0.0245 -0.3212
vn 0.5997 -0.1970 0.7756
vn -0.0622 -0.0695 -0.9956
vn -0.8669 -0.0240 -0.4980
vn 0.4370 -0.1885 0.8795
vn 0.1330 -0.0855 -0.9874
vn -0.7519 -0.0270 -0.6587
vn 0.2553 -0.1767 0.9506
vn 0.3209 -0.1024 -0.9416
vn 0.0624 -0.1625 0.9847
vn 0.4972 -0.1197 -0.8593
vn -0.1316 -0.1464 0.9804
vn 0.6522 -0.1367 -0.7456
vn -0.3215 -0.1289 0.9381
vn 0.7811 -0.1528 -0.6054
vn -0.4993 -0.1107 0.8593
vn 0.8816 -0.1676 -0.4413
vn -0.6581 -0.0928 0.7472
vn 0.9480 -0.1804 -0.2621
vn -0.7921 -0.0756 0.6056
vn 0.9789 -0.1908 -0.0733
vn -0.8953 -0.0602 0.4414
vn 0.9730 -0.1985 0.1181
vn -0.9647 -0.0468 0.2593
vn 0.9301 -0.2032 0.3060
vn -0.6078 -0.0334 -0.7934
vn -0.9970 -0.0363 0.0681
vn 0.8519 -0.2046 0.4821
vn -0.4395 -0.0429 -0.8972
vn -0.0007 -0.9570 0.2900
vn 0.0121 -0.1551 0.9878
vn 0.5228 -0.0295 -0.8519
vn -0.1748 -0.1225 0.9770
vn 0.6771 -0.0689 -0.7327
vn -0.3570 -0.0865 0.9301
vn 0.8045 -0.1073 -0.5842
vn -0.5269 -0.0485 0.8485
vn 0.8993 -0.1429 -0.4133
vn -0.6810 -0.0093 0.7322
vn 0.9589 -0.1746 -0.2236
vn -0.8090 0.0286 0.5871
vn 0.9793 -0.2007 -0.0264
vn -0.9064 0.0644 0.4174
vn 0.9601 -0.2204 0.1722
vn -0.9685 0.0963 0.2297
vn 0.9035 -0.2322 0.3603
vn -0.9919 0.1229 0.0325
vn 0.8118 -0.2368 0.5337
vn -0.3942 0.1308 -0.9097
vn -0.9756 0.1430 -0.1668
vn 0.6901 -0.2339 0.6849
vn -0.2122 0.1074 -0.9713
vn -0.9214 0.1556 -0.3562
vn 0.5445 -0.2235 0.8084
vn -0.0237 0.0786 -0.9966
vn -0.8299 0.1607 -0.5343
vn 0.3750 -0.2065 0.9037
vn 0.1674 0.0455 -0.9848
vn -0.7092 0.1579 -0.6871
vn 0.1994 -0.1836 0.9626
vn 0.3504 0.0092 -0.9365
vn -0.6936 -0.5068 -0.5119
vn -0.5455 -0.5861 -0.5991
vn -0.3779 -0.6468 -0.6624
vn -0.1983 -0.6863 -0.6998
vn -0.0149 -0.7031 -0.7109
vn 0.1695 -0.6973 -0.6965
vn 0.3546 -0.6676 -0.6547
vn 0.5250 -0.6157 -0.5876
vn 0.6801 -0.5416 -0.4942
vn 0.8103 -0.4485 -0.3771
vn 0.9092 -0.3398 -0.2408
vn 0.9714 -0.2198 -0.0898
vn 0.9932 -0.0949 0.0680
vn 0.9739 0.0291 0.2253
vn 0.9156 0.1466 0.3745
vn 0.8220 0.2532 0.5100
vn 0.6985 0.3453 0.6268
vn 0.5516 0.4200 0.7206
vn 0.3857 0.4764 0.7901
vn 0.2053 0.5131 0.8334
vn 0.0200 0.5289 0.8484
vn -0.1706 0.5235 0.8348
vn -0.3546 0.4966 0.7923
vn -0.5283 0.4481 0.7212
vn -0.6861 0.3782 0.6216
vn -0.8174 0.2894 0.4981
vn -0.9164 0.1845 0.3552
vn -0.9776 0.0677 0.1992
vn -0.9977 -0.0555 0.0380
vn -0.9761 -0.1806 -0.1211
vn -0.0806 0.6483 -0.7571
vn -0.9153 -0.3000 -0.2688
vn -0.8202 -0.4094 -0.3997
vn 0.9748 -0.0251 0.2219
vn -0.8424 0.1676 0.5121
vn -0.3834 0.4185 0.8233
vn -0.6747 -0.4075 -0.6154
vn -0.8082 -0.3220 -0.4931
vn 0.7972 -0.4173 -0.4363
vn 0.3646 0.3846 0.8480
vn -0.9827 0.0825 0.1660
vn 0.1835 -0.5883 -0.7875
vn 0.9171 0.0797 0.3907
vn -0.5530 0.3824 0.7402
vn -0.5230 -0.4766 -0.7066
vn 0.8968 -0.3339 -0.2904
vn 0.1797 0.4202 0.8895
vn -0.9998 -0.0194 -0.0107
vn 0.3573 -0.5720 -0.7383
vn 0.8218 0.1764 0.5418
vn -0.7038 0.3295 0.6293
vn -0.3526 -0.5310 -0.7705
vn 0.9632 -0.2372 -0.1265
vn -0.0107 0.4375 0.8991
vn -0.9744 -0.1251 -0.1866
vn 0.5203 -0.5381 -0.6632
vn 0.6930 0.2614 0.6719
vn -0.8305 0.2601 0.4926
vn -0.1738 -0.5679 -0.8046
vn 0.9900 -0.1331 0.0467
vn -0.2002 0.4370 0.8769
vn -0.9089 -0.2274 -0.3496
vn 0.6693 -0.4861 -0.5619
vn 0.5384 0.3312 0.7749
vn -0.9250 0.1769 0.3363
vn 0.0052 -0.5868 -0.8097
vn -0.9926 0.0024 -0.1216
vn 0.9857 -0.1613 0.0486
vn -0.9328 0.1029 0.3454
vn 0.9689 -0.0814 0.2337
vn -0.6609 -0.3486 -0.6646
vn -0.9859 0.0296 0.1649
vn 0.9113 -0.0021 0.4117
vn -0.5067 -0.4016 -0.7629
vn -0.9985 -0.0495 -0.0223
vn 0.8153 0.0738 0.5743
vn -0.3324 -0.4437 -0.8323
vn -0.9693 -0.1311 -0.2080
vn 0.6848 0.1425 0.7147
vn -0.1551 -0.4714 -0.8682
vn -0.9007 -0.2099 -0.3803
vn 0.5300 0.2003 0.8240
vn 0.0299 -0.4864 -0.8732
vn -0.7960 -0.2835 -0.5347
vn 0.3517 0.2466 0.9031
vn 0.2081 -0.4879 -0.8477
vn 0.1638 0.2788 0.9463
vn 0.3817 -0.4762 -0.7922
vn -0.0290 0.2964 0.9546
vn 0.5417 -0.4519 -0.7088
vn -0.2198 0.2993 0.9285
vn 0.6849 -0.4151 -0.5988
vn -0.4045 0.2872 0.8682
vn 0.8072 -0.3658 -0.4632
vn -0.5713 0.2611 0.7781
vn 0.9007 -0.3065 -0.3078
vn -0.7205 0.2207 0.6574
vn 0.9623 -0.2368 -0.1339
vn -0.5609 0.0371 -0.8271
vn 0.7350 -0.1298 0.6656
vn -0.2679 -0.2048 -0.9414
vn -0.9495 -0.0286 -0.3125
vn 0.5952 -0.0937 0.7981
vn -0.0740 -0.2343 -0.9693
vn -0.8714 -0.0624 -0.4866
vn 0.4347 -0.0590 0.8987
vn 0.1196 -0.2590 -0.9584
vn -0.7580 -0.0988 -0.6447
vn 0.2536 -0.0257 0.9670
vn 0.3065 -0.2779 -0.9104
vn 0.0630 0.0042 0.9980
vn 0.4834 -0.2902 -0.8259
vn -0.1302 0.0296 0.9910
vn 0.6372 -0.2958 -0.7116
vn -0.3194 0.0497 0.9463
vn 0.7668 -0.2944 -0.5703
vn -0.4970 0.0636 0.8654
vn 0.8674 -0.2868 -0.4067
vn -0.6551 0.0706 0.7522
vn 0.9347 -0.2724 -0.2284
vn -0.7895 0.0705 0.6097
vn 0.9669 -0.2520 -0.0390
vn -0.8932 0.0632 0.4452
vn 0.9623 -0.2269 0.1502
vn -0.9634 0.0491 0.2634
vn 0.9209 -0.1972 0.3362
vn -0.6155 -0.1356 -0.7764
vn -0.9969 0.0287 0.0731
vn 0.8446 -0.1644 0.5095
vn -0.4495 -0.1715 -0.8767
vn -0.0493 -0.8912 0.4510
vn 0.0132 0.0148 0.9998
vn 0.5145 -0.2016 -0.8335
vn -0.1722 0.0548 0.9835
vn 0.6667 -0.2286 -0.7094
vn -0.3527 0.0920 0.9312
vn 0.7920 -0.2475 -0.5581
vn -0.5220 0.1245 0.8438
vn 0.8861 -0.2580 -0.3851
vn -0.6746 0.1514 0.7225
vn 0.9466 -0.2608 -0.1897
vn -0.8008 0.1709 0.5740
vn 0.9673 -0.2536 0.0083
vn -0.8976 0.1824 0.4012
vn 0.9487 -0.2383 0.2079
vn -0.9602 0.1851 0.2091
vn 0.8940 -0.2154 0.3930
vn -0.9837 0.1791 0.0128
vn 0.8012 -0.1849 0.5691
vn -0.3953 -0.0051 -0.9186
vn -0.9681 0.1638 -0.1898
vn 0.6839 -0.1505 0.7139
vn -0.2154 -0.0482 -0.9753
vn -0.9156 0.1414 -0.3765
vn 0.5383 -0.1113 0.8354
vn -0.0281 -0.0907 -0.9955
vn -0.8250 0.1112 -0.5540
vn 0.3729 -0.0694 0.9253
vn 0.1598 -0.1319 -0.9783
vn -0.7055 0.0760 -0.7046
vn 0.1989 -0.0276 0.9796
vn 0.3419 -0.1686 -0.9245
vn -0.3941 0.7962 -0.4591
vn -0.5437 0.7641 -0.3471
vn -0.6720 0.7069 -0.2206
vn -0.7740 0.6272 -0.0865
vn -0.8474 0.5284 0.0518
vn -0.8917 0.4105 0.1906
vn -0.9035 0.2788 0.3256
vn -0.8814 0.1366 0.4522
vn -0.8241 -0.0109 0.5663
vn -0.7319 -0.1582 0.6628
vn -0.6074 -0.2973 0.7367
vn -0.4553 -0.4218 0.7841
vn -0.2827 -0.5256 0.8024
vn -0.0975 -0.6038 0.7912
vn 0.0902 -0.6534 0.7516
vn 0.2743 -0.6737 0.6863
vn 0.4466 -0.6651 0.5984
vn 0.6003 -0.6300 0.4927
vn 0.7325 -0.5700 0.3723
vn 0.8393 -0.4873 0.2412
vn 0.9169 -0.3855 0.1036
vn 0.9630 -0.2671 -0.0369
vn 0.9751 -0.1353 -0.1759
vn 0.9514 0.0054 -0.3080
vn 0.8909 0.1510 -0.4283
vn 0.7945 0.2946 -0.5310
vn 0.6657 0.4304 -0.6095
vn 0.5098 0.5518 -0.6601
vn 0.3330 0.6533 -0.6799
vn 0.1463 0.7304 -0.6671
vn -0.4577 -0.5044 -0.7322
vn -0.0424 0.7802 -0.6241
vn -0.2241 0.8020 -0.5536
vn -0.1167 -0.5614 0.8193
vn 0.7778 0.4073 -0.4786
vn 0.9884 -0.0543 -0.1418
vn -0.4628 0.7006 -0.5432
vn -0.2855 0.7205 -0.6319
vn -0.7716 -0.1777 0.6108
vn 0.7635 -0.4812 0.4308
vn 0.4858 0.5414 -0.6862
vn -0.9445 0.3121 0.1023
vn 0.0835 -0.6006 0.7952
vn 0.9566 0.0728 -0.2821
vn -0.6140 0.6582 -0.4356
vn -0.6465 -0.2970 0.7028
vn 0.8700 -0.3947 0.2956
vn 0.3012 0.6233 -0.7217
vn -0.9504 0.1962 0.2415
vn 0.2801 -0.6109 0.7405
vn 0.8883 0.2013 -0.4128
vn -0.7425 0.5937 -0.3103
vn -0.4912 -0.4049 0.7712
vn 0.9440 -0.2926 0.1527
vn 0.1031 0.6821 -0.7240
vn -0.9241 0.0740 0.3749
vn 0.4639 -0.5929 0.6582
vn 0.7852 0.3252 -0.5269
vn -0.8393 0.5138 -0.1778
vn -0.3121 -0.4948 0.8110
vn 0.9841 -0.1774 0.0046
vn -0.0945 0.7145 -0.6932
vn -0.8649 -0.0519 0.4992
vn 0.6260 -0.5489 0.5539
vn 0.6490 0.4407 -0.6201
vn -0.9075 0.4183 -0.0379
vn 0.2069 0.5956 -0.7762
vn -0.3176 -0.4697 0.8238
vn 0.6374 0.5044 -0.5825
vn -0.1210 -0.5127 0.8500
vn -0.4942 0.6427 -0.5854
vn 0.4694 0.5853 -0.6611
vn 0.0796 -0.5311 0.8435
vn -0.6476 0.5855 -0.4877
vn 0.2814 0.6457 -0.7099
vn 0.2800 -0.5241 0.8043
vn -0.7772 0.5094 -0.3695
vn 0.0807 0.6827 -0.7263
vn 0.4684 -0.4917 0.7340
vn -0.8743 0.4213 -0.2412
vn -0.1197 0.6941 -0.7098
vn 0.6332 -0.4373 0.6386
vn -0.9415 0.3212 -0.1016
vn -0.3130 0.6807 -0.6623
vn 0.7746 -0.3616 0.5189
vn -0.9758 0.2148 0.0402
vn 0.8829 -0.2702 0.3840
vn -0.9774 0.1028 0.1848
vn 0.9567 -0.1668 0.2385
vn -0.9459 -0.0093 0.3244
vn 0.9949 -0.0537 0.0858
vn -0.8812 -0.1200 0.4572
vn 0.9956 0.0643 -0.0675
vn -0.7832 -0.2261 0.5792
vn 0.9595 0.1821 -0.2148
vn -0.6546 -0.3223 0.6838
vn 0.8861 0.2985 -0.3544
vn -0.4972 -0.4050 0.7673
vn -0.5526 0.2685 -0.7890
vn 0.3262 -0.3092 0.8933
vn -0.8246 0.2739 -0.4950
vn 0.0121 0.5839 -0.8117
vn 0.4992 -0.2460 0.8308
vn -0.9182 0.1799 -0.3530
vn -0.1801 0.5539 -0.8128
vn 0.6514 -0.1701 0.7394
vn -0.9776 0.0817 -0.1938
vn -0.3680 0.5056 -0.7804
vn 0.7805 -0.0828 0.6196
vn -0.9995 -0.0148 -0.0266
vn 0.8783 0.0114 0.4780
vn -0.9836 -0.1078 0.1448
vn 0.9406 0.1081 0.3219
vn -0.9309 -0.1917 0.3109
vn 0.9665 0.2054 0.1537
vn -0.8455 -0.2632 0.4646
vn 0.9544 0.2981 -0.0184
vn -0.7270 -0.3227 0.6061
vn 0.9048 0.3829 -0.1863
vn -0.5830 -0.3656 0.7256
vn 0.8197 0.4569 -0.3455
vn -0.4190 -0.3909 0.8195
vn 0.7020 0.5172 -0.4896
vn -0.2390 -0.3980 0.8857
vn 0.5580 0.5612 -0.6114
vn -0.0496 -0.3865 0.9209
vn -0.5435 0.4408 -0.7143
vn 0.3897 0.5878 -0.7090
vn 0.1406 -0.3566 0.9236
vn -0.6973 0.3628 -0.6182
vn 0.1497 0.7602 0.6322
vn 0.8986 0.0335 0.4375
vn -0.9734 -0.1970 0.1166
vn 0.9549 0.1130 0.2747
vn -0.9188 -0.2620 0.2953
vn 0.9763 0.1914 0.1008
vn -0.8265 -0.3162 0.4657
vn 0.9612 0.2645 -0.0785
vn -0.7037 -0.3554 0.6152
vn 0.9091 0.3290 -0.2554
vn -0.5514 -0.3796 0.7429
vn 0.8212 0.3828 -0.4232
vn -0.3748 -0.3874 0.8423
vn 0.7001 0.4232 -0.5751
vn -0.1884 -0.3777 0.9065
vn 0.5490 0.4486 -0.7052
vn 0.0046 -0.3522 0.9359
vn 0.3760 0.4575 -0.8058
vn 0.1980 -0.3119 0.9293
vn -0.7008 0.1960 -0.6859
vn 0.1893 0.4494 -0.8730
vn 0.3811 -0.2584 0.8877
vn -0.8234 0.1173 -0.5551
vn -0.0094 0.4246 -0.9053
vn 0.5462 -0.1951 0.8146
vn -0.9130 0.0363 -0.4064
vn -0.2007 0.3849 -0.9009
vn 0.6907 -0.1233 0.7126
vn -0.9698 -0.0451 -0.2397
vn -0.3867 0.3320 -0.8604
vn 0.8093 -0.0473 0.5854
vn -0.9902 -0.1238 -0.0646
vn -0.1536 0.7051 -0.6923
vn -0.3177 0.7314 -0.6034
vn -0.4707 0.7337 -0.4901
vn -0.6012 0.7130 -0.3608
vn -0.7112 0.6685 -0.2174
vn -0.7958 0.6020 -0.0648
vn -0.8522 0.5147 0.0937
vn -0.8767 0.4097 0.2519
vn -0.8674 0.2893 0.4049
vn -0.8215 0.1585 0.5477
vn -0.7403 0.0237 0.6718
vn -0.6259 -0.1096 0.7722
vn -0.4836 -0.2346 0.8433
vn -0.3199 -0.3454 0.8822
vn -0.1446 -0.4371 0.8877
vn 0.0373 -0.5073 0.8610
vn 0.2162 -0.5537 0.8042
vn 0.3850 -0.5762 0.7209
vn 0.5411 -0.5752 0.6135
vn 0.6776 -0.5511 0.4869
vn 0.7911 -0.5053 0.3448
vn 0.8783 -0.4386 0.1903
vn 0.9355 -0.3523 0.0281
vn 0.9588 -0.2500 -0.1348
vn 0.9464 -0.1326 -0.2947
vn 0.8968 -0.0060 -0.4425
vn 0.8110 0.1253 -0.5715
vn 0.6922 0.2556 -0.6749
vn 0.5461 0.3786 -0.7473
vn 0.3797 0.4893 -0.7851
vn -0.4678 -0.5873 -0.6605
vn 0.2035 0.5821 -0.7872
vn 0.0245 0.6545 -0.7557
vn -0.3332 -0.2942 0.8958
vn 0.8989 0.1176 -0.4221
vn 0.9620 -0.2693 0.0443
vn -0.2304 0.6049 -0.7623
vn -0.0438 0.5678 -0.8220
vn -0.8583 0.1337 0.4954
vn 0.5827 -0.4816 0.6546
vn 0.6699 0.2432 -0.7014
vn -0.8583 0.4951 -0.1350
vn -0.1445 -0.3744 0.9159
vn 0.9757 -0.1801 -0.1251
vn -0.3995 0.6204 -0.6749
vn -0.7739 0.0221 0.6330
vn 0.7216 -0.4545 0.5223
vn 0.5134 0.3450 -0.7858
vn -0.9058 0.4230 0.0242
vn 0.0505 -0.4344 0.8993
vn 0.9530 -0.0804 -0.2920
vn -0.5519 0.6162 -0.5619
vn -0.6551 -0.0904 0.7501
vn 0.8320 -0.4093 0.3746
vn 0.3351 0.4363 -0.8351
vn -0.9229 0.3374 0.1854
vn 0.2416 -0.4727 0.8475
vn 0.8938 0.0259 -0.4477
vn -0.6797 0.5928 -0.4321
vn -0.5062 -0.1978 0.8394
vn 0.9137 -0.3463 0.2125
vn 0.1467 0.5112 -0.8469
vn -0.9077 0.2405 0.3438
vn 0.4209 -0.4879 0.7647
vn 0.7981 0.1355 -0.5871
vn -0.7823 0.5522 -0.2884
vn 0.4214 0.3218 -0.8479
vn -0.5075 -0.1696 0.8448
vn 0.7964 0.2079 -0.5680
vn -0.3304 -0.2392 0.9130
vn -0.2676 0.5447 -0.7948
vn 0.6608 0.2943 -0.6904
vn -0.1378 -0.2953 0.9454
vn -0.4413 0.5442 -0.7135
vn 0.4978 0.3729 -0.7830
vn 0.0614 -0.3354 0.9401
vn -0.5972 0.5270 -0.6047
vn 0.3137 0.4403 -0.8413
vn 0.2590 -0.3576 0.8972
vn -0.7263 0.4949 -0.4771
vn 0.1198 0.4921 -0.8623
vn 0.4431 -0.3613 0.8205
vn -0.8291 0.4495 -0.3325
vn -0.0770 0.5272 -0.8462
vn 0.6090 -0.3472 0.7131
vn -0.9028 0.3921 -0.1766
vn 0.7511 -0.3157 0.5799
vn -0.9457 0.3249 -0.0129
vn 0.8620 -0.2697 0.4293
vn -0.9563 0.2491 0.1528
vn 0.9417 -0.2097 0.2630
vn -0.9336 0.1679 0.3166
vn 0.9863 -0.1387 0.0892
vn -0.8763 0.0815 0.4748
vn 0.9945 -0.0593 -0.0857
vn -0.7850 -0.0054 0.6194
vn 0.9655 0.0274 -0.2590
vn -0.6611 -0.0904 0.7448
vn -0.3840 0.1474 -0.9115
vn 0.1427 -0.1167 0.9829
vn -0.6791 0.2796 -0.6787
vn 0.2364 0.3367 -0.9115
vn 0.3322 -0.1050 0.9374
vn -0.8085 0.2447 -0.5351
vn 0.0404 0.3431 -0.9384
vn 0.5072 -0.0850 0.8577
vn -0.9061 0.2048 -0.3702
vn -0.1529 0.3403 -0.9278
vn 0.6648 -0.0574 0.7448
vn -0.9682 0.1613 -0.1910
vn 0.7965 -0.0234 0.6042
vn -0.9933 0.1158 -0.0029
vn 0.8968 0.0157 0.4421
vn -0.9804 0.0705 0.1840
vn 0.9631 0.0584 0.2629
vn -0.9311 0.0275 0.3638
vn 0.9919 0.1033 0.0742
vn -0.8463 -0.0130 0.5325
vn 0.9823 0.1483 -0.1146
vn -0.7306 -0.0483 0.6811
vn 0.9347 0.1920 -0.2993
vn -0.5876 -0.0777 0.8054
vn 0.8513 0.2325 -0.4704
vn -0.4236 -0.0997 0.9004
vn 0.7347 0.2686 -0.6230
vn -0.2414 -0.1140 0.9637
vn -0.3455 0.3284 -0.8791
vn 0.5908 0.2986 -0.7495
vn -0.0513 -0.1197 0.9915
vn -0.5245 0.3075 -0.7939
vn 0.2342 0.8605 0.4524
vn 0.8262 -0.0170 0.5632
vn -0.9997 0.0218 -0.0072
vn 0.9170 0.0054 0.3988
vn -0.9820 -0.0027 0.1889
vn 0.9757 0.0293 0.2170
vn -0.9253 -0.0256 0.3785
vn 0.9982 0.0538 0.0267
vn -0.8318 -0.0460 0.5532
vn 0.9827 0.0781 -0.1681
vn -0.7040 -0.0631 0.7074
vn 0.9292 0.1009 -0.3555
vn -0.5487 -0.0760 0.8325
vn 0.8386 0.1213 -0.5311
vn -0.3703 -0.0845 0.9251
vn 0.7126 0.1390 -0.6877
vn -0.1813 -0.0879 0.9795
vn 0.5593 0.1522 -0.8149
vn 0.0150 -0.0864 0.9961
vn -0.5544 0.1330 -0.8216
vn 0.3836 0.1610 -0.9094
vn 0.2062 -0.0802 0.9752
vn -0.7061 0.1147 -0.6988
vn 0.1938 0.1649 -0.9671
vn 0.3892 -0.0697 0.9185
vn -0.8283 0.0939 -0.5524
vn -0.0057 0.1638 -0.9865
vn 0.5605 -0.0550 0.8264
vn -0.9207 0.0709 -0.3839
vn -0.2012 0.1577 -0.9668
vn 0.7039 -0.0377 0.7093
vn -0.9786 0.0467 -0.2006
vn 0.3679 0.8820 -0.2944
vn 0.1877 0.9393 -0.2871
vn -0.0000 0.9639 -0.2663
vn -0.1824 0.9551 -0.2336
vn -0.3608 0.9130 -0.1905
vn -0.5221 0.8414 -0.1397
vn -0.6710 0.7372 -0.0797
vn -0.7942 0.6075 -0.0150
vn -0.8899 0.4528 0.0551
vn -0.9519 0.2779 0.1288
vn -0.9749 0.0937 0.2021
vn -0.9576 -0.0957 0.2716
vn -0.8996 -0.2792 0.3358
vn -0.8046 -0.4479 0.3898
vn -0.6780 -0.5947 0.4320
vn -0.5247 -0.7153 0.4616
vn -0.3564 -0.8039 0.4762
vn -0.1732 -0.8615 0.4773
vn 0.0132 -0.8857 0.4641
vn 0.1992 -0.8770 0.4373
vn 0.3772 -0.8362 0.3980
vn 0.5449 -0.7636 0.3463
vn 0.6943 -0.6611 0.2843
vn 0.8206 -0.5304 0.2131
vn 0.9169 -0.3756 0.1353
vn 0.9779 -0.2021 0.0542
vn 0.9995 -0.0167 -0.0263
vn 0.9797 0.1722 -0.1022
vn 0.9195 0.3549 -0.1689
vn 0.8212 0.5249 -0.2238
vn -0.1040 -0.1545 -0.9825
vn 0.6924 0.6718 -0.2632
vn 0.5394 0.7918 -0.2867
vn -0.8145 -0.4025 0.4178
vn 0.9870 -0.0999 0.1262
vn 0.7199 -0.6020 0.3455
vn 0.3270 0.8426 -0.4278
vn 0.5071 0.7596 -0.4073
vn -0.9568 0.2843 0.0610
vn 0.0372 -0.8303 0.5561
vn 0.9746 0.1767 -0.1379
vn -0.5507 0.7900 -0.2695
vn -0.6840 -0.5477 0.4819
vn 0.8396 -0.4775 0.2588
vn 0.1451 0.8918 -0.4284
vn -0.9810 0.1158 0.1558
vn 0.2307 -0.8179 0.5270
vn 0.9088 0.3491 -0.2287
vn -0.6891 0.6968 -0.1988
vn -0.5252 -0.6665 0.5290
vn 0.9288 -0.3326 0.1636
vn -0.0458 0.9106 -0.4107
vn -0.9664 -0.0616 0.2496
vn 0.4098 -0.7746 0.4817
vn 0.8041 0.5093 -0.3065
vn -0.8059 0.5799 -0.1193
vn -0.3469 -0.7544 0.5573
vn 0.9832 -0.1712 0.0628
vn -0.2226 0.8990 -0.3773
vn -0.9107 -0.2369 0.3383
vn 0.5761 -0.7012 0.4201
vn 0.6693 0.6466 -0.3660
vn -0.8962 0.4424 -0.0320
vn -0.1531 -0.8096 0.5667
vn 0.9992 0.0014 -0.0396
vn -0.3963 0.8571 -0.3290
vn 0.8648 0.3802 -0.3280
vn -0.9104 -0.2131 0.3545
vn 0.9982 0.0604 0.0065
vn -0.8147 -0.3588 0.4556
vn 0.3082 0.8118 -0.4960
vn 0.9686 0.2224 -0.1110
vn -0.6837 -0.4884 0.5423
vn 0.1170 0.8515 -0.5111
vn 0.8994 0.3775 -0.2205
vn -0.5230 -0.5953 0.6100
vn -0.0720 0.8610 -0.5036
vn 0.7905 0.5226 -0.3194
vn -0.3414 -0.6741 0.6550
vn -0.2506 0.8426 -0.4766
vn 0.6524 0.6445 -0.3988
vn -0.1502 -0.7217 0.6757
vn -0.4253 0.7965 -0.4297
vn 0.4881 0.7426 -0.4586
vn 0.0483 -0.7382 0.6728
vn -0.5794 0.7276 -0.3674
vn 0.2435 -0.7230 0.6465
vn -0.7153 0.6360 -0.2895
vn 0.4245 -0.6785 0.5995
vn -0.8290 0.5230 -0.1980
vn 0.5908 -0.6060 0.5327
vn -0.9135 0.3952 -0.0966
vn 0.7357 -0.5077 0.4484
vn -0.9677 0.2519 0.0137
vn 0.8511 -0.3897 0.3517
vn -0.9868 0.0998 0.1275
vn 0.9370 -0.2515 0.2425
vn -0.9680 -0.0583 0.2441
vn 0.2078 0.5390 -0.8163
vn -0.4478 -0.4440 0.7761
vn -0.1359 0.6938 -0.7072
vn 0.7507 0.4796 -0.4544
vn -0.2654 -0.4894 0.8307
vn -0.3274 0.6677 -0.6686
vn 0.6091 0.5633 -0.5583
vn -0.0774 -0.5118 0.8556
vn -0.5023 0.6202 -0.6026
vn 0.4388 0.6303 -0.6404
vn 0.1219 -0.5117 0.8505
vn -0.6596 0.5519 -0.5103
vn 0.3112 -0.4884 0.8153
vn -0.7927 0.4646 -0.3946
vn 0.4880 -0.4432 0.7520
vn -0.8926 0.3656 -0.2637
vn 0.6496 -0.3764 0.6605
vn -0.9585 0.2574 -0.1221
vn 0.7847 -0.2919 0.5468
vn -0.9897 0.1399 0.0299
vn 0.8895 -0.1926 0.4144
vn -0.9833 0.0239 0.1806
vn 0.9591 -0.0830 0.2705
vn -0.9398 -0.0915 0.3292
vn 0.9924 0.0335 0.1180
vn -0.8614 -0.1988 0.4673
vn 0.9875 0.1531 -0.0371
vn -0.7517 -0.2955 0.5896
vn 0.2577 0.6743 -0.6921
vn 0.9449 0.2688 -0.1866
vn -0.6102 -0.3791 0.6957
vn 0.0615 0.6961 -0.7153
vn 0.0731 0.5390 0.8391
vn 0.3616 -0.4811 0.7986
vn -0.8123 0.3832 -0.4397
vn 0.5301 -0.4459 0.7212
vn -0.9079 0.3000 -0.2927
vn 0.6829 -0.3924 0.6162
vn -0.9703 0.2035 -0.1309
vn 0.8090 -0.3239 0.4906
vn -0.9943 0.1009 0.0349
vn 0.9077 -0.2402 0.3441
vn -0.9780 -0.0078 0.2086
vn 0.9724 -0.1446 0.1831
vn -0.9224 -0.1125 0.3696
vn 0.9990 -0.0426 0.0162
vn -0.8335 -0.2095 0.5112
vn 0.9859 0.0650 -0.1540
vn -0.7016 -0.3011 0.6459
vn 0.9341 0.1692 -0.3144
vn -0.5567 -0.3743 0.7416
vn 0.0268 0.5607 -0.8276
vn 0.8420 0.2711 -0.4663
vn -0.3867 -0.4324 0.8145
vn -0.1725 0.5640 -0.8076
vn 0.7215 0.3591 -0.5919
vn -0.1969 -0.4740 0.8582
vn -0.3529 0.5474 -0.7588
vn 0.5682 0.4370 -0.6972
vn -0.0079 -0.4957 0.8685
vn -0.5326 0.5094 -0.6759
vn 0.4019 0.4957 -0.7699
vn 0.1683 -0.4986 0.8503
vn -0.6782 0.4579 -0.5747
vn 0.2165 0.9309 -0.2942
vn 0.0251 0.9576 -0.2871
vn -0.1635 0.9499 -0.2663
vn -0.3438 0.9096 -0.2331
vn -0.5074 0.8404 -0.1907
vn -0.6548 0.7427 -0.1401
vn -0.7866 0.6123 -0.0794
vn -0.8851 0.4651 -0.0153
vn -0.9537 0.2958 0.0553
vn -0.9851 0.1139 0.1288
vn -0.9768 -0.0724 0.2015
vn -0.9272 -0.2569 0.2727
vn -0.8397 -0.4269 0.3357
vn -0.7172 -0.5776 0.3899
vn -0.5677 -0.7006 0.4323
vn -0.3973 -0.7933 0.4614
vn -0.2165 -0.8523 0.4762
vn -0.0255 -0.8784 0.4773
vn 0.1620 -0.8708 0.4641
vn 0.3439 -0.8309 0.4374
vn 0.5135 -0.7603 0.3978
vn 0.6675 -0.6594 0.3457
vn 0.7956 -0.5348 0.2845
vn 0.8981 -0.3846 0.2133
vn 0.9671 -0.2153 0.1353
vn 0.9980 -0.0341 0.0541
vn 0.9880 0.1523 -0.0263
vn 0.9365 0.3355 -0.1023
vn 0.8463 0.5052 -0.1690
vn 0.7208 0.6561 -0.2237
vn -0.0764 -0.1698 -0.9825
vn 0.5693 0.7789 -0.2631
vn 0.3958 0.8724 -0.2870
vn -0.7357 -0.5336 0.4171
vn 0.9896 0.0684 0.1263
vn 0.8118 -0.4711 0.3450
vn 0.1808 0.8855 -0.4279
vn 0.3729 0.8338 -0.4070
vn -0.9910 0.1192 0.0610
vn 0.1770 -0.8120 0.5562
vn 0.9303 0.3398 -0.1384
vn -0.6748 0.6868 -0.2699
vn -0.5815 -0.6554 0.4819
vn 0.9081 -0.3291 0.2590
vn -0.0094 0.9035 -0.4285
vn -0.9864 -0.0516 0.1558
vn 0.3671 -0.7667 0.5266
vn 0.8373 0.4968 -0.2284
vn -0.7975 0.5698 -0.1985
vn -0.4054 -0.7456 0.5289
vn 0.9715 -0.1713 0.1636
vn -0.1951 0.8905 -0.4110
vn -0.9423 -0.2234 0.2495
vn 0.5330 -0.6952 0.4823
vn 0.7064 0.6380 -0.3065
vn -0.8923 0.4354 -0.1192
vn -0.2138 -0.8022 0.5575
vn 0.9980 -0.0028 0.0627
vn -0.3760 0.8466 -0.3766
vn -0.8572 -0.3878 0.3389
vn 0.6857 -0.5943 0.4202
vn 0.5516 0.7497 -0.3658
vn -0.9580 0.2850 -0.0320
vn -0.0168 -0.8239 0.5665
vn 0.9847 0.1700 -0.0395
vn -0.5346 0.7784 -0.3292
vn 0.7888 0.5198 -0.3280
vn -0.8612 -0.3639 0.3548
vn 0.9736 0.2280 0.0063
vn -0.7416 -0.4918 0.4564
vn 0.1676 0.8520 -0.4959
vn 0.9176 0.3818 -0.1104
vn -0.5921 -0.5963 0.5420
vn -0.0255 0.8593 -0.5109
vn 0.8219 0.5248 -0.2213
vn -0.4132 -0.6757 0.6105
vn -0.2187 0.8360 -0.5033
vn 0.6921 0.6476 -0.3188
vn -0.2232 -0.7220 0.6549
vn -0.3912 0.7875 -0.4762
vn 0.5347 0.7451 -0.3986
vn -0.0274 -0.7367 0.6757
vn -0.5533 0.7135 -0.4299
vn 0.3544 0.8147 -0.4589
vn 0.1701 -0.7199 0.6729
vn -0.6940 0.6192 -0.3674
vn 0.3648 -0.6706 0.6459
vn -0.8132 0.5051 -0.2891
vn 0.5308 -0.5982 0.6004
vn -0.9052 0.3761 -0.1980
vn 0.6865 -0.4962 0.5315
vn -0.9670 0.2357 -0.0969
vn 0.8097 -0.3775 0.4494
vn -0.9963 0.0843 0.0137
vn 0.9051 -0.2398 0.3511
vn -0.9895 -0.0681 0.1277
vn 0.9659 -0.0899 0.2427
vn -0.9442 -0.2212 0.2441
vn 0.1229 0.5664 -0.8149
vn -0.3653 -0.5134 0.7765
vn -0.2452 0.6622 -0.7081
vn 0.6578 0.6005 -0.4546
vn -0.1822 -0.5270 0.8301
vn -0.4368 0.6024 -0.6681
vn 0.5077 0.6571 -0.5572
vn 0.0097 -0.5175 0.8556
vn -0.5965 0.5283 -0.6042
vn 0.3226 0.6960 -0.6415
vn 0.2060 -0.4842 0.8504
vn -0.7453 0.4310 -0.5087
vn 0.3867 -0.4293 0.8162
vn -0.8594 0.3247 -0.3950
vn 0.5593 -0.3531 0.7500
vn -0.9419 0.2089 -0.2631
vn 0.7038 -0.2613 0.6606
vn -0.9884 0.0913 -0.1215
vn 0.8218 -0.1560 0.5480
vn -0.9991 -0.0288 0.0299
vn 0.9090 -0.0399 0.4149
vn -0.9733 -0.1421 0.1804
vn 0.9594 0.0800 0.2704
vn -0.9105 -0.2492 0.3300
vn 0.9726 0.2004 0.1179
vn -0.8151 -0.3419 0.4677
vn 0.9474 0.3178 -0.0375
vn -0.6922 -0.4172 0.5889
vn 0.1460 0.7077 -0.6912
vn 0.8863 0.4241 -0.1863
vn -0.5363 -0.4772 0.6961
vn -0.0636 0.6960 -0.7152
vn -0.0173 0.5429 0.8396
vn 0.4344 -0.4140 0.8000
vn -0.8623 0.2439 -0.4438
vn 0.5966 -0.3509 0.7217
vn -0.9463 0.1409 -0.2910
vn 0.7384 -0.2720 0.6170
vn -0.9909 0.0361 -0.1293
vn 0.8516 -0.1829 0.4912
vn -0.9970 -0.0689 0.0359
vn 0.9355 -0.0832 0.3433
vn -0.9634 -0.1711 0.2062
vn 0.9830 0.0218 0.1823
vn -0.8884 -0.2689 0.3722
vn 0.9919 0.1259 0.0163
vn -0.7853 -0.3465 0.5131
vn 0.9609 0.2302 -0.1541
vn -0.6435 -0.4154 0.6429
vn 0.8909 0.3264 -0.3158
vn -0.4868 -0.4621 0.7413
vn -0.0582 0.5579 -0.8279
vn 0.7816 0.4115 -0.4687
vn -0.3092 -0.4910 0.8144
vn -0.2771 0.5244 -0.8051
vn 0.6557 0.4731 -0.5885
vn -0.1092 -0.5015 0.8582
vn -0.4382 0.4808 -0.7595
vn 0.4812 0.5285 -0.6993
vn 0.0757 -0.4905 0.8681
vn -0.6113 0.4122 -0.6756
vn 0.3115 0.5561 -0.7706
vn 0.2494 -0.4626 0.8508
vn -0.7451 0.3373 -0.5754
vn -0.2573 -0.5946 -0.7618
vn -0.2956 0.0671 -0.9529
vn -0.1956 -0.2838 -0.9387
vn -0.1971 0.1830 -0.9632
vn -0.0520 0.9749 -0.2163
vn -0.1855 -0.4218 -0.8875
vn -0.0676 0.9511 -0.3013
vn -0.1823 -0.4644 -0.8667
vn -0.0805 0.9246 -0.3723
vn -0.1596 -0.6229 -0.7658
vn -0.0990 0.8802 -0.4641
vn -0.1200 -0.8163 -0.5650
vn -0.1167 0.8252 -0.5527
vn -0.2297 -0.5239 -0.8202
vn -0.1530 0.6660 -0.7301
vn -0.3360 0.0939 -0.9372
vn -0.3938 -0.5093 -0.7652
vn -0.5438 0.1824 -0.8192
vn -0.5197 0.6084 -0.5998
vn -0.2535 -0.6525 -0.7141
vn -0.3897 -0.4293 -0.8147
vn -0.4671 -0.3517 -0.8113
vn -0.0878 0.9740 -0.2090
vn -0.5272 -0.2292 -0.8183
vn -0.1716 0.9438 -0.2824
vn -0.7067 0.6602 0.2543
vn -0.5223 0.7624 0.3821
vn -0.3061 0.9031 0.3011
vn -0.3947 0.8950 0.2078
vn -0.2463 0.9127 -0.3260
vn -0.3138 0.8491 -0.4250
vn -0.2959 -0.8105 -0.5055
vn -0.3304 -0.6272 -0.7053
vn -0.4343 0.7497 -0.4994
vn -0.4546 0.8454 -0.2805
vn -0.2740 0.9217 -0.2747
vn -0.6202 -0.5909 -0.5160
vn -0.7257 -0.3600 -0.5863
vn -0.6595 0.6387 -0.3964
vn -0.4947 -0.7507 -0.4378
vn -0.7890 0.4863 -0.3755
vn -0.5469 -0.4324 -0.7168
vn -0.8464 0.3551 -0.3970
vn -0.5047 0.0727 -0.8602
vn -0.8692 0.0807 -0.4878
vn -0.3008 -0.6381 -0.7087
vn -0.8646 -0.0570 -0.4992
vn -0.1281 0.9736 -0.1889
vn -0.8137 -0.1837 -0.5515
vn -0.8710 0.1607 -0.4642
vn -0.8390 0.2974 -0.4556
vn -0.5033 -0.7373 -0.4507
vn -0.8230 -0.0097 -0.5680
vn -0.8759 0.0561 -0.4792
vn -0.1637 0.9732 -0.1613
vn -0.8604 -0.1030 -0.4990
vn -0.3503 0.8996 -0.2606
vn -0.8201 -0.3275 -0.4692
vn -0.5636 0.7953 -0.2233
vn -0.7126 -0.5415 -0.4460
vn -0.7162 0.6434 -0.2704
vn -0.5625 -0.6897 -0.4559
vn -0.8049 0.4215 -0.4176
vn -0.6902 -0.4506 -0.5661
vn -0.8116 -0.4787 -0.3348
vn -0.8902 -0.3186 -0.3256
vn -0.7238 0.6590 -0.2046
vn -0.6061 0.7531 -0.2558
vn -0.6874 -0.6245 -0.3708
vn -0.8471 0.4533 -0.2772
vn -0.7664 -0.5146 -0.3844
vn -0.8872 0.2760 -0.3698
vn -0.8774 -0.0296 -0.4789
vn -0.9085 0.1668 -0.3832
vn -0.6331 -0.7123 -0.3031
vn -0.9283 0.0576 -0.3672
vn -0.1932 0.9729 -0.1271
vn -0.9395 -0.0866 -0.3314
vn -0.4122 0.8800 -0.2360
vn -0.7464 -0.5907 -0.3066
vn -0.9603 -0.1142 -0.2546
vn -0.9958 0.0087 -0.0912
vn -0.9788 0.1387 -0.1509
vn -0.2152 0.9726 -0.0878
vn -0.9957 -0.0919 -0.0086
vn -0.4477 0.8750 -0.1842
vn -0.9644 -0.2634 0.0239
vn -0.6357 0.7272 -0.2591
vn -0.9323 -0.3545 -0.0714
vn -0.7829 0.5918 -0.1919
vn -0.8425 -0.4956 -0.2109
vn -0.8800 0.4657 -0.0935
vn -0.7805 -0.5717 -0.2530
vn -0.9515 0.2829 -0.1209
vn -0.9237 -0.3811 -0.0400
vn -0.9733 -0.2293 -0.0072
vn -0.8874 0.4465 -0.1149
vn -0.8479 0.5201 -0.1032
vn -0.8027 -0.5893 -0.0919
vn -0.9384 0.3155 -0.1412
vn -0.9733 -0.2292 0.0111
vn -0.9829 0.1164 -0.1426
vn -0.7246 -0.6847 0.0785
vn -0.9935 -0.0613 -0.0955
vn -0.2288 0.9724 -0.0448
vn -0.9870 -0.1604 -0.0094
vn -0.4811 0.8721 -0.0890
vn -0.9646 -0.2614 0.0337
vn -0.7008 0.7063 -0.1000
vn -0.2334 0.9724 -0.0000
vn -0.6256 -0.6733 0.3940
vn -0.9783 -0.2053 0.0280
vn -0.9941 -0.1088 0.0025
vn -0.4962 0.8682 0.0089
vn -0.9655 -0.2582 0.0330
vn -0.7357 0.6759 0.0440
vn -0.9738 -0.2190 0.0615
vn -0.8362 0.5479 0.0250
vn -0.9216 -0.3769 0.0926
vn -0.8804 0.4734 -0.0282
vn -0.8184 -0.5737 0.0329
vn -0.9512 0.3082 -0.0157
vn -0.9172 -0.3068 0.2543
vn -0.9933 0.1154 -0.0055
vn -0.7693 -0.6038 0.2086
vn -0.9037 -0.3949 0.1656
vn -0.9505 0.3025 0.0707
vn -0.8521 0.5103 0.1163
vn -0.7558 -0.4044 0.5150
vn -0.9884 0.0557 0.1416
vn -0.3988 -0.9122 -0.0945
vn -0.9723 -0.1119 0.2051
vn -0.2288 0.9724 0.0448
vn -0.9736 -0.1739 0.1480
vn -0.4915 0.8650 0.1011
vn -0.9574 -0.2671 0.1100
vn -0.7268 0.6697 0.1525
vn -0.9497 -0.2773 0.1458
vn -0.8013 0.5755 0.1635
vn -0.9533 -0.0836 0.2902
vn -0.9113 -0.0442 0.4093
vn -0.4675 0.8721 0.1448
vn -0.2152 0.9726 0.0878
vn -0.9441 -0.2697 0.1898
vn -0.7099 0.6757 0.1988
vn -0.9390 -0.3004 0.1675
vn -0.7870 0.5508 0.2780
vn -0.8873 -0.4223 0.1854
vn -0.7754 0.5559 0.2995
vn -0.5518 -0.7293 0.4046
vn -0.9044 0.2860 0.3166
vn -0.2888 -0.4784 0.8293
vn -0.9113 -0.0248 0.4109
vn -0.0975 -0.3626 0.9268
vn -0.4530 -0.8242 0.3398
vn -0.8177 -0.5113 0.2645
vn -0.7559 0.2616 0.6001
vn -0.7937 0.4662 0.3908
vn -0.1567 -0.7024 0.6943
vn -0.8549 0.0986 0.5094
vn -0.1018 -0.0183 0.9946
vn -0.9589 0.0769 0.2730
vn -0.1932 0.9729 0.1271
vn -0.9579 -0.1639 0.2358
vn -0.9012 -0.3011 0.3117
vn -0.8526 -0.4199 0.3110
vn -0.8187 0.5163 0.2512
vn -0.6686 -0.3243 0.6692
vn -0.8075 -0.2365 0.5404
vn -0.1637 0.9732 0.1613
vn -0.7532 -0.3371 0.5649
vn -0.7305 0.5769 0.3654
vn -0.7822 -0.4720 0.4067
vn -0.7748 0.3465 0.5288
vn -0.6270 -0.7787 -0.0230
vn -0.7493 0.2250 0.6229
vn -0.4022 -0.9048 0.1401
vn -0.7789 0.2921 0.5549
vn -0.4883 -0.4767 0.7310
vn -0.8801 0.1186 0.4597
vn -0.6792 0.1689 0.7143
vn -0.6085 0.3335 0.7201
vn -0.4724 -0.8770 0.0881
vn -0.3445 -0.9306 -0.1240
vn -0.6237 0.2923 0.7250
vn -0.4904 -0.5951 0.6367
vn -0.4448 0.0082 0.8956
vn -0.1281 0.9736 0.1889
vn -0.2234 -0.1926 0.9555
vn -0.2407 0.9036 0.3543
vn -0.2511 -0.1288 0.9594
vn -0.3403 0.7958 0.5009
vn -0.5223 -0.2021 0.8285
vn -0.4449 0.6502 0.6159
vn -0.7690 -0.3010 0.5640
vn -0.8660 0.0541 0.4972
vn -0.4843 -0.0221 0.8746
vn -0.2346 0.7966 0.5571
vn -0.1659 0.9040 0.3939
vn -0.5530 -0.2375 0.7986
vn -0.2909 0.6617 0.6910
vn -0.7084 -0.1210 0.6953
vn -0.6502 -0.0578 0.7576
vn -0.3710 0.3991 0.8385
vn -0.7681 -0.6029 0.2159
vn -0.4526 0.2302 0.8615
vn -0.2946 -0.9179 0.2659
vn -0.3977 0.2341 0.8872
vn -0.3322 -0.5818 0.7424
vn -0.2638 -0.0708 0.9620
vn -0.0877 0.9740 0.2090
vn -0.3987 -0.8960 0.1957
vn -0.2999 -0.9427 0.1461
vn -0.1793 0.2009 0.9631
vn -0.2027 0.2349 0.9507
vn -0.1941 -0.5794 0.7916
vn -0.3664 -0.0102 0.9304
vn -0.0520 0.9749 0.2163
vn -0.6867 0.1442 0.7125
vn -0.0928 0.9045 0.4163
vn -0.7092 -0.2326 0.6655
vn -0.1266 0.7971 0.5904
vn -0.6940 -0.3430 0.6330
vn -0.1549 0.6623 0.7331
vn -0.3984 -0.1063 0.9110
vn -0.3435 -0.0857 0.9352
vn -0.1828 0.4034 0.8966
vn -0.4393 -0.2917 0.8497
vn 0.4585 0.4149 -0.7859
vn 0.3255 0.3543 -0.8766
vn -0.1301 0.8143 -0.5656
vn 0.0109 0.8899 -0.4560
vn 0.1949 0.2658 -0.9441
vn -0.2736 0.7099 -0.6490
vn 0.0733 0.1531 -0.9855
vn -0.4126 0.5802 -0.7023
vn -0.0326 0.0210 -0.9992
vn -0.5403 0.4299 -0.7234
vn -0.1170 -0.1239 -0.9854
vn -0.6505 0.2649 -0.7118
vn -0.1755 -0.2743 -0.9455
vn -0.7382 0.0921 -0.6682
vn -0.2056 -0.4220 -0.8830
vn -0.7999 -0.0811 -0.5946
vn -0.2077 -0.5589 -0.8028
vn -0.8337 -0.2470 -0.4939
vn -0.1848 -0.6787 -0.7108
vn -0.8390 -0.3988 -0.3701
vn -0.1418 -0.7777 -0.6124
vn -0.8165 -0.5303 -0.2283
vn -0.0839 -0.8547 -0.5123
vn -0.7672 -0.6371 -0.0739
vn -0.0157 -0.9104 -0.4135
vn -0.6931 -0.7155 0.0871
vn 0.0595 -0.9464 -0.3174
vn -0.5965 -0.7632 0.2484
vn 0.1399 -0.9643 -0.2249
vn -0.4808 -0.7783 0.4038
vn 0.2246 -0.9649 -0.1361
vn -0.3500 -0.7604 0.5471
vn 0.3132 -0.9483 -0.0511
vn -0.2095 -0.7095 0.6729
vn 0.4057 -0.9135 0.0289
vn -0.0649 -0.6272 0.7762
vn 0.5016 -0.8591 0.1022
vn 0.0771 -0.5160 0.8531
vn 0.5993 -0.7833 0.1655
vn 0.2102 -0.3801 0.9007
vn 0.6961 -0.6853 0.2139
vn 0.3284 -0.2247 0.9174
vn 0.7878 -0.5663 0.2421
vn 0.4265 -0.0567 0.9027
vn 0.8690 -0.4301 0.2449
vn 0.5012 0.1162 0.8575
vn 0.9339 -0.2827 0.2190
vn 0.5508 0.2859 0.7842
vn 0.9776 -0.1322 0.1637
vn 0.5753 0.4452 0.6861
vn 0.9966 0.0133 0.0811
vn 0.5760 0.5883 0.5676
vn 0.9890 0.1462 -0.0243
vn 0.5543 0.7109 0.4329
vn 0.9543 0.2601 -0.1469
vn 0.5112 0.8104 0.2862
vn 0.8939 0.3500 -0.2799
vn 0.4477 0.8844 0.1321
vn 0.8102 0.4123 -0.4167
vn 0.3644 0.9309 -0.0249
vn 0.7065 0.4445 -0.5507
vn 0.2623 0.9482 -0.1793
vn -0.9609 -0.2599 0.0952
vn -0.9731 -0.2122 -0.0900
vn 0.5875 0.4454 -0.6756
vn 0.1433 0.9347 -0.3252
vn -0.9569 0.2115 0.1993
vn -0.9730 0.2280 0.0363
vn -0.9506 -0.1509 -0.2713
vn 0.1554 0.0302 0.9874
vn -0.0036 -0.0508 0.9987
vn 0.7236 0.6095 -0.3240
vn 0.7939 0.5943 -0.1283
vn -0.8044 0.0010 -0.5941
vn -0.6859 0.0853 -0.7227
vn -0.4740 -0.2419 0.8467
vn -0.6141 -0.2798 0.7380
vn 0.7692 0.4445 0.4591
vn 0.6887 0.3697 0.6237
vn -0.2066 0.3384 -0.9180
vn -0.0262 0.4146 -0.9096
vn -0.9156 -0.2915 0.2771
vn 0.3089 0.1154 0.9441
vn 0.6179 0.6046 -0.5026
vn -0.8938 -0.0788 -0.4415
vn -0.3225 -0.1894 0.9274
vn 0.8162 0.5091 0.2733
vn -0.3810 0.2566 -0.8883
vn -0.8398 -0.3055 0.4487
vn 0.4524 0.2022 0.8686
vn 0.4829 0.5804 -0.6558
vn -0.1642 -0.1249 0.9785
vn 0.8251 0.5601 0.0743
vn -0.5429 0.1714 -0.8221
vn -0.7377 -0.3015 0.6040
vn 0.5810 0.2879 0.7613
vn 0.3256 0.5386 -0.7771
vn 0.1536 0.4823 -0.8624
vn -0.7679 0.1862 0.6129
vn -0.7829 0.5165 0.3467
vn -0.8069 0.5167 0.2863
vn -0.8512 0.1904 0.4890
vn 0.9006 0.2316 0.3677
vn 0.7907 0.2348 0.5654
vn -0.9151 0.1988 0.3508
vn 0.9615 0.2269 0.1548
vn 0.9734 0.2216 -0.0582
vn 0.9409 0.2170 -0.2600
vn -0.6671 0.1857 0.7215
vn 0.8702 0.2145 -0.4435
vn -0.5498 0.1886 0.8137
vn -0.1372 0.2882 -0.9477
vn 0.0808 0.2680 -0.9600
vn 0.7668 0.2153 -0.6047
vn -0.4163 0.1943 0.8882
vn -0.3511 0.3031 -0.8859
vn 0.6339 0.2207 -0.7412
vn -0.2667 0.2020 0.9424
vn -0.5443 0.3081 -0.7803
vn 0.4737 0.2315 -0.8497
vn -0.1011 0.2108 0.9723
vn -0.7051 0.3024 -0.6414
vn 0.2878 0.2478 -0.9251
vn 0.0786 0.2197 0.9724
vn -0.8281 0.2880 -0.4809
vn 0.2685 0.2274 0.9361
vn -0.9122 0.2685 -0.3094
vn 0.4598 0.2329 0.8570
vn -0.9594 0.2476 -0.1348
vn 0.6391 0.2354 0.7322
vn -0.5602 0.5529 -0.6169
vn -0.6575 0.5458 -0.5195
vn -0.7375 0.5422 -0.4027
vn -0.7934 0.5388 -0.2833
vn -0.8273 0.5349 -0.1720
vn -0.8444 0.5307 -0.0730
vn -0.8499 0.5268 0.0138
vn -0.8473 0.5232 0.0908
vn -0.8388 0.5203 0.1601
vn -0.8253 0.5180 0.2249
vn -0.7522 0.5179 0.4074
vn -0.7131 0.5219 0.4680
vn -0.6627 0.5288 0.5303
vn -0.5987 0.5406 0.5910
vn -0.5177 0.5589 0.6478
vn -0.4184 0.5866 0.6934
vn -0.3015 0.6271 0.7182
vn -0.1721 0.6840 0.7089
vn -0.0329 0.7569 0.6528
vn 0.1030 0.8412 0.5308
vn 0.2129 0.9194 0.3307
vn 0.2680 0.9610 0.0676
vn 0.2539 0.9452 -0.2053
vn 0.1801 0.8848 -0.4298
vn 0.0782 0.8076 -0.5845
vn -0.0333 0.7348 -0.6775
vn -0.1444 0.6744 -0.7241
vn -0.2529 0.6277 -0.7363
vn -0.3575 0.5931 -0.7214
vn -0.4593 0.5684 -0.6827
vn -0.4478 -0.1044 0.8880
vn 0.4546 -0.5214 -0.7221
vn 0.2782 -0.5591 -0.7811
vn 0.0928 -0.5794 -0.8098
vn -0.0936 -0.5814 -0.8082
vn -0.2760 -0.5652 -0.7774
vn -0.4499 -0.5308 -0.7182
vn -0.6100 -0.4788 -0.6314
vn -0.7493 -0.4111 -0.5192
vn -0.8631 -0.3291 -0.3830
vn -0.9446 -0.2366 -0.2275
vn -0.9888 -0.1375 -0.0587
vn -0.9925 -0.0363 0.1163
vn -0.9552 0.0620 0.2894
vn -0.8790 0.1526 0.4518
vn -0.7683 0.2317 0.5967
vn -0.6289 0.2968 0.7186
vn -0.4676 0.3460 0.8134
vn -0.2928 0.3781 0.8782
vn -0.1071 0.3935 0.9131
vn 0.0803 0.3918 0.9165
vn 0.2659 0.3735 0.8887
vn 0.4422 0.3392 0.8303
vn 0.6054 0.2891 0.7416
vn 0.7471 0.2250 0.6255
vn 0.8627 0.1478 0.4836
vn 0.9446 0.0606 0.3225
vn 0.9884 -0.0337 0.1478
vn 0.9909 -0.1310 -0.0319
vn 0.9515 -0.2269 -0.2076
vn 0.8725 -0.3176 -0.3713
vn 0.0486 0.7443 -0.6660
vn 0.7597 -0.3984 -0.5140
vn 0.6180 -0.4673 -0.6323
vn -0.8911 0.1006 0.4425
vn 0.9472 -0.0644 0.3140
vn 0.6236 0.2033 0.7549
vn 0.4351 -0.4042 -0.8046
vn 0.6049 -0.3643 -0.7081
vn -0.9380 -0.1987 -0.2839
vn -0.0940 0.2909 0.9521
vn 0.9917 -0.1118 -0.0632
vn -0.4585 -0.4078 -0.7896
vn -0.7804 0.1643 0.6034
vn 0.7610 0.1541 0.6301
vn 0.2560 -0.4307 -0.8654
vn -0.9861 -0.1254 -0.1087
vn 0.0998 0.2875 0.9526
vn 0.9506 -0.1838 -0.2503
vn -0.6118 -0.3711 -0.6986
vn -0.6372 0.2168 0.7396
vn 0.8719 0.0960 0.4801
vn 0.0684 -0.4443 -0.8933
vn -0.9959 -0.0485 0.0767
vn 0.2860 0.2713 0.9190
vn 0.8682 -0.2525 -0.4271
vn -0.7453 -0.3235 -0.5830
vn -0.4689 0.2560 0.8454
vn 0.9501 0.0309 0.3103
vn -0.1139 -0.4447 -0.8884
vn -0.9643 0.0282 0.2634
vn 0.4635 0.2427 0.8522
vn 0.7511 -0.3132 -0.5812
vn -0.8557 -0.2657 -0.4441
vn -0.2869 0.2805 0.9160
vn 0.9912 -0.0394 0.1263
vn -0.2935 -0.4321 -0.8527
vn 0.9249 -0.1427 -0.3524
vn -0.9655 -0.0004 0.2605
vn 0.9857 -0.1141 0.1238
vn -0.8944 0.0429 0.4451
vn 0.4231 -0.3365 -0.8413
vn 0.9839 -0.1635 -0.0716
vn -0.7861 0.0804 0.6128
vn 0.2432 -0.3456 -0.9063
vn 0.9410 -0.2108 -0.2648
vn -0.6450 0.1105 0.7561
vn 0.0547 -0.3456 -0.9368
vn 0.8573 -0.2540 -0.4477
vn -0.4770 0.1319 0.8689
vn -0.1291 -0.3369 -0.9327
vn 0.7404 -0.2897 -0.6066
vn -0.2933 0.1435 0.9452
vn -0.3089 -0.3199 -0.8957
vn 0.5926 -0.3177 -0.7401
vn -0.0984 0.1456 0.9844
vn -0.4745 -0.2959 -0.8290
vn 0.0979 0.1380 0.9856
vn -0.6268 -0.2651 -0.7327
vn 0.2867 0.1217 0.9503
vn -0.7577 -0.2287 -0.6112
vn 0.4655 0.0970 0.8797
vn -0.8643 -0.1877 -0.4667
vn 0.6262 0.0649 0.7769
vn -0.9431 -0.1423 -0.3005
vn 0.7622 0.0268 0.6468
vn -0.9882 -0.0951 -0.1203
vn 0.8715 -0.0170 0.4902
vn -0.9965 -0.0471 0.0692
vn 0.3706 0.0822 -0.9252
vn -0.5897 -0.1159 0.7993
vn 0.0162 -0.0841 -0.9963
vn 0.8374 -0.1333 -0.5302
vn -0.4214 -0.1267 0.8980
vn -0.1784 -0.0762 -0.9810
vn 0.7193 -0.1237 -0.6836
vn -0.2398 -0.1369 0.9611
vn -0.3671 -0.0696 -0.9276
vn 0.5707 -0.1134 -0.8133
vn -0.0453 -0.1462 0.9882
vn -0.5400 -0.0648 -0.8391
vn 0.1501 -0.1542 0.9766
vn -0.6935 -0.0617 -0.7178
vn 0.3379 -0.1605 0.9274
vn -0.8185 -0.0607 -0.5713
vn 0.5142 -0.1650 0.8416
vn -0.9123 -0.0618 -0.4048
vn 0.6700 -0.1675 0.7232
vn -0.9730 -0.0649 -0.2215
vn 0.7988 -0.1680 0.5777
vn -0.9970 -0.0700 -0.0315
vn 0.8973 -0.1664 0.4089
vn -0.9842 -0.0769 0.1593
vn 0.9607 -0.1628 0.2246
vn -0.9349 -0.0852 0.3446
vn 0.9870 -0.1575 0.0311
vn -0.8504 -0.0948 0.5175
vn 0.3993 -0.1032 -0.9110
vn 0.9750 -0.1508 -0.1629
vn -0.7341 -0.1051 0.6708
vn 0.2117 -0.0932 -0.9729
vn -0.0414 -0.9507 0.3073
vn 0.1999 -0.1526 0.9679
vn -0.7066 0.0310 -0.7069
vn 0.3814 -0.1418 0.9135
vn -0.8320 0.0095 -0.5547
vn 0.5511 -0.1270 0.8248
vn -0.9249 -0.0140 -0.3800
vn 0.7015 -0.1088 0.7043
vn -0.9809 -0.0383 -0.1906
vn 0.8271 -0.0877 0.5552
vn -0.9980 -0.0631 0.0084
vn 0.9211 -0.0647 0.3838
vn -0.9748 -0.0866 0.2055
vn 0.9800 -0.0403 0.1951
vn -0.9126 -0.1082 0.3942
vn 0.9999 -0.0158 -0.0022
vn -0.8153 -0.1268 0.5650
vn 0.9797 0.0079 -0.2004
vn -0.6864 -0.1420 0.7133
vn 0.1846 0.0845 -0.9792
vn 0.9202 0.0296 -0.3903
vn -0.5338 -0.1529 0.8317
vn -0.0081 0.0822 -0.9966
vn 0.8244 0.0486 -0.5639
vn -0.3629 -0.1595 0.9181
vn -0.1995 0.0754 -0.9770
vn 0.6957 0.0641 -0.7155
vn -0.1774 -0.1617 0.9708
vn -0.3848 0.0644 -0.9207
vn 0.5433 0.0753 -0.8361
vn 0.0097 -0.1594 0.9872
vn -0.5550 0.0495 -0.8304
vn 0.6654 -0.4479 -0.5971
vn 0.5139 -0.5031 -0.6948
vn 0.3426 -0.5436 -0.7663
vn 0.1627 -0.5665 -0.8079
vn -0.0225 -0.5715 -0.8203
vn -0.2083 -0.5584 -0.8030
vn -0.3885 -0.5271 -0.7558
vn -0.5570 -0.4784 -0.6789
vn -0.7073 -0.4136 -0.5732
vn -0.8330 -0.3348 -0.4405
vn -0.9260 -0.2457 -0.2865
vn -0.9817 -0.1504 -0.1172
vn -0.9968 -0.0531 0.0597
vn -0.9710 0.0411 0.2356
vn -0.9066 0.1282 0.4021
vn -0.8075 0.2052 0.5531
vn -0.6796 0.2694 0.6823
vn -0.5285 0.3194 0.7865
vn -0.3594 0.3544 0.8632
vn -0.1785 0.3737 0.9102
vn 0.0088 0.3770 0.9262
vn 0.1967 0.3643 0.9103
vn 0.3807 0.3352 0.8618
vn 0.5519 0.2905 0.7817
vn 0.7051 0.2305 0.6706
vn 0.8313 0.1574 0.5330
vn 0.9248 0.0733 0.3732
vn 0.9798 -0.0184 0.1989
vn 0.9934 -0.1133 0.0190
vn 0.9652 -0.2078 -0.1586
vn 0.1149 0.7626 -0.6366
vn 0.8982 -0.2972 -0.3240
vn 0.7970 -0.3779 -0.4712
vn -0.9746 -0.0118 0.2235
vn 0.8503 0.0337 0.5253
vn 0.4051 0.2516 0.8790
vn 0.6520 -0.3315 -0.6819
vn 0.7897 -0.2752 -0.5484
vn -0.8181 -0.2947 -0.4938
vn -0.3436 0.2531 0.9044
vn 0.9857 0.0016 0.1687
vn -0.2148 -0.4352 -0.8743
vn -0.9119 0.0598 0.4061
vn 0.5722 0.2215 0.7896
vn 0.4965 -0.3761 -0.7823
vn -0.9132 -0.2323 -0.3348
vn -0.1565 0.2713 0.9497
vn 0.9973 -0.0695 -0.0229
vn -0.3875 -0.4184 -0.8215
vn -0.8110 0.1242 0.5716
vn 0.7208 0.1802 0.6694
vn 0.3233 -0.4098 -0.8530
vn -0.9744 -0.1616 -0.1564
vn 0.0332 0.2769 0.9603
vn 0.9664 -0.1422 -0.2140
vn -0.5487 -0.3892 -0.7399
vn -0.6781 0.1790 0.7129
vn 0.8428 0.1289 0.5226
vn 0.1448 -0.4308 -0.8907
vn -0.9957 -0.0871 0.0324
vn 0.2235 0.2703 0.9365
vn 0.8959 -0.2114 -0.3907
vn -0.6935 -0.3481 -0.6308
vn -0.5200 0.2221 0.8248
vn 0.9332 0.0685 0.3529
vn -0.0356 -0.4393 -0.8976
vn 0.9913 -0.0287 -0.1284
vn -0.9929 -0.1155 0.0293
vn 0.9370 -0.0062 0.3493
vn -0.9718 -0.0694 0.2254
vn 0.6413 -0.2645 -0.7203
vn 0.9860 -0.0503 0.1587
vn -0.9102 -0.0245 0.4134
vn 0.4844 -0.2918 -0.8248
vn 0.9945 -0.0970 -0.0393
vn -0.8102 0.0174 0.5859
vn 0.3084 -0.3122 -0.8986
vn 0.9609 -0.1443 -0.2364
vn -0.6765 0.0543 0.7344
vn 0.1289 -0.3242 -0.9372
vn 0.8885 -0.1887 -0.4182
vn -0.5180 0.0845 0.8512
vn -0.0550 -0.3284 -0.9429
vn 0.7801 -0.2294 -0.5821
vn -0.3388 0.1073 0.9347
vn -0.2332 -0.3250 -0.9165
vn -0.1486 0.1217 0.9814
vn -0.4060 -0.3139 -0.8582
vn 0.0440 0.1276 0.9908
vn -0.5650 -0.2957 -0.7703
vn 0.2359 0.1250 0.9637
vn -0.7063 -0.2706 -0.6542
vn 0.4184 0.1138 0.9011
vn -0.8254 -0.2390 -0.5114
vn 0.5842 0.0947 0.8061
vn -0.9161 -0.2019 -0.3465
vn 0.7310 0.0676 0.6791
vn -0.9734 -0.1602 -0.1638
vn 0.5619 0.1479 -0.8139
vn -0.7408 -0.2025 0.6405
vn 0.2553 -0.0551 -0.9653
vn 0.9467 -0.0245 -0.3212
vn -0.5998 -0.1970 0.7755
vn 0.0621 -0.0695 -0.9956
vn 0.8669 -0.0240 -0.4980
vn -0.4369 -0.1885 0.8795
vn -0.1330 -0.0855 -0.9874
vn 0.7519 -0.0270 -0.6587
vn -0.2551 -0.1767 0.9506
vn -0.3210 -0.1024 -0.9415
vn -0.0622 -0.1625 0.9848
vn -0.4973 -0.1197 -0.8593
vn 0.1317 -0.1464 0.9804
vn -0.6522 -0.1367 -0.7457
vn 0.3214 -0.1289 0.9381
vn -0.7811 -0.1528 -0.6054
vn 0.4994 -0.1107 0.8593
vn -0.8816 -0.1676 -0.4413
vn 0.6582 -0.0928 0.7471
vn -0.9480 -0.1804 -0.2621
vn 0.7922 -0.0756 0.6055
vn -0.9789 -0.1908 -0.0733
vn 0.8953 -0.0602 0.4414
vn -0.9730 -0.1985 0.1181
vn 0.9647 -0.0468 0.2593
vn -0.9301 -0.2032 0.3060
vn 0.6078 -0.0334 -0.7934
vn 0.9970 -0.0363 0.0681
vn -0.8519 -0.2046 0.4821
vn 0.4395 -0.0429 -0.8972
vn 0.0004 -0.9570 0.2900
vn -0.0120 -0.1551 0.9878
vn -0.5228 -0.0295 -0.8520
vn 0.1743 -0.1225 0.9770
vn -0.6771 -0.0689 -0.7327
vn 0.3569 -0.0865 0.9301
vn -0.8045 -0.1073 -0.5842
vn 0.5267 -0.0485 0.8487
vn -0.8993 -0.1429 -0.4133
vn 0.6810 -0.0093 0.7322
vn -0.9589 -0.1746 -0.2235
vn 0.8089 0.0286 0.5872
vn -0.9793 -0.2008 -0.0264
vn 0.9064 0.0645 0.4175
vn -0.9601 -0.2204 0.1722
vn 0.9685 0.0963 0.2297
vn -0.9034 -0.2323 0.3604
vn 0.9919 0.1229 0.0325
vn -0.8119 -0.2368 0.5336
vn 0.3943 0.1308 -0.9096
vn 0.9756 0.1430 -0.1668
vn -0.6897 -0.2340 0.6852
vn 0.2121 0.1074 -0.9713
vn 0.9213 0.1556 -0.3562
vn -0.5449 -0.2234 0.8082
vn 0.0234 0.0786 -0.9966
vn 0.8300 0.1606 -0.5342
vn -0.3749 -0.2065 0.9038
vn -0.1673 0.0455 -0.9849
vn 0.7090 0.1579 -0.6872
vn -0.1990 -0.1836 0.9627
vn -0.3502 0.0092 -0.9366
vn 0.6935 -0.5069 -0.5119
vn 0.5452 -0.5862 -0.5992
vn 0.3780 -0.6468 -0.6624
vn 0.1982 -0.6863 -0.6998
vn 0.0149 -0.7031 -0.7109
vn -0.1698 -0.6973 -0.6964
vn -0.3544 -0.6676 -0.6547
vn -0.5247 -0.6158 -0.5877
vn -0.6800 -0.5416 -0.4942
vn -0.8104 -0.4485 -0.3770
vn -0.9092 -0.3397 -0.2407
vn -0.9714 -0.2197 -0.0898
vn -0.9932 -0.0949 0.0679
vn -0.9739 0.0291 0.2252
vn -0.9155 0.1467 0.3746
vn -0.8221 0.2531 0.5099
vn -0.6986 0.3453 0.6267
vn -0.5516 0.4200 0.7207
vn -0.3855 0.4765 0.7902
vn -0.2055 0.5131 0.8334
vn -0.0198 0.5289 0.8484
vn 0.1708 0.5235 0.8347
vn 0.3545 0.4966 0.7923
vn 0.5283 0.4481 0.7212
vn 0.6862 0.3781 0.6215
vn 0.8174 0.2894 0.4981
vn 0.9164 0.1845 0.3553
vn 0.9776 0.0677 0.1992
vn 0.9977 -0.0555 0.0380
vn 0.9761 -0.1806 -0.1211
vn 0.0806 0.6483 -0.7571
vn 0.9153 -0.3000 -0.2687
vn 0.8201 -0.4094 -0.3997
vn -0.9748 -0.0251 0.2218
vn 0.8425 0.1675 0.5120
vn 0.3837 0.4184 0.8232
vn 0.6746 -0.4076 -0.6155
vn 0.8083 -0.3219 -0.4930
vn -0.7971 -0.4174 -0.4364
vn -0.3644 0.3846 0.8481
vn 0.9826 0.0825 0.1661
vn -0.1839 -0.5883 -0.7875
vn -0.9171 0.0797 0.3905
vn 0.5526 0.3825 0.7404
vn 0.5227 -0.4767 -0.7068
vn -0.8969 -0.3337 -0.2903
vn -0.1798 0.4201 0.8895
vn 0.9998 -0.0194 -0.0107
vn -0.3572 -0.5721 -0.7383
vn -0.8219 0.1764 0.5417
vn 0.7040 0.3294 0.6292
vn 0.3522 -0.5311 -0.7706
vn -0.9632 -0.2373 -0.1266
vn 0.0110 0.4375 0.8991
vn 0.9744 -0.1251 -0.1866
vn -0.5203 -0.5381 -0.6632
vn -0.6927 0.2615 0.6721
vn 0.8305 0.2601 0.4925
vn 0.1735 -0.5679 -0.8046
vn -0.9900 -0.1330 0.0467
vn 0.2005 0.4370 0.8768
vn 0.9089 -0.2273 -0.3495
vn -0.6693 -0.4861 -0.5619
vn -0.5381 0.3312 0.7751
vn 0.9250 0.1769 0.3363
vn -0.0048 -0.5868 -0.8097
vn 0.9926 0.0024 -0.1216
vn -0.9857 -0.1613 0.0486
vn 0.9328 0.1029 0.3453
vn -0.9689 -0.0814 0.2337
vn 0.6610 -0.3486 -0.6645
vn 0.9859 0.0297 0.1649
vn -0.9113 -0.0021 0.4118
vn 0.5067 -0.4016 -0.7629
vn 0.9985 -0.0495 -0.0223
vn -0.8152 0.0739 0.5744
vn 0.3322 -0.4437 -0.8324
vn 0.9693 -0.1312 -0.2081
vn -0.6848 0.1425 0.7147
vn 0.1548 -0.4714 -0.8682
vn 0.9008 -0.2098 -0.3802
vn -0.5299 0.2003 0.8241
vn -0.0299 -0.4864 -0.8732
vn 0.7960 -0.2835 -0.5348
vn -0.3519 0.2466 0.9030
vn -0.2086 -0.4879 -0.8476
vn -0.1639 0.2788 0.9463
vn -0.3818 -0.4762 -0.7921
vn 0.0291 0.2964 0.9546
vn -0.5416 -0.4519 -0.7089
vn 0.2199 0.2993 0.9285
vn -0.6851 -0.4151 -0.5986
vn 0.4045 0.2873 0.8683
vn -0.8071 -0.3660 -0.4633
vn 0.5715 0.2611 0.7780
vn -0.9008 -0.3064 -0.3077
vn 0.7206 0.2206 0.6573
vn -0.9623 -0.2368 -0.1339
vn 0.5607 0.0371 -0.8272
vn -0.7350 -0.1298 0.6655
vn 0.2683 -0.2047 -0.9413
vn 0.9495 -0.0286 -0.3126
vn -0.5952 -0.0937 0.7981
vn 0.0738 -0.2343 -0.9694
vn 0.8713 -0.0624 -0.4867
vn -0.4347 -0.0590 0.8987
vn -0.1191 -0.2590 -0.9585
vn 0.7580 -0.0988 -0.6447
vn -0.2536 -0.0257 0.9670
vn -0.3068 -0.2779 -0.9103
vn -0.0630 0.0042 0.9980
vn -0.4836 -0.2901 -0.8258
vn 0.1302 0.0296 0.9910
vn -0.6374 -0.2958 -0.7115
vn 0.3194 0.0497 0.9463
vn -0.7670 -0.2943 -0.5701
vn 0.4970 0.0636 0.8654
vn -0.8673 -0.2869 -0.4068
vn 0.6551 0.0706 0.7522
vn -0.9347 -0.2723 -0.2283
vn 0.7895 0.0705 0.6097
vn -0.9669 -0.2521 -0.0390
vn 0.8932 0.0632 0.4452
vn -0.9623 -0.2269 0.1502
vn 0.9634 0.0491 0.2634
vn -0.9209 -0.1972 0.3362
vn 0.6156 -0.1356 -0.7763
vn 0.9969 0.0287 0.0732
vn -0.8446 -0.1644 0.5095
vn 0.4493 -0.1715 -0.8768
vn 0.0522 -0.8910 0.4509
vn -0.0132 0.0148 0.9998
vn -0.5145 -0.2016 -0.8335
vn 0.1722 0.0548 0.9835
vn -0.6669 -0.2285 -0.7092
vn 0.3527 0.0920 0.9312
vn -0.7919 -0.2476 -0.5582
vn 0.5219 0.1246 0.8439
vn -0.8861 -0.2580 -0.3850
vn 0.6746 0.1514 0.7225
vn -0.9465 -0.2609 -0.1898
vn 0.8008 0.1709 0.5740
vn -0.9673 -0.2536 0.0083
vn 0.8976 0.1824 0.4012
vn -0.9487 -0.2383 0.2079
vn 0.9602 0.1851 0.2091
vn -0.8939 -0.2154 0.3930
vn 0.9838 0.1791 0.0128
vn -0.8013 -0.1849 0.5690
vn 0.3952 -0.0051 -0.9186
vn 0.9681 0.1638 -0.1898
vn -0.6839 -0.1505 0.7138
vn 0.2155 -0.0482 -0.9753
vn 0.9156 0.1414 -0.3765
vn -0.5383 -0.1113 0.8353
vn 0.0285 -0.0907 -0.9955
vn 0.8250 0.1112 -0.5541
vn -0.3730 -0.0694 0.9253
vn -0.1601 -0.1319 -0.9782
vn 0.7054 0.0760 -0.7047
vn -0.1988 -0.0276 0.9796
vn -0.3419 -0.1686 -0.9245
vn 0.3942 0.7962 -0.4591
vn 0.5438 0.7641 -0.3471
vn 0.6720 0.7069 -0.2206
vn 0.7740 0.6273 -0.0865
vn 0.8474 0.5284 0.0518
vn 0.8917 0.4106 0.1906
vn 0.9034 0.2788 0.3257
vn 0.8814 0.1366 0.4522
vn 0.8242 -0.0109 0.5662
vn 0.7319 -0.1582 0.6628
vn 0.6075 -0.2973 0.7366
vn 0.4553 -0.4218 0.7841
vn 0.2827 -0.5256 0.8024
vn 0.0974 -0.6038 0.7912
vn -0.0903 -0.6534 0.7516
vn -0.2743 -0.6737 0.6863
vn -0.4465 -0.6652 0.5984
vn -0.6002 -0.6300 0.4927
vn -0.7325 -0.5699 0.3723
vn -0.8392 -0.4873 0.2412
vn -0.9169 -0.3855 0.1036
vn -0.9630 -0.2671 -0.0369
vn -0.9751 -0.1352 -0.1759
vn -0.9514 0.0054 -0.3079
vn -0.8909 0.1510 -0.4284
vn -0.7945 0.2946 -0.5310
vn -0.6656 0.4305 -0.6096
vn -0.5097 0.5518 -0.6601
vn -0.3331 0.6533 -0.6799
vn -0.1463 0.7304 -0.6671
vn 0.4578 -0.5044 -0.7321
vn 0.0422 0.7802 -0.6241
vn 0.2240 0.8021 -0.5536
vn 0.1169 -0.5614 0.8192
vn -0.7779 0.4073 -0.4785
vn -0.9884 -0.0543 -0.1418
vn 0.4627 0.7006 -0.5432
vn 0.2855 0.7205 -0.6319
vn 0.7716 -0.1777 0.6108
vn -0.7635 -0.4811 0.4308
vn -0.4857 0.5415 -0.6862
vn 0.9445 0.3121 0.1023
vn -0.0837 -0.6006 0.7952
vn -0.9566 0.0728 -0.2821
vn 0.6140 0.6582 -0.4356
vn 0.6464 -0.2970 0.7028
vn -0.8700 -0.3946 0.2956
vn -0.3012 0.6232 -0.7217
vn 0.9504 0.1962 0.2415
vn -0.2803 -0.6109 0.7405
vn -0.8883 0.2012 -0.4128
vn 0.7425 0.5936 -0.3103
vn 0.4910 -0.4050 0.7713
vn -0.9440 -0.2926 0.1526
vn -0.1030 0.6821 -0.7240
vn 0.9241 0.0740 0.3750
vn -0.4639 -0.5929 0.6583
vn -0.7853 0.3252 -0.5268
vn 0.8393 0.5138 -0.1778
vn 0.3122 -0.4948 0.8110
vn -0.9841 -0.1774 0.0046
vn 0.0944 0.7145 -0.6932
vn 0.8650 -0.0519 0.4991
vn -0.6260 -0.5489 0.5539
vn -0.6490 0.4407 -0.6201
vn 0.9075 0.4184 -0.0379
vn -0.2071 0.5955 -0.7762
vn 0.3175 -0.4697 0.8238
vn -0.6373 0.5044 -0.5826
vn 0.1210 -0.5127 0.8500
vn 0.4943 0.6427 -0.5854
vn -0.4695 0.5853 -0.6611
vn -0.0794 -0.5311 0.8436
vn 0.6475 0.5855 -0.4877
vn -0.2818 0.6456 -0.7098
vn -0.2798 -0.5241 0.8044
vn 0.7771 0.5094 -0.3695
vn -0.0810 0.6826 -0.7263
vn -0.4685 -0.4916 0.7340
vn 0.8742 0.4213 -0.2412
vn 0.1193 0.6942 -0.7098
vn -0.6332 -0.4373 0.6386
vn 0.9416 0.3212 -0.1016
vn 0.3132 0.6807 -0.6623
vn -0.7745 -0.3616 0.5190
vn 0.9758 0.2148 0.0402
vn -0.8829 -0.2703 0.3840
vn 0.9774 0.1027 0.1847
vn -0.9567 -0.1668 0.2385
vn 0.9459 -0.0093 0.3243
vn -0.9949 -0.0537 0.0858
vn 0.8812 -0.1200 0.4572
vn -0.9956 0.0643 -0.0675
vn 0.7832 -0.2261 0.5792
vn -0.9595 0.1821 -0.2148
vn 0.6547 -0.3222 0.6838
vn -0.8862 0.2985 -0.3544
vn 0.4973 -0.4050 0.7672
vn 0.5529 0.2684 -0.7889
vn -0.3264 -0.3092 0.8932
vn 0.8247 0.2738 -0.4949
vn -0.0122 0.5839 -0.8117
vn -0.4995 -0.2459 0.8307
vn 0.9181 0.1799 -0.3531
vn 0.1805 0.5539 -0.8128
vn -0.6513 -0.1701 0.7395
vn 0.9776 0.0817 -0.1938
vn 0.3676 0.5056 -0.7805
vn -0.7804 -0.0828 0.6198
vn 0.9995 -0.0148 -0.0267
vn -0.8783 0.0114 0.4779
vn 0.9836 -0.1078 0.1448
vn -0.9406 0.1081 0.3219
vn 0.9309 -0.1917 0.3108
vn -0.9665 0.2055 0.1537
vn 0.8455 -0.2632 0.4647
vn -0.9544 0.2980 -0.0184
vn 0.7271 -0.3226 0.6060
vn -0.9047 0.3831 -0.1864
vn 0.5827 -0.3657 0.7257
vn -0.8196 0.4569 -0.3456
vn 0.4192 -0.3909 0.8195
vn -0.7022 0.5171 -0.4895
vn 0.2387 -0.3981 0.8858
vn -0.5577 0.5613 -0.6115
vn 0.0499 -0.3865 0.9209
vn 0.5436 0.4408 -0.7143
vn -0.3899 0.5877 -0.7089
vn -0.1407 -0.3566 0.9236
vn 0.6974 0.3627 -0.6181
vn -0.1502 0.7601 0.6322
vn -0.8986 0.0335 0.4375
vn 0.9734 -0.1970 0.1166
vn -0.9550 0.1129 0.2744
vn 0.9189 -0.2618 0.2951
vn -0.9764 0.1912 0.1007
vn 0.8264 -0.3163 0.4659
vn -0.9613 0.2643 -0.0784
vn 0.7040 -0.3553 0.6150
vn -0.9091 0.3290 -0.2554
vn 0.5518 -0.3794 0.7426
vn -0.8214 0.3826 -0.4230
vn 0.3746 -0.3874 0.8424
vn -0.7001 0.4232 -0.5751
vn 0.1885 -0.3777 0.9065
vn -0.5481 0.4490 -0.7057
vn -0.0053 -0.3522 0.9359
vn -0.3759 0.4575 -0.8058
vn -0.1986 -0.3118 0.9292
vn 0.7001 0.1962 -0.6865
vn -0.1902 0.4493 -0.8729
vn -0.3816 -0.2583 0.8875
vn 0.8238 0.1172 -0.5546
vn 0.0105 0.4246 -0.9053
vn -0.5466 -0.1951 0.8144
vn 0.9131 0.0363 -0.4061
vn 0.1999 0.3850 -0.9010
vn -0.6906 -0.1233 0.7126
vn 0.9698 -0.0451 -0.2395
vn 0.3872 0.3319 -0.8602
vn -0.8092 -0.0473 0.5856
vn 0.9902 -0.1239 -0.0646
vn 0.1537 0.7051 -0.6923
vn 0.3177 0.7314 -0.6034
vn 0.4705 0.7338 -0.4901
vn 0.6012 0.7130 -0.3608
vn 0.7112 0.6685 -0.2174
vn 0.7958 0.6021 -0.0648
vn 0.8522 0.5147 0.0937
vn 0.8767 0.4097 0.2519
vn 0.8674 0.2893 0.4049
vn 0.8215 0.1585 0.5478
vn 0.7404 0.0237 0.6717
vn 0.6258 -0.1096 0.7722
vn 0.4837 -0.2346 0.8432
vn 0.3197 -0.3454 0.8823
vn 0.1444 -0.4371 0.8877
vn -0.0376 -0.5073 0.8610
vn -0.2162 -0.5537 0.8042
vn -0.3851 -0.5762 0.7209
vn -0.5411 -0.5752 0.6135
vn -0.6775 -0.5512 0.4870
vn -0.7910 -0.5054 0.3449
vn -0.8783 -0.4386 0.1903
vn -0.9355 -0.3523 0.0281
vn -0.9588 -0.2499 -0.1348
vn -0.9463 -0.1326 -0.2947
vn -0.8967 -0.0060 -0.4426
vn -0.8109 0.1253 -0.5716
vn -0.6924 0.2556 -0.6748
vn -0.5461 0.3786 -0.7473
vn -0.3797 0.4893 -0.7851
vn 0.4678 -0.5873 -0.6605
vn -0.2038 0.5821 -0.7872
vn -0.0245 0.6545 -0.7557
vn 0.3331 -0.2943 0.8958
vn -0.8989 0.1176 -0.4221
vn -0.9620 -0.2693 0.0443
vn 0.2304 0.6049 -0.7623
vn 0.0437 0.5678 -0.8220
vn 0.8583 0.1337 0.4954
vn -0.5827 -0.4816 0.6546
vn -0.6699 0.2432 -0.7015
vn 0.8584 0.4950 -0.1350
vn 0.1447 -0.3744 0.9159
vn -0.9757 -0.1801 -0.1251
vn 0.3994 0.6205 -0.6749
vn 0.7738 0.0221 0.6330
vn -0.7215 -0.4545 0.5223
vn -0.5133 0.3450 -0.7858
vn 0.9058 0.4230 0.0242
vn -0.0505 -0.4344 0.8993
vn -0.9530 -0.0804 -0.2920
vn 0.5520 0.6162 -0.5618
vn 0.6552 -0.0904 0.7500
vn -0.8319 -0.4093 0.3746
vn -0.3352 0.4362 -0.8351
vn 0.9229 0.3375 0.1854
vn -0.2417 -0.4727 0.8474
vn -0.8939 0.0259 -0.4476
vn 0.6797 0.5927 -0.4320
vn 0.5063 -0.1978 0.8394
vn -0.9137 -0.3463 0.2125
vn -0.1468 0.5112 -0.8469
vn 0.9077 0.2405 0.3438
vn -0.4209 -0.4879 0.7647
vn -0.7980 0.1355 -0.5872
vn 0.7823 0.5521 -0.2884
vn -0.4215 0.3218 -0.8478
vn 0.5077 -0.1696 0.8447
vn -0.7964 0.2078 -0.5679
vn 0.3305 -0.2392 0.9130
vn 0.2679 0.5447 -0.7947
vn -0.6607 0.2943 -0.6905
vn 0.1376 -0.2953 0.9455
vn 0.4411 0.5443 -0.7136
vn -0.4975 0.3730 -0.7832
vn -0.0614 -0.3354 0.9401
vn 0.5971 0.5270 -0.6048
vn -0.3136 0.4403 -0.8413
vn -0.2591 -0.3576 0.8972
vn 0.7262 0.4949 -0.4772
vn -0.1201 0.4921 -0.8622
vn -0.4429 -0.3613 0.8205
vn 0.8291 0.4495 -0.3325
vn 0.0766 0.5273 -0.8462
vn -0.6089 -0.3472 0.7132
vn 0.9028 0.3921 -0.1766
vn -0.7511 -0.3157 0.5798
vn 0.9457 0.3248 -0.0129
vn -0.8619 -0.2697 0.4293
vn 0.9563 0.2491 0.1529
vn -0.9417 -0.2098 0.2630
vn 0.9336 0.1679 0.3166
vn -0.9863 -0.1387 0.0892
vn 0.8763 0.0815 0.4748
vn -0.9945 -0.0593 -0.0858
vn 0.7850 -0.0054 0.6195
vn -0.9655 0.0274 -0.2591
vn 0.6612 -0.0904 0.7447
vn 0.3841 0.1474 -0.9115
vn -0.1428 -0.1167 0.9828
vn 0.6789 0.2797 -0.6789
vn -0.2365 0.3367 -0.9114
vn -0.3321 -0.1050 0.9374
vn 0.8086 0.2447 -0.5351
vn -0.0402 0.3431 -0.9385
vn -0.5072 -0.0850 0.8576
vn 0.9060 0.2048 -0.3703
vn 0.1529 0.3403 -0.9278
vn -0.6647 -0.0574 0.7449
vn 0.9682 0.1613 -0.1910
vn -0.7966 -0.0234 0.6041
vn 0.9933 0.1158 -0.0029
vn -0.8968 0.0157 0.4421
vn 0.9804 0.0705 0.1840
vn -0.9630 0.0584 0.2629
vn 0.9310 0.0275 0.3639
vn -0.9919 0.1033 0.0742
vn 0.8463 -0.0130 0.5325
vn -0.9823 0.1482 -0.1145
vn 0.7306 -0.0483 0.6811
vn -0.9347 0.1920 -0.2993
vn 0.5877 -0.0776 0.8053
vn -0.8513 0.2325 -0.4704
vn 0.4237 -0.0997 0.9003
vn -0.7348 0.2685 -0.6228
vn 0.2413 -0.1141 0.9637
vn 0.3455 0.3284 -0.8791
vn -0.5908 0.2986 -0.7496
vn 0.0513 -0.1197 0.9915
vn 0.5247 0.3075 -0.7938
vn -0.2336 0.8607 0.4524
vn -0.8261 -0.0170 0.5633
vn 0.9997 0.0218 -0.0072
vn -0.9171 0.0054 0.3987
vn 0.9820 -0.0027 0.1889
vn -0.9757 0.0293 0.2170
vn 0.9252 -0.0256 0.3785
vn -0.9982 0.0538 0.0267
vn 0.8317 -0.0460 0.5533
vn -0.9827 0.0781 -0.1682
vn 0.7042 -0.0631 0.7072
vn -0.9292 0.1009 -0.3555
vn 0.5488 -0.0760 0.8325
vn -0.8386 0.1213 -0.5310
vn 0.3704 -0.0844 0.9250
vn -0.7127 0.1390 -0.6876
vn 0.1812 -0.0879 0.9795
vn -0.5592 0.1522 -0.8149
vn -0.0148 -0.0864 0.9962
vn 0.5548 0.1329 -0.8213
vn -0.3839 0.1610 -0.9092
vn -0.2062 -0.0802 0.9752
vn 0.7060 0.1147 -0.6989
vn -0.1938 0.1649 -0.9671
vn -0.3890 -0.0697 0.9186
vn 0.8281 0.0940 -0.5526
vn 0.0054 0.1638 -0.9865
vn -0.5603 -0.0550 0.8264
vn 0.9206 0.0709 -0.3840
vn 0.2008 0.1577 -0.9668
vn -0.7039 -0.0377 0.7093
vn 0.9786 0.0467 -0.2005
vn -0.3677 0.8821 -0.2944
vn -0.1876 0.9393 -0.2871
vn 0.0003 0.9639 -0.2663
vn 0.1822 0.9551 -0.2336
vn 0.3607 0.9130 -0.1905
vn 0.5218 0.8415 -0.1397
vn 0.6710 0.7371 -0.0797
vn 0.7941 0.6076 -0.0150
vn 0.8899 0.4528 0.0551
vn 0.9519 0.2781 0.1289
vn 0.9749 0.0936 0.2020
vn 0.9576 -0.0957 0.2716
vn 0.8996 -0.2792 0.3358
vn 0.8048 -0.4477 0.3897
vn 0.6781 -0.5946 0.4320
vn 0.5246 -0.7153 0.4617
vn 0.3563 -0.8039 0.4763
vn 0.1731 -0.8615 0.4773
vn -0.0133 -0.8857 0.4641
vn -0.1988 -0.8770 0.4373
vn -0.3774 -0.8362 0.3980
vn -0.5452 -0.7635 0.3463
vn -0.6947 -0.6608 0.2842
vn -0.8207 -0.5302 0.2130
vn -0.9168 -0.3757 0.1354
vn -0.9779 -0.2019 0.0541
vn -0.9995 -0.0166 -0.0263
vn -0.9798 0.1722 -0.1022
vn -0.9194 0.3551 -0.1690
vn -0.8213 0.5248 -0.2238
vn 0.1040 -0.1545 -0.9825
vn -0.6923 0.6719 -0.2632
vn -0.5396 0.7916 -0.2867
vn 0.8145 -0.4025 0.4178
vn -0.9869 -0.0999 0.1263
vn -0.7198 -0.6020 0.3455
vn -0.3262 0.8429 -0.4279
vn -0.5065 0.7599 -0.4074
vn 0.9568 0.2844 0.0610
vn -0.0374 -0.8303 0.5561
vn -0.9746 0.1767 -0.1379
vn 0.5506 0.7901 -0.2695
vn 0.6839 -0.5477 0.4820
vn -0.8397 -0.4774 0.2588
vn -0.1459 0.8917 -0.4284
vn 0.9810 0.1158 0.1557
vn -0.2306 -0.8180 0.5271
vn -0.9088 0.3489 -0.2286
vn 0.6891 0.6969 -0.1988
vn 0.5252 -0.6666 0.5291
vn -0.9288 -0.3325 0.1636
vn 0.0466 0.9106 -0.4107
vn 0.9664 -0.0616 0.2495
vn -0.4098 -0.7746 0.4818
vn -0.8039 0.5096 -0.3067
vn 0.8060 0.5798 -0.1193
vn 0.3472 -0.7543 0.5572
vn -0.9832 -0.1712 0.0628
vn 0.2230 0.8989 -0.3773
vn 0.9108 -0.2368 0.3382
vn -0.5764 -0.7010 0.4200
vn -0.6694 0.6465 -0.3660
vn 0.8963 0.4424 -0.0320
vn 0.1528 -0.8096 0.5667
vn -0.9992 0.0014 -0.0396
vn 0.3964 0.8571 -0.3290
vn -0.8648 0.3802 -0.3280
vn 0.9103 -0.2133 0.3548
vn -0.9982 0.0604 0.0065
vn 0.8149 -0.3586 0.4553
vn -0.3082 0.8118 -0.4960
vn -0.9686 0.2224 -0.1110
vn 0.6839 -0.4882 0.5421
vn -0.1163 0.8516 -0.5112
vn -0.8994 0.3775 -0.2205
vn 0.5232 -0.5953 0.6099
vn 0.0716 0.8610 -0.5036
vn -0.7906 0.5225 -0.3193
vn 0.3414 -0.6741 0.6550
vn 0.2515 0.8424 -0.4765
vn -0.6523 0.6446 -0.3988
vn 0.1498 -0.7217 0.6758
vn 0.4251 0.7966 -0.4298
vn -0.4884 0.7424 -0.4585
vn -0.0486 -0.7382 0.6728
vn 0.5792 0.7277 -0.3674
vn -0.2431 -0.7231 0.6466
vn 0.7154 0.6359 -0.2894
vn -0.4245 -0.6785 0.5995
vn 0.8292 0.5228 -0.1980
vn -0.5911 -0.6058 0.5325
vn 0.9137 0.3949 -0.0966
vn -0.7355 -0.5078 0.4485
vn 0.9677 0.2516 0.0137
vn -0.8510 -0.3899 0.3519
vn 0.9868 0.0998 0.1275
vn -0.9369 -0.2516 0.2426
vn 0.9681 -0.0582 0.2439
vn -0.2101 0.5387 -0.8159
vn 0.4474 -0.4441 0.7763
vn 0.1363 0.6938 -0.7071
vn -0.7509 0.4795 -0.4542
vn 0.2657 -0.4894 0.8306
vn 0.3278 0.6676 -0.6685
vn -0.6095 0.5630 -0.5581
vn 0.0773 -0.5118 0.8556
vn 0.5016 0.6205 -0.6028
vn -0.4385 0.6304 -0.6405
vn -0.1220 -0.5117 0.8504
vn 0.6591 0.5522 -0.5106
vn -0.3114 -0.4883 0.8152
vn 0.7926 0.4648 -0.3947
vn -0.4880 -0.4432 0.7520
vn 0.8926 0.3657 -0.2637
vn -0.6500 -0.3762 0.6603
vn 0.9585 0.2576 -0.1222
vn -0.7845 -0.2921 0.5471
vn 0.9897 0.1399 0.0299
vn -0.8893 -0.1928 0.4147
vn 0.9833 0.0239 0.1805
vn -0.9592 -0.0830 0.2704
vn 0.9399 -0.0915 0.3291
vn -0.9924 0.0336 0.1181
vn 0.8614 -0.1988 0.4674
vn -0.9875 0.1530 -0.0371
vn 0.7516 -0.2955 0.5897
vn -0.2575 0.6743 -0.6921
vn -0.9449 0.2689 -0.1866
vn 0.6100 -0.3792 0.6958
vn -0.0624 0.6961 -0.7153
vn -0.0786 0.5388 0.8388
vn -0.3643 -0.4806 0.7977
vn 0.8116 0.3839 -0.4404
vn -0.5294 -0.4461 0.7216
vn 0.9074 0.3009 -0.2935
vn -0.6825 -0.3925 0.6165
vn 0.9704 0.2029 -0.1306
vn -0.8088 -0.3240 0.4908
vn 0.9943 0.1006 0.0348
vn -0.9073 -0.2407 0.3448
vn 0.9780 -0.0078 0.2085
vn -0.9725 -0.1444 0.1829
vn 0.9220 -0.1128 0.3704
vn -0.9990 -0.0427 0.0162
vn 0.8338 -0.2094 0.5109
vn -0.9860 0.0649 -0.1538
vn 0.7031 -0.3005 0.6445
vn -0.9344 0.1689 -0.3137
vn 0.5577 -0.3740 0.7410
vn -0.0254 0.5607 -0.8276
vn -0.8414 0.2717 -0.4672
vn 0.3870 -0.4324 0.8144
vn 0.1712 0.5641 -0.8077
vn -0.7210 0.3594 -0.5924
vn 0.1960 -0.4741 0.8584
vn 0.3541 0.5471 -0.7585
vn -0.5699 0.4364 -0.6963
vn 0.0063 -0.4957 0.8685
vn 0.5337 0.5090 -0.6754
vn -0.4015 0.4958 -0.7700
vn -0.1697 -0.4985 0.8501
vn 0.6777 0.4582 -0.5751
vn -0.2165 0.9309 -0.2943
vn -0.0257 0.9575 -0.2871
vn 0.1627 0.9500 -0.2663
vn 0.3440 0.9096 -0.2331
vn 0.5067 0.8407 -0.1908
vn 0.6550 0.7425 -0.1401
vn 0.7864 0.6126 -0.0794
vn 0.8850 0.4653 -0.0153
vn 0.9536 0.2959 0.0553
vn 0.9851 0.1139 0.1288
vn 0.9768 -0.0723 0.2014
vn 0.9272 -0.2568 0.2726
vn 0.8398 -0.4268 0.3356
vn 0.7173 -0.5775 0.3899
vn 0.5677 -0.7006 0.4323
vn 0.3970 -0.7934 0.4614
vn 0.2168 -0.8522 0.4762
vn 0.0254 -0.8784 0.4773
vn -0.1630 -0.8707 0.4640
vn -0.3448 -0.8306 0.4373
vn -0.5130 -0.7606 0.3980
vn -0.6676 -0.6594 0.3457
vn -0.7956 -0.5348 0.2845
vn -0.8980 -0.3848 0.2134
vn -0.9671 -0.2154 0.1353
vn -0.9980 -0.0341 0.0541
vn -0.9880 0.1522 -0.0263
vn -0.9366 0.3353 -0.1022
vn -0.8465 0.5049 -0.1689
vn -0.7210 0.6559 -0.2237
vn 0.0764 -0.1698 -0.9825
vn -0.5696 0.7787 -0.2630
vn -0.3958 0.8723 -0.2870
vn 0.7359 -0.5335 0.4169
vn -0.9896 0.0684 0.1264
vn -0.8119 -0.4710 0.3449
vn -0.1804 0.8856 -0.4280
vn -0.3722 0.8341 -0.4071
vn 0.9910 0.1192 0.0611
vn -0.1763 -0.8121 0.5563
vn -0.9302 0.3399 -0.1384
vn 0.6751 0.6866 -0.2698
vn 0.5813 -0.6555 0.4820
vn -0.9080 -0.3292 0.2591
vn 0.0093 0.9035 -0.4285
vn 0.9864 -0.0516 0.1559
vn -0.3670 -0.7668 0.5267
vn -0.8373 0.4968 -0.2284
vn 0.7973 0.5700 -0.1986
vn 0.4057 -0.7455 0.5289
vn -0.9716 -0.1712 0.1635
vn 0.1942 0.8907 -0.4111
vn 0.9424 -0.2232 0.2493
vn -0.5335 -0.6949 0.4821
vn -0.7061 0.6382 -0.3066
vn 0.8922 0.4355 -0.1193
vn 0.2132 -0.8023 0.5576
vn -0.9980 -0.0028 0.0627
vn 0.3762 0.8465 -0.3766
vn 0.8573 -0.3876 0.3387
vn -0.6857 -0.5943 0.4203
vn -0.5517 0.7496 -0.3657
vn 0.9581 0.2848 -0.0320
vn 0.0163 -0.8239 0.5665
vn -0.9846 0.1701 -0.0395
vn 0.5341 0.7786 -0.3293
vn -0.7884 0.5203 -0.3283
vn 0.8610 -0.3641 0.3550
vn -0.9737 0.2279 0.0063
vn 0.7416 -0.4918 0.4564
vn -0.1669 0.8521 -0.4960
vn -0.9176 0.3819 -0.1104
vn 0.5925 -0.5961 0.5418
vn 0.0251 0.8593 -0.5109
vn -0.8221 0.5246 -0.2213
vn 0.4125 -0.6759 0.6108
vn 0.2190 0.8359 -0.5033
vn -0.6918 0.6479 -0.3189
vn 0.2231 -0.7220 0.6549
vn 0.3911 0.7875 -0.4763
vn -0.5349 0.7450 -0.3985
vn 0.0275 -0.7367 0.6757
vn 0.5534 0.7135 -0.4298
vn -0.3545 0.8147 -0.4589
vn -0.1704 -0.7198 0.6729
vn 0.6937 0.6195 -0.3675
vn -0.3643 -0.6708 0.6461
vn 0.8135 0.5048 -0.2889
vn -0.5314 -0.5979 0.6001
vn 0.9051 0.3763 -0.1981
vn -0.6861 -0.4964 0.5318
vn 0.9670 0.2357 -0.0969
vn -0.8095 -0.3777 0.4496
vn 0.9963 0.0843 0.0137
vn -0.9051 -0.2398 0.3510
vn 0.9895 -0.0681 0.1277
vn -0.9659 -0.0899 0.2429
vn 0.9442 -0.2211 0.2441
vn -0.1210 0.5665 -0.8151
vn 0.3653 -0.5134 0.7765
vn 0.2443 0.6623 -0.7083
vn -0.6578 0.6005 -0.4546
vn 0.1818 -0.5270 0.8302
vn 0.4368 0.6024 -0.6680
vn -0.5075 0.6572 -0.5573
vn -0.0100 -0.5175 0.8556
vn 0.5960 0.5286 -0.6045
vn -0.3216 0.6963 -0.6417
vn -0.2063 -0.4841 0.8503
vn 0.7458 0.4306 -0.5082
vn -0.3861 -0.4294 0.8164
vn 0.8593 0.3248 -0.3952
vn -0.5588 -0.3532 0.7503
vn 0.9420 0.2087 -0.2629
vn -0.7043 -0.2611 0.6602
vn 0.9884 0.0911 -0.1213
vn -0.8220 -0.1560 0.5478
vn 0.9991 -0.0288 0.0299
vn -0.9089 -0.0399 0.4151
vn 0.9733 -0.1420 0.1802
vn -0.9594 0.0801 0.2706
vn 0.9102 -0.2497 0.3305
vn -0.9727 0.2001 0.1177
vn 0.8151 -0.3420 0.4677
vn -0.9475 0.3174 -0.0375
vn 0.6931 -0.4167 0.5882
vn -0.1474 0.7076 -0.6911
vn -0.8864 0.4238 -0.1862
vn 0.5351 -0.4777 0.6968
vn 0.0634 0.6960 -0.7152
vn 0.0154 0.5430 0.8396
vn -0.4321 -0.4145 0.8009
vn 0.8628 0.2435 -0.4430
vn -0.5961 -0.3511 0.7221
vn 0.9465 0.1407 -0.2906
vn -0.7390 -0.2718 0.6165
vn 0.9910 0.0360 -0.1292
vn -0.8511 -0.1832 0.4921
vn 0.9970 -0.0688 0.0358
vn -0.9354 -0.0833 0.3437
vn 0.9635 -0.1711 0.2061
vn -0.9830 0.0218 0.1825
vn 0.8885 -0.2687 0.3719
vn -0.9919 0.1257 0.0163
vn 0.7852 -0.3465 0.5132
vn -0.9610 0.2297 -0.1538
vn 0.6434 -0.4154 0.6430
vn -0.8904 0.3270 -0.3165
vn 0.4886 -0.4616 0.7404
vn 0.0605 0.5578 -0.8277
vn -0.7828 0.4105 -0.4676
vn 0.3085 -0.4911 0.8146
vn 0.2769 0.5244 -0.8052
vn -0.6572 0.4722 -0.5874
vn 0.1084 -0.5015 0.8583
vn 0.4397 0.4804 -0.7589
vn -0.4830 0.5279 -0.6986
vn -0.0779 -0.4905 0.8680
vn 0.6112 0.4122 -0.6756
vn -0.3103 0.5563 -0.7709
vn -0.2517 -0.4623 0.8503
vn 0.7443 0.3378 -0.5761
vt 0.497641 0.917852
vt 0.497642 0.856992
vt 0.528072 0.856992
vt 0.528072 0.917852
vt 0.497641 0.491828
vt 0.497641 0.430967
vt 0.528072 0.430967
vt 0.528072 0.491828
vt 0.497641 0.065803
vt 0.512856 0.004942
vt 0.528072 0.065803
vt 0.512856 0.978713
vt 0.497641 0.552688
vt 0.528072 0.552688
vt 0.497642 0.126664
vt 0.528072 0.126664
vt 0.497641 0.613549
vt 0.528072 0.613549
vt 0.497641 0.187524
vt 0.528072 0.187524
vt 0.497641 0.674410
vt 0.528072 0.674410
vt 0.497641 0.248385
vt 0.528072 0.248385
vt 0.497641 0.735270
vt 0.528072 0.735270
vt 0.497641 0.309246
vt 0.528072 0.309246
vt 0.497642 0.796131
vt 0.528072 0.796131
vt 0.497641 0.370106
vt 0.528072 0.370106
vt 0.558502 0.796131
vt 0.558502 0.856992
vt 0.558502 0.370106
vt 0.558502 0.430967
vt 0.558502 0.917852
vt 0.558502 0.552688
vt 0.558502 0.613549
vt 0.543287 0.004942
vt 0.558502 0.065803
vt 0.543287 0.978713
vt 0.558502 0.491828
vt 0.558502 0.126664
vt 0.832375 0.187524
vt 0.832375 0.126664
vt 0.862805 0.126664
vt 0.862805 0.187524
vt 0.558502 0.187524
vt 0.558502 0.248385
vt 0.558502 0.674410
vt 0.558502 0.735270
vt 0.558502 0.309246
vt 0.588932 0.126664
vt 0.588932 0.187524
vt 0.588932 0.613549
vt 0.588932 0.674410
vt 0.588932 0.248385
vt 0.588932 0.735270
vt 0.588932 0.309246
vt 0.588932 0.796131
vt 0.588932 0.370106
vt 0.588932 0.856992
vt 0.588932 0.430967
vt 0.588932 0.917852
vt 0.588932 0.491828
vt 0.573717 0.004942
vt 0.588932 0.065803
vt 0.573717 0.978713
vt 0.588932 0.552688
vt 0.619363 0.370106
vt 0.619363 0.430967
vt 0.619363 0.856992
vt 0.619363 0.917852
vt 0.619363 0.491828
vt 0.604148 0.004942
vt 0.619363 0.065803
vt 0.604148 0.978713
vt 0.619363 0.552688
vt 0.619363 0.126664
vt 0.619363 0.613549
vt 0.619363 0.187524
vt 0.619363 0.674410
vt 0.619363 0.248385
vt 0.619363 0.735270
vt 0.619363 0.309245
vt 0.619363 0.796131
vt 0.649793 0.613549
vt 0.649793 0.674410
vt 0.649793 0.187524
vt 0.649793 0.248385
vt 0.649793 0.735270
vt 0.649793 0.309246
vt 0.649793 0.796131
vt 0.649793 0.370106
vt 0.649793 0.856992
vt 0.649793 0.430967
vt 0.649793 0.917852
vt 0.649793 0.491828
vt 0.634578 0.004942
vt 0.649793 0.065803
vt 0.634578 0.978713
vt 0.649793 0.552688
vt 0.649793 0.126664
vt 0.680223 0.856992
vt 0.680223 0.917852
vt 0.680223 0.430967
vt 0.680223 0.491828
vt 0.665008 0.004942
vt 0.680223 0.065803
vt 0.665008 0.978713
vt 0.680223 0.552688
vt 0.680223 0.126664
vt 0.680223 0.613549
vt 0.680223 0.187524
vt 0.680223 0.674410
vt 0.680223 0.248385
vt 0.680223 0.735270
vt 0.680223 0.309246
vt 0.680223 0.796131
vt 0.680223 0.370106
vt 0.710654 0.674410
vt 0.710654 0.735270
vt 0.710654 0.248385
vt 0.710654 0.309245
vt 0.710654 0.796131
vt 0.710654 0.370106
vt 0.710654 0.856992
vt 0.710654 0.430967
vt 0.710654 0.917852
vt 0.710654 0.491828
vt 0.695439 0.004942
vt 0.710654 0.065803
vt 0.695439 0.978713
vt 0.710654 0.552688
vt 0.710654 0.126664
vt 0.710654 0.613549
vt 0.710654 0.187524
vt 0.725869 0.004942
vt 0.741084 0.065803
vt 0.725869 0.978713
vt 0.741084 0.917852
vt 0.741084 0.491828
vt 0.741084 0.552688
vt 0.741084 0.126664
vt 0.741084 0.613549
vt 0.741084 0.187524
vt 0.741084 0.674410
vt 0.741084 0.248385
vt 0.741084 0.735270
vt 0.741084 0.309245
vt 0.741084 0.796131
vt 0.741084 0.370106
vt 0.741084 0.856992
vt 0.741084 0.430967
vt 0.771514 0.735270
vt 0.771514 0.796131
vt 0.771514 0.309245
vt 0.771514 0.370106
vt 0.771514 0.856992
vt 0.771514 0.430967
vt 0.771514 0.917852
vt 0.771514 0.491828
vt 0.756299 0.004942
vt 0.771514 0.065803
vt 0.756299 0.978713
vt 0.771514 0.552688
vt 0.771514 0.126664
vt 0.771514 0.613549
vt 0.771514 0.187524
vt 0.771514 0.674410
vt 0.771514 0.248385
vt 0.801945 0.491828
vt 0.801945 0.552688
vt 0.801945 0.065803
vt 0.801945 0.126664
vt 0.801945 0.613549
vt 0.801945 0.187524
vt 0.801945 0.674410
vt 0.801945 0.248385
vt 0.801945 0.735270
vt 0.801945 0.309245
vt 0.801945 0.796131
vt 0.801945 0.370106
vt 0.801945 0.856992
vt 0.801945 0.430967
vt 0.801945 0.917852
vt 0.786730 0.004942
vt 0.786730 0.978713
vt 0.832375 0.735270
vt 0.832375 0.796131
vt 0.832375 0.309245
vt 0.832375 0.370106
vt 0.832375 0.856992
vt 0.832375 0.430967
vt 0.832375 0.917852
vt 0.832375 0.491828
vt 0.817160 0.004942
vt 0.832375 0.065803
vt 0.817160 0.978713
vt 0.832375 0.552688
vt 0.832375 0.613549
vt 0.832375 0.674410
vt 0.832375 0.248385
vt 0.862805 0.552688
vt 0.862805 0.613549
vt 0.862805 0.065803
vt 0.862805 0.674410
vt 0.862805 0.248385
vt 0.862805 0.735270
vt 0.862805 0.309245
vt 0.862805 0.796131
vt 0.862805 0.370106
vt 0.862805 0.856992
vt 0.862805 0.430967
vt 0.862805 0.917852
vt 0.862806 0.491828
vt 0.847590 0.004942
vt 0.847590 0.978713
vt 0.893236 0.309245
vt 0.893236 0.370106
vt 0.893236 0.796131
vt 0.893236 0.856992
vt 0.893236 0.430967
vt 0.893236 0.917852
vt 0.893236 0.491828
vt 0.878021 0.004942
vt 0.893236 0.065803
vt 0.878021 0.978713
vt 0.893236 0.552688
vt 0.893236 0.126664
vt 0.893236 0.613549
vt 0.893236 0.187524
vt 0.893236 0.674410
vt 0.893236 0.248385
vt 0.893236 0.735270
vt 0.923666 0.552688
vt 0.923666 0.613549
vt 0.923666 0.126664
vt 0.923666 0.187524
vt 0.923666 0.674410
vt 0.923666 0.248385
vt 0.923666 0.710430
vt 0.923666 0.735270
vt 0.923666 0.309245
vt 0.923666 0.796131
vt 0.923666 0.370106
vt 0.923666 0.856992
vt 0.923666 0.430967
vt 0.923666 0.917852
vt 0.923666 0.491828
vt 0.908451 0.004942
vt 0.923666 0.065803
vt 0.908451 0.978713
vt 0.954096 0.796131
vt 0.954096 0.856992
vt 0.954096 0.370106
vt 0.954096 0.430967
vt 0.954096 0.917852
vt 0.954096 0.491828
vt 0.938881 0.004942
vt 0.954096 0.065803
vt 0.938881 0.978713
vt 0.954096 0.552688
vt 0.954096 0.126664
vt 0.954096 0.613549
vt 0.954096 0.187524
vt 0.954096 0.674410
vt 0.954096 0.248385
vt 0.954096 0.716696
vt 0.954096 0.735270
vt 0.954096 0.309245
vt 0.954096 0.758278
vt 0.984527 0.613549
vt 0.984527 0.674410
vt 0.984527 0.187524
vt 0.984527 0.248385
vt 0.984527 0.723449
vt 0.984527 0.735270
vt 0.984527 0.309245
vt 0.984527 0.770599
vt 0.984527 0.796131
vt 0.984527 0.370106
vt 0.984527 0.856992
vt 0.984527 0.430967
vt 0.984527 0.917852
vt 0.984527 0.491828
vt 0.969312 0.004942
vt 0.984527 0.065803
vt 0.969312 0.978713
vt 0.984527 0.552688
vt 0.984527 0.126664
vt 0.476996 0.742378
vt 0.476996 0.976802
vt 0.462344 0.976802
vt 0.462344 0.742378
vt 0.447693 0.976802
vt 0.447693 0.742378
vt 0.433041 0.976802
vt 0.433041 0.742378
vt 0.418389 0.976802
vt 0.418389 0.742378
vt 0.403738 0.976802
vt 0.403738 0.742378
vt 0.389086 0.976802
vt 0.389086 0.742378
vt 0.374435 0.976802
vt 0.374435 0.742378
vt 0.359783 0.976802
vt 0.359783 0.742378
vt 0.345132 0.976802
vt 0.345132 0.742378
vt 0.330480 0.976802
vt 0.330480 0.742378
vt 0.315829 0.976802
vt 0.315829 0.742378
vt 0.301177 0.976802
vt 0.301177 0.742378
vt 0.286526 0.976802
vt 0.286526 0.742378
vt 0.271874 0.976802
vt 0.271874 0.742378
vt 0.257223 0.976802
vt 0.257223 0.742378
vt 0.242571 0.976802
vt 0.242571 0.742378
vt 0.227920 0.976802
vt 0.227920 0.742378
vt 0.213268 0.976802
vt 0.213268 0.742378
vt 0.198617 0.976802
vt 0.198617 0.742378
vt 0.183965 0.976802
vt 0.183965 0.742378
vt 0.169314 0.976802
vt 0.169314 0.742378
vt 0.154662 0.976802
vt 0.154662 0.742378
vt 0.140011 0.976802
vt 0.140011 0.742378
vt 0.125359 0.976802
vt 0.125359 0.742378
vt 0.110708 0.976802
vt 0.110708 0.742378
vt 0.096056 0.976802
vt 0.096056 0.742378
vt 0.081405 0.976802
vt 0.081405 0.742378
vt 0.066753 0.976802
vt 0.066753 0.742378
vt 0.052102 0.976802
vt 0.052102 0.742378
vt 0.037450 0.976802
vt 0.037450 0.742378
vt 0.022798 0.976802
vt 0.022798 0.742378
vt 0.008147 0.976802
vt 0.008147 0.742378
vt 0.359783 0.737689
vt 0.381736 0.735527
vt 0.402844 0.729124
vt 0.422298 0.718726
vt 0.439350 0.704732
vt 0.453343 0.687680
vt 0.463742 0.668227
vt 0.470145 0.647118
vt 0.472307 0.625166
vt 0.470145 0.603213
vt 0.463742 0.582105
vt 0.453343 0.562651
vt 0.439350 0.545599
vt 0.422298 0.531606
vt 0.402844 0.521207
vt 0.381736 0.514804
vt 0.359783 0.512642
vt 0.337831 0.514804
vt 0.316722 0.521207
vt 0.297269 0.531606
vt 0.280217 0.545599
vt 0.266223 0.562651
vt 0.255825 0.582105
vt 0.249422 0.603213
vt 0.247260 0.625166
vt 0.249422 0.647118
vt 0.255825 0.668227
vt 0.266223 0.687680
vt 0.280217 0.704732
vt 0.297269 0.718726
vt 0.316722 0.729124
vt 0.337831 0.735527
vt 0.147311 0.735527
vt 0.125359 0.737689
vt 0.103407 0.735527
vt 0.082298 0.729124
vt 0.062844 0.718726
vt 0.045793 0.704732
vt 0.031799 0.687680
vt 0.021401 0.668227
vt 0.014997 0.647118
vt 0.012835 0.625166
vt 0.014997 0.603213
vt 0.021401 0.582105
vt 0.031799 0.562651
vt 0.045793 0.545599
vt 0.062844 0.531606
vt 0.082298 0.521207
vt 0.103407 0.514804
vt 0.125359 0.512642
vt 0.147311 0.514804
vt 0.168420 0.521207
vt 0.187874 0.531606
vt 0.204925 0.545599
vt 0.218919 0.562651
vt 0.229317 0.582105
vt 0.235721 0.603213
vt 0.237883 0.625166
vt 0.235721 0.647118
vt 0.229317 0.668227
vt 0.218919 0.687680
vt 0.204925 0.704732
vt 0.187874 0.718726
vt 0.168420 0.729124
vt 0.954096 0.698522
vt 0.984527 0.699319
vt 0.121001 0.387007
vt 0.121001 0.445361
vt 0.117354 0.445361
vt 0.117354 0.387007
vt 0.113706 0.445361
vt 0.113706 0.387007
vt 0.110059 0.445361
vt 0.110059 0.387007
vt 0.106412 0.445361
vt 0.106412 0.387007
vt 0.102765 0.445361
vt 0.102765 0.387007
vt 0.099118 0.445361
vt 0.099118 0.387007
vt 0.095471 0.445361
vt 0.095471 0.387007
vt 0.091824 0.445361
vt 0.091824 0.387007
vt 0.088177 0.445361
vt 0.088177 0.387007
vt 0.084530 0.445361
vt 0.084530 0.387007
vt 0.080882 0.445361
vt 0.080882 0.387007
vt 0.077235 0.445361
vt 0.077235 0.387007
vt 0.073588 0.445361
vt 0.073588 0.387007
vt 0.069941 0.445361
vt 0.069941 0.387007
vt 0.066294 0.445361
vt 0.066294 0.387007
vt 0.062647 0.445361
vt 0.062647 0.387007
vt 0.059000 0.445361
vt 0.059000 0.387007
vt 0.055353 0.445361
vt 0.055353 0.387007
vt 0.051706 0.445361
vt 0.051706 0.387007
vt 0.048059 0.445361
vt 0.048059 0.387007
vt 0.044411 0.445361
vt 0.044411 0.387007
vt 0.040764 0.445361
vt 0.040764 0.387007
vt 0.037117 0.445361
vt 0.037117 0.387007
vt 0.033470 0.445361
vt 0.033470 0.387007
vt 0.029823 0.445361
vt 0.029823 0.387007
vt 0.026176 0.445361
vt 0.026176 0.387007
vt 0.022529 0.445361
vt 0.022529 0.387007
vt 0.018882 0.445361
vt 0.018882 0.387007
vt 0.015235 0.445361
vt 0.015235 0.387007
vt 0.011588 0.445361
vt 0.011588 0.387007
vt 0.040339 0.384363
vt 0.035122 0.384877
vt 0.029906 0.384363
vt 0.024890 0.382842
vt 0.020267 0.380371
vt 0.016215 0.377046
vt 0.012890 0.372994
vt 0.010419 0.368371
vt 0.008897 0.363355
vt 0.008384 0.358139
vt 0.008897 0.352922
vt 0.010419 0.347906
vt 0.012890 0.343283
vt 0.016215 0.339231
vt 0.020267 0.335906
vt 0.024890 0.333435
vt 0.029906 0.331914
vt 0.035122 0.331400
vt 0.040339 0.331914
vt 0.045355 0.333435
vt 0.049977 0.335906
vt 0.054029 0.339231
vt 0.057355 0.343283
vt 0.059825 0.347906
vt 0.061347 0.352922
vt 0.061861 0.358139
vt 0.061347 0.363355
vt 0.059825 0.368371
vt 0.057355 0.372994
vt 0.054029 0.377046
vt 0.049977 0.380371
vt 0.045355 0.382842
vt 0.007940 0.445361
vt 0.007940 0.387007
vt 0.004293 0.445361
vt 0.004293 0.387007
vt 0.090828 0.384877
vt 0.096044 0.384363
vt 0.101060 0.382842
vt 0.105683 0.380371
vt 0.109735 0.377046
vt 0.113060 0.372994
vt 0.115531 0.368371
vt 0.117052 0.363355
vt 0.117566 0.358139
vt 0.117052 0.352922
vt 0.115531 0.347906
vt 0.113060 0.343283
vt 0.109735 0.339231
vt 0.105683 0.335906
vt 0.101060 0.333435
vt 0.096044 0.331914
vt 0.090828 0.331400
vt 0.085611 0.331914
vt 0.080595 0.333435
vt 0.075972 0.335906
vt 0.071921 0.339231
vt 0.068595 0.343283
vt 0.066124 0.347906
vt 0.064603 0.352922
vt 0.064089 0.358139
vt 0.064603 0.363355
vt 0.066124 0.368371
vt 0.068595 0.372994
vt 0.071921 0.377046
vt 0.075972 0.380371
vt 0.080595 0.382842
vt 0.085611 0.384363
vt 0.121977 0.386951
vt 0.121977 0.443823
vt 0.118423 0.443823
vt 0.118423 0.386951
vt 0.114868 0.443823
vt 0.114868 0.386951
vt 0.111314 0.443823
vt 0.111314 0.386951
vt 0.107759 0.443823
vt 0.107759 0.386951
vt 0.104205 0.443823
vt 0.104205 0.386951
vt 0.100650 0.443823
vt 0.100650 0.386951
vt 0.097096 0.443823
vt 0.097096 0.386951
vt 0.093541 0.443823
vt 0.093541 0.386951
vt 0.089987 0.443823
vt 0.089987 0.386951
vt 0.086432 0.443823
vt 0.086432 0.386951
vt 0.082877 0.443823
vt 0.082877 0.386951
vt 0.079323 0.443823
vt 0.079323 0.386951
vt 0.075768 0.443823
vt 0.075768 0.386951
vt 0.072214 0.443823
vt 0.072214 0.386951
vt 0.068659 0.443823
vt 0.068659 0.386951
vt 0.065105 0.443823
vt 0.065105 0.386951
vt 0.061550 0.443823
vt 0.061550 0.386951
vt 0.057996 0.443823
vt 0.057996 0.386951
vt 0.054441 0.443823
vt 0.054441 0.386951
vt 0.050887 0.443823
vt 0.050887 0.386951
vt 0.047332 0.443823
vt 0.047332 0.386951
vt 0.043778 0.443823
vt 0.043778 0.386951
vt 0.040223 0.443823
vt 0.040223 0.386951
vt 0.036669 0.443823
vt 0.036669 0.386951
vt 0.033114 0.443823
vt 0.033114 0.386951
vt 0.029560 0.443823
vt 0.029560 0.386951
vt 0.026005 0.443823
vt 0.026005 0.386951
vt 0.022451 0.443823
vt 0.022451 0.386951
vt 0.018896 0.443823
vt 0.018896 0.386951
vt 0.015342 0.443823
vt 0.015342 0.386951
vt 0.041995 0.385289
vt 0.036669 0.385814
vt 0.031343 0.385289
vt 0.026222 0.383736
vt 0.021503 0.381213
vt 0.017366 0.377818
vt 0.013971 0.373681
vt 0.011448 0.368962
vt 0.009895 0.363841
vt 0.009370 0.358515
vt 0.009895 0.353189
vt 0.011448 0.348068
vt 0.013971 0.343349
vt 0.017366 0.339212
vt 0.021503 0.335817
vt 0.026222 0.333295
vt 0.031343 0.331741
vt 0.036669 0.331217
vt 0.041995 0.331741
vt 0.047116 0.333295
vt 0.051835 0.335817
vt 0.055972 0.339212
vt 0.059367 0.343349
vt 0.061890 0.348068
vt 0.063443 0.353189
vt 0.063967 0.358515
vt 0.063443 0.363841
vt 0.061890 0.368962
vt 0.059367 0.373681
vt 0.055972 0.377818
vt 0.051835 0.381213
vt 0.047116 0.383736
vt 0.011787 0.443823
vt 0.011787 0.386951
vt 0.008233 0.443823
vt 0.008233 0.386951
vt 0.093541 0.385814
vt 0.098867 0.385289
vt 0.103988 0.383736
vt 0.108707 0.381213
vt 0.112844 0.377818
vt 0.116239 0.373681
vt 0.118762 0.368962
vt 0.120315 0.363841
vt 0.120840 0.358515
vt 0.120315 0.353189
vt 0.118762 0.348068
vt 0.116239 0.343349
vt 0.112844 0.339212
vt 0.108707 0.335817
vt 0.103988 0.333295
vt 0.098867 0.331741
vt 0.093541 0.331217
vt 0.088215 0.331741
vt 0.083094 0.333295
vt 0.078375 0.335817
vt 0.074238 0.339212
vt 0.070843 0.343349
vt 0.068320 0.348068
vt 0.066767 0.353189
vt 0.066242 0.358515
vt 0.066767 0.363841
vt 0.068320 0.368962
vt 0.070843 0.373681
vt 0.074238 0.377818
vt 0.078375 0.381213
vt 0.083094 0.383736
vt 0.088215 0.385289
vt 0.121234 0.390698
vt 0.121234 0.448697
vt 0.117609 0.448697
vt 0.117609 0.390698
vt 0.113984 0.448697
vt 0.113984 0.390698
vt 0.110359 0.448697
vt 0.110359 0.390698
vt 0.106734 0.448697
vt 0.106734 0.390698
vt 0.103109 0.448697
vt 0.103109 0.390698
vt 0.099484 0.448697
vt 0.099484 0.390698
vt 0.095859 0.448697
vt 0.095859 0.390698
vt 0.092234 0.448697
vt 0.092234 0.390698
vt 0.088609 0.448697
vt 0.088609 0.390698
vt 0.084984 0.448697
vt 0.084984 0.390698
vt 0.081359 0.448697
vt 0.081359 0.390698
vt 0.077734 0.448697
vt 0.077734 0.390698
vt 0.074109 0.448697
vt 0.074109 0.390698
vt 0.070484 0.448697
vt 0.070484 0.390698
vt 0.066859 0.448697
vt 0.066859 0.390698
vt 0.063234 0.448697
vt 0.063234 0.390698
vt 0.059610 0.448697
vt 0.059610 0.390698
vt 0.055985 0.448697
vt 0.055985 0.390698
vt 0.052360 0.448697
vt 0.052360 0.390698
vt 0.048735 0.448697
vt 0.048735 0.390698
vt 0.045110 0.448697
vt 0.045110 0.390698
vt 0.041485 0.448697
vt 0.041485 0.390698
vt 0.037860 0.448697
vt 0.037860 0.390698
vt 0.034235 0.448697
vt 0.034235 0.390698
vt 0.030610 0.448697
vt 0.030610 0.390698
vt 0.026985 0.448697
vt 0.026985 0.390698
vt 0.023360 0.448697
vt 0.023360 0.390698
vt 0.019735 0.448697
vt 0.019735 0.390698
vt 0.016110 0.448697
vt 0.016110 0.390698
vt 0.012485 0.448697
vt 0.012485 0.390698
vt 0.039666 0.389003
vt 0.034235 0.389538
vt 0.028804 0.389003
vt 0.023581 0.387419
vt 0.018768 0.384846
vt 0.014549 0.381384
vt 0.011087 0.377165
vt 0.008514 0.372352
vt 0.006930 0.367129
vt 0.006395 0.361698
vt 0.006930 0.356267
vt 0.008514 0.351044
vt 0.011087 0.346231
vt 0.014549 0.342013
vt 0.018768 0.338550
vt 0.023581 0.335978
vt 0.028804 0.334393
vt 0.034235 0.333858
vt 0.039666 0.334393
vt 0.044889 0.335978
vt 0.049702 0.338550
vt 0.053920 0.342013
vt 0.057383 0.346231
vt 0.059955 0.351044
vt 0.061540 0.356267
vt 0.062074 0.361698
vt 0.061540 0.367129
vt 0.059955 0.372352
vt 0.057383 0.377165
vt 0.053920 0.381384
vt 0.049702 0.384846
vt 0.044889 0.387419
vt 0.008860 0.448697
vt 0.008860 0.390698
vt 0.005235 0.448697
vt 0.005235 0.390698
vt 0.092234 0.389538
vt 0.097665 0.389003
vt 0.102888 0.387419
vt 0.107701 0.384846
vt 0.111920 0.381384
vt 0.115382 0.377165
vt 0.117955 0.372352
vt 0.119539 0.367129
vt 0.120074 0.361698
vt 0.119539 0.356267
vt 0.117955 0.351044
vt 0.115382 0.346231
vt 0.111920 0.342013
vt 0.107701 0.338550
vt 0.102888 0.335978
vt 0.097665 0.334393
vt 0.092234 0.333858
vt 0.086803 0.334393
vt 0.081580 0.335978
vt 0.076767 0.338550
vt 0.072549 0.342013
vt 0.069086 0.346231
vt 0.066514 0.351044
vt 0.064929 0.356267
vt 0.064394 0.361698
vt 0.064929 0.367129
vt 0.066514 0.372352
vt 0.069086 0.377165
vt 0.072549 0.381384
vt 0.076767 0.384846
vt 0.081580 0.387419
vt 0.086803 0.389003
vt 0.120736 0.387019
vt 0.120736 0.445058
vt 0.117109 0.445058
vt 0.117109 0.387019
vt 0.113481 0.445058
vt 0.113481 0.387019
vt 0.109854 0.445058
vt 0.109854 0.387019
vt 0.106226 0.445058
vt 0.106226 0.387019
vt 0.102599 0.445058
vt 0.102599 0.387019
vt 0.098971 0.445058
vt 0.098971 0.387019
vt 0.095344 0.445058
vt 0.095344 0.387019
vt 0.091716 0.445058
vt 0.091716 0.387019
vt 0.088089 0.445058
vt 0.088089 0.387019
vt 0.084461 0.445058
vt 0.084461 0.387019
vt 0.080834 0.445058
vt 0.080834 0.387019
vt 0.077207 0.445058
vt 0.077207 0.387019
vt 0.073579 0.445058
vt 0.073579 0.387019
vt 0.069952 0.445058
vt 0.069952 0.387019
vt 0.066324 0.445058
vt 0.066324 0.387019
vt 0.062697 0.445058
vt 0.062697 0.387019
vt 0.059069 0.445058
vt 0.059069 0.387019
vt 0.055442 0.445058
vt 0.055442 0.387019
vt 0.051814 0.445058
vt 0.051814 0.387019
vt 0.048187 0.445058
vt 0.048187 0.387019
vt 0.044559 0.445058
vt 0.044559 0.387019
vt 0.040932 0.445058
vt 0.040932 0.387019
vt 0.037304 0.445058
vt 0.037304 0.387019
vt 0.033677 0.445058
vt 0.033677 0.387019
vt 0.030049 0.445058
vt 0.030049 0.387019
vt 0.026422 0.445058
vt 0.026422 0.387019
vt 0.022795 0.445058
vt 0.022795 0.387019
vt 0.019167 0.445058
vt 0.019167 0.387019
vt 0.015540 0.445058
vt 0.015540 0.387019
vt 0.011912 0.445058
vt 0.011912 0.387019
vt 0.039112 0.385323
vt 0.033677 0.385858
vt 0.028242 0.385323
vt 0.023016 0.383737
vt 0.018199 0.381163
vt 0.013978 0.377698
vt 0.010513 0.373477
vt 0.007939 0.368660
vt 0.006353 0.363434
vt 0.005818 0.357999
vt 0.006353 0.352564
vt 0.007939 0.347338
vt 0.010513 0.342521
vt 0.013978 0.338300
vt 0.018199 0.334835
vt 0.023016 0.332261
vt 0.028242 0.330675
vt 0.033677 0.330140
vt 0.039112 0.330675
vt 0.044338 0.332261
vt 0.049155 0.334835
vt 0.053376 0.338300
vt 0.056841 0.342521
vt 0.059415 0.347338
vt 0.061001 0.352564
vt 0.061536 0.357999
vt 0.061001 0.363434
vt 0.059415 0.368660
vt 0.056841 0.373477
vt 0.053376 0.377698
vt 0.049155 0.381163
vt 0.044338 0.383737
vt 0.008285 0.445058
vt 0.008285 0.387019
vt 0.004657 0.445058
vt 0.004657 0.387019
vt 0.091716 0.385858
vt 0.097151 0.385323
vt 0.102377 0.383737
vt 0.107194 0.381163
vt 0.111416 0.377698
vt 0.114880 0.373477
vt 0.117455 0.368660
vt 0.119040 0.363434
vt 0.119575 0.357999
vt 0.119040 0.352564
vt 0.117455 0.347338
vt 0.114880 0.342521
vt 0.111416 0.338300
vt 0.107194 0.334835
vt 0.102377 0.332261
vt 0.097151 0.330675
vt 0.091716 0.330140
vt 0.086281 0.330675
vt 0.081055 0.332261
vt 0.076239 0.334835
vt 0.072017 0.338300
vt 0.068552 0.342521
vt 0.065978 0.347338
vt 0.064393 0.352564
vt 0.063857 0.357999
vt 0.064393 0.363434
vt 0.065978 0.368660
vt 0.068552 0.373477
vt 0.072017 0.377698
vt 0.076239 0.381163
vt 0.081055 0.383737
vt 0.086281 0.385323
vt 0.122032 0.388859
vt 0.122032 0.446940
vt 0.118402 0.446940
vt 0.118402 0.388859
vt 0.114772 0.446940
vt 0.114772 0.388859
vt 0.111142 0.446940
vt 0.111142 0.388859
vt 0.107512 0.446940
vt 0.107512 0.388859
vt 0.103882 0.446940
vt 0.103882 0.388859
vt 0.100251 0.446940
vt 0.100251 0.388859
vt 0.096622 0.446940
vt 0.096622 0.388859
vt 0.092991 0.446940
vt 0.092991 0.388859
vt 0.089361 0.446940
vt 0.089361 0.388859
vt 0.085731 0.446940
vt 0.085731 0.388859
vt 0.082101 0.446940
vt 0.082101 0.388859
vt 0.078471 0.446940
vt 0.078471 0.388859
vt 0.074841 0.446940
vt 0.074841 0.388859
vt 0.071211 0.446940
vt 0.071211 0.388859
vt 0.067581 0.446940
vt 0.067581 0.388859
vt 0.063951 0.446940
vt 0.063951 0.388859
vt 0.060321 0.446940
vt 0.060321 0.388859
vt 0.056691 0.446940
vt 0.056691 0.388859
vt 0.053061 0.446940
vt 0.053061 0.388859
vt 0.049431 0.446940
vt 0.049431 0.388859
vt 0.045801 0.446940
vt 0.045801 0.388859
vt 0.042171 0.446940
vt 0.042171 0.388859
vt 0.038541 0.446940
vt 0.038541 0.388859
vt 0.034911 0.446940
vt 0.034911 0.388859
vt 0.031280 0.446940
vt 0.031280 0.388859
vt 0.027650 0.446940
vt 0.027650 0.388859
vt 0.024020 0.446940
vt 0.024020 0.388859
vt 0.020390 0.446940
vt 0.020390 0.388859
vt 0.016760 0.446940
vt 0.016760 0.388859
vt 0.013130 0.446940
vt 0.013130 0.388859
vt 0.040349 0.387162
vt 0.034911 0.387697
vt 0.029472 0.387162
vt 0.024242 0.385575
vt 0.019422 0.382999
vt 0.015197 0.379532
vt 0.011730 0.375307
vt 0.009154 0.370487
vt 0.007567 0.365257
vt 0.007032 0.359818
vt 0.007567 0.354379
vt 0.009154 0.349150
vt 0.011730 0.344330
vt 0.015197 0.340105
vt 0.019422 0.336638
vt 0.024242 0.334062
vt 0.029472 0.332475
vt 0.034911 0.331940
vt 0.040349 0.332475
vt 0.045579 0.334062
vt 0.050399 0.336638
vt 0.054624 0.340105
vt 0.058091 0.344330
vt 0.060667 0.349150
vt 0.062254 0.354379
vt 0.062789 0.359818
vt 0.062254 0.365257
vt 0.060667 0.370487
vt 0.058091 0.375307
vt 0.054624 0.379532
vt 0.050399 0.382999
vt 0.045579 0.385575
vt 0.009500 0.446940
vt 0.009500 0.388859
vt 0.005870 0.446940
vt 0.005870 0.388859
vt 0.092991 0.387697
vt 0.098430 0.387162
vt 0.103660 0.385575
vt 0.108480 0.382999
vt 0.112705 0.379532
vt 0.116172 0.375307
vt 0.118748 0.370487
vt 0.120335 0.365257
vt 0.120870 0.359818
vt 0.120335 0.354379
vt 0.118748 0.349150
vt 0.116172 0.344330
vt 0.112705 0.340105
vt 0.108480 0.336638
vt 0.103660 0.334062
vt 0.098430 0.332475
vt 0.092991 0.331940
vt 0.087552 0.332475
vt 0.082323 0.334062
vt 0.077503 0.336638
vt 0.073278 0.340105
vt 0.069811 0.344330
vt 0.067235 0.349150
vt 0.065648 0.354379
vt 0.065113 0.359818
vt 0.065648 0.365257
vt 0.067235 0.370487
vt 0.069811 0.375307
vt 0.073278 0.379532
vt 0.077503 0.382999
vt 0.082323 0.385575
vt 0.087552 0.387162
vt 0.122577 0.389729
vt 0.122577 0.448529
vt 0.118902 0.448529
vt 0.118902 0.389729
vt 0.115227 0.448529
vt 0.115227 0.389729
vt 0.111552 0.448529
vt 0.111552 0.389729
vt 0.107877 0.448529
vt 0.107877 0.389729
vt 0.104202 0.448529
vt 0.104202 0.389729
vt 0.100527 0.448529
vt 0.100527 0.389729
vt 0.096852 0.448529
vt 0.096852 0.389729
vt 0.093177 0.448529
vt 0.093177 0.389729
vt 0.089502 0.448529
vt 0.089502 0.389729
vt 0.085827 0.448529
vt 0.085827 0.389729
vt 0.082152 0.448529
vt 0.082152 0.389729
vt 0.078477 0.448529
vt 0.078477 0.389729
vt 0.074802 0.448529
vt 0.074802 0.389729
vt 0.071127 0.448529
vt 0.071127 0.389729
vt 0.067452 0.448529
vt 0.067452 0.389729
vt 0.063777 0.448529
vt 0.063777 0.389729
vt 0.060102 0.448529
vt 0.060102 0.389729
vt 0.056427 0.448529
vt 0.056427 0.389729
vt 0.052752 0.448529
vt 0.052752 0.389729
vt 0.049077 0.448529
vt 0.049077 0.389729
vt 0.045402 0.448529
vt 0.045402 0.389729
vt 0.041727 0.448529
vt 0.041727 0.389729
vt 0.038052 0.448529
vt 0.038052 0.389729
vt 0.034377 0.448529
vt 0.034377 0.389729
vt 0.030703 0.448529
vt 0.030703 0.389729
vt 0.027028 0.448529
vt 0.027028 0.389729
vt 0.023353 0.448529
vt 0.023353 0.389729
vt 0.019678 0.448529
vt 0.019678 0.389729
vt 0.016003 0.448529
vt 0.016003 0.389729
vt 0.012328 0.448529
vt 0.012328 0.389729
vt 0.039884 0.388011
vt 0.034377 0.388553
vt 0.028871 0.388011
vt 0.023577 0.386405
vt 0.018697 0.383796
vt 0.014420 0.380286
vt 0.010910 0.376010
vt 0.008302 0.371130
vt 0.006696 0.365836
vt 0.006154 0.360329
vt 0.006696 0.354823
vt 0.008302 0.349529
vt 0.010910 0.344649
vt 0.014420 0.340372
vt 0.018697 0.336862
vt 0.023577 0.334254
vt 0.028871 0.332648
vt 0.034377 0.332105
vt 0.039884 0.332648
vt 0.045178 0.334254
vt 0.050058 0.336862
vt 0.054335 0.340372
vt 0.057845 0.344649
vt 0.060453 0.349529
vt 0.062059 0.354823
vt 0.062601 0.360329
vt 0.062059 0.365836
vt 0.060453 0.371130
vt 0.057845 0.376010
vt 0.054335 0.380286
vt 0.050058 0.383796
vt 0.045178 0.386405
vt 0.008653 0.448529
vt 0.008653 0.389729
vt 0.004978 0.448529
vt 0.004978 0.389729
vt 0.093177 0.388553
vt 0.098683 0.388011
vt 0.103978 0.386405
vt 0.108857 0.383796
vt 0.113134 0.380286
vt 0.116644 0.376010
vt 0.119252 0.371130
vt 0.120858 0.365836
vt 0.121401 0.360329
vt 0.120858 0.354823
vt 0.119252 0.349529
vt 0.116644 0.344649
vt 0.113134 0.340372
vt 0.108857 0.336862
vt 0.103978 0.334254
vt 0.098683 0.332648
vt 0.093177 0.332105
vt 0.087671 0.332648
vt 0.082376 0.334254
vt 0.077497 0.336862
vt 0.073220 0.340372
vt 0.069710 0.344649
vt 0.067102 0.349529
vt 0.065496 0.354823
vt 0.064953 0.360329
vt 0.065496 0.365836
vt 0.067102 0.371130
vt 0.069710 0.376010
vt 0.073220 0.380286
vt 0.077497 0.383796
vt 0.082376 0.386405
vt 0.087671 0.388011
vt 0.121372 0.387712
vt 0.121372 0.443568
vt 0.117881 0.443568
vt 0.117881 0.387712
vt 0.114390 0.443568
vt 0.114390 0.387712
vt 0.110899 0.443568
vt 0.110899 0.387712
vt 0.107408 0.443568
vt 0.107408 0.387712
vt 0.103917 0.443568
vt 0.103917 0.387712
vt 0.100426 0.443568
vt 0.100426 0.387712
vt 0.096935 0.443568
vt 0.096935 0.387712
vt 0.093445 0.443568
vt 0.093445 0.387712
vt 0.089954 0.443568
vt 0.089954 0.387712
vt 0.086463 0.443568
vt 0.086463 0.387712
vt 0.082972 0.443568
vt 0.082972 0.387712
vt 0.079481 0.443568
vt 0.079481 0.387712
vt 0.075990 0.443568
vt 0.075990 0.387712
vt 0.072499 0.443568
vt 0.072499 0.387712
vt 0.069008 0.443568
vt 0.069008 0.387712
vt 0.065517 0.443568
vt 0.065517 0.387712
vt 0.062026 0.443568
vt 0.062026 0.387712
vt 0.058535 0.443568
vt 0.058535 0.387712
vt 0.055044 0.443568
vt 0.055044 0.387712
vt 0.051553 0.443568
vt 0.051553 0.387712
vt 0.048062 0.443568
vt 0.048062 0.387712
vt 0.044571 0.443568
vt 0.044571 0.387712
vt 0.041080 0.443568
vt 0.041080 0.387712
vt 0.037589 0.443568
vt 0.037589 0.387712
vt 0.034098 0.443568
vt 0.034098 0.387712
vt 0.030607 0.443568
vt 0.030607 0.387712
vt 0.027116 0.443568
vt 0.027116 0.387712
vt 0.023625 0.443568
vt 0.023625 0.387712
vt 0.020134 0.443568
vt 0.020134 0.387712
vt 0.016643 0.443568
vt 0.016643 0.387712
vt 0.042819 0.386080
vt 0.037589 0.386595
vt 0.032358 0.386080
vt 0.027329 0.384554
vt 0.022694 0.382076
vt 0.018631 0.378742
vt 0.015297 0.374680
vt 0.012819 0.370044
vt 0.011293 0.365015
vt 0.010778 0.359784
vt 0.011293 0.354554
vt 0.012819 0.349524
vt 0.015297 0.344889
vt 0.018631 0.340826
vt 0.022694 0.337492
vt 0.027329 0.335014
vt 0.032358 0.333489
vt 0.037589 0.332973
vt 0.042819 0.333489
vt 0.047849 0.335014
vt 0.052484 0.337492
vt 0.056547 0.340826
vt 0.059881 0.344889
vt 0.062359 0.349524
vt 0.063885 0.354554
vt 0.064400 0.359784
vt 0.063885 0.365015
vt 0.062359 0.370044
vt 0.059881 0.374680
vt 0.056547 0.378742
vt 0.052484 0.382076
vt 0.047849 0.384554
vt 0.013152 0.443568
vt 0.013152 0.387712
vt 0.009661 0.443568
vt 0.009661 0.387712
vt 0.093444 0.386595
vt 0.098675 0.386080
vt 0.103705 0.384554
vt 0.108340 0.382076
vt 0.112403 0.378742
vt 0.115737 0.374680
vt 0.118214 0.370044
vt 0.119740 0.365015
vt 0.120255 0.359784
vt 0.119740 0.354554
vt 0.118214 0.349524
vt 0.115737 0.344889
vt 0.112403 0.340826
vt 0.108340 0.337492
vt 0.103705 0.335014
vt 0.098675 0.333489
vt 0.093444 0.332973
vt 0.088214 0.333489
vt 0.083185 0.335014
vt 0.078549 0.337492
vt 0.074487 0.340826
vt 0.071152 0.344889
vt 0.068675 0.349524
vt 0.067149 0.354554
vt 0.066634 0.359784
vt 0.067149 0.365015
vt 0.068675 0.370044
vt 0.071152 0.374680
vt 0.074487 0.378742
vt 0.078549 0.382076
vt 0.083185 0.384554
vt 0.088214 0.386080
s 1
f 257/1/1 256/2/2 22/3/3 23/4/4
f 5/5/5 4/6/6 15/7/7 16/8/8
f 249/9/9 1/10/10 9/11/11
f 8/12/12 257/1/1 23/4/4
f 6/13/13 5/5/5 16/8/8 17/14/14
f 250/15/15 249/9/9 9/11/11 10/16/16
f 253/17/17 6/13/13 17/14/14 18/18/18
f 2/19/19 250/15/15 10/16/16 11/20/20
f 7/21/21 253/17/17 18/18/18 19/22/22
f 251/23/23 2/19/19 11/20/20 12/24/24
f 254/25/25 7/21/21 19/22/22 20/26/26
f 3/27/27 251/23/23 12/24/24 13/28/28
f 255/29/29 254/25/25 20/26/26 21/30/30
f 252/31/31 3/27/27 13/28/28 14/32/32
f 256/2/2 255/29/29 21/30/30 22/3/3
f 4/6/6 252/31/31 14/32/32 15/7/7
f 22/3/3 21/30/30 36/33/33 37/34/34
f 15/7/7 14/32/32 29/35/35 30/36/36
f 23/4/4 22/3/3 37/34/34 38/37/37
f 17/14/14 32/38/38 33/39/39 18/18/18
f 9/11/11 1/40/10 24/41/40
f 8/42/12 23/4/4 38/37/37
f 30/36/36 31/43/41 16/8/8 15/7/7
f 10/16/16 9/11/11 24/41/40 25/44/42
f 161/45/43 160/46/44 175/47/45 176/48/46
f 11/20/20 10/16/16 25/44/42 26/49/47
f 12/24/24 11/20/20 26/49/47 27/50/48
f 20/26/26 19/22/22 34/51/49 35/52/50
f 13/28/28 12/24/24 27/50/48 28/53/51
f 21/30/30 20/26/26 35/52/50 36/33/33
f 14/32/32 13/28/28 28/53/51 29/35/35
f 26/49/47 25/44/42 40/54/52 41/55/53
f 34/51/49 33/39/39 48/56/54 49/57/55
f 27/50/48 26/49/47 41/55/53 42/58/56
f 35/52/50 34/51/49 49/57/55 50/59/57
f 28/53/51 27/50/48 42/58/56 43/60/58
f 36/33/33 35/52/50 50/59/57 51/61/59
f 29/35/35 28/53/51 43/60/58 44/62/60
f 37/34/34 36/33/33 51/61/59 52/63/61
f 30/36/36 29/35/35 44/62/60 45/64/62
f 38/37/37 37/34/34 52/63/61 53/65/63
f 31/43/41 30/36/36 45/64/62 46/66/64
f 24/41/40 1/67/10 39/68/65
f 8/69/12 38/37/37 53/65/63
f 32/38/38 31/43/41 46/66/64 47/70/66
f 25/44/42 24/41/40 39/68/65 40/54/52
f 33/39/39 32/38/38 47/70/66 48/56/54
f 45/64/62 44/62/60 59/71/67 60/72/68
f 53/65/63 52/63/61 67/73/69 68/74/70
f 46/66/64 45/64/62 60/72/68 61/75/71
f 39/68/65 1/76/10 54/77/72
f 8/78/12 53/65/63 68/74/70
f 47/70/66 46/66/64 61/75/71 62/79/73
f 40/54/52 39/68/65 54/77/72 55/80/74
f 48/56/54 47/70/66 62/79/73 63/81/75
f 41/55/53 40/54/52 55/80/74 56/82/76
f 49/57/55 48/56/54 63/81/75 64/83/77
f 42/58/56 41/55/53 56/82/76 57/84/78
f 50/59/57 49/57/55 64/83/77 65/85/79
f 43/60/58 42/58/56 57/84/78 58/86/80
f 51/61/59 50/59/57 65/85/79 66/87/81
f 44/62/60 43/60/58 58/86/80 59/71/67
f 52/63/61 51/61/59 66/87/81 67/73/69
f 64/83/77 63/81/75 78/88/82 79/89/83
f 57/84/78 56/82/76 71/90/84 72/91/85
f 65/85/79 64/83/77 79/89/83 80/92/86
f 58/86/80 57/84/78 72/91/85 73/93/87
f 66/87/81 65/85/79 80/92/86 81/94/88
f 59/71/67 58/86/80 73/93/87 74/95/89
f 67/73/69 66/87/81 81/94/88 82/96/90
f 60/72/68 59/71/67 74/95/89 75/97/91
f 68/74/70 67/73/69 82/96/90 83/98/92
f 61/75/71 60/72/68 75/97/91 76/99/93
f 54/77/72 1/100/10 69/101/94
f 8/102/12 68/74/70 83/98/92
f 62/79/73 61/75/71 76/99/93 77/103/95
f 55/80/74 54/77/72 69/101/94 70/104/96
f 63/81/75 62/79/73 77/103/95 78/88/82
f 56/82/76 55/80/74 70/104/96 71/90/84
f 83/98/92 82/96/90 97/105/97 98/106/98
f 76/99/93 75/97/91 90/107/99 91/108/100
f 69/101/94 1/109/10 84/110/101
f 8/111/12 83/98/92 98/106/98
f 77/103/95 76/99/93 91/108/100 92/112/102
f 70/104/96 69/101/94 84/110/101 85/113/103
f 78/88/82 77/103/95 92/112/102 93/114/104
f 71/90/84 70/104/96 85/113/103 86/115/105
f 79/89/83 78/88/82 93/114/104 94/116/106
f 72/91/85 71/90/84 86/115/105 87/117/107
f 80/92/86 79/89/83 94/116/106 95/118/108
f 73/93/87 72/91/85 87/117/107 88/119/109
f 81/94/88 80/92/86 95/118/108 96/120/110
f 74/95/89 73/93/87 88/119/109 89/121/111
f 82/96/90 81/94/88 96/120/110 97/105/97
f 75/97/91 74/95/89 89/121/111 90/107/99
f 95/118/108 94/116/106 109/122/112 110/123/113
f 88/119/109 87/117/107 102/124/114 103/125/115
f 96/120/110 95/118/108 110/123/113 111/126/116
f 89/121/111 88/119/109 103/125/115 104/127/117
f 97/105/97 96/120/110 111/126/116 112/128/118
f 90/107/99 89/121/111 104/127/117 105/129/119
f 98/106/98 97/105/97 112/128/118 113/130/120
f 91/108/100 90/107/99 105/129/119 106/131/121
f 84/110/101 1/132/10 99/133/122
f 8/134/12 98/106/98 113/130/120
f 92/112/102 91/108/100 106/131/121 107/135/123
f 85/113/103 84/110/101 99/133/122 100/136/124
f 93/114/104 92/112/102 107/135/123 108/137/125
f 86/115/105 85/113/103 100/136/124 101/138/126
f 94/116/106 93/114/104 108/137/125 109/122/112
f 87/117/107 86/115/105 101/138/126 102/124/114
f 99/133/122 1/139/10 114/140/127
f 8/141/12 113/130/120 128/142/128
f 107/135/123 106/131/121 121/143/129 122/144/130
f 100/136/124 99/133/122 114/140/127 115/145/131
f 108/137/125 107/135/123 122/144/130 123/146/132
f 101/138/126 100/136/124 115/145/131 116/147/133
f 109/122/112 108/137/125 123/146/132 124/148/134
f 102/124/114 101/138/126 116/147/133 117/149/135
f 110/123/113 109/122/112 124/148/134 125/150/136
f 103/125/115 102/124/114 117/149/135 118/151/137
f 111/126/116 110/123/113 125/150/136 126/152/138
f 104/127/117 103/125/115 118/151/137 119/153/139
f 112/128/118 111/126/116 126/152/138 127/154/140
f 105/129/119 104/127/117 119/153/139 120/155/141
f 113/130/120 112/128/118 127/154/140 128/142/128
f 106/131/121 105/129/119 120/155/141 121/143/129
f 16/8/8 31/43/41 32/38/38 17/14/14
f 126/152/138 125/150/136 140/156/142 141/157/143
f 119/153/139 118/151/137 133/158/144 134/159/145
f 127/154/140 126/152/138 141/157/143 142/160/146
f 120/155/141 119/153/139 134/159/145 135/161/147
f 128/142/128 127/154/140 142/160/146 143/162/148
f 121/143/129 120/155/141 135/161/147 136/163/149
f 114/140/127 1/164/10 129/165/150
f 8/166/12 128/142/128 143/162/148
f 122/144/130 121/143/129 136/163/149 137/167/151
f 115/145/131 114/140/127 129/165/150 130/168/152
f 123/146/132 122/144/130 137/167/151 138/169/153
f 116/147/133 115/145/131 130/168/152 131/170/154
f 124/148/134 123/146/132 138/169/153 139/171/155
f 117/149/135 116/147/133 131/170/154 132/172/156
f 125/150/136 124/148/134 139/171/155 140/156/142
f 137/167/151 136/163/149 151/173/157 152/174/158
f 130/168/152 129/165/150 144/175/159 145/176/160
f 138/169/153 137/167/151 152/174/158 153/177/161
f 131/170/154 130/168/152 145/176/160 146/178/162
f 139/171/155 138/169/153 153/177/161 154/179/163
f 132/172/156 131/170/154 146/178/162 147/180/164
f 140/156/142 139/171/155 154/179/163 155/181/165
f 133/158/144 132/172/156 147/180/164 148/182/166
f 141/157/143 140/156/142 155/181/165 156/183/167
f 134/159/145 133/158/144 148/182/166 149/184/168
f 142/160/146 141/157/143 156/183/167 157/185/169
f 135/161/147 134/159/145 149/184/168 150/186/170
f 143/162/148 142/160/146 157/185/169 158/187/171
f 136/163/149 135/161/147 150/186/170 151/173/157
f 129/165/150 1/188/10 144/175/159
f 8/189/12 143/162/148 158/187/171
f 156/183/167 155/181/165 170/190/172 171/191/173
f 149/184/168 148/182/166 163/192/174 164/193/175
f 157/185/169 156/183/167 171/191/173 172/194/176
f 150/186/170 149/184/168 164/193/175 165/195/177
f 158/187/171 157/185/169 172/194/176 173/196/178
f 151/173/157 150/186/170 165/195/177 166/197/179
f 144/175/159 1/198/10 159/199/180
f 8/200/12 158/187/171 173/196/178
f 152/174/158 151/173/157 166/197/179 167/201/181
f 145/176/160 144/175/159 159/199/180 160/46/44
f 153/177/161 152/174/158 167/201/181 168/202/182
f 146/178/162 145/176/160 160/46/44 161/45/43
f 154/179/163 153/177/161 168/202/182 169/203/183
f 147/180/164 146/178/162 161/45/43 162/204/184
f 155/181/165 154/179/163 169/203/183 170/190/172
f 148/182/166 147/180/164 162/204/184 163/192/174
f 19/22/22 18/18/18 33/39/39 34/51/49
f 168/202/182 167/201/181 182/205/185 183/206/186
f 174/207/187 175/47/45 160/46/44 159/199/180
f 169/203/183 168/202/182 183/206/186 184/208/188
f 162/204/184 161/45/43 176/48/46 177/209/189
f 170/190/172 169/203/183 184/208/188 185/210/190
f 163/192/174 162/204/184 177/209/189 178/211/191
f 171/191/173 170/190/172 185/210/190 186/212/192
f 164/193/175 163/192/174 178/211/191 179/213/193
f 172/194/176 171/191/173 186/212/192 187/214/194
f 165/195/177 164/193/175 179/213/193 180/215/195
f 173/196/178 172/194/176 187/214/194 188/216/196
f 166/197/179 165/195/177 180/215/195 181/217/197
f 159/199/180 1/218/10 174/207/187
f 8/219/12 173/196/178 188/216/196
f 167/201/181 166/197/179 181/217/197 182/205/185
f 179/213/193 178/211/191 193/220/198 194/221/199
f 187/214/194 186/212/192 201/222/200 202/223/201
f 180/215/195 179/213/193 194/221/199 195/224/202
f 188/216/196 187/214/194 202/223/201 203/225/203
f 181/217/197 180/215/195 195/224/202 196/226/204
f 174/207/187 1/227/10 189/228/205
f 8/229/12 188/216/196 203/225/203
f 182/205/185 181/217/197 196/226/204 197/230/206
f 175/47/45 174/207/187 189/228/205 190/231/207
f 183/206/186 182/205/185 197/230/206 198/232/208
f 176/48/46 175/47/45 190/231/207 191/233/209
f 184/208/188 183/206/186 198/232/208 199/234/210
f 177/209/189 176/48/46 191/233/209 192/235/211
f 185/210/190 184/208/188 199/234/210 200/236/212
f 178/211/191 177/209/189 192/235/211 193/220/198
f 186/212/192 185/210/190 200/236/212 201/222/200
f 198/232/208 197/230/206 212/237/213 213/238/214
f 191/233/209 190/231/207 205/239/215 206/240/216
f 199/234/210 198/232/208 213/238/214 214/241/217
f 192/235/211 191/233/209 206/240/216 207/242/218
f 200/236/212 199/234/210 423/243/219 215/244/220
f 193/220/198 192/235/211 207/242/218 208/245/221
f 201/222/200 200/236/212 215/244/220 216/246/222
f 194/221/199 193/220/198 208/245/221 209/247/223
f 202/223/201 201/222/200 216/246/222 217/248/224
f 195/224/202 194/221/199 209/247/223 210/249/225
f 203/225/203 202/223/201 217/248/224 218/250/226
f 196/226/204 195/224/202 210/249/225 211/251/227
f 189/228/205 1/252/10 204/253/228
f 8/254/12 203/225/203 218/250/226
f 197/230/206 196/226/204 211/251/227 212/237/213
f 190/231/207 189/228/205 204/253/228 205/239/215
f 217/248/224 216/246/222 231/255/229 232/256/230
f 210/249/225 209/247/223 224/257/231 225/258/232
f 218/250/226 217/248/224 232/256/230 233/259/233
f 211/251/227 210/249/225 225/258/232 226/260/234
f 204/253/228 1/261/10 219/262/235
f 8/263/12 218/250/226 233/259/233
f 212/237/213 211/251/227 226/260/234 227/264/236
f 205/239/215 204/253/228 219/262/235 220/265/237
f 213/238/214 212/237/213 227/264/236 228/266/238
f 206/240/216 205/239/215 220/265/237 221/267/239
f 214/241/217 213/238/214 228/266/238 229/268/240
f 207/242/218 206/240/216 221/267/239 222/269/241
f 215/244/220 418/270/242 230/271/243
f 208/245/221 207/242/218 222/269/241 223/272/244
f 216/246/222 420/273/245 231/255/229
f 209/247/223 208/245/221 223/272/244 224/257/231
f 229/268/240 228/266/238 243/274/246 244/275/247
f 222/269/241 221/267/239 236/276/248 237/277/249
f 230/271/243 418/270/242 419/278/250 245/279/251
f 223/272/244 222/269/241 237/277/249 238/280/252
f 231/255/229 420/273/245 421/281/253 246/282/254
f 224/257/231 223/272/244 238/280/252 239/283/255
f 232/256/230 231/255/229 246/282/254 247/284/256
f 225/258/232 224/257/231 239/283/255 240/285/257
f 233/259/233 232/256/230 247/284/256 248/286/258
f 226/260/234 225/258/232 240/285/257 241/287/259
f 219/262/235 1/288/10 234/289/260
f 8/290/12 233/259/233 248/286/258
f 227/264/236 226/260/234 241/287/259 242/291/261
f 220/265/237 219/262/235 234/289/260 235/292/262
f 228/266/238 227/264/236 242/291/261 243/274/246
f 221/267/239 220/265/237 235/292/262 236/276/248
f 258/293/263 259/294/264 261/295/265 260/296/266
f 260/296/266 261/295/265 263/297/267 262/298/268
f 262/298/268 263/297/267 265/299/269 264/300/270
f 264/300/270 265/299/269 267/301/271 266/302/272
f 266/302/272 267/301/271 269/303/273 268/304/274
f 268/304/274 269/303/273 271/305/275 270/306/276
f 270/306/276 271/305/275 273/307/277 272/308/278
f 272/308/278 273/307/277 275/309/279 274/310/280
f 274/310/280 275/309/279 277/311/281 276/312/282
f 276/312/282 277/311/281 279/313/283 278/314/284
f 278/314/284 279/313/283 281/315/285 280/316/286
f 280/316/286 281/315/285 283/317/287 282/318/288
f 282/318/288 283/317/287 285/319/289 284/320/290
f 284/320/290 285/319/289 287/321/291 286/322/292
f 286/322/292 287/321/291 289/323/293 288/324/294
f 288/324/294 289/323/293 291/325/295 290/326/296
f 290/326/296 291/325/295 293/327/297 292/328/298
f 292/328/298 293/327/297 295/329/299 294/330/300
f 294/330/300 295/329/299 297/331/301 296/332/302
f 296/332/302 297/331/301 299/333/303 298/334/304
f 298/334/304 299/333/303 301/335/305 300/336/306
f 300/336/306 301/335/305 303/337/307 302/338/308
f 302/338/308 303/337/307 305/339/309 304/340/310
f 304/340/310 305/339/309 307/341/311 306/342/312
f 306/342/312 307/341/311 309/343/313 308/344/314
f 308/344/314 309/343/313 311/345/315 310/346/316
f 310/346/316 311/345/315 313/347/317 312/348/318
f 312/348/318 313/347/317 315/349/319 314/350/320
f 314/350/320 315/349/319 317/351/321 316/352/322
f 316/352/322 317/351/321 319/353/323 318/354/324
f 279/313/283 277/311/281 331/311/325 332/313/326
f 318/354/324 319/353/323 321/355/327 320/356/328
f 320/356/328 321/355/327 259/357/264 258/358/263
f 258/359/263 260/360/266 262/361/268 264/362/270 266/363/272 268/364/274 270/365/276 272/366/278 274/367/280 276/368/282 278/369/284 280/370/286 282/371/288 284/372/290 286/373/292 288/374/294 290/375/296 292/376/298 294/377/300 296/378/302 298/379/304 300/380/306 302/381/308 304/382/310 306/383/312 308/384/314 310/385/316 312/386/318 314/387/320 316/388/322 318/389/324 320/390/328
f 331/311/325 330/309/329 362/309/330 363/311/331
f 297/331/301 295/329/299 340/329/332 341/331/333
f 315/349/319 313/347/317 349/347/334 350/349/335
f 271/305/275 269/303/273 327/303/336 328/305/337
f 289/323/293 287/321/291 336/321/338 337/323/339
f 307/341/311 305/339/309 345/339/340 346/341/341
f 263/297/267 261/295/265 322/295/342 324/297/343
f 281/315/285 279/313/283 332/313/326 333/315/344
f 299/333/303 297/331/301 341/331/333 342/333/345
f 317/351/321 315/349/319 350/349/335 351/351/346
f 273/307/277 271/305/275 328/305/337 329/307/347
f 291/325/295 289/323/293 337/323/339 338/325/348
f 309/343/313 307/341/311 346/341/341 347/343/349
f 265/299/269 263/297/267 324/297/343 325/299/350
f 283/317/287 281/315/285 333/315/344 334/317/351
f 301/335/305 299/333/303 342/333/345 343/335/352
f 319/353/323 317/351/321 351/351/346 352/353/353
f 275/309/279 273/307/277 329/307/347 330/309/329
f 293/327/297 291/325/295 338/325/348 339/327/354
f 311/345/315 309/343/313 347/343/349 348/345/355
f 267/301/271 265/299/269 325/299/350 326/301/356
f 285/319/289 283/317/287 334/317/351 335/319/357
f 303/337/307 301/335/305 343/335/352 344/337/358
f 321/355/327 319/353/323 352/353/353 353/355/359
f 277/311/281 275/309/279 330/309/329 331/311/325
f 295/329/299 293/327/297 339/327/354 340/329/332
f 313/347/317 311/345/315 348/345/355 349/347/334
f 269/303/273 267/301/271 326/301/356 327/303/336
f 287/321/291 285/319/289 335/319/357 336/321/338
f 305/339/309 303/337/307 344/337/358 345/339/340
f 261/295/265 259/294/264 323/294/360 322/295/342
f 259/357/264 321/355/327 353/355/359 323/357/360
f 366/317/361 365/315/362 397/315/363 398/317/364
f 345/339/340 344/337/358 376/337/365 377/339/366
f 332/313/326 331/311/325 363/311/331 364/313/367
f 346/341/341 345/339/340 377/339/366 378/341/368
f 333/315/344 332/313/326 364/313/367 365/315/362
f 347/343/349 346/341/341 378/341/368 379/343/369
f 334/317/351 333/315/344 365/315/362 366/317/361
f 348/345/355 347/343/349 379/343/369 380/345/370
f 335/319/357 334/317/351 366/317/361 367/319/371
f 349/347/334 348/345/355 380/345/370 381/347/372
f 336/321/338 335/319/357 367/319/371 368/321/373
f 322/295/342 323/294/360 355/294/374 354/295/375
f 350/349/335 349/347/334 381/347/372 382/349/376
f 337/323/339 336/321/338 368/321/373 369/323/377
f 324/297/343 322/295/342 354/295/375 356/297/378
f 351/351/346 350/349/335 382/349/376 383/351/379
f 338/325/348 337/323/339 369/323/377 370/325/380
f 325/299/350 324/297/343 356/297/378 357/299/381
f 352/353/353 351/351/346 383/351/379 384/353/382
f 339/327/354 338/325/348 370/325/380 371/327/383
f 326/301/356 325/299/350 357/299/381 358/301/384
f 353/355/359 352/353/353 384/353/382 385/355/385
f 340/329/332 339/327/354 371/327/383 372/329/386
f 327/303/336 326/301/356 358/301/384 359/303/387
f 323/357/360 353/355/359 385/355/385 355/357/374
f 341/331/333 340/329/332 372/329/386 373/331/388
f 328/305/337 327/303/336 359/303/387 360/305/389
f 342/333/345 341/331/333 373/331/388 374/333/390
f 329/307/347 328/305/337 360/305/389 361/307/391
f 343/335/352 342/333/345 374/333/390 375/335/392
f 330/309/329 329/307/347 361/307/391 362/309/330
f 344/337/358 343/335/352 375/335/392 376/337/365
f 386/391/393 387/392/394 417/393/395 416/394/396 415/395/397 414/396/398 413/397/399 412/398/400 411/399/401 410/400/402 409/401/403 408/402/404 407/403/405 406/404/406 405/405/407 404/406/408 403/407/409 402/408/410 401/409/411 400/410/412 399/411/413 398/412/364 397/413/363 396/414/414 395/415/415 394/416/416 393/417/417 392/418/418 391/419/419 390/420/420 389/421/421 388/422/422
f 380/345/370 379/343/369 411/343/401 412/345/400
f 367/319/371 366/317/361 398/317/364 399/319/413
f 381/347/372 380/345/370 412/345/400 413/347/399
f 368/321/373 367/319/371 399/319/413 400/321/412
f 354/295/375 355/294/374 387/294/394 386/295/393
f 382/349/376 381/347/372 413/347/399 414/349/398
f 369/323/377 368/321/373 400/321/412 401/323/411
f 356/297/378 354/295/375 386/295/393 388/297/422
f 383/351/379 382/349/376 414/349/398 415/351/397
f 370/325/380 369/323/377 401/323/411 402/325/410
f 357/299/381 356/297/378 388/297/422 389/299/421
f 384/353/382 383/351/379 415/351/397 416/353/396
f 371/327/383 370/325/380 402/325/410 403/327/409
f 358/301/384 357/299/381 389/299/421 390/301/420
f 385/355/385 384/353/382 416/353/396 417/355/395
f 372/329/386 371/327/383 403/327/409 404/329/408
f 359/303/387 358/301/384 390/301/420 391/303/419
f 355/357/374 385/355/385 417/355/395 387/357/394
f 373/331/388 372/329/386 404/329/408 405/331/407
f 360/305/389 359/303/387 391/303/419 392/305/418
f 374/333/390 373/331/388 405/331/407 406/333/406
f 361/307/391 360/305/389 392/305/418 393/307/417
f 375/335/392 374/333/390 406/333/406 407/335/405
f 362/309/330 361/307/391 393/307/417 394/309/416
f 376/337/365 375/335/392 407/335/405 408/337/404
f 363/311/331 362/309/330 394/309/416 395/311/415
f 377/339/366 376/337/365 408/337/404 409/339/403
f 364/313/367 363/311/331 395/311/415 396/313/414
f 378/341/368 377/339/366 409/339/403 410/341/402
f 365/315/362 364/313/367 396/313/414 397/315/363
f 379/343/369 378/341/368 410/341/402 411/343/401
f 132/172/156 133/158/144 118/151/137 117/149/135
f 419/278/250 418/270/242 424/423/423 422/424/424
f 418/270/242 215/244/220 423/243/219 424/423/423
f 420/273/245 216/246/222 215/244/220 230/271/243
f 421/281/253 420/273/245 230/271/243 245/279/251
f 422/424/424 424/423/423 229/268/240 244/275/247
f 424/423/423 423/243/219 214/241/217 229/268/240
f 423/243/219 199/234/210 214/241/217
s 0
f 425/425/425 426/426/425 428/427/425 427/428/425
f 427/428/426 428/427/426 430/429/426 429/430/426
f 429/430/427 430/429/427 432/431/427 431/432/427
f 431/432/428 432/431/428 434/433/428 433/434/428
f 433/434/429 434/433/429 436/435/429 435/436/429
f 435/436/430 436/435/430 438/437/430 437/438/430
f 437/438/431 438/437/431 440/439/431 439/440/431
f 439/440/432 440/439/432 442/441/432 441/442/432
f 441/442/433 442/441/433 444/443/433 443/444/433
f 443/444/434 444/443/434 446/445/434 445/446/434
f 445/446/435 446/445/435 448/447/435 447/448/435
f 447/448/436 448/447/436 450/449/436 449/450/436
f 449/450/437 450/449/437 452/451/437 451/452/437
f 451/452/438 452/451/438 454/453/438 453/454/438
f 453/454/439 454/453/439 456/455/439 455/456/439
f 455/456/440 456/455/440 458/457/440 457/458/440
f 457/458/441 458/457/441 460/459/441 459/460/441
f 459/460/442 460/459/442 462/461/442 461/462/442
f 461/462/443 462/461/443 464/463/443 463/464/443
f 463/464/444 464/463/444 466/465/444 465/466/444
f 465/466/445 466/465/445 468/467/445 467/468/445
f 467/468/446 468/467/446 470/469/446 469/470/446
f 469/470/447 470/469/447 472/471/447 471/472/447
f 471/472/448 472/471/448 474/473/448 473/474/448
f 473/474/449 474/473/449 476/475/449 475/476/449
f 475/476/450 476/475/450 478/477/450 477/478/450
f 477/478/451 478/477/451 480/479/451 479/480/451
f 479/480/452 480/479/452 482/481/452 481/482/452
f 481/482/453 482/481/453 484/483/453 483/484/453
f 483/484/454 484/483/454 486/485/454 485/486/454
f 428/487/455 426/488/455 488/489/455 486/490/455 484/491/455 482/492/455 480/493/455 478/494/455 476/495/455 474/496/455 472/497/455 470/498/455 468/499/455 466/500/455 464/501/455 462/502/455 460/503/455 458/504/455 456/505/455 454/506/455 452/507/455 450/508/455 448/509/455 446/510/455 444/511/455 442/512/455 440/513/455 438/514/455 436/515/455 434/516/455 432/517/455 430/518/455
f 485/486/456 486/485/456 488/519/456 487/520/456
f 487/520/457 488/519/457 426/521/457 425/522/457
f 451/452/458 453/454/458 503/454/458 502/452/458
f 514/476/459 515/478/459 547/478/459 546/476/459
f 469/470/460 471/472/460 512/472/460 511/470/460
f 425/425/461 427/428/461 490/428/461 489/425/461
f 487/520/462 425/522/462 489/522/462 520/520/462
f 443/444/463 445/446/463 499/446/463 498/444/463
f 461/462/464 463/464/464 508/464/464 507/462/464
f 479/480/465 481/482/465 517/482/465 516/480/465
f 435/436/466 437/438/466 495/438/466 494/436/466
f 453/454/467 455/456/467 504/456/467 503/454/467
f 471/472/468 473/474/468 513/474/468 512/472/468
f 427/428/469 429/430/469 491/430/469 490/428/469
f 445/446/470 447/448/470 500/448/470 499/446/470
f 463/464/471 465/466/471 509/466/471 508/464/471
f 481/482/472 483/484/472 518/484/472 517/482/472
f 437/438/473 439/440/473 496/440/473 495/438/473
f 455/456/474 457/458/474 505/458/474 504/456/474
f 473/474/475 475/476/475 514/476/475 513/474/475
f 429/430/476 431/432/476 492/432/476 491/430/476
f 447/448/477 449/450/477 501/450/477 500/448/477
f 465/466/478 467/468/478 510/468/478 509/466/478
f 483/484/479 485/486/479 519/486/479 518/484/479
f 439/440/480 441/442/480 497/442/480 496/440/480
f 457/458/481 459/460/481 506/460/481 505/458/481
f 475/476/482 477/478/482 515/478/482 514/476/482
f 431/432/483 433/434/483 493/434/483 492/432/483
f 449/450/484 451/452/484 502/452/484 501/450/484
f 467/468/485 469/470/485 511/470/485 510/468/485
f 485/486/486 487/520/486 520/520/486 519/486/486
f 441/442/487 443/444/487 498/444/487 497/442/487
f 459/460/488 461/462/488 507/462/488 506/460/488
f 477/478/489 479/480/489 516/480/489 515/478/489
f 433/434/490 435/436/490 494/436/490 493/434/490
f 549/482/491 550/484/491 582/484/491 581/482/491
f 501/450/492 502/452/492 534/452/492 533/450/492
f 515/478/493 516/480/493 548/480/493 547/478/493
f 502/452/494 503/454/494 535/454/494 534/452/494
f 489/425/495 490/428/495 522/428/495 521/425/495
f 516/480/496 517/482/496 549/482/496 548/480/496
f 503/454/497 504/456/497 536/456/497 535/454/497
f 490/428/498 491/430/498 523/430/498 522/428/498
f 517/482/499 518/484/499 550/484/499 549/482/499
f 504/456/500 505/458/500 537/458/500 536/456/500
f 491/430/501 492/432/501 524/432/501 523/430/501
f 518/484/502 519/486/502 551/486/502 550/484/502
f 505/458/503 506/460/503 538/460/503 537/458/503
f 492/432/504 493/434/504 525/434/504 524/432/504
f 519/486/505 520/520/505 552/520/505 551/486/505
f 506/460/506 507/462/506 539/462/506 538/460/506
f 493/434/507 494/436/507 526/436/507 525/434/507
f 520/520/508 489/522/508 521/522/508 552/520/508
f 507/462/509 508/464/509 540/464/509 539/462/509
f 494/436/510 495/438/510 527/438/510 526/436/510
f 508/464/511 509/466/511 541/466/511 540/464/511
f 495/438/512 496/440/512 528/440/512 527/438/512
f 509/466/513 510/468/513 542/468/513 541/466/513
f 496/440/514 497/442/514 529/442/514 528/440/514
f 510/468/515 511/470/515 543/470/515 542/468/515
f 497/442/516 498/444/516 530/444/516 529/442/516
f 511/470/517 512/472/517 544/472/517 543/470/517
f 498/444/518 499/446/518 531/446/518 530/444/518
f 512/472/519 513/474/519 545/474/519 544/472/519
f 499/446/520 500/448/520 532/448/520 531/446/520
f 513/474/521 514/476/521 546/476/521 545/474/521
f 500/448/522 501/450/522 533/450/522 532/448/522
f 584/520/523 553/522/523 585/522/523 616/520/523
f 536/456/524 537/458/524 569/458/524 568/456/524
f 523/430/525 524/432/525 556/432/525 555/430/525
f 550/484/526 551/486/526 583/486/526 582/484/526
f 537/458/527 538/460/527 570/460/527 569/458/527
f 524/432/528 525/434/528 557/434/528 556/432/528
f 551/486/529 552/520/529 584/520/529 583/486/529
f 538/460/530 539/462/530 571/462/530 570/460/530
f 525/434/531 526/436/531 558/436/531 557/434/531
f 552/520/532 521/522/532 553/522/532 584/520/532
f 539/462/533 540/464/533 572/464/533 571/462/533
f 526/436/534 527/438/534 559/438/534 558/436/534
f 540/464/535 541/466/535 573/466/535 572/464/535
f 527/438/536 528/440/536 560/440/536 559/438/536
f 541/466/537 542/468/537 574/468/537 573/466/537
f 528/440/538 529/442/538 561/442/538 560/440/538
f 542/468/539 543/470/539 575/470/539 574/468/539
f 529/442/540 530/444/540 562/444/540 561/442/540
f 543/470/541 544/472/541 576/472/541 575/470/541
f 530/444/542 531/446/542 563/446/542 562/444/542
f 544/472/543 545/474/543 577/474/543 576/472/543
f 531/446/544 532/448/544 564/448/544 563/446/544
f 545/474/545 546/476/545 578/476/545 577/474/545
f 532/448/546 533/450/546 565/450/546 564/448/546
f 546/476/547 547/478/547 579/478/547 578/476/547
f 533/450/548 534/452/548 566/452/548 565/450/548
f 547/478/549 548/480/549 580/480/549 579/478/549
f 534/452/550 535/454/550 567/454/550 566/452/550
f 521/425/551 522/428/551 554/428/551 553/425/551
f 548/480/552 549/482/552 581/482/552 580/480/552
f 535/454/553 536/456/553 568/456/553 567/454/553
f 522/428/554 523/430/554 555/430/554 554/428/554
f 585/523/555 586/524/555 587/525/555 588/526/555 589/527/555 590/528/555 591/529/555 592/530/555 593/531/555 594/532/555 595/533/555 596/534/555 597/535/555 598/536/555 599/537/555 600/538/555 601/539/555 602/540/555 603/541/555 604/542/555 605/543/555 606/544/555 607/545/555 608/546/555 609/547/555 610/548/555 611/549/555 612/550/555 613/551/555 614/552/555 615/553/555 616/554/555
f 571/462/556 572/464/556 604/464/556 603/462/556
f 558/436/557 559/438/557 591/438/557 590/436/557
f 572/464/558 573/466/558 605/466/558 604/464/558
f 559/438/559 560/440/559 592/440/559 591/438/559
f 573/466/560 574/468/560 606/468/560 605/466/560
f 560/440/561 561/442/561 593/442/561 592/440/561
f 574/468/562 575/470/562 607/470/562 606/468/562
f 561/442/563 562/444/563 594/444/563 593/442/563
f 575/470/564 576/472/564 608/472/564 607/470/564
f 562/444/565 563/446/565 595/446/565 594/444/565
f 576/472/566 577/474/566 609/474/566 608/472/566
f 563/446/567 564/448/567 596/448/567 595/446/567
f 577/474/568 578/476/568 610/476/568 609/474/568
f 564/448/569 565/450/569 597/450/569 596/448/569
f 578/476/570 579/478/570 611/478/570 610/476/570
f 565/450/571 566/452/571 598/452/571 597/450/571
f 579/478/572 580/480/572 612/480/572 611/478/572
f 566/452/573 567/454/573 599/454/573 598/452/573
f 553/425/574 554/428/574 586/428/574 585/425/574
f 580/480/575 581/482/575 613/482/575 612/480/575
f 567/454/576 568/456/576 600/456/576 599/454/576
f 554/428/577 555/430/577 587/430/577 586/428/577
f 581/482/578 582/484/578 614/484/578 613/482/578
f 568/456/579 569/458/579 601/458/579 600/456/579
f 555/430/580 556/432/580 588/432/580 587/430/580
f 582/484/581 583/486/581 615/486/581 614/484/581
f 569/458/582 570/460/582 602/460/582 601/458/582
f 556/432/583 557/434/583 589/434/583 588/432/583
f 583/486/584 584/520/584 616/520/584 615/486/584
f 570/460/585 571/462/585 603/462/585 602/460/585
f 557/434/586 558/436/586 590/436/586 589/434/586
f 617/555/587 618/556/587 620/557/587 619/558/587
f 619/558/588 620/557/588 622/559/588 621/560/588
f 621/560/589 622/559/589 624/561/589 623/562/589
f 623/562/590 624/561/590 626/563/590 625/564/590
f 625/564/591 626/563/591 628/565/591 627/566/591
f 627/566/592 628/565/592 630/567/592 629/568/592
f 629/568/593 630/567/593 632/569/593 631/570/593
f 631/570/594 632/569/594 634/571/594 633/572/594
f 633/572/595 634/571/595 636/573/595 635/574/595
f 635/574/596 636/573/596 638/575/596 637/576/596
f 637/576/597 638/575/597 640/577/597 639/578/597
f 639/578/598 640/577/598 642/579/598 641/580/598
f 641/580/599 642/579/599 644/581/599 643/582/599
f 643/582/600 644/581/600 646/583/600 645/584/600
f 645/584/601 646/583/601 648/585/601 647/586/601
f 647/586/602 648/585/602 650/587/602 649/588/602
f 649/588/603 650/587/603 652/589/603 651/590/603
f 651/590/604 652/589/604 654/591/604 653/592/604
f 653/592/605 654/591/605 656/593/605 655/594/605
f 655/594/606 656/593/606 658/595/606 657/596/606
f 657/596/607 658/595/607 660/597/607 659/598/607
f 659/598/608 660/597/608 662/599/608 661/600/608
f 661/600/609 662/599/609 664/601/609 663/602/609
f 663/602/610 664/601/610 666/603/610 665/604/610
f 665/604/611 666/603/611 668/605/611 667/606/611
f 667/606/612 668/605/612 670/607/612 669/608/612
f 669/608/613 670/607/613 672/609/613 671/610/613
f 671/610/614 672/609/614 674/611/614 673/612/614
f 673/612/615 674/611/615 676/613/615 675/614/615
f 675/614/616 676/613/616 678/615/616 677/616/616
f 620/617/617 618/618/617 680/619/617 678/620/617 676/621/617 674/622/617 672/623/617 670/624/617 668/625/617 666/626/617 664/627/617 662/628/617 660/629/617 658/630/617 656/631/617 654/632/617 652/633/617 650/634/617 648/635/617 646/636/617 644/637/617 642/638/617 640/639/617 638/640/617 636/641/617 634/642/617 632/643/617 630/644/617 628/645/617 626/646/617 624/647/617 622/648/617
f 677/616/618 678/615/618 680/649/618 679/650/618
f 679/650/619 680/649/619 618/651/619 617/652/619
f 643/582/620 645/584/620 695/584/620 694/582/620
f 706/606/621 707/608/621 739/608/621 738/606/621
f 661/600/622 663/602/622 704/602/622 703/600/622
f 617/555/623 619/558/623 682/558/623 681/555/623
f 679/650/624 617/652/624 681/652/624 712/650/624
f 635/574/625 637/576/625 691/576/625 690/574/625
f 653/592/626 655/594/626 700/594/626 699/592/626
f 671/610/627 673/612/627 709/612/627 708/610/627
f 627/566/628 629/568/628 687/568/628 686/566/628
f 645/584/629 647/586/629 696/586/629 695/584/629
f 663/602/630 665/604/630 705/604/630 704/602/630
f 619/558/631 621/560/631 683/560/631 682/558/631
f 637/576/632 639/578/632 692/578/632 691/576/632
f 655/594/633 657/596/633 701/596/633 700/594/633
f 673/612/634 675/614/634 710/614/634 709/612/634
f 629/568/635 631/570/635 688/570/635 687/568/635
f 647/586/636 649/588/636 697/588/636 696/586/636
f 665/604/637 667/606/637 706/606/637 705/604/637
f 621/560/638 623/562/638 684/562/638 683/560/638
f 639/578/639 641/580/639 693/580/639 692/578/639
f 657/596/640 659/598/640 702/598/640 701/596/640
f 675/614/641 677/616/641 711/616/641 710/614/641
f 631/570/642 633/572/642 689/572/642 688/570/642
f 649/588/643 651/590/643 698/590/643 697/588/643
f 667/606/644 669/608/644 707/608/644 706/606/644
f 623/562/645 625/564/645 685/564/645 684/562/645
f 641/580/646 643/582/646 694/582/646 693/580/646
f 659/598/647 661/600/647 703/600/647 702/598/647
f 677/616/648 679/650/648 712/650/648 711/616/648
f 633/572/649 635/574/649 690/574/649 689/572/649
f 651/590/650 653/592/650 699/592/650 698/590/650
f 669/608/651 671/610/651 708/610/651 707/608/651
f 625/564/652 627/566/652 686/566/652 685/564/652
f 741/612/653 742/614/653 774/614/653 773/612/653
f 693/580/654 694/582/654 726/582/654 725/580/654
f 707/608/655 708/610/655 740/610/655 739/608/655
f 694/582/656 695/584/656 727/584/656 726/582/656
f 681/555/657 682/558/657 714/558/657 713/555/657
f 708/610/658 709/612/658 741/612/658 740/610/658
f 695/584/659 696/586/659 728/586/659 727/584/659
f 682/558/660 683/560/660 715/560/660 714/558/660
f 709/612/661 710/614/661 742/614/661 741/612/661
f 696/586/662 697/588/662 729/588/662 728/586/662
f 683/560/663 684/562/663 716/562/663 715/560/663
f 710/614/664 711/616/664 743/616/664 742/614/664
f 697/588/665 698/590/665 730/590/665 729/588/665
f 684/562/666 685/564/666 717/564/666 716/562/666
f 711/616/667 712/650/667 744/650/667 743/616/667
f 698/590/668 699/592/668 731/592/668 730/590/668
f 685/564/669 686/566/669 718/566/669 717/564/669
f 712/650/670 681/652/670 713/652/670 744/650/670
f 699/592/671 700/594/671 732/594/671 731/592/671
f 686/566/672 687/568/672 719/568/672 718/566/672
f 700/594/673 701/596/673 733/596/673 732/594/673
f 687/568/674 688/570/674 720/570/674 719/568/674
f 701/596/675 702/598/675 734/598/675 733/596/675
f 688/570/676 689/572/676 721/572/676 720/570/676
f 702/598/677 703/600/677 735/600/677 734/598/677
f 689/572/678 690/574/678 722/574/678 721/572/678
f 703/600/679 704/602/679 736/602/679 735/600/679
f 690/574/680 691/576/680 723/576/680 722/574/680
f 704/602/681 705/604/681 737/604/681 736/602/681
f 691/576/682 692/578/682 724/578/682 723/576/682
f 705/604/683 706/606/683 738/606/683 737/604/683
f 692/578/684 693/580/684 725/580/684 724/578/684
f 776/650/685 745/652/685 777/652/685 808/650/685
f 728/586/686 729/588/686 761/588/686 760/586/686
f 715/560/687 716/562/687 748/562/687 747/560/687
f 742/614/688 743/616/688 775/616/688 774/614/688
f 729/588/689 730/590/689 762/590/689 761/588/689
f 716/562/690 717/564/690 749/564/690 748/562/690
f 743/616/691 744/650/691 776/650/691 775/616/691
f 730/590/692 731/592/692 763/592/692 762/590/692
f 717/564/693 718/566/693 750/566/693 749/564/693
f 744/650/694 713/652/694 745/652/694 776/650/694
f 731/592/695 732/594/695 764/594/695 763/592/695
f 718/566/696 719/568/696 751/568/696 750/566/696
f 732/594/697 733/596/697 765/596/697 764/594/697
f 719/568/698 720/570/698 752/570/698 751/568/698
f 733/596/699 734/598/699 766/598/699 765/596/699
f 720/570/700 721/572/700 753/572/700 752/570/700
f 734/598/701 735/600/701 767/600/701 766/598/701
f 721/572/702 722/574/702 754/574/702 753/572/702
f 735/600/703 736/602/703 768/602/703 767/600/703
f 722/574/704 723/576/704 755/576/704 754/574/704
f 736/602/705 737/604/705 769/604/705 768/602/705
f 723/576/706 724/578/706 756/578/706 755/576/706
f 737/604/707 738/606/707 770/606/707 769/604/707
f 724/578/708 725/580/708 757/580/708 756/578/708
f 738/606/709 739/608/709 771/608/709 770/606/709
f 725/580/710 726/582/710 758/582/710 757/580/710
f 739/608/711 740/610/711 772/610/711 771/608/711
f 726/582/712 727/584/712 759/584/712 758/582/712
f 713/555/713 714/558/713 746/558/713 745/555/713
f 740/610/714 741/612/714 773/612/714 772/610/714
f 727/584/715 728/586/715 760/586/715 759/584/715
f 714/558/716 715/560/716 747/560/716 746/558/716
f 777/653/717 778/654/717 779/655/717 780/656/717 781/657/717 782/658/717 783/659/717 784/660/717 785/661/717 786/662/717 787/663/717 788/664/717 789/665/717 790/666/717 791/667/717 792/668/717 793/669/717 794/670/717 795/671/717 796/672/717 797/673/717 798/674/717 799/675/717 800/676/717 801/677/717 802/678/717 803/679/717 804/680/717 805/681/717 806/682/717 807/683/717 808/684/717
f 763/592/718 764/594/718 796/594/718 795/592/718
f 750/566/719 751/568/719 783/568/719 782/566/719
f 764/594/720 765/596/720 797/596/720 796/594/720
f 751/568/721 752/570/721 784/570/721 783/568/721
f 765/596/722 766/598/722 798/598/722 797/596/722
f 752/570/723 753/572/723 785/572/723 784/570/723
f 766/598/724 767/600/724 799/600/724 798/598/724
f 753/572/725 754/574/725 786/574/725 785/572/725
f 767/600/726 768/602/726 800/602/726 799/600/726
f 754/574/727 755/576/727 787/576/727 786/574/727
f 768/602/728 769/604/728 801/604/728 800/602/728
f 755/576/729 756/578/729 788/578/729 787/576/729
f 769/604/730 770/606/730 802/606/730 801/604/730
f 756/578/731 757/580/731 789/580/731 788/578/731
f 770/606/732 771/608/732 803/608/732 802/606/732
f 757/580/733 758/582/733 790/582/733 789/580/733
f 771/608/734 772/610/734 804/610/734 803/608/734
f 758/582/735 759/584/735 791/584/735 790/582/735
f 745/555/736 746/558/736 778/558/736 777/555/736
f 772/610/737 773/612/737 805/612/737 804/610/737
f 759/584/738 760/586/738 792/586/738 791/584/738
f 746/558/739 747/560/739 779/560/739 778/558/739
f 773/612/740 774/614/740 806/614/740 805/612/740
f 760/586/741 761/588/741 793/588/741 792/586/741
f 747/560/742 748/562/742 780/562/742 779/560/742
f 774/614/743 775/616/743 807/616/743 806/614/743
f 761/588/744 762/590/744 794/590/744 793/588/744
f 748/562/745 749/564/745 781/564/745 780/562/745
f 775/616/746 776/650/746 808/650/746 807/616/746
f 762/590/747 763/592/747 795/592/747 794/590/747
f 749/564/748 750/566/748 782/566/748 781/564/748
f 809/685/749 810/686/749 812/687/749 811/688/749
f 811/688/750 812/687/750 814/689/750 813/690/750
f 813/690/751 814/689/751 816/691/751 815/692/751
f 815/692/752 816/691/752 818/693/752 817/694/752
f 817/694/753 818/693/753 820/695/753 819/696/753
f 819/696/754 820/695/754 822/697/754 821/698/754
f 821/698/755 822/697/755 824/699/755 823/700/755
f 823/700/756 824/699/756 826/701/756 825/702/756
f 825/702/757 826/701/757 828/703/757 827/704/757
f 827/704/758 828/703/758 830/705/758 829/706/758
f 829/706/759 830/705/759 832/707/759 831/708/759
f 831/708/760 832/707/760 834/709/760 833/710/760
f 833/710/761 834/709/761 836/711/761 835/712/761
f 835/712/762 836/711/762 838/713/762 837/714/762
f 837/714/763 838/713/763 840/715/763 839/716/763
f 839/716/764 840/715/764 842/717/764 841/718/764
f 841/718/765 842/717/765 844/719/765 843/720/765
f 843/720/766 844/719/766 846/721/766 845/722/766
f 845/722/767 846/721/767 848/723/767 847/724/767
f 847/724/768 848/723/768 850/725/768 849/726/768
f 849/726/769 850/725/769 852/727/769 851/728/769
f 851/728/770 852/727/770 854/729/770 853/730/770
f 853/730/771 854/729/771 856/731/771 855/732/771
f 855/732/772 856/731/772 858/733/772 857/734/772
f 857/734/773 858/733/773 860/735/773 859/736/773
f 859/736/774 860/735/774 862/737/774 861/738/774
f 861/738/775 862/737/775 864/739/775 863/740/775
f 863/740/776 864/739/776 866/741/776 865/742/776
f 865/742/777 866/741/777 868/743/777 867/744/777
f 867/744/778 868/743/778 870/745/778 869/746/778
f 812/747/779 810/748/779 872/749/779 870/750/779 868/751/779 866/752/779 864/753/779 862/754/779 860/755/779 858/756/779 856/757/779 854/758/779 852/759/779 850/760/779 848/761/779 846/762/779 844/763/779 842/764/779 840/765/779 838/766/779 836/767/779 834/768/779 832/769/779 830/770/779 828/771/779 826/772/779 824/773/779 822/774/779 820/775/779 818/776/779 816/777/779 814/778/779
f 869/746/780 870/745/780 872/779/780 871/780/780
f 871/780/781 872/779/781 810/781/781 809/782/781
f 835/712/782 837/714/782 887/714/782 886/712/782
f 898/736/783 899/738/783 931/738/783 930/736/783
f 853/730/784 855/732/784 896/732/784 895/730/784
f 809/685/785 811/688/785 874/688/785 873/685/785
f 871/780/786 809/782/786 873/782/786 904/780/786
f 827/704/787 829/706/787 883/706/787 882/704/787
f 845/722/788 847/724/788 892/724/788 891/722/788
f 863/740/789 865/742/789 901/742/789 900/740/789
f 819/696/790 821/698/790 879/698/790 878/696/790
f 837/714/791 839/716/791 888/716/791 887/714/791
f 855/732/792 857/734/792 897/734/792 896/732/792
f 811/688/793 813/690/793 875/690/793 874/688/793
f 829/706/794 831/708/794 884/708/794 883/706/794
f 847/724/795 849/726/795 893/726/795 892/724/795
f 865/742/796 867/744/796 902/744/796 901/742/796
f 821/698/797 823/700/797 880/700/797 879/698/797
f 839/716/798 841/718/798 889/718/798 888/716/798
f 857/734/799 859/736/799 898/736/799 897/734/799
f 813/690/800 815/692/800 876/692/800 875/690/800
f 831/708/801 833/710/801 885/710/801 884/708/801
f 849/726/802 851/728/802 894/728/802 893/726/802
f 867/744/803 869/746/803 903/746/803 902/744/803
f 823/700/804 825/702/804 881/702/804 880/700/804
f 841/718/805 843/720/805 890/720/805 889/718/805
f 859/736/806 861/738/806 899/738/806 898/736/806
f 815/692/807 817/694/807 877/694/807 876/692/807
f 833/710/808 835/712/808 886/712/808 885/710/808
f 851/728/809 853/730/809 895/730/809 894/728/809
f 869/746/810 871/780/810 904/780/810 903/746/810
f 825/702/811 827/704/811 882/704/811 881/702/811
f 843/720/812 845/722/812 891/722/812 890/720/812
f 861/738/813 863/740/813 900/740/813 899/738/813
f 817/694/814 819/696/814 878/696/814 877/694/814
f 933/742/815 934/744/815 966/744/815 965/742/815
f 885/710/816 886/712/816 918/712/816 917/710/816
f 899/738/817 900/740/817 932/740/817 931/738/817
f 886/712/818 887/714/818 919/714/818 918/712/818
f 873/685/819 874/688/819 906/688/819 905/685/819
f 900/740/820 901/742/820 933/742/820 932/740/820
f 887/714/821 888/716/821 920/716/821 919/714/821
f 874/688/822 875/690/822 907/690/822 906/688/822
f 901/742/823 902/744/823 934/744/823 933/742/823
f 888/716/824 889/718/824 921/718/824 920/716/824
f 875/690/825 876/692/825 908/692/825 907/690/825
f 902/744/826 903/746/826 935/746/826 934/744/826
f 889/718/827 890/720/827 922/720/827 921/718/827
f 876/692/828 877/694/828 909/694/828 908/692/828
f 903/746/829 904/780/829 936/780/829 935/746/829
f 890/720/830 891/722/830 923/722/830 922/720/830
f 877/694/831 878/696/831 910/696/831 909/694/831
f 904/780/832 873/782/832 905/782/832 936/780/832
f 891/722/833 892/724/833 924/724/833 923/722/833
f 878/696/834 879/698/834 911/698/834 910/696/834
f 892/724/835 893/726/835 925/726/835 924/724/835
f 879/698/836 880/700/836 912/700/836 911/698/836
f 893/726/837 894/728/837 926/728/837 925/726/837
f 880/700/838 881/702/838 913/702/838 912/700/838
f 894/728/839 895/730/839 927/730/839 926/728/839
f 881/702/840 882/704/840 914/704/840 913/702/840
f 895/730/841 896/732/841 928/732/841 927/730/841
f 882/704/842 883/706/842 915/706/842 914/704/842
f 896/732/843 897/734/843 929/734/843 928/732/843
f 883/706/844 884/708/844 916/708/844 915/706/844
f 897/734/845 898/736/845 930/736/845 929/734/845
f 884/708/846 885/710/846 917/710/846 916/708/846
f 968/780/847 937/782/847 969/782/847 1000/780/847
f 920/716/848 921/718/848 953/718/848 952/716/848
f 907/690/849 908/692/849 940/692/849 939/690/849
f 934/744/850 935/746/850 967/746/850 966/744/850
f 921/718/851 922/720/851 954/720/851 953/718/851
f 908/692/852 909/694/852 941/694/852 940/692/852
f 935/746/853 936/780/853 968/780/853 967/746/853
f 922/720/854 923/722/854 955/722/854 954/720/854
f 909/694/855 910/696/855 942/696/855 941/694/855
f 936/780/856 905/782/856 937/782/856 968/780/856
f 923/722/857 924/724/857 956/724/857 955/722/857
f 910/696/858 911/698/858 943/698/858 942/696/858
f 924/724/859 925/726/859 957/726/859 956/724/859
f 911/698/860 912/700/860 944/700/860 943/698/860
f 925/726/861 926/728/861 958/728/861 957/726/861
f 912/700/862 913/702/862 945/702/862 944/700/862
f 926/728/863 927/730/863 959/730/863 958/728/863
f 913/702/864 914/704/864 946/704/864 945/702/864
f 927/730/865 928/732/865 960/732/865 959/730/865
f 914/704/866 915/706/866 947/706/866 946/704/866
f 928/732/867 929/734/867 961/734/867 960/732/867
f 915/706/868 916/708/868 948/708/868 947/706/868
f 929/734/869 930/736/869 962/736/869 961/734/869
f 916/708/870 917/710/870 949/710/870 948/708/870
f 930/736/871 931/738/871 963/738/871 962/736/871
f 917/710/872 918/712/872 950/712/872 949/710/872
f 931/738/873 932/740/873 964/740/873 963/738/873
f 918/712/874 919/714/874 951/714/874 950/712/874
f 905/685/875 906/688/875 938/688/875 937/685/875
f 932/740/876 933/742/876 965/742/876 964/740/876
f 919/714/877 920/716/877 952/716/877 951/714/877
f 906/688/878 907/690/878 939/690/878 938/688/878
f 969/783/879 970/784/879 971/785/879 972/786/879 973/787/879 974/788/879 975/789/879 976/790/879 977/791/879 978/792/879 979/793/879 980/794/879 981/795/879 982/796/879 983/797/879 984/798/879 985/799/879 986/800/879 987/801/879 988/802/879 989/803/879 990/804/879 991/805/879 992/806/879 993/807/879 994/808/879 995/809/879 996/810/879 997/811/879 998/812/879 999/813/879 1000/814/879
f 955/722/880 956/724/880 988/724/880 987/722/880
f 942/696/881 943/698/881 975/698/881 974/696/881
f 956/724/882 957/726/882 989/726/882 988/724/882
f 943/698/883 944/700/883 976/700/883 975/698/883
f 957/726/884 958/728/884 990/728/884 989/726/884
f 944/700/885 945/702/885 977/702/885 976/700/885
f 958/728/886 959/730/886 991/730/886 990/728/886
f 945/702/887 946/704/887 978/704/887 977/702/887
f 959/730/888 960/732/888 992/732/888 991/730/888
f 946/704/889 947/706/889 979/706/889 978/704/889
f 960/732/890 961/734/890 993/734/890 992/732/890
f 947/706/891 948/708/891 980/708/891 979/706/891
f 961/734/892 962/736/892 994/736/892 993/734/892
f 948/708/893 949/710/893 981/710/893 980/708/893
f 962/736/894 963/738/894 995/738/894 994/736/894
f 949/710/895 950/712/895 982/712/895 981/710/895
f 963/738/896 964/740/896 996/740/896 995/738/896
f 950/712/897 951/714/897 983/714/897 982/712/897
f 937/685/898 938/688/898 970/688/898 969/685/898
f 964/740/899 965/742/899 997/742/899 996/740/899
f 951/714/900 952/716/900 984/716/900 983/714/900
f 938/688/901 939/690/901 971/690/901 970/688/901
f 965/742/902 966/744/902 998/744/902 997/742/902
f 952/716/903 953/718/903 985/718/903 984/716/903
f 939/690/904 940/692/904 972/692/904 971/690/904
f 966/744/905 967/746/905 999/746/905 998/744/905
f 953/718/906 954/720/906 986/720/906 985/718/906
f 940/692/907 941/694/907 973/694/907 972/692/907
f 967/746/908 968/780/908 1000/780/908 999/746/908
f 954/720/909 955/722/909 987/722/909 986/720/909
f 941/694/910 942/696/910 974/696/910 973/694/910
f 1001/815/911 1002/816/911 1004/817/911 1003/818/911
f 1003/818/912 1004/817/912 1006/819/912 1005/820/912
f 1005/820/913 1006/819/913 1008/821/913 1007/822/913
f 1007/822/914 1008/821/914 1010/823/914 1009/824/914
f 1009/824/915 1010/823/915 1012/825/915 1011/826/915
f 1011/826/916 1012/825/916 1014/827/916 1013/828/916
f 1013/828/917 1014/827/917 1016/829/917 1015/830/917
f 1015/830/918 1016/829/918 1018/831/918 1017/832/918
f 1017/832/919 1018/831/919 1020/833/919 1019/834/919
f 1019/834/920 1020/833/920 1022/835/920 1021/836/920
f 1021/836/921 1022/835/921 1024/837/921 1023/838/921
f 1023/838/922 1024/837/922 1026/839/922 1025/840/922
f 1025/840/923 1026/839/923 1028/841/923 1027/842/923
f 1027/842/924 1028/841/924 1030/843/924 1029/844/924
f 1029/844/925 1030/843/925 1032/845/925 1031/846/925
f 1031/846/926 1032/845/926 1034/847/926 1033/848/926
f 1033/848/927 1034/847/927 1036/849/927 1035/850/927
f 1035/850/928 1036/849/928 1038/851/928 1037/852/928
f 1037/852/929 1038/851/929 1040/853/929 1039/854/929
f 1039/854/930 1040/853/930 1042/855/930 1041/856/930
f 1041/856/931 1042/855/931 1044/857/931 1043/858/931
f 1043/858/932 1044/857/932 1046/859/932 1045/860/932
f 1045/860/933 1046/859/933 1048/861/933 1047/862/933
f 1047/862/934 1048/861/934 1050/863/934 1049/864/934
f 1049/864/935 1050/863/935 1052/865/935 1051/866/935
f 1051/866/936 1052/865/936 1054/867/936 1053/868/936
f 1053/868/937 1054/867/937 1056/869/937 1055/870/937
f 1055/870/938 1056/869/938 1058/871/938 1057/872/938
f 1057/872/939 1058/871/939 1060/873/939 1059/874/939
f 1059/874/940 1060/873/940 1062/875/940 1061/876/940
f 1004/877/941 1002/878/941 1064/879/941 1062/880/941 1060/881/941 1058/882/941 1056/883/941 1054/884/941 1052/885/941 1050/886/941 1048/887/941 1046/888/941 1044/889/941 1042/890/941 1040/891/941 1038/892/941 1036/893/941 1034/894/941 1032/895/941 1030/896/941 1028/897/941 1026/898/941 1024/899/941 1022/900/941 1020/901/941 1018/902/941 1016/903/941 1014/904/941 1012/905/941 1010/906/941 1008/907/941 1006/908/941
f 1061/876/942 1062/875/942 1064/909/942 1063/910/942
f 1063/910/943 1064/909/943 1002/911/943 1001/912/943
f 1027/842/944 1029/844/944 1079/844/944 1078/842/944
f 1090/866/945 1091/868/945 1123/868/945 1122/866/945
f 1045/860/946 1047/862/946 1088/862/946 1087/860/946
f 1001/815/947 1003/818/947 1066/818/947 1065/815/947
f 1063/910/948 1001/912/948 1065/912/948 1096/910/948
f 1019/834/949 1021/836/949 1075/836/949 1074/834/949
f 1037/852/950 1039/854/950 1084/854/950 1083/852/950
f 1055/870/951 1057/872/951 1093/872/951 1092/870/951
f 1011/826/952 1013/828/952 1071/828/952 1070/826/952
f 1029/844/953 1031/846/953 1080/846/953 1079/844/953
f 1047/862/954 1049/864/954 1089/864/954 1088/862/954
f 1003/818/955 1005/820/955 1067/820/955 1066/818/955
f 1021/836/956 1023/838/956 1076/838/956 1075/836/956
f 1039/854/957 1041/856/957 1085/856/957 1084/854/957
f 1057/872/958 1059/874/958 1094/874/958 1093/872/958
f 1013/828/959 1015/830/959 1072/830/959 1071/828/959
f 1031/846/960 1033/848/960 1081/848/960 1080/846/960
f 1049/864/961 1051/866/961 1090/866/961 1089/864/961
f 1005/820/962 1007/822/962 1068/822/962 1067/820/962
f 1023/838/963 1025/840/963 1077/840/963 1076/838/963
f 1041/856/964 1043/858/964 1086/858/964 1085/856/964
f 1059/874/965 1061/876/965 1095/876/965 1094/874/965
f 1015/830/966 1017/832/966 1073/832/966 1072/830/966
f 1033/848/967 1035/850/967 1082/850/967 1081/848/967
f 1051/866/968 1053/868/968 1091/868/968 1090/866/968
f 1007/822/969 1009/824/969 1069/824/969 1068/822/969
f 1025/840/970 1027/842/970 1078/842/970 1077/840/970
f 1043/858/971 1045/860/971 1087/860/971 1086/858/971
f 1061/876/972 1063/910/972 1096/910/972 1095/876/972
f 1017/832/973 1019/834/973 1074/834/973 1073/832/973
f 1035/850/974 1037/852/974 1083/852/974 1082/850/974
f 1053/868/975 1055/870/975 1092/870/975 1091/868/975
f 1009/824/976 1011/826/976 1070/826/976 1069/824/976
f 1125/872/977 1126/874/977 1158/874/977 1157/872/977
f 1077/840/978 1078/842/978 1110/842/978 1109/840/978
f 1091/868/979 1092/870/979 1124/870/979 1123/868/979
f 1078/842/980 1079/844/980 1111/844/980 1110/842/980
f 1065/815/981 1066/818/981 1098/818/981 1097/815/981
f 1092/870/982 1093/872/982 1125/872/982 1124/870/982
f 1079/844/983 1080/846/983 1112/846/983 1111/844/983
f 1066/818/984 1067/820/984 1099/820/984 1098/818/984
f 1093/872/985 1094/874/985 1126/874/985 1125/872/985
f 1080/846/986 1081/848/986 1113/848/986 1112/846/986
f 1067/820/987 1068/822/987 1100/822/987 1099/820/987
f 1094/874/988 1095/876/988 1127/876/988 1126/874/988
f 1081/848/989 1082/850/989 1114/850/989 1113/848/989
f 1068/822/990 1069/824/990 1101/824/990 1100/822/990
f 1095/876/991 1096/910/991 1128/910/991 1127/876/991
f 1082/850/992 1083/852/992 1115/852/992 1114/850/992
f 1069/824/993 1070/826/993 1102/826/993 1101/824/993
f 1096/910/994 1065/912/994 1097/912/994 1128/910/994
f 1083/852/995 1084/854/995 1116/854/995 1115/852/995
f 1070/826/996 1071/828/996 1103/828/996 1102/826/996
f 1084/854/997 1085/856/997 1117/856/997 1116/854/997
f 1071/828/998 1072/830/998 1104/830/998 1103/828/998
f 1085/856/999 1086/858/999 1118/858/999 1117/856/999
f 1072/830/1000 1073/832/1000 1105/832/1000 1104/830/1000
f 1086/858/1001 1087/860/1001 1119/860/1001 1118/858/1001
f 1073/832/1002 1074/834/1002 1106/834/1002 1105/832/1002
f 1087/860/1003 1088/862/1003 1120/862/1003 1119/860/1003
f 1074/834/1004 1075/836/1004 1107/836/1004 1106/834/1004
f 1088/862/1005 1089/864/1005 1121/864/1005 1120/862/1005
f 1075/836/1006 1076/838/1006 1108/838/1006 1107/836/1006
f 1089/864/1007 1090/866/1007 1122/866/1007 1121/864/1007
f 1076/838/1008 1077/840/1008 1109/840/1008 1108/838/1008
f 1160/910/1009 1129/912/1009 1161/912/1009 1192/910/1009
f 1112/846/1010 1113/848/1010 1145/848/1010 1144/846/1010
f 1099/820/1011 1100/822/1011 1132/822/1011 1131/820/1011
f 1126/874/1012 1127/876/1012 1159/876/1012 1158/874/1012
f 1113/848/1013 1114/850/1013 1146/850/1013 1145/848/1013
f 1100/822/1014 1101/824/1014 1133/824/1014 1132/822/1014
f 1127/876/1015 1128/910/1015 1160/910/1015 1159/876/1015
f 1114/850/1016 1115/852/1016 1147/852/1016 1146/850/1016
f 1101/824/1017 1102/826/1017 1134/826/1017 1133/824/1017
f 1128/910/1018 1097/912/1018 1129/912/1018 1160/910/1018
f 1115/852/1019 1116/854/1019 1148/854/1019 1147/852/1019
f 1102/826/1020 1103/828/1020 1135/828/1020 1134/826/1020
f 1116/854/1021 1117/856/1021 1149/856/1021 1148/854/1021
f 1103/828/1022 1104/830/1022 1136/830/1022 1135/828/1022
f 1117/856/1023 1118/858/1023 1150/858/1023 1149/856/1023
f 1104/830/1024 1105/832/1024 1137/832/1024 1136/830/1024
f 1118/858/1025 1119/860/1025 1151/860/1025 1150/858/1025
f 1105/832/1026 1106/834/1026 1138/834/1026 1137/832/1026
f 1119/860/1027 1120/862/1027 1152/862/1027 1151/860/1027
f 1106/834/1028 1107/836/1028 1139/836/1028 1138/834/1028
f 1120/862/1029 1121/864/1029 1153/864/1029 1152/862/1029
f 1107/836/1030 1108/838/1030 1140/838/1030 1139/836/1030
f 1121/864/1031 1122/866/1031 1154/866/1031 1153/864/1031
f 1108/838/1032 1109/840/1032 1141/840/1032 1140/838/1032
f 1122/866/1033 1123/868/1033 1155/868/1033 1154/866/1033
f 1109/840/1034 1110/842/1034 1142/842/1034 1141/840/1034
f 1123/868/1035 1124/870/1035 1156/870/1035 1155/868/1035
f 1110/842/1036 1111/844/1036 1143/844/1036 1142/842/1036
f 1097/815/1037 1098/818/1037 1130/818/1037 1129/815/1037
f 1124/870/1038 1125/872/1038 1157/872/1038 1156/870/1038
f 1111/844/1039 1112/846/1039 1144/846/1039 1143/844/1039
f 1098/818/1040 1099/820/1040 1131/820/1040 1130/818/1040
f 1161/913/1041 1162/914/1041 1163/915/1041 1164/916/1041 1165/917/1041 1166/918/1041 1167/919/1041 1168/920/1041 1169/921/1041 1170/922/1041 1171/923/1041 1172/924/1041 1173/925/1041 1174/926/1041 1175/927/1041 1176/928/1041 1177/929/1041 1178/930/1041 1179/931/1041 1180/932/1041 1181/933/1041 1182/934/1041 1183/935/1041 1184/936/1041 1185/937/1041 1186/938/1041 1187/939/1041 1188/940/1041 1189/941/1041 1190/942/1041 1191/943/1041 1192/944/1041
f 1147/852/1042 1148/854/1042 1180/854/1042 1179/852/1042
f 1134/826/1043 1135/828/1043 1167/828/1043 1166/826/1043
f 1148/854/1044 1149/856/1044 1181/856/1044 1180/854/1044
f 1135/828/1045 1136/830/1045 1168/830/1045 1167/828/1045
f 1149/856/1046 1150/858/1046 1182/858/1046 1181/856/1046
f 1136/830/1047 1137/832/1047 1169/832/1047 1168/830/1047
f 1150/858/1048 1151/860/1048 1183/860/1048 1182/858/1048
f 1137/832/1049 1138/834/1049 1170/834/1049 1169/832/1049
f 1151/860/1050 1152/862/1050 1184/862/1050 1183/860/1050
f 1138/834/1051 1139/836/1051 1171/836/1051 1170/834/1051
f 1152/862/1052 1153/864/1052 1185/864/1052 1184/862/1052
f 1139/836/1053 1140/838/1053 1172/838/1053 1171/836/1053
f 1153/864/1054 1154/866/1054 1186/866/1054 1185/864/1054
f 1140/838/1055 1141/840/1055 1173/840/1055 1172/838/1055
f 1154/866/1056 1155/868/1056 1187/868/1056 1186/866/1056
f 1141/840/1057 1142/842/1057 1174/842/1057 1173/840/1057
f 1155/868/1058 1156/870/1058 1188/870/1058 1187/868/1058
f 1142/842/1059 1143/844/1059 1175/844/1059 1174/842/1059
f 1129/815/1060 1130/818/1060 1162/818/1060 1161/815/1060
f 1156/870/1061 1157/872/1061 1189/872/1061 1188/870/1061
f 1143/844/1062 1144/846/1062 1176/846/1062 1175/844/1062
f 1130/818/1063 1131/820/1063 1163/820/1063 1162/818/1063
f 1157/872/1064 1158/874/1064 1190/874/1064 1189/872/1064
f 1144/846/1065 1145/848/1065 1177/848/1065 1176/846/1065
f 1131/820/1066 1132/822/1066 1164/822/1066 1163/820/1066
f 1158/874/1067 1159/876/1067 1191/876/1067 1190/874/1067
f 1145/848/1068 1146/850/1068 1178/850/1068 1177/848/1068
f 1132/822/1069 1133/824/1069 1165/824/1069 1164/822/1069
f 1159/876/1070 1160/910/1070 1192/910/1070 1191/876/1070
f 1146/850/1071 1147/852/1071 1179/852/1071 1178/850/1071
f 1133/824/1072 1134/826/1072 1166/826/1072 1165/824/1072
f 1193/945/1073 1194/946/1073 1196/947/1073 1195/948/1073
f 1195/948/1074 1196/947/1074 1198/949/1074 1197/950/1074
f 1197/950/1075 1198/949/1075 1200/951/1075 1199/952/1075
f 1199/952/1076 1200/951/1076 1202/953/1076 1201/954/1076
f 1201/954/1077 1202/953/1077 1204/955/1077 1203/956/1077
f 1203/956/1078 1204/955/1078 1206/957/1078 1205/958/1078
f 1205/958/1079 1206/957/1079 1208/959/1079 1207/960/1079
f 1207/960/1080 1208/959/1080 1210/961/1080 1209/962/1080
f 1209/962/1081 1210/961/1081 1212/963/1081 1211/964/1081
f 1211/964/1082 1212/963/1082 1214/965/1082 1213/966/1082
f 1213/966/1083 1214/965/1083 1216/967/1083 1215/968/1083
f 1215/968/1084 1216/967/1084 1218/969/1084 1217/970/1084
f 1217/970/1085 1218/969/1085 1220/971/1085 1219/972/1085
f 1219/972/1086 1220/971/1086 1222/973/1086 1221/974/1086
f 1221/974/1087 1222/973/1087 1224/975/1087 1223/976/1087
f 1223/976/1088 1224/975/1088 1226/977/1088 1225/978/1088
f 1225/978/1089 1226/977/1089 1228/979/1089 1227/980/1089
f 1227/980/1090 1228/979/1090 1230/981/1090 1229/982/1090
f 1229/982/1091 1230/981/1091 1232/983/1091 1231/984/1091
f 1231/984/1092 1232/983/1092 1234/985/1092 1233/986/1092
f 1233/986/1093 1234/985/1093 1236/987/1093 1235/988/1093
f 1235/988/1094 1236/987/1094 1238/989/1094 1237/990/1094
f 1237/990/1095 1238/989/1095 1240/991/1095 1239/992/1095
f 1239/992/1096 1240/991/1096 1242/993/1096 1241/994/1096
f 1241/994/1097 1242/993/1097 1244/995/1097 1243/996/1097
f 1243/996/1098 1244/995/1098 1246/997/1098 1245/998/1098
f 1245/998/1099 1246/997/1099 1248/999/1099 1247/1000/1099
f 1247/1000/1100 1248/999/1100 1250/1001/1100 1249/1002/1100
f 1249/1002/1101 1250/1001/1101 1252/1003/1101 1251/1004/1101
f 1251/1004/1102 1252/1003/1102 1254/1005/1102 1253/1006/1102
f 1196/1007/1103 1194/1008/1103 1256/1009/1103 1254/1010/1103 1252/1011/1103 1250/1012/1103 1248/1013/1103 1246/1014/1103 1244/1015/1103 1242/1016/1103 1240/1017/1103 1238/1018/1103 1236/1019/1103 1234/1020/1103 1232/1021/1103 1230/1022/1103 1228/1023/1103 1226/1024/1103 1224/1025/1103 1222/1026/1103 1220/1027/1103 1218/1028/1103 1216/1029/1103 1214/1030/1103 1212/1031/1103 1210/1032/1103 1208/1033/1103 1206/1034/1103 1204/1035/1103 1202/1036/1103 1200/1037/1103 1198/1038/1103
f 1253/1006/1104 1254/1005/1104 1256/1039/1104 1255/1040/1104
f 1255/1040/1105 1256/1039/1105 1194/1041/1105 1193/1042/1105
f 1219/972/1106 1221/974/1106 1271/974/1106 1270/972/1106
f 1282/996/1107 1283/998/1107 1315/998/1107 1314/996/1107
f 1237/990/1108 1239/992/1108 1280/992/1108 1279/990/1108
f 1193/945/1109 1195/948/1109 1258/948/1109 1257/945/1109
f 1255/1040/1110 1193/1042/1110 1257/1042/1110 1288/1040/1110
f 1211/964/1111 1213/966/1111 1267/966/1111 1266/964/1111
f 1229/982/1112 1231/984/1112 1276/984/1112 1275/982/1112
f 1247/1000/1113 1249/1002/1113 1285/1002/1113 1284/1000/1113
f 1203/956/1114 1205/958/1114 1263/958/1114 1262/956/1114
f 1221/974/1115 1223/976/1115 1272/976/1115 1271/974/1115
f 1239/992/1116 1241/994/1116 1281/994/1116 1280/992/1116
f 1195/948/1117 1197/950/1117 1259/950/1117 1258/948/1117
f 1213/966/1118 1215/968/1118 1268/968/1118 1267/966/1118
f 1231/984/1119 1233/986/1119 1277/986/1119 1276/984/1119
f 1249/1002/1120 1251/1004/1120 1286/1004/1120 1285/1002/1120
f 1205/958/1121 1207/960/1121 1264/960/1121 1263/958/1121
f 1223/976/1122 1225/978/1122 1273/978/1122 1272/976/1122
f 1241/994/1123 1243/996/1123 1282/996/1123 1281/994/1123
f 1197/950/1124 1199/952/1124 1260/952/1124 1259/950/1124
f 1215/968/1125 1217/970/1125 1269/970/1125 1268/968/1125
f 1233/986/1126 1235/988/1126 1278/988/1126 1277/986/1126
f 1251/1004/1127 1253/1006/1127 1287/1006/1127 1286/1004/1127
f 1207/960/1128 1209/962/1128 1265/962/1128 1264/960/1128
f 1225/978/1129 1227/980/1129 1274/980/1129 1273/978/1129
f 1243/996/1130 1245/998/1130 1283/998/1130 1282/996/1130
f 1199/952/1131 1201/954/1131 1261/954/1131 1260/952/1131
f 1217/970/1132 1219/972/1132 1270/972/1132 1269/970/1132
f 1235/988/1133 1237/990/1133 1279/990/1133 1278/988/1133
f 1253/1006/1134 1255/1040/1134 1288/1040/1134 1287/1006/1134
f 1209/962/1135 1211/964/1135 1266/964/1135 1265/962/1135
f 1227/980/1136 1229/982/1136 1275/982/1136 1274/980/1136
f 1245/998/1137 1247/1000/1137 1284/1000/1137 1283/998/1137
f 1201/954/1138 1203/956/1138 1262/956/1138 1261/954/1138
f 1317/1002/1139 1318/1004/1139 1350/1004/1139 1349/1002/1139
f 1269/970/1140 1270/972/1140 1302/972/1140 1301/970/1140
f 1283/998/1141 1284/1000/1141 1316/1000/1141 1315/998/1141
f 1270/972/1142 1271/974/1142 1303/974/1142 1302/972/1142
f 1257/945/1143 1258/948/1143 1290/948/1143 1289/945/1143
f 1284/1000/1144 1285/1002/1144 1317/1002/1144 1316/1000/1144
f 1271/974/1145 1272/976/1145 1304/976/1145 1303/974/1145
f 1258/948/1146 1259/950/1146 1291/950/1146 1290/948/1146
f 1285/1002/1147 1286/1004/1147 1318/1004/1147 1317/1002/1147
f 1272/976/1148 1273/978/1148 1305/978/1148 1304/976/1148
f 1259/950/1149 1260/952/1149 1292/952/1149 1291/950/1149
f 1286/1004/1150 1287/1006/1150 1319/1006/1150 1318/1004/1150
f 1273/978/1151 1274/980/1151 1306/980/1151 1305/978/1151
f 1260/952/1152 1261/954/1152 1293/954/1152 1292/952/1152
f 1287/1006/1153 1288/1040/1153 1320/1040/1153 1319/1006/1153
f 1274/980/1154 1275/982/1154 1307/982/1154 1306/980/1154
f 1261/954/1155 1262/956/1155 1294/956/1155 1293/954/1155
f 1288/1040/1156 1257/1042/1156 1289/1042/1156 1320/1040/1156
f 1275/982/1157 1276/984/1157 1308/984/1157 1307/982/1157
f 1262/956/1158 1263/958/1158 1295/958/1158 1294/956/1158
f 1276/984/1159 1277/986/1159 1309/986/1159 1308/984/1159
f 1263/958/1160 1264/960/1160 1296/960/1160 1295/958/1160
f 1277/986/1161 1278/988/1161 1310/988/1161 1309/986/1161
f 1264/960/1162 1265/962/1162 1297/962/1162 1296/960/1162
f 1278/988/1163 1279/990/1163 1311/990/1163 1310/988/1163
f 1265/962/1164 1266/964/1164 1298/964/1164 1297/962/1164
f 1279/990/1165 1280/992/1165 1312/992/1165 1311/990/1165
f 1266/964/1166 1267/966/1166 1299/966/1166 1298/964/1166
f 1280/992/1167 1281/994/1167 1313/994/1167 1312/992/1167
f 1267/966/1168 1268/968/1168 1300/968/1168 1299/966/1168
f 1281/994/1169 1282/996/1169 1314/996/1169 1313/994/1169
f 1268/968/1170 1269/970/1170 1301/970/1170 1300/968/1170
f 1352/1040/1171 1321/1042/1171 1353/1042/1171 1384/1040/1171
f 1304/976/1172 1305/978/1172 1337/978/1172 1336/976/1172
f 1291/950/1173 1292/952/1173 1324/952/1173 1323/950/1173
f 1318/1004/1174 1319/1006/1174 1351/1006/1174 1350/1004/1174
f 1305/978/1175 1306/980/1175 1338/980/1175 1337/978/1175
f 1292/952/1176 1293/954/1176 1325/954/1176 1324/952/1176
f 1319/1006/1177 1320/1040/1177 1352/1040/1177 1351/1006/1177
f 1306/980/1178 1307/982/1178 1339/982/1178 1338/980/1178
f 1293/954/1179 1294/956/1179 1326/956/1179 1325/954/1179
f 1320/1040/1180 1289/1042/1180 1321/1042/1180 1352/1040/1180
f 1307/982/1181 1308/984/1181 1340/984/1181 1339/982/1181
f 1294/956/1182 1295/958/1182 1327/958/1182 1326/956/1182
f 1308/984/1183 1309/986/1183 1341/986/1183 1340/984/1183
f 1295/958/1184 1296/960/1184 1328/960/1184 1327/958/1184
f 1309/986/1185 1310/988/1185 1342/988/1185 1341/986/1185
f 1296/960/1186 1297/962/1186 1329/962/1186 1328/960/1186
f 1310/988/1187 1311/990/1187 1343/990/1187 1342/988/1187
f 1297/962/1188 1298/964/1188 1330/964/1188 1329/962/1188
f 1311/990/1189 1312/992/1189 1344/992/1189 1343/990/1189
f 1298/964/1190 1299/966/1190 1331/966/1190 1330/964/1190
f 1312/992/1191 1313/994/1191 1345/994/1191 1344/992/1191
f 1299/966/1192 1300/968/1192 1332/968/1192 1331/966/1192
f 1313/994/1193 1314/996/1193 1346/996/1193 1345/994/1193
f 1300/968/1194 1301/970/1194 1333/970/1194 1332/968/1194
f 1314/996/1195 1315/998/1195 1347/998/1195 1346/996/1195
f 1301/970/1196 1302/972/1196 1334/972/1196 1333/970/1196
f 1315/998/1197 1316/1000/1197 1348/1000/1197 1347/998/1197
f 1302/972/1198 1303/974/1198 1335/974/1198 1334/972/1198
f 1289/945/1199 1290/948/1199 1322/948/1199 1321/945/1199
f 1316/1000/1200 1317/1002/1200 1349/1002/1200 1348/1000/1200
f 1303/974/1201 1304/976/1201 1336/976/1201 1335/974/1201
f 1290/948/1202 1291/950/1202 1323/950/1202 1322/948/1202
f 1353/1043/1203 1354/1044/1203 1355/1045/1203 1356/1046/1203 1357/1047/1203 1358/1048/1203 1359/1049/1203 1360/1050/1203 1361/1051/1203 1362/1052/1203 1363/1053/1203 1364/1054/1203 1365/1055/1203 1366/1056/1203 1367/1057/1203 1368/1058/1203 1369/1059/1203 1370/1060/1203 1371/1061/1203 1372/1062/1203 1373/1063/1203 1374/1064/1203 1375/1065/1203 1376/1066/1203 1377/1067/1203 1378/1068/1203 1379/1069/1203 1380/1070/1203 1381/1071/1203 1382/1072/1203 1383/1073/1203 1384/1074/1203
f 1339/982/1204 1340/984/1204 1372/984/1204 1371/982/1204
f 1326/956/1205 1327/958/1205 1359/958/1205 1358/956/1205
f 1340/984/1206 1341/986/1206 1373/986/1206 1372/984/1206
f 1327/958/1207 1328/960/1207 1360/960/1207 1359/958/1207
f 1341/986/1208 1342/988/1208 1374/988/1208 1373/986/1208
f 1328/960/1209 1329/962/1209 1361/962/1209 1360/960/1209
f 1342/988/1210 1343/990/1210 1375/990/1210 1374/988/1210
f 1329/962/1211 1330/964/1211 1362/964/1211 1361/962/1211
f 1343/990/1212 1344/992/1212 1376/992/1212 1375/990/1212
f 1330/964/1213 1331/966/1213 1363/966/1213 1362/964/1213
f 1344/992/1214 1345/994/1214 1377/994/1214 1376/992/1214
f 1331/966/1215 1332/968/1215 1364/968/1215 1363/966/1215
f 1345/994/1216 1346/996/1216 1378/996/1216 1377/994/1216
f 1332/968/1217 1333/970/1217 1365/970/1217 1364/968/1217
f 1346/996/1218 1347/998/1218 1379/998/1218 1378/996/1218
f 1333/970/1219 1334/972/1219 1366/972/1219 1365/970/1219
f 1347/998/1220 1348/1000/1220 1380/1000/1220 1379/998/1220
f 1334/972/1221 1335/974/1221 1367/974/1221 1366/972/1221
f 1321/945/1222 1322/948/1222 1354/948/1222 1353/945/1222
f 1348/1000/1223 1349/1002/1223 1381/1002/1223 1380/1000/1223
f 1335/974/1224 1336/976/1224 1368/976/1224 1367/974/1224
f 1322/948/1225 1323/950/1225 1355/950/1225 1354/948/1225
f 1349/1002/1226 1350/1004/1226 1382/1004/1226 1381/1002/1226
f 1336/976/1227 1337/978/1227 1369/978/1227 1368/976/1227
f 1323/950/1228 1324/952/1228 1356/952/1228 1355/950/1228
f 1350/1004/1229 1351/1006/1229 1383/1006/1229 1382/1004/1229
f 1337/978/1230 1338/980/1230 1370/980/1230 1369/978/1230
f 1324/952/1231 1325/954/1231 1357/954/1231 1356/952/1231
f 1351/1006/1232 1352/1040/1232 1384/1040/1232 1383/1006/1232
f 1338/980/1233 1339/982/1233 1371/982/1233 1370/980/1233
f 1325/954/1234 1326/956/1234 1358/956/1234 1357/954/1234
f 1385/1075/1235 1386/1076/1235 1388/1077/1235 1387/1078/1235
f 1387/1078/1236 1388/1077/1236 1390/1079/1236 1389/1080/1236
f 1389/1080/1237 1390/1079/1237 1392/1081/1237 1391/1082/1237
f 1391/1082/1238 1392/1081/1238 1394/1083/1238 1393/1084/1238
f 1393/1084/1239 1394/1083/1239 1396/1085/1239 1395/1086/1239
f 1395/1086/1240 1396/1085/1240 1398/1087/1240 1397/1088/1240
f 1397/1088/1241 1398/1087/1241 1400/1089/1241 1399/1090/1241
f 1399/1090/1242 1400/1089/1242 1402/1091/1242 1401/1092/1242
f 1401/1092/1243 1402/1091/1243 1404/1093/1243 1403/1094/1243
f 1403/1094/1244 1404/1093/1244 1406/1095/1244 1405/1096/1244
f 1405/1096/1245 1406/1095/1245 1408/1097/1245 1407/1098/1245
f 1407/1098/1246 1408/1097/1246 1410/1099/1246 1409/1100/1246
f 1409/1100/1247 1410/1099/1247 1412/1101/1247 1411/1102/1247
f 1411/1102/1248 1412/1101/1248 1414/1103/1248 1413/1104/1248
f 1413/1104/1249 1414/1103/1249 1416/1105/1249 1415/1106/1249
f 1415/1106/1250 1416/1105/1250 1418/1107/1250 1417/1108/1250
f 1417/1108/1251 1418/1107/1251 1420/1109/1251 1419/1110/1251
f 1419/1110/1252 1420/1109/1252 1422/1111/1252 1421/1112/1252
f 1421/1112/1253 1422/1111/1253 1424/1113/1253 1423/1114/1253
f 1423/1114/1254 1424/1113/1254 1426/1115/1254 1425/1116/1254
f 1425/1116/1255 1426/1115/1255 1428/1117/1255 1427/1118/1255
f 1427/1118/1256 1428/1117/1256 1430/1119/1256 1429/1120/1256
f 1429/1120/1257 1430/1119/1257 1432/1121/1257 1431/1122/1257
f 1431/1122/1258 1432/1121/1258 1434/1123/1258 1433/1124/1258
f 1433/1124/1259 1434/1123/1259 1436/1125/1259 1435/1126/1259
f 1435/1126/1260 1436/1125/1260 1438/1127/1260 1437/1128/1260
f 1437/1128/1261 1438/1127/1261 1440/1129/1261 1439/1130/1261
f 1439/1130/1262 1440/1129/1262 1442/1131/1262 1441/1132/1262
f 1441/1132/1263 1442/1131/1263 1444/1133/1263 1443/1134/1263
f 1443/1134/1264 1444/1133/1264 1446/1135/1264 1445/1136/1264
f 1388/1137/1265 1386/1138/1265 1448/1139/1265 1446/1140/1265 1444/1141/1265 1442/1142/1265 1440/1143/1265 1438/1144/1265 1436/1145/1265 1434/1146/1265 1432/1147/1265 1430/1148/1265 1428/1149/1265 1426/1150/1265 1424/1151/1265 1422/1152/1265 1420/1153/1265 1418/1154/1265 1416/1155/1265 1414/1156/1265 1412/1157/1265 1410/1158/1265 1408/1159/1265 1406/1160/1265 1404/1161/1265 1402/1162/1265 1400/1163/1265 1398/1164/1265 1396/1165/1265 1394/1166/1265 1392/1167/1265 1390/1168/1265
f 1445/1136/1266 1446/1135/1266 1448/1169/1266 1447/1170/1266
f 1447/1170/1267 1448/1169/1267 1386/1171/1267 1385/1172/1267
f 1411/1102/1268 1413/1104/1268 1463/1104/1268 1462/1102/1268
f 1474/1126/1269 1475/1128/1269 1507/1128/1269 1506/1126/1269
f 1429/1120/1270 1431/1122/1270 1472/1122/1270 1471/1120/1270
f 1385/1075/1271 1387/1078/1271 1450/1078/1271 1449/1075/1271
f 1447/1170/1272 1385/1172/1272 1449/1172/1272 1480/1170/1272
f 1403/1094/1273 1405/1096/1273 1459/1096/1273 1458/1094/1273
f 1421/1112/1274 1423/1114/1274 1468/1114/1274 1467/1112/1274
f 1439/1130/1275 1441/1132/1275 1477/1132/1275 1476/1130/1275
f 1395/1086/1276 1397/1088/1276 1455/1088/1276 1454/1086/1276
f 1413/1104/1277 1415/1106/1277 1464/1106/1277 1463/1104/1277
f 1431/1122/1278 1433/1124/1278 1473/1124/1278 1472/1122/1278
f 1387/1078/1279 1389/1080/1279 1451/1080/1279 1450/1078/1279
f 1405/1096/1280 1407/1098/1280 1460/1098/1280 1459/1096/1280
f 1423/1114/1281 1425/1116/1281 1469/1116/1281 1468/1114/1281
f 1441/1132/1282 1443/1134/1282 1478/1134/1282 1477/1132/1282
f 1397/1088/1283 1399/1090/1283 1456/1090/1283 1455/1088/1283
f 1415/1106/1284 1417/1108/1284 1465/1108/1284 1464/1106/1284
f 1433/1124/1285 1435/1126/1285 1474/1126/1285 1473/1124/1285
f 1389/1080/1286 1391/1082/1286 1452/1082/1286 1451/1080/1286
f 1407/1098/1287 1409/1100/1287 1461/1100/1287 1460/1098/1287
f 1425/1116/1288 1427/1118/1288 1470/1118/1288 1469/1116/1288
f 1443/1134/1289 1445/1136/1289 1479/1136/1289 1478/1134/1289
f 1399/1090/1290 1401/1092/1290 1457/1092/1290 1456/1090/1290
f 1417/1108/1291 1419/1110/1291 1466/1110/1291 1465/1108/1291
f 1435/1126/1292 1437/1128/1292 1475/1128/1292 1474/1126/1292
f 1391/1082/1293 1393/1084/1293 1453/1084/1293 1452/1082/1293
f 1409/1100/1294 1411/1102/1294 1462/1102/1294 1461/1100/1294
f 1427/1118/1295 1429/1120/1295 1471/1120/1295 1470/1118/1295
f 1445/1136/1296 1447/1170/1296 1480/1170/1296 1479/1136/1296
f 1401/1092/1297 1403/1094/1297 1458/1094/1297 1457/1092/1297
f 1419/1110/1298 1421/1112/1298 1467/1112/1298 1466/1110/1298
f 1437/1128/1299 1439/1130/1299 1476/1130/1299 1475/1128/1299
f 1393/1084/1300 1395/1086/1300 1454/1086/1300 1453/1084/1300
f 1509/1132/1301 1510/1134/1301 1542/1134/1301 1541/1132/1301
f 1461/1100/1302 1462/1102/1302 1494/1102/1302 1493/1100/1302
f 1475/1128/1303 1476/1130/1303 1508/1130/1303 1507/1128/1303
f 1462/1102/1304 1463/1104/1304 1495/1104/1304 1494/1102/1304
f 1449/1075/1305 1450/1078/1305 1482/1078/1305 1481/1075/1305
f 1476/1130/1306 1477/1132/1306 1509/1132/1306 1508/1130/1306
f 1463/1104/1307 1464/1106/1307 1496/1106/1307 1495/1104/1307
f 1450/1078/1308 1451/1080/1308 1483/1080/1308 1482/1078/1308
f 1477/1132/1309 1478/1134/1309 1510/1134/1309 1509/1132/1309
f 1464/1106/1310 1465/1108/1310 1497/1108/1310 1496/1106/1310
f 1451/1080/1311 1452/1082/1311 1484/1082/1311 1483/1080/1311
f 1478/1134/1312 1479/1136/1312 1511/1136/1312 1510/1134/1312
f 1465/1108/1313 1466/1110/1313 1498/1110/1313 1497/1108/1313
f 1452/1082/1314 1453/1084/1314 1485/1084/1314 1484/1082/1314
f 1479/1136/1315 1480/1170/1315 1512/1170/1315 1511/1136/1315
f 1466/1110/1316 1467/1112/1316 1499/1112/1316 1498/1110/1316
f 1453/1084/1317 1454/1086/1317 1486/1086/1317 1485/1084/1317
f 1480/1170/1318 1449/1172/1318 1481/1172/1318 1512/1170/1318
f 1467/1112/1319 1468/1114/1319 1500/1114/1319 1499/1112/1319
f 1454/1086/1320 1455/1088/1320 1487/1088/1320 1486/1086/1320
f 1468/1114/1321 1469/1116/1321 1501/1116/1321 1500/1114/1321
f 1455/1088/1322 1456/1090/1322 1488/1090/1322 1487/1088/1322
f 1469/1116/1323 1470/1118/1323 1502/1118/1323 1501/1116/1323
f 1456/1090/1324 1457/1092/1324 1489/1092/1324 1488/1090/1324
f 1470/1118/1325 1471/1120/1325 1503/1120/1325 1502/1118/1325
f 1457/1092/1326 1458/1094/1326 1490/1094/1326 1489/1092/1326
f 1471/1120/1327 1472/1122/1327 1504/1122/1327 1503/1120/1327
f 1458/1094/1328 1459/1096/1328 1491/1096/1328 1490/1094/1328
f 1472/1122/1329 1473/1124/1329 1505/1124/1329 1504/1122/1329
f 1459/1096/1330 1460/1098/1330 1492/1098/1330 1491/1096/1330
f 1473/1124/1331 1474/1126/1331 1506/1126/1331 1505/1124/1331
f 1460/1098/1332 1461/1100/1332 1493/1100/1332 1492/1098/1332
f 1544/1170/1333 1513/1172/1333 1545/1172/1333 1576/1170/1333
f 1496/1106/1334 1497/1108/1334 1529/1108/1334 1528/1106/1334
f 1483/1080/1335 1484/1082/1335 1516/1082/1335 1515/1080/1335
f 1510/1134/1336 1511/1136/1336 1543/1136/1336 1542/1134/1336
f 1497/1108/1337 1498/1110/1337 1530/1110/1337 1529/1108/1337
f 1484/1082/1338 1485/1084/1338 1517/1084/1338 1516/1082/1338
f 1511/1136/1339 1512/1170/1339 1544/1170/1339 1543/1136/1339
f 1498/1110/1340 1499/1112/1340 1531/1112/1340 1530/1110/1340
f 1485/1084/1341 1486/1086/1341 1518/1086/1341 1517/1084/1341
f 1512/1170/1342 1481/1172/1342 1513/1172/1342 1544/1170/1342
f 1499/1112/1343 1500/1114/1343 1532/1114/1343 1531/1112/1343
f 1486/1086/1344 1487/1088/1344 1519/1088/1344 1518/1086/1344
f 1500/1114/1345 1501/1116/1345 1533/1116/1345 1532/1114/1345
f 1487/1088/1346 1488/1090/1346 1520/1090/1346 1519/1088/1346
f 1501/1116/1347 1502/1118/1347 1534/1118/1347 1533/1116/1347
f 1488/1090/1348 1489/1092/1348 1521/1092/1348 1520/1090/1348
f 1502/1118/1349 1503/1120/1349 1535/1120/1349 1534/1118/1349
f 1489/1092/1350 1490/1094/1350 1522/1094/1350 1521/1092/1350
f 1503/1120/1351 1504/1122/1351 1536/1122/1351 1535/1120/1351
f 1490/1094/1352 1491/1096/1352 1523/1096/1352 1522/1094/1352
f 1504/1122/1353 1505/1124/1353 1537/1124/1353 1536/1122/1353
f 1491/1096/1354 1492/1098/1354 1524/1098/1354 1523/1096/1354
f 1505/1124/1355 1506/1126/1355 1538/1126/1355 1537/1124/1355
f 1492/1098/1356 1493/1100/1356 1525/1100/1356 1524/1098/1356
f 1506/1126/1357 1507/1128/1357 1539/1128/1357 1538/1126/1357
f 1493/1100/1358 1494/1102/1358 1526/1102/1358 1525/1100/1358
f 1507/1128/1359 1508/1130/1359 1540/1130/1359 1539/1128/1359
f 1494/1102/1360 1495/1104/1360 1527/1104/1360 1526/1102/1360
f 1481/1075/1361 1482/1078/1361 1514/1078/1361 1513/1075/1361
f 1508/1130/1362 1509/1132/1362 1541/1132/1362 1540/1130/1362
f 1495/1104/1363 1496/1106/1363 1528/1106/1363 1527/1104/1363
f 1482/1078/1364 1483/1080/1364 1515/1080/1364 1514/1078/1364
f 1545/1173/1365 1546/1174/1365 1547/1175/1365 1548/1176/1365 1549/1177/1365 1550/1178/1365 1551/1179/1365 1552/1180/1365 1553/1181/1365 1554/1182/1365 1555/1183/1365 1556/1184/1365 1557/1185/1365 1558/1186/1365 1559/1187/1365 1560/1188/1365 1561/1189/1365 1562/1190/1365 1563/1191/1365 1564/1192/1365 1565/1193/1365 1566/1194/1365 1567/1195/1365 1568/1196/1365 1569/1197/1365 1570/1198/1365 1571/1199/1365 1572/1200/1365 1573/1201/1365 1574/1202/1365 1575/1203/1365 1576/1204/1365
f 1531/1112/1366 1532/1114/1366 1564/1114/1366 1563/1112/1366
f 1518/1086/1367 1519/1088/1367 1551/1088/1367 1550/1086/1367
f 1532/1114/1368 1533/1116/1368 1565/1116/1368 1564/1114/1368
f 1519/1088/1369 1520/1090/1369 1552/1090/1369 1551/1088/1369
f 1533/1116/1370 1534/1118/1370 1566/1118/1370 1565/1116/1370
f 1520/1090/1371 1521/1092/1371 1553/1092/1371 1552/1090/1371
f 1534/1118/1372 1535/1120/1372 1567/1120/1372 1566/1118/1372
f 1521/1092/1373 1522/1094/1373 1554/1094/1373 1553/1092/1373
f 1535/1120/1374 1536/1122/1374 1568/1122/1374 1567/1120/1374
f 1522/1094/1375 1523/1096/1375 1555/1096/1375 1554/1094/1375
f 1536/1122/1376 1537/1124/1376 1569/1124/1376 1568/1122/1376
f 1523/1096/1377 1524/1098/1377 1556/1098/1377 1555/1096/1377
f 1537/1124/1378 1538/1126/1378 1570/1126/1378 1569/1124/1378
f 1524/1098/1379 1525/1100/1379 1557/1100/1379 1556/1098/1379
f 1538/1126/1380 1539/1128/1380 1571/1128/1380 1570/1126/1380
f 1525/1100/1381 1526/1102/1381 1558/1102/1381 1557/1100/1381
f 1539/1128/1382 1540/1130/1382 1572/1130/1382 1571/1128/1382
f 1526/1102/1383 1527/1104/1383 1559/1104/1383 1558/1102/1383
f 1513/1075/1384 1514/1078/1384 1546/1078/1384 1545/1075/1384
f 1540/1130/1385 1541/1132/1385 1573/1132/1385 1572/1130/1385
f 1527/1104/1386 1528/1106/1386 1560/1106/1386 1559/1104/1386
f 1514/1078/1387 1515/1080/1387 1547/1080/1387 1546/1078/1387
f 1541/1132/1388 1542/1134/1388 1574/1134/1388 1573/1132/1388
f 1528/1106/1389 1529/1108/1389 1561/1108/1389 1560/1106/1389
f 1515/1080/1390 1516/1082/1390 1548/1082/1390 1547/1080/1390
f 1542/1134/1391 1543/1136/1391 1575/1136/1391 1574/1134/1391
f 1529/1108/1392 1530/1110/1392 1562/1110/1392 1561/1108/1392
f 1516/1082/1393 1517/1084/1393 1549/1084/1393 1548/1082/1393
f 1543/1136/1394 1544/1170/1394 1576/1170/1394 1575/1136/1394
f 1530/1110/1395 1531/1112/1395 1563/1112/1395 1562/1110/1395
f 1517/1084/1396 1518/1086/1396 1550/1086/1396 1549/1084/1396
f 1577/1205/1397 1578/1206/1397 1580/1207/1397 1579/1208/1397
f 1579/1208/1398 1580/1207/1398 1582/1209/1398 1581/1210/1398
f 1581/1210/1399 1582/1209/1399 1584/1211/1399 1583/1212/1399
f 1583/1212/1400 1584/1211/1400 1586/1213/1400 1585/1214/1400
f 1585/1214/1401 1586/1213/1401 1588/1215/1401 1587/1216/1401
f 1587/1216/1402 1588/1215/1402 1590/1217/1402 1589/1218/1402
f 1589/1218/1403 1590/1217/1403 1592/1219/1403 1591/1220/1403
f 1591/1220/1404 1592/1219/1404 1594/1221/1404 1593/1222/1404
f 1593/1222/1405 1594/1221/1405 1596/1223/1405 1595/1224/1405
f 1595/1224/1406 1596/1223/1406 1598/1225/1406 1597/1226/1406
f 1597/1226/1407 1598/1225/1407 1600/1227/1407 1599/1228/1407
f 1599/1228/1408 1600/1227/1408 1602/1229/1408 1601/1230/1408
f 1601/1230/1409 1602/1229/1409 1604/1231/1409 1603/1232/1409
f 1603/1232/1410 1604/1231/1410 1606/1233/1410 1605/1234/1410
f 1605/1234/1411 1606/1233/1411 1608/1235/1411 1607/1236/1411
f 1607/1236/1412 1608/1235/1412 1610/1237/1412 1609/1238/1412
f 1609/1238/1413 1610/1237/1413 1612/1239/1413 1611/1240/1413
f 1611/1240/1414 1612/1239/1414 1614/1241/1414 1613/1242/1414
f 1613/1242/1415 1614/1241/1415 1616/1243/1415 1615/1244/1415
f 1615/1244/1416 1616/1243/1416 1618/1245/1416 1617/1246/1416
f 1617/1246/1417 1618/1245/1417 1620/1247/1417 1619/1248/1417
f 1619/1248/1418 1620/1247/1418 1622/1249/1418 1621/1250/1418
f 1621/1250/1419 1622/1249/1419 1624/1251/1419 1623/1252/1419
f 1623/1252/1420 1624/1251/1420 1626/1253/1420 1625/1254/1420
f 1625/1254/1421 1626/1253/1421 1628/1255/1421 1627/1256/1421
f 1627/1256/1422 1628/1255/1422 1630/1257/1422 1629/1258/1422
f 1629/1258/1423 1630/1257/1423 1632/1259/1423 1631/1260/1423
f 1631/1260/1424 1632/1259/1424 1634/1261/1424 1633/1262/1424
f 1633/1262/1425 1634/1261/1425 1636/1263/1425 1635/1264/1425
f 1635/1264/1426 1636/1263/1426 1638/1265/1426 1637/1266/1426
f 1580/1267/1427 1578/1268/1427 1640/1269/1427 1638/1270/1427 1636/1271/1427 1634/1272/1427 1632/1273/1427 1630/1274/1427 1628/1275/1427 1626/1276/1427 1624/1277/1427 1622/1278/1427 1620/1279/1427 1618/1280/1427 1616/1281/1427 1614/1282/1427 1612/1283/1427 1610/1284/1427 1608/1285/1427 1606/1286/1427 1604/1287/1427 1602/1288/1427 1600/1289/1427 1598/1290/1427 1596/1291/1427 1594/1292/1427 1592/1293/1427 1590/1294/1427 1588/1295/1427 1586/1296/1427 1584/1297/1427 1582/1298/1427
f 1637/1266/1428 1638/1265/1428 1640/1299/1428 1639/1300/1428
f 1639/1300/1429 1640/1299/1429 1578/1301/1429 1577/1302/1429
f 1603/1232/1430 1605/1234/1430 1655/1234/1430 1654/1232/1430
f 1666/1256/1431 1667/1258/1431 1699/1258/1431 1698/1256/1431
f 1621/1250/1432 1623/1252/1432 1664/1252/1432 1663/1250/1432
f 1577/1205/1433 1579/1208/1433 1642/1208/1433 1641/1205/1433
f 1639/1300/1434 1577/1302/1434 1641/1302/1434 1672/1300/1434
f 1595/1224/1435 1597/1226/1435 1651/1226/1435 1650/1224/1435
f 1613/1242/1436 1615/1244/1436 1660/1244/1436 1659/1242/1436
f 1631/1260/1437 1633/1262/1437 1669/1262/1437 1668/1260/1437
f 1587/1216/1438 1589/1218/1438 1647/1218/1438 1646/1216/1438
f 1605/1234/1439 1607/1236/1439 1656/1236/1439 1655/1234/1439
f 1623/1252/1440 1625/1254/1440 1665/1254/1440 1664/1252/1440
f 1579/1208/1441 1581/1210/1441 1643/1210/1441 1642/1208/1441
f 1597/1226/1442 1599/1228/1442 1652/1228/1442 1651/1226/1442
f 1615/1244/1443 1617/1246/1443 1661/1246/1443 1660/1244/1443
f 1633/1262/1444 1635/1264/1444 1670/1264/1444 1669/1262/1444
f 1589/1218/1445 1591/1220/1445 1648/1220/1445 1647/1218/1445
f 1607/1236/1446 1609/1238/1446 1657/1238/1446 1656/1236/1446
f 1625/1254/1447 1627/1256/1447 1666/1256/1447 1665/1254/1447
f 1581/1210/1448 1583/1212/1448 1644/1212/1448 1643/1210/1448
f 1599/1228/1449 1601/1230/1449 1653/1230/1449 1652/1228/1449
f 1617/1246/1450 1619/1248/1450 1662/1248/1450 1661/1246/1450
f 1635/1264/1451 1637/1266/1451 1671/1266/1451 1670/1264/1451
f 1591/1220/1452 1593/1222/1452 1649/1222/1452 1648/1220/1452
f 1609/1238/1453 1611/1240/1453 1658/1240/1453 1657/1238/1453
f 1627/1256/1454 1629/1258/1454 1667/1258/1454 1666/1256/1454
f 1583/1212/1455 1585/1214/1455 1645/1214/1455 1644/1212/1455
f 1601/1230/1456 1603/1232/1456 1654/1232/1456 1653/1230/1456
f 1619/1248/1457 1621/1250/1457 1663/1250/1457 1662/1248/1457
f 1637/1266/1458 1639/1300/1458 1672/1300/1458 1671/1266/1458
f 1593/1222/1459 1595/1224/1459 1650/1224/1459 1649/1222/1459
f 1611/1240/1460 1613/1242/1460 1659/1242/1460 1658/1240/1460
f 1629/1258/1461 1631/1260/1461 1668/1260/1461 1667/1258/1461
f 1585/1214/1462 1587/1216/1462 1646/1216/1462 1645/1214/1462
f 1701/1262/1463 1702/1264/1463 1734/1264/1463 1733/1262/1463
f 1653/1230/1464 1654/1232/1464 1686/1232/1464 1685/1230/1464
f 1667/1258/1465 1668/1260/1465 1700/1260/1465 1699/1258/1465
f 1654/1232/1466 1655/1234/1466 1687/1234/1466 1686/1232/1466
f 1641/1205/1467 1642/1208/1467 1674/1208/1467 1673/1205/1467
f 1668/1260/1468 1669/1262/1468 1701/1262/1468 1700/1260/1468
f 1655/1234/1469 1656/1236/1469 1688/1236/1469 1687/1234/1469
f 1642/1208/1470 1643/1210/1470 1675/1210/1470 1674/1208/1470
f 1669/1262/1471 1670/1264/1471 1702/1264/1471 1701/1262/1471
f 1656/1236/1472 1657/1238/1472 1689/1238/1472 1688/1236/1472
f 1643/1210/1473 1644/1212/1473 1676/1212/1473 1675/1210/1473
f 1670/1264/1474 1671/1266/1474 1703/1266/1474 1702/1264/1474
f 1657/1238/1475 1658/1240/1475 1690/1240/1475 1689/1238/1475
f 1644/1212/1476 1645/1214/1476 1677/1214/1476 1676/1212/1476
f 1671/1266/1477 1672/1300/1477 1704/1300/1477 1703/1266/1477
f 1658/1240/1478 1659/1242/1478 1691/1242/1478 1690/1240/1478
f 1645/1214/1479 1646/1216/1479 1678/1216/1479 1677/1214/1479
f 1672/1300/1480 1641/1302/1480 1673/1302/1480 1704/1300/1480
f 1659/1242/1481 1660/1244/1481 1692/1244/1481 1691/1242/1481
f 1646/1216/1482 1647/1218/1482 1679/1218/1482 1678/1216/1482
f 1660/1244/1483 1661/1246/1483 1693/1246/1483 1692/1244/1483
f 1647/1218/1484 1648/1220/1484 1680/1220/1484 1679/1218/1484
f 1661/1246/1485 1662/1248/1485 1694/1248/1485 1693/1246/1485
f 1648/1220/1486 1649/1222/1486 1681/1222/1486 1680/1220/1486
f 1662/1248/1487 1663/1250/1487 1695/1250/1487 1694/1248/1487
f 1649/1222/1488 1650/1224/1488 1682/1224/1488 1681/1222/1488
f 1663/1250/1489 1664/1252/1489 1696/1252/1489 1695/1250/1489
f 1650/1224/1490 1651/1226/1490 1683/1226/1490 1682/1224/1490
f 1664/1252/1491 1665/1254/1491 1697/1254/1491 1696/1252/1491
f 1651/1226/1492 1652/1228/1492 1684/1228/1492 1683/1226/1492
f 1665/1254/1493 1666/1256/1493 1698/1256/1493 1697/1254/1493
f 1652/1228/1494 1653/1230/1494 1685/1230/1494 1684/1228/1494
f 1736/1300/1495 1705/1302/1495 1737/1302/1495 1768/1300/1495
f 1688/1236/1496 1689/1238/1496 1721/1238/1496 1720/1236/1496
f 1675/1210/1497 1676/1212/1497 1708/1212/1497 1707/1210/1497
f 1702/1264/1498 1703/1266/1498 1735/1266/1498 1734/1264/1498
f 1689/1238/1499 1690/1240/1499 1722/1240/1499 1721/1238/1499
f 1676/1212/1500 1677/1214/1500 1709/1214/1500 1708/1212/1500
f 1703/1266/1501 1704/1300/1501 1736/1300/1501 1735/1266/1501
f 1690/1240/1502 1691/1242/1502 1723/1242/1502 1722/1240/1502
f 1677/1214/1503 1678/1216/1503 1710/1216/1503 1709/1214/1503
f 1704/1300/1504 1673/1302/1504 1705/1302/1504 1736/1300/1504
f 1691/1242/1505 1692/1244/1505 1724/1244/1505 1723/1242/1505
f 1678/1216/1506 1679/1218/1506 1711/1218/1506 1710/1216/1506
f 1692/1244/1507 1693/1246/1507 1725/1246/1507 1724/1244/1507
f 1679/1218/1508 1680/1220/1508 1712/1220/1508 1711/1218/1508
f 1693/1246/1509 1694/1248/1509 1726/1248/1509 1725/1246/1509
f 1680/1220/1510 1681/1222/1510 1713/1222/1510 1712/1220/1510
f 1694/1248/1511 1695/1250/1511 1727/1250/1511 1726/1248/1511
f 1681/1222/1512 1682/1224/1512 1714/1224/1512 1713/1222/1512
f 1695/1250/1513 1696/1252/1513 1728/1252/1513 1727/1250/1513
f 1682/1224/1514 1683/1226/1514 1715/1226/1514 1714/1224/1514
f 1696/1252/1515 1697/1254/1515 1729/1254/1515 1728/1252/1515
f 1683/1226/1516 1684/1228/1516 1716/1228/1516 1715/1226/1516
f 1697/1254/1517 1698/1256/1517 1730/1256/1517 1729/1254/1517
f 1684/1228/1518 1685/1230/1518 1717/1230/1518 1716/1228/1518
f 1698/1256/1519 1699/1258/1519 1731/1258/1519 1730/1256/1519
f 1685/1230/1520 1686/1232/1520 1718/1232/1520 1717/1230/1520
f 1699/1258/1521 1700/1260/1521 1732/1260/1521 1731/1258/1521
f 1686/1232/1522 1687/1234/1522 1719/1234/1522 1718/1232/1522
f 1673/1205/1523 1674/1208/1523 1706/1208/1523 1705/1205/1523
f 1700/1260/1524 1701/1262/1524 1733/1262/1524 1732/1260/1524
f 1687/1234/1525 1688/1236/1525 1720/1236/1525 1719/1234/1525
f 1674/1208/1526 1675/1210/1526 1707/1210/1526 1706/1208/1526
f 1737/1303/1527 1738/1304/1527 1739/1305/1527 1740/1306/1527 1741/1307/1527 1742/1308/1527 1743/1309/1527 1744/1310/1527 1745/1311/1527 1746/1312/1527 1747/1313/1527 1748/1314/1527 1749/1315/1527 1750/1316/1527 1751/1317/1527 1752/1318/1527 1753/1319/1527 1754/1320/1527 1755/1321/1527 1756/1322/1527 1757/1323/1527 1758/1324/1527 1759/1325/1527 1760/1326/1527 1761/1327/1527 1762/1328/1527 1763/1329/1527 1764/1330/1527 1765/1331/1527 1766/1332/1527 1767/1333/1527 1768/1334/1527
f 1723/1242/1528 1724/1244/1528 1756/1244/1528 1755/1242/1528
f 1710/1216/1529 1711/1218/1529 1743/1218/1529 1742/1216/1529
f 1724/1244/1530 1725/1246/1530 1757/1246/1530 1756/1244/1530
f 1711/1218/1531 1712/1220/1531 1744/1220/1531 1743/1218/1531
f 1725/1246/1532 1726/1248/1532 1758/1248/1532 1757/1246/1532
f 1712/1220/1533 1713/1222/1533 1745/1222/1533 1744/1220/1533
f 1726/1248/1534 1727/1250/1534 1759/1250/1534 1758/1248/1534
f 1713/1222/1535 1714/1224/1535 1746/1224/1535 1745/1222/1535
f 1727/1250/1536 1728/1252/1536 1760/1252/1536 1759/1250/1536
f 1714/1224/1537 1715/1226/1537 1747/1226/1537 1746/1224/1537
f 1728/1252/1538 1729/1254/1538 1761/1254/1538 1760/1252/1538
f 1715/1226/1539 1716/1228/1539 1748/1228/1539 1747/1226/1539
f 1729/1254/1540 1730/1256/1540 1762/1256/1540 1761/1254/1540
f 1716/1228/1541 1717/1230/1541 1749/1230/1541 1748/1228/1541
f 1730/1256/1542 1731/1258/1542 1763/1258/1542 1762/1256/1542
f 1717/1230/1543 1718/1232/1543 1750/1232/1543 1749/1230/1543
f 1731/1258/1544 1732/1260/1544 1764/1260/1544 1763/1258/1544
f 1718/1232/1545 1719/1234/1545 1751/1234/1545 1750/1232/1545
f 1705/1205/1546 1706/1208/1546 1738/1208/1546 1737/1205/1546
f 1732/1260/1547 1733/1262/1547 1765/1262/1547 1764/1260/1547
f 1719/1234/1548 1720/1236/1548 1752/1236/1548 1751/1234/1548
f 1706/1208/1549 1707/1210/1549 1739/1210/1549 1738/1208/1549
f 1733/1262/1550 1734/1264/1550 1766/1264/1550 1765/1262/1550
f 1720/1236/1551 1721/1238/1551 1753/1238/1551 1752/1236/1551
f 1707/1210/1552 1708/1212/1552 1740/1212/1552 1739/1210/1552
f 1734/1264/1553 1735/1266/1553 1767/1266/1553 1766/1264/1553
f 1721/1238/1554 1722/1240/1554 1754/1240/1554 1753/1238/1554
f 1708/1212/1555 1709/1214/1555 1741/1214/1555 1740/1212/1555
f 1735/1266/1556 1736/1300/1556 1768/1300/1556 1767/1266/1556
f 1722/1240/1557 1723/1242/1557 1755/1242/1557 1754/1240/1557
f 1709/1214/1558 1710/1216/1558 1742/1216/1558 1741/1214/1558
s 1
f 257/1/1 1783/4/1559 1782/3/1560 256/2/2
f 5/5/5 1776/8/1561 1775/7/1562 4/6/6
f 249/9/9 1769/11/1563 1/10/10
f 8/12/12 1783/4/1559 257/1/1
f 6/13/13 1777/14/1564 1776/8/1561 5/5/5
f 250/15/15 1770/16/1565 1769/11/1563 249/9/9
f 253/17/17 1778/18/1566 1777/14/1564 6/13/13
f 2/19/19 1771/20/1567 1770/16/1565 250/15/15
f 7/21/21 1779/22/1568 1778/18/1566 253/17/17
f 251/23/23 1772/24/1569 1771/20/1567 2/19/19
f 254/25/25 1780/26/1570 1779/22/1568 7/21/21
f 3/27/27 1773/28/1571 1772/24/1569 251/23/23
f 255/29/29 1781/30/1572 1780/26/1570 254/25/25
f 252/31/31 1774/32/1573 1773/28/1571 3/27/27
f 256/2/2 1782/3/1560 1781/30/1572 255/29/29
f 4/6/6 1775/7/1562 1774/32/1573 252/31/31
f 1782/3/1560 1797/34/1574 1796/33/1575 1781/30/1572
f 1775/7/1562 1790/36/1576 1789/35/1577 1774/32/1573
f 1783/4/1559 1798/37/1578 1797/34/1574 1782/3/1560
f 1777/14/1564 1778/18/1566 1793/39/1579 1792/38/1580
f 1769/11/1563 1784/41/1581 1/40/10
f 8/42/12 1798/37/1578 1783/4/1559
f 1790/36/1576 1775/7/1562 1776/8/1561 1791/43/1582
f 1770/16/1565 1785/44/1583 1784/41/1581 1769/11/1563
f 1921/45/1584 1936/48/1585 1935/47/1586 1920/46/1587
f 1771/20/1567 1786/49/1588 1785/44/1583 1770/16/1565
f 1772/24/1569 1787/50/1589 1786/49/1588 1771/20/1567
f 1780/26/1570 1795/52/1590 1794/51/1591 1779/22/1568
f 1773/28/1571 1788/53/1592 1787/50/1589 1772/24/1569
f 1781/30/1572 1796/33/1575 1795/52/1590 1780/26/1570
f 1774/32/1573 1789/35/1577 1788/53/1592 1773/28/1571
f 1786/49/1588 1801/55/1593 1800/54/1594 1785/44/1583
f 1794/51/1591 1809/57/1595 1808/56/1596 1793/39/1579
f 1787/50/1589 1802/58/1597 1801/55/1593 1786/49/1588
f 1795/52/1590 1810/59/1598 1809/57/1595 1794/51/1591
f 1788/53/1592 1803/60/1599 1802/58/1597 1787/50/1589
f 1796/33/1575 1811/61/1600 1810/59/1598 1795/52/1590
f 1789/35/1577 1804/62/1601 1803/60/1599 1788/53/1592
f 1797/34/1574 1812/63/1602 1811/61/1600 1796/33/1575
f 1790/36/1576 1805/64/1603 1804/62/1601 1789/35/1577
f 1798/37/1578 1813/65/1604 1812/63/1602 1797/34/1574
f 1791/43/1582 1806/66/1605 1805/64/1603 1790/36/1576
f 1784/41/1581 1799/68/1606 1/67/10
f 8/69/12 1813/65/1604 1798/37/1578
f 1792/38/1580 1807/70/1607 1806/66/1605 1791/43/1582
f 1785/44/1583 1800/54/1594 1799/68/1606 1784/41/1581
f 1793/39/1579 1808/56/1596 1807/70/1607 1792/38/1580
f 1805/64/1603 1820/72/1608 1819/71/1609 1804/62/1601
f 1813/65/1604 1828/74/1610 1827/73/1611 1812/63/1602
f 1806/66/1605 1821/75/1612 1820/72/1608 1805/64/1603
f 1799/68/1606 1814/77/1613 1/76/10
f 8/78/12 1828/74/1610 1813/65/1604
f 1807/70/1607 1822/79/1614 1821/75/1612 1806/66/1605
f 1800/54/1594 1815/80/1615 1814/77/1613 1799/68/1606
f 1808/56/1596 1823/81/1616 1822/79/1614 1807/70/1607
f 1801/55/1593 1816/82/1617 1815/80/1615 1800/54/1594
f 1809/57/1595 1824/83/1618 1823/81/1616 1808/56/1596
f 1802/58/1597 1817/84/1619 1816/82/1617 1801/55/1593
f 1810/59/1598 1825/85/1620 1824/83/1618 1809/57/1595
f 1803/60/1599 1818/86/1621 1817/84/1619 1802/58/1597
f 1811/61/1600 1826/87/1622 1825/85/1620 1810/59/1598
f 1804/62/1601 1819/71/1609 1818/86/1621 1803/60/1599
f 1812/63/1602 1827/73/1611 1826/87/1622 1811/61/1600
f 1824/83/1618 1839/89/1623 1838/88/1624 1823/81/1616
f 1817/84/1619 1832/91/1625 1831/90/1626 1816/82/1617
f 1825/85/1620 1840/92/1627 1839/89/1623 1824/83/1618
f 1818/86/1621 1833/93/1628 1832/91/1625 1817/84/1619
f 1826/87/1622 1841/94/1629 1840/92/1627 1825/85/1620
f 1819/71/1609 1834/95/1630 1833/93/1628 1818/86/1621
f 1827/73/1611 1842/96/1631 1841/94/1629 1826/87/1622
f 1820/72/1608 1835/97/1632 1834/95/1630 1819/71/1609
f 1828/74/1610 1843/98/1633 1842/96/1631 1827/73/1611
f 1821/75/1612 1836/99/1634 1835/97/1632 1820/72/1608
f 1814/77/1613 1829/101/1635 1/100/10
f 8/102/12 1843/98/1633 1828/74/1610
f 1822/79/1614 1837/103/1636 1836/99/1634 1821/75/1612
f 1815/80/1615 1830/104/1637 1829/101/1635 1814/77/1613
f 1823/81/1616 1838/88/1624 1837/103/1636 1822/79/1614
f 1816/82/1617 1831/90/1626 1830/104/1637 1815/80/1615
f 1843/98/1633 1858/106/1638 1857/105/1639 1842/96/1631
f 1836/99/1634 1851/108/1640 1850/107/1641 1835/97/1632
f 1829/101/1635 1844/110/1642 1/109/10
f 8/111/12 1858/106/1638 1843/98/1633
f 1837/103/1636 1852/112/1643 1851/108/1640 1836/99/1634
f 1830/104/1637 1845/113/1644 1844/110/1642 1829/101/1635
f 1838/88/1624 1853/114/1645 1852/112/1643 1837/103/1636
f 1831/90/1626 1846/115/1646 1845/113/1644 1830/104/1637
f 1839/89/1623 1854/116/1647 1853/114/1645 1838/88/1624
f 1832/91/1625 1847/117/1648 1846/115/1646 1831/90/1626
f 1840/92/1627 1855/118/1649 1854/116/1647 1839/89/1623
f 1833/93/1628 1848/119/1650 1847/117/1648 1832/91/1625
f 1841/94/1629 1856/120/1651 1855/118/1649 1840/92/1627
f 1834/95/1630 1849/121/1652 1848/119/1650 1833/93/1628
f 1842/96/1631 1857/105/1639 1856/120/1651 1841/94/1629
f 1835/97/1632 1850/107/1641 1849/121/1652 1834/95/1630
f 1855/118/1649 1870/123/1653 1869/122/1654 1854/116/1647
f 1848/119/1650 1863/125/1655 1862/124/1656 1847/117/1648
f 1856/120/1651 1871/126/1657 1870/123/1653 1855/118/1649
f 1849/121/1652 1864/127/1658 1863/125/1655 1848/119/1650
f 1857/105/1639 1872/128/1659 1871/126/1657 1856/120/1651
f 1850/107/1641 1865/129/1660 1864/127/1658 1849/121/1652
f 1858/106/1638 1873/130/1661 1872/128/1659 1857/105/1639
f 1851/108/1640 1866/131/1662 1865/129/1660 1850/107/1641
f 1844/110/1642 1859/133/1663 1/132/10
f 8/134/12 1873/130/1661 1858/106/1638
f 1852/112/1643 1867/135/1664 1866/131/1662 1851/108/1640
f 1845/113/1644 1860/136/1665 1859/133/1663 1844/110/1642
f 1853/114/1645 1868/137/1666 1867/135/1664 1852/112/1643
f 1846/115/1646 1861/138/1667 1860/136/1665 1845/113/1644
f 1854/116/1647 1869/122/1654 1868/137/1666 1853/114/1645
f 1847/117/1648 1862/124/1656 1861/138/1667 1846/115/1646
f 1859/133/1663 1874/140/1668 1/139/10
f 8/141/12 1888/142/1669 1873/130/1661
f 1867/135/1664 1882/144/1670 1881/143/1671 1866/131/1662
f 1860/136/1665 1875/145/1672 1874/140/1668 1859/133/1663
f 1868/137/1666 1883/146/1673 1882/144/1670 1867/135/1664
f 1861/138/1667 1876/147/1674 1875/145/1672 1860/136/1665
f 1869/122/1654 1884/148/1675 1883/146/1673 1868/137/1666
f 1862/124/1656 1877/149/1676 1876/147/1674 1861/138/1667
f 1870/123/1653 1885/150/1677 1884/148/1675 1869/122/1654
f 1863/125/1655 1878/151/1678 1877/149/1676 1862/124/1656
f 1871/126/1657 1886/152/1679 1885/150/1677 1870/123/1653
f 1864/127/1658 1879/153/1680 1878/151/1678 1863/125/1655
f 1872/128/1659 1887/154/1681 1886/152/1679 1871/126/1657
f 1865/129/1660 1880/155/1682 1879/153/1680 1864/127/1658
f 1873/130/1661 1888/142/1669 1887/154/1681 1872/128/1659
f 1866/131/1662 1881/143/1671 1880/155/1682 1865/129/1660
f 1776/8/1561 1777/14/1564 1792/38/1580 1791/43/1582
f 1886/152/1679 1901/157/1683 1900/156/1684 1885/150/1677
f 1879/153/1680 1894/159/1685 1893/158/1686 1878/151/1678
f 1887/154/1681 1902/160/1687 1901/157/1683 1886/152/1679
f 1880/155/1682 1895/161/1688 1894/159/1685 1879/153/1680
f 1888/142/1669 1903/162/1689 1902/160/1687 1887/154/1681
f 1881/143/1671 1896/163/1690 1895/161/1688 1880/155/1682
f 1874/140/1668 1889/165/1691 1/164/10
f 8/166/12 1903/162/1689 1888/142/1669
f 1882/144/1670 1897/167/1692 1896/163/1690 1881/143/1671
f 1875/145/1672 1890/168/1693 1889/165/1691 1874/140/1668
f 1883/146/1673 1898/169/1694 1897/167/1692 1882/144/1670
f 1876/147/1674 1891/170/1695 1890/168/1693 1875/145/1672
f 1884/148/1675 1899/171/1696 1898/169/1694 1883/146/1673
f 1877/149/1676 1892/172/1697 1891/170/1695 1876/147/1674
f 1885/150/1677 1900/156/1684 1899/171/1696 1884/148/1675
f 1897/167/1692 1912/174/1698 1911/173/1699 1896/163/1690
f 1890/168/1693 1905/176/1700 1904/175/1701 1889/165/1691
f 1898/169/1694 1913/177/1702 1912/174/1698 1897/167/1692
f 1891/170/1695 1906/178/1703 1905/176/1700 1890/168/1693
f 1899/171/1696 1914/179/1704 1913/177/1702 1898/169/1694
f 1892/172/1697 1907/180/1705 1906/178/1703 1891/170/1695
f 1900/156/1684 1915/181/1706 1914/179/1704 1899/171/1696
f 1893/158/1686 1908/182/1707 1907/180/1705 1892/172/1697
f 1901/157/1683 1916/183/1708 1915/181/1706 1900/156/1684
f 1894/159/1685 1909/184/1709 1908/182/1707 1893/158/1686
f 1902/160/1687 1917/185/1710 1916/183/1708 1901/157/1683
f 1895/161/1688 1910/186/1711 1909/184/1709 1894/159/1685
f 1903/162/1689 1918/187/1712 1917/185/1710 1902/160/1687
f 1896/163/1690 1911/173/1699 1910/186/1711 1895/161/1688
f 1889/165/1691 1904/175/1701 1/188/10
f 8/189/12 1918/187/1712 1903/162/1689
f 1916/183/1708 1931/191/1713 1930/190/1714 1915/181/1706
f 1909/184/1709 1924/193/1715 1923/192/1716 1908/182/1707
f 1917/185/1710 1932/194/1717 1931/191/1713 1916/183/1708
f 1910/186/1711 1925/195/1718 1924/193/1715 1909/184/1709
f 1918/187/1712 1933/196/1719 1932/194/1717 1917/185/1710
f 1911/173/1699 1926/197/1720 1925/195/1718 1910/186/1711
f 1904/175/1701 1919/199/1721 1/198/10
f 8/200/12 1933/196/1719 1918/187/1712
f 1912/174/1698 1927/201/1722 1926/197/1720 1911/173/1699
f 1905/176/1700 1920/46/1587 1919/199/1721 1904/175/1701
f 1913/177/1702 1928/202/1723 1927/201/1722 1912/174/1698
f 1906/178/1703 1921/45/1584 1920/46/1587 1905/176/1700
f 1914/179/1704 1929/203/1724 1928/202/1723 1913/177/1702
f 1907/180/1705 1922/204/1725 1921/45/1584 1906/178/1703
f 1915/181/1706 1930/190/1714 1929/203/1724 1914/179/1704
f 1908/182/1707 1923/192/1716 1922/204/1725 1907/180/1705
f 1779/22/1568 1794/51/1591 1793/39/1579 1778/18/1566
f 1928/202/1723 1943/206/1726 1942/205/1727 1927/201/1722
f 1934/207/1728 1919/199/1721 1920/46/1587 1935/47/1586
f 1929/203/1724 1944/208/1729 1943/206/1726 1928/202/1723
f 1922/204/1725 1937/209/1730 1936/48/1585 1921/45/1584
f 1930/190/1714 1945/210/1731 1944/208/1729 1929/203/1724
f 1923/192/1716 1938/211/1732 1937/209/1730 1922/204/1725
f 1931/191/1713 1946/212/1733 1945/210/1731 1930/190/1714
f 1924/193/1715 1939/213/1734 1938/211/1732 1923/192/1716
f 1932/194/1717 1947/214/1735 1946/212/1733 1931/191/1713
f 1925/195/1718 1940/215/1736 1939/213/1734 1924/193/1715
f 1933/196/1719 1948/216/1737 1947/214/1735 1932/194/1717
f 1926/197/1720 1941/217/1738 1940/215/1736 1925/195/1718
f 1919/199/1721 1934/207/1728 1/218/10
f 8/219/12 1948/216/1737 1933/196/1719
f 1927/201/1722 1942/205/1727 1941/217/1738 1926/197/1720
f 1939/213/1734 1954/221/1739 1953/220/1740 1938/211/1732
f 1947/214/1735 1962/223/1741 1961/222/1742 1946/212/1733
f 1940/215/1736 1955/224/1743 1954/221/1739 1939/213/1734
f 1948/216/1737 1963/225/1744 1962/223/1741 1947/214/1735
f 1941/217/1738 1956/226/1745 1955/224/1743 1940/215/1736
f 1934/207/1728 1949/228/1746 1/227/10
f 8/229/12 1963/225/1744 1948/216/1737
f 1942/205/1727 1957/230/1747 1956/226/1745 1941/217/1738
f 1935/47/1586 1950/231/1748 1949/228/1746 1934/207/1728
f 1943/206/1726 1958/232/1749 1957/230/1747 1942/205/1727
f 1936/48/1585 1951/233/1750 1950/231/1748 1935/47/1586
f 1944/208/1729 1959/234/1751 1958/232/1749 1943/206/1726
f 1937/209/1730 1952/235/1752 1951/233/1750 1936/48/1585
f 1945/210/1731 1960/236/1753 1959/234/1751 1944/208/1729
f 1938/211/1732 1953/220/1740 1952/235/1752 1937/209/1730
f 1946/212/1733 1961/222/1742 1960/236/1753 1945/210/1731
f 1958/232/1749 1973/238/1754 1972/237/1755 1957/230/1747
f 1951/233/1750 1966/240/1756 1965/239/1757 1950/231/1748
f 1959/234/1751 1974/241/1758 1973/238/1754 1958/232/1749
f 1952/235/1752 1967/242/1759 1966/240/1756 1951/233/1750
f 1960/236/1753 1975/244/1760 2156/243/1761 1959/234/1751
f 1953/220/1740 1968/245/1762 1967/242/1759 1952/235/1752
f 1961/222/1742 1976/246/1763 1975/244/1760 1960/236/1753
f 1954/221/1739 1969/247/1764 1968/245/1762 1953/220/1740
f 1962/223/1741 1977/248/1765 1976/246/1763 1961/222/1742
f 1955/224/1743 1970/249/1766 1969/247/1764 1954/221/1739
f 1963/225/1744 1978/250/1767 1977/248/1765 1962/223/1741
f 1956/226/1745 1971/251/1768 1970/249/1766 1955/224/1743
f 1949/228/1746 1964/253/1769 1/252/10
f 8/254/12 1978/250/1767 1963/225/1744
f 1957/230/1747 1972/237/1755 1971/251/1768 1956/226/1745
f 1950/231/1748 1965/239/1757 1964/253/1769 1949/228/1746
f 1977/248/1765 1992/256/1770 1991/255/1771 1976/246/1763
f 1970/249/1766 1985/258/1772 1984/257/1773 1969/247/1764
f 1978/250/1767 1993/259/1774 1992/256/1770 1977/248/1765
f 1971/251/1768 1986/260/1775 1985/258/1772 1970/249/1766
f 1964/253/1769 1979/262/1776 1/261/10
f 8/263/12 1993/259/1774 1978/250/1767
f 1972/237/1755 1987/264/1777 1986/260/1775 1971/251/1768
f 1965/239/1757 1980/265/1778 1979/262/1776 1964/253/1769
f 1973/238/1754 1988/266/1779 1987/264/1777 1972/237/1755
f 1966/240/1756 1981/267/1780 1980/265/1778 1965/239/1757
f 1974/241/1758 1989/268/1781 1988/266/1779 1973/238/1754
f 1967/242/1759 1982/269/1782 1981/267/1780 1966/240/1756
f 1975/244/1760 1990/271/1783 2154/270/1784
f 1968/245/1762 1983/272/1785 1982/269/1782 1967/242/1759
f 1976/246/1763 1991/255/1771 2155/273/1786
f 1969/247/1764 1984/257/1773 1983/272/1785 1968/245/1762
f 1989/268/1781 244/275/247 243/274/246 1988/266/1779
f 1982/269/1782 237/277/249 236/276/248 1981/267/1780
f 1990/271/1783 245/279/251 419/278/250 2154/270/1784
f 1983/272/1785 238/280/252 237/277/249 1982/269/1782
f 1991/255/1771 246/282/254 421/281/253 2155/273/1786
f 1984/257/1773 239/283/255 238/280/252 1983/272/1785
f 1992/256/1770 247/284/256 246/282/254 1991/255/1771
f 1985/258/1772 240/285/257 239/283/255 1984/257/1773
f 1993/259/1774 248/286/258 247/284/256 1992/256/1770
f 1986/260/1775 241/287/259 240/285/257 1985/258/1772
f 1979/262/1776 234/289/260 1/288/10
f 8/290/12 248/286/258 1993/259/1774
f 1987/264/1777 242/291/261 241/287/259 1986/260/1775
f 1980/265/1778 235/292/262 234/289/260 1979/262/1776
f 1988/266/1779 243/274/246 242/291/261 1987/264/1777
f 1981/267/1780 236/276/248 235/292/262 1980/265/1778
f 1994/293/1787 1996/296/1788 1997/295/1789 1995/294/1790
f 1996/296/1788 1998/298/1791 1999/297/1792 1997/295/1789
f 1998/298/1791 2000/300/1793 2001/299/1794 1999/297/1792
f 2000/300/1793 2002/302/1795 2003/301/1796 2001/299/1794
f 2002/302/1795 2004/304/1797 2005/303/1798 2003/301/1796
f 2004/304/1797 2006/306/1799 2007/305/1800 2005/303/1798
f 2006/306/1799 2008/308/1801 2009/307/1802 2007/305/1800
f 2008/308/1801 2010/310/1803 2011/309/1804 2009/307/1802
f 2010/310/1803 2012/312/1805 2013/311/1806 2011/309/1804
f 2012/312/1805 2014/314/1807 2015/313/1808 2013/311/1806
f 2014/314/1807 2016/316/1809 2017/315/1810 2015/313/1808
f 2016/316/1809 2018/318/1811 2019/317/1812 2017/315/1810
f 2018/318/1811 2020/320/1813 2021/319/1814 2019/317/1812
f 2020/320/1813 2022/322/1815 2023/321/1816 2021/319/1814
f 2022/322/1815 2024/324/1817 2025/323/1818 2023/321/1816
f 2024/324/1817 2026/326/1819 2027/325/1820 2025/323/1818
f 2026/326/1819 2028/328/1821 2029/327/1822 2027/325/1820
f 2028/328/1821 2030/330/1823 2031/329/1824 2029/327/1822
f 2030/330/1823 2032/332/1825 2033/331/1826 2031/329/1824
f 2032/332/1825 2034/334/1827 2035/333/1828 2033/331/1826
f 2034/334/1827 2036/336/1829 2037/335/1830 2035/333/1828
f 2036/336/1829 2038/338/1831 2039/337/1832 2037/335/1830
f 2038/338/1831 2040/340/1833 2041/339/1834 2039/337/1832
f 2040/340/1833 2042/342/1835 2043/341/1836 2041/339/1834
f 2042/342/1835 2044/344/1837 2045/343/1838 2043/341/1836
f 2044/344/1837 2046/346/1839 2047/345/1840 2045/343/1838
f 2046/346/1839 2048/348/1841 2049/347/1842 2047/345/1840
f 2048/348/1841 2050/350/1843 2051/349/1844 2049/347/1842
f 2050/350/1843 2052/352/1845 2053/351/1846 2051/349/1844
f 2052/352/1845 2054/354/1847 2055/353/1848 2053/351/1846
f 2015/313/1808 2068/313/1849 2067/311/1850 2013/311/1806
f 2054/354/1847 2056/356/1851 2057/355/1852 2055/353/1848
f 2056/356/1851 1994/358/1787 1995/357/1790 2057/355/1852
f 1994/359/1787 2056/390/1851 2054/389/1847 2052/388/1845 2050/387/1843 2048/386/1841 2046/385/1839 2044/384/1837 2042/383/1835 2040/382/1833 2038/381/1831 2036/380/1829 2034/379/1827 2032/378/1825 2030/377/1823 2028/376/1821 2026/375/1819 2024/374/1817 2022/373/1815 2020/372/1813 2018/371/1811 2016/370/1809 2014/369/1807 2012/368/1805 2010/367/1803 2008/366/1801 2006/365/1799 2004/364/1797 2002/363/1795 2000/362/1793 1998/361/1791 1996/360/1788
f 2067/311/1850 2099/311/1853 2098/309/1854 2066/309/1855
f 2033/331/1826 2077/331/1856 2076/329/1857 2031/329/1824
f 2051/349/1844 2086/349/1858 2085/347/1859 2049/347/1842
f 2007/305/1800 2064/305/1860 2063/303/1861 2005/303/1798
f 2025/323/1818 2073/323/1862 2072/321/1863 2023/321/1816
f 2043/341/1836 2082/341/1864 2081/339/1865 2041/339/1834
f 1999/297/1792 2060/297/1866 2058/295/1867 1997/295/1789
f 2017/315/1810 2069/315/1868 2068/313/1849 2015/313/1808
f 2035/333/1828 2078/333/1869 2077/331/1856 2033/331/1826
f 2053/351/1846 2087/351/1870 2086/349/1858 2051/349/1844
f 2009/307/1802 2065/307/1871 2064/305/1860 2007/305/1800
f 2027/325/1820 2074/325/1872 2073/323/1862 2025/323/1818
f 2045/343/1838 2083/343/1873 2082/341/1864 2043/341/1836
f 2001/299/1794 2061/299/1874 2060/297/1866 1999/297/1792
f 2019/317/1812 2070/317/1875 2069/315/1868 2017/315/1810
f 2037/335/1830 2079/335/1876 2078/333/1869 2035/333/1828
f 2055/353/1848 2088/353/1877 2087/351/1870 2053/351/1846
f 2011/309/1804 2066/309/1855 2065/307/1871 2009/307/1802
f 2029/327/1822 2075/327/1878 2074/325/1872 2027/325/1820
f 2047/345/1840 2084/345/1879 2083/343/1873 2045/343/1838
f 2003/301/1796 2062/301/1880 2061/299/1874 2001/299/1794
f 2021/319/1814 2071/319/1881 2070/317/1875 2019/317/1812
f 2039/337/1832 2080/337/1882 2079/335/1876 2037/335/1830
f 2057/355/1852 2089/355/1883 2088/353/1877 2055/353/1848
f 2013/311/1806 2067/311/1850 2066/309/1855 2011/309/1804
f 2031/329/1824 2076/329/1857 2075/327/1878 2029/327/1822
f 2049/347/1842 2085/347/1859 2084/345/1879 2047/345/1840
f 2005/303/1798 2063/303/1861 2062/301/1880 2003/301/1796
f 2023/321/1816 2072/321/1863 2071/319/1881 2021/319/1814
f 2041/339/1834 2081/339/1865 2080/337/1882 2039/337/1832
f 1997/295/1789 2058/295/1867 2059/294/1884 1995/294/1790
f 1995/357/1790 2059/357/1884 2089/355/1883 2057/355/1852
f 2102/317/1885 2134/317/1886 2133/315/1887 2101/315/1888
f 2081/339/1865 2113/339/1889 2112/337/1890 2080/337/1882
f 2068/313/1849 2100/313/1891 2099/311/1853 2067/311/1850
f 2082/341/1864 2114/341/1892 2113/339/1889 2081/339/1865
f 2069/315/1868 2101/315/1888 2100/313/1891 2068/313/1849
f 2083/343/1873 2115/343/1893 2114/341/1892 2082/341/1864
f 2070/317/1875 2102/317/1885 2101/315/1888 2069/315/1868
f 2084/345/1879 2116/345/1894 2115/343/1893 2083/343/1873
f 2071/319/1881 2103/319/1895 2102/317/1885 2070/317/1875
f 2085/347/1859 2117/347/1896 2116/345/1894 2084/345/1879
f 2072/321/1863 2104/321/1897 2103/319/1895 2071/319/1881
f 2058/295/1867 2090/295/1898 2091/294/1899 2059/294/1884
f 2086/349/1858 2118/349/1900 2117/347/1896 2085/347/1859
f 2073/323/1862 2105/323/1901 2104/321/1897 2072/321/1863
f 2060/297/1866 2092/297/1902 2090/295/1898 2058/295/1867
f 2087/351/1870 2119/351/1903 2118/349/1900 2086/349/1858
f 2074/325/1872 2106/325/1904 2105/323/1901 2073/323/1862
f 2061/299/1874 2093/299/1905 2092/297/1902 2060/297/1866
f 2088/353/1877 2120/353/1906 2119/351/1903 2087/351/1870
f 2075/327/1878 2107/327/1907 2106/325/1904 2074/325/1872
f 2062/301/1880 2094/301/1908 2093/299/1905 2061/299/1874
f 2089/355/1883 2121/355/1909 2120/353/1906 2088/353/1877
f 2076/329/1857 2108/329/1910 2107/327/1907 2075/327/1878
f 2063/303/1861 2095/303/1911 2094/301/1908 2062/301/1880
f 2059/357/1884 2091/357/1899 2121/355/1909 2089/355/1883
f 2077/331/1856 2109/331/1912 2108/329/1910 2076/329/1857
f 2064/305/1860 2096/305/1913 2095/303/1911 2063/303/1861
f 2078/333/1869 2110/333/1914 2109/331/1912 2077/331/1856
f 2065/307/1871 2097/307/1915 2096/305/1913 2064/305/1860
f 2079/335/1876 2111/335/1916 2110/333/1914 2078/333/1869
f 2066/309/1855 2098/309/1854 2097/307/1915 2065/307/1871
f 2080/337/1882 2112/337/1890 2111/335/1916 2079/335/1876
f 2122/391/1917 2124/422/1918 2125/421/1919 2126/420/1920 2127/419/1921 2128/418/1922 2129/417/1923 2130/416/1924 2131/415/1925 2132/414/1926 2133/413/1887 2134/412/1886 2135/411/1927 2136/410/1928 2137/409/1929 2138/408/1930 2139/407/1931 2140/406/1932 2141/405/1933 2142/404/1934 2143/403/1935 2144/402/1936 2145/401/1937 2146/400/1938 2147/399/1939 2148/398/1940 2149/397/1941 2150/396/1942 2151/395/1943 2152/394/1944 2153/393/1945 2123/392/1946
f 2116/345/1894 2148/345/1940 2147/343/1939 2115/343/1893
f 2103/319/1895 2135/319/1927 2134/317/1886 2102/317/1885
f 2117/347/1896 2149/347/1941 2148/345/1940 2116/345/1894
f 2104/321/1897 2136/321/1928 2135/319/1927 2103/319/1895
f 2090/295/1898 2122/295/1917 2123/294/1946 2091/294/1899
f 2118/349/1900 2150/349/1942 2149/347/1941 2117/347/1896
f 2105/323/1901 2137/323/1929 2136/321/1928 2104/321/1897
f 2092/297/1902 2124/297/1918 2122/295/1917 2090/295/1898
f 2119/351/1903 2151/351/1943 2150/349/1942 2118/349/1900
f 2106/325/1904 2138/325/1930 2137/323/1929 2105/323/1901
f 2093/299/1905 2125/299/1919 2124/297/1918 2092/297/1902
f 2120/353/1906 2152/353/1944 2151/351/1943 2119/351/1903
f 2107/327/1907 2139/327/1931 2138/325/1930 2106/325/1904
f 2094/301/1908 2126/301/1920 2125/299/1919 2093/299/1905
f 2121/355/1909 2153/355/1945 2152/353/1944 2120/353/1906
f 2108/329/1910 2140/329/1932 2139/327/1931 2107/327/1907
f 2095/303/1911 2127/303/1921 2126/301/1920 2094/301/1908
f 2091/357/1899 2123/357/1946 2153/355/1945 2121/355/1909
f 2109/331/1912 2141/331/1933 2140/329/1932 2108/329/1910
f 2096/305/1913 2128/305/1922 2127/303/1921 2095/303/1911
f 2110/333/1914 2142/333/1934 2141/331/1933 2109/331/1912
f 2097/307/1915 2129/307/1923 2128/305/1922 2096/305/1913
f 2111/335/1916 2143/335/1935 2142/333/1934 2110/333/1914
f 2098/309/1854 2130/309/1924 2129/307/1923 2097/307/1915
f 2112/337/1890 2144/337/1936 2143/335/1935 2111/335/1916
f 2099/311/1853 2131/311/1925 2130/309/1924 2098/309/1854
f 2113/339/1889 2145/339/1937 2144/337/1936 2112/337/1890
f 2100/313/1891 2132/313/1926 2131/311/1925 2099/311/1853
f 2114/341/1892 2146/341/1938 2145/339/1937 2113/339/1889
f 2101/315/1888 2133/315/1887 2132/313/1926 2100/313/1891
f 2115/343/1893 2147/343/1939 2146/341/1938 2114/341/1892
f 1892/172/1697 1877/149/1676 1878/151/1678 1893/158/1686
f 419/278/250 422/424/424 2157/423/1947 2154/270/1784
f 2154/270/1784 2157/423/1947 2156/243/1761 1975/244/1760
f 2155/273/1786 1990/271/1783 1975/244/1760 1976/246/1763
f 421/281/253 245/279/251 1990/271/1783 2155/273/1786
f 422/424/424 244/275/247 1989/268/1781 2157/423/1947
f 2157/423/1947 1989/268/1781 1974/241/1758 2156/243/1761
f 2156/243/1761 1974/241/1758 1959/234/1751
s 0
f 2158/425/1948 2160/428/1948 2161/427/1948 2159/426/1948
f 2160/428/1949 2162/430/1949 2163/429/1949 2161/427/1949
f 2162/430/1950 2164/432/1950 2165/431/1950 2163/429/1950
f 2164/432/1951 2166/434/1951 2167/433/1951 2165/431/1951
f 2166/434/1952 2168/436/1952 2169/435/1952 2167/433/1952
f 2168/436/1953 2170/438/1953 2171/437/1953 2169/435/1953
f 2170/438/1954 2172/440/1954 2173/439/1954 2171/437/1954
f 2172/440/1955 2174/442/1955 2175/441/1955 2173/439/1955
f 2174/442/1956 2176/444/1956 2177/443/1956 2175/441/1956
f 2176/444/1957 2178/446/1957 2179/445/1957 2177/443/1957
f 2178/446/1958 2180/448/1958 2181/447/1958 2179/445/1958
f 2180/448/1959 2182/450/1959 2183/449/1959 2181/447/1959
f 2182/450/1960 2184/452/1960 2185/451/1960 2183/449/1960
f 2184/452/1961 2186/454/1961 2187/453/1961 2185/451/1961
f 2186/454/1962 2188/456/1962 2189/455/1962 2187/453/1962
f 2188/456/1963 2190/458/1963 2191/457/1963 2189/455/1963
f 2190/458/1964 2192/460/1964 2193/459/1964 2191/457/1964
f 2192/460/1965 2194/462/1965 2195/461/1965 2193/459/1965
f 2194/462/1966 2196/464/1966 2197/463/1966 2195/461/1966
f 2196/464/1967 2198/466/1967 2199/465/1967 2197/463/1967
f 2198/466/1968 2200/468/1968 2201/467/1968 2199/465/1968
f 2200/468/1969 2202/470/1969 2203/469/1969 2201/467/1969
f 2202/470/1970 2204/472/1970 2205/471/1970 2203/469/1970
f 2204/472/1971 2206/474/1971 2207/473/1971 2205/471/1971
f 2206/474/1972 2208/476/1972 2209/475/1972 2207/473/1972
f 2208/476/1973 2210/478/1973 2211/477/1973 2209/475/1973
f 2210/478/1974 2212/480/1974 2213/479/1974 2211/477/1974
f 2212/480/1975 2214/482/1975 2215/481/1975 2213/479/1975
f 2214/482/1976 2216/484/1976 2217/483/1976 2215/481/1976
f 2216/484/1977 2218/486/1977 2219/485/1977 2217/483/1977
f 2161/487/1978 2163/518/1978 2165/517/1978 2167/516/1978 2169/515/1978 2171/514/1978 2173/513/1978 2175/512/1978 2177/511/1978 2179/510/1978 2181/509/1978 2183/508/1978 2185/507/1978 2187/506/1978 2189/505/1978 2191/504/1978 2193/503/1978 2195/502/1978 2197/501/1978 2199/500/1978 2201/499/1978 2203/498/1978 2205/497/1978 2207/496/1978 2209/495/1978 2211/494/1978 2213/493/1978 2215/492/1978 2217/491/1978 2219/490/1978 2221/489/1978 2159/488/1978
f 2218/486/1979 2220/520/1979 2221/519/1979 2219/485/1979
f 2220/520/1980 2158/522/1980 2159/521/1980 2221/519/1980
f 2184/452/1981 2235/452/1981 2236/454/1981 2186/454/1981
f 2247/476/1982 2279/476/1982 2280/478/1982 2248/478/1982
f 2202/470/1983 2244/470/1983 2245/472/1983 2204/472/1983
f 2158/425/1984 2222/425/1984 2223/428/1984 2160/428/1984
f 2220/520/1985 2253/520/1985 2222/522/1985 2158/522/1985
f 2176/444/1986 2231/444/1986 2232/446/1986 2178/446/1986
f 2194/462/1987 2240/462/1987 2241/464/1987 2196/464/1987
f 2212/480/1988 2249/480/1988 2250/482/1988 2214/482/1988
f 2168/436/1989 2227/436/1989 2228/438/1989 2170/438/1989
f 2186/454/1990 2236/454/1990 2237/456/1990 2188/456/1990
f 2204/472/1991 2245/472/1991 2246/474/1991 2206/474/1991
f 2160/428/1992 2223/428/1992 2224/430/1992 2162/430/1992
f 2178/446/1993 2232/446/1993 2233/448/1993 2180/448/1993
f 2196/464/1994 2241/464/1994 2242/466/1994 2198/466/1994
f 2214/482/1995 2250/482/1995 2251/484/1995 2216/484/1995
f 2170/438/1996 2228/438/1996 2229/440/1996 2172/440/1996
f 2188/456/1997 2237/456/1997 2238/458/1997 2190/458/1997
f 2206/474/1998 2246/474/1998 2247/476/1998 2208/476/1998
f 2162/430/1999 2224/430/1999 2225/432/1999 2164/432/1999
f 2180/448/2000 2233/448/2000 2234/450/2000 2182/450/2000
f 2198/466/2001 2242/466/2001 2243/468/2001 2200/468/2001
f 2216/484/2002 2251/484/2002 2252/486/2002 2218/486/2002
f 2172/440/2003 2229/440/2003 2230/442/2003 2174/442/2003
f 2190/458/2004 2238/458/2004 2239/460/2004 2192/460/2004
f 2208/476/2005 2247/476/2005 2248/478/2005 2210/478/2005
f 2164/432/2006 2225/432/2006 2226/434/2006 2166/434/2006
f 2182/450/2007 2234/450/2007 2235/452/2007 2184/452/2007
f 2200/468/2008 2243/468/2008 2244/470/2008 2202/470/2008
f 2218/486/2009 2252/486/2009 2253/520/2009 2220/520/2009
f 2174/442/2010 2230/442/2010 2231/444/2010 2176/444/2010
f 2192/460/2011 2239/460/2011 2240/462/2011 2194/462/2011
f 2210/478/2012 2248/478/2012 2249/480/2012 2212/480/2012
f 2166/434/2013 2226/434/2013 2227/436/2013 2168/436/2013
f 2282/482/2014 2314/482/2014 2315/484/2014 2283/484/2014
f 2234/450/2015 2266/450/2015 2267/452/2015 2235/452/2015
f 2248/478/2016 2280/478/2016 2281/480/2016 2249/480/2016
f 2235/452/2017 2267/452/2017 2268/454/2017 2236/454/2017
f 2222/425/2018 2254/425/2018 2255/428/2018 2223/428/2018
f 2249/480/2019 2281/480/2019 2282/482/2019 2250/482/2019
f 2236/454/2020 2268/454/2020 2269/456/2020 2237/456/2020
f 2223/428/2021 2255/428/2021 2256/430/2021 2224/430/2021
f 2250/482/2022 2282/482/2022 2283/484/2022 2251/484/2022
f 2237/456/2023 2269/456/2023 2270/458/2023 2238/458/2023
f 2224/430/2024 2256/430/2024 2257/432/2024 2225/432/2024
f 2251/484/2025 2283/484/2025 2284/486/2025 2252/486/2025
f 2238/458/2026 2270/458/2026 2271/460/2026 2239/460/2026
f 2225/432/2027 2257/432/2027 2258/434/2027 2226/434/2027
f 2252/486/2028 2284/486/2028 2285/520/2028 2253/520/2028
f 2239/460/2029 2271/460/2029 2272/462/2029 2240/462/2029
f 2226/434/2030 2258/434/2030 2259/436/2030 2227/436/2030
f 2253/520/2031 2285/520/2031 2254/522/2031 2222/522/2031
f 2240/462/2032 2272/462/2032 2273/464/2032 2241/464/2032
f 2227/436/2033 2259/436/2033 2260/438/2033 2228/438/2033
f 2241/464/2034 2273/464/2034 2274/466/2034 2242/466/2034
f 2228/438/2035 2260/438/2035 2261/440/2035 2229/440/2035
f 2242/466/2036 2274/466/2036 2275/468/2036 2243/468/2036
f 2229/440/2037 2261/440/2037 2262/442/2037 2230/442/2037
f 2243/468/2038 2275/468/2038 2276/470/2038 2244/470/2038
f 2230/442/2039 2262/442/2039 2263/444/2039 2231/444/2039
f 2244/470/2040 2276/470/2040 2277/472/2040 2245/472/2040
f 2231/444/2041 2263/444/2041 2264/446/2041 2232/446/2041
f 2245/472/2042 2277/472/2042 2278/474/2042 2246/474/2042
f 2232/446/2043 2264/446/2043 2265/448/2043 2233/448/2043
f 2246/474/2044 2278/474/2044 2279/476/2044 2247/476/2044
f 2233/448/2045 2265/448/2045 2266/450/2045 2234/450/2045
f 2317/520/2046 2349/520/2046 2318/522/2046 2286/522/2046
f 2269/456/2047 2301/456/2047 2302/458/2047 2270/458/2047
f 2256/430/2048 2288/430/2048 2289/432/2048 2257/432/2048
f 2283/484/2049 2315/484/2049 2316/486/2049 2284/486/2049
f 2270/458/2050 2302/458/2050 2303/460/2050 2271/460/2050
f 2257/432/2051 2289/432/2051 2290/434/2051 2258/434/2051
f 2284/486/2052 2316/486/2052 2317/520/2052 2285/520/2052
f 2271/460/2053 2303/460/2053 2304/462/2053 2272/462/2053
f 2258/434/2054 2290/434/2054 2291/436/2054 2259/436/2054
f 2285/520/2055 2317/520/2055 2286/522/2055 2254/522/2055
f 2272/462/2056 2304/462/2056 2305/464/2056 2273/464/2056
f 2259/436/2057 2291/436/2057 2292/438/2057 2260/438/2057
f 2273/464/2058 2305/464/2058 2306/466/2058 2274/466/2058
f 2260/438/2059 2292/438/2059 2293/440/2059 2261/440/2059
f 2274/466/2060 2306/466/2060 2307/468/2060 2275/468/2060
f 2261/440/2061 2293/440/2061 2294/442/2061 2262/442/2061
f 2275/468/2062 2307/468/2062 2308/470/2062 2276/470/2062
f 2262/442/2063 2294/442/2063 2295/444/2063 2263/444/2063
f 2276/470/2064 2308/470/2064 2309/472/2064 2277/472/2064
f 2263/444/2065 2295/444/2065 2296/446/2065 2264/446/2065
f 2277/472/2066 2309/472/2066 2310/474/2066 2278/474/2066
f 2264/446/2067 2296/446/2067 2297/448/2067 2265/448/2067
f 2278/474/2068 2310/474/2068 2311/476/2068 2279/476/2068
f 2265/448/2069 2297/448/2069 2298/450/2069 2266/450/2069
f 2279/476/2070 2311/476/2070 2312/478/2070 2280/478/2070
f 2266/450/2071 2298/450/2071 2299/452/2071 2267/452/2071
f 2280/478/2072 2312/478/2072 2313/480/2072 2281/480/2072
f 2267/452/2073 2299/452/2073 2300/454/2073 2268/454/2073
f 2254/425/2074 2286/425/2074 2287/428/2074 2255/428/2074
f 2281/480/2075 2313/480/2075 2314/482/2075 2282/482/2075
f 2268/454/2076 2300/454/2076 2301/456/2076 2269/456/2076
f 2255/428/2077 2287/428/2077 2288/430/2077 2256/430/2077
f 2318/523/2078 2349/554/2078 2348/553/2078 2347/552/2078 2346/551/2078 2345/550/2078 2344/549/2078 2343/548/2078 2342/547/2078 2341/546/2078 2340/545/2078 2339/544/2078 2338/543/2078 2337/542/2078 2336/541/2078 2335/540/2078 2334/539/2078 2333/538/2078 2332/537/2078 2331/536/2078 2330/535/2078 2329/534/2078 2328/533/2078 2327/532/2078 2326/531/2078 2325/530/2078 2324/529/2078 2323/528/2078 2322/527/2078 2321/526/2078 2320/525/2078 2319/524/2078
f 2304/462/2079 2336/462/2079 2337/464/2079 2305/464/2079
f 2291/436/2080 2323/436/2080 2324/438/2080 2292/438/2080
f 2305/464/2081 2337/464/2081 2338/466/2081 2306/466/2081
f 2292/438/2082 2324/438/2082 2325/440/2082 2293/440/2082
f 2306/466/2083 2338/466/2083 2339/468/2083 2307/468/2083
f 2293/440/2084 2325/440/2084 2326/442/2084 2294/442/2084
f 2307/468/2085 2339/468/2085 2340/470/2085 2308/470/2085
f 2294/442/2086 2326/442/2086 2327/444/2086 2295/444/2086
f 2308/470/2087 2340/470/2087 2341/472/2087 2309/472/2087
f 2295/444/2088 2327/444/2088 2328/446/2088 2296/446/2088
f 2309/472/2089 2341/472/2089 2342/474/2089 2310/474/2089
f 2296/446/2090 2328/446/2090 2329/448/2090 2297/448/2090
f 2310/474/2091 2342/474/2091 2343/476/2091 2311/476/2091
f 2297/448/2092 2329/448/2092 2330/450/2092 2298/450/2092
f 2311/476/2093 2343/476/2093 2344/478/2093 2312/478/2093
f 2298/450/2094 2330/450/2094 2331/452/2094 2299/452/2094
f 2312/478/2095 2344/478/2095 2345/480/2095 2313/480/2095
f 2299/452/2096 2331/452/2096 2332/454/2096 2300/454/2096
f 2286/425/2097 2318/425/2097 2319/428/2097 2287/428/2097
f 2313/480/2098 2345/480/2098 2346/482/2098 2314/482/2098
f 2300/454/2099 2332/454/2099 2333/456/2099 2301/456/2099
f 2287/428/2100 2319/428/2100 2320/430/2100 2288/430/2100
f 2314/482/2101 2346/482/2101 2347/484/2101 2315/484/2101
f 2301/456/2102 2333/456/2102 2334/458/2102 2302/458/2102
f 2288/430/2103 2320/430/2103 2321/432/2103 2289/432/2103
f 2315/484/2104 2347/484/2104 2348/486/2104 2316/486/2104
f 2302/458/2105 2334/458/2105 2335/460/2105 2303/460/2105
f 2289/432/2106 2321/432/2106 2322/434/2106 2290/434/2106
f 2316/486/2107 2348/486/2107 2349/520/2107 2317/520/2107
f 2303/460/2108 2335/460/2108 2336/462/2108 2304/462/2108
f 2290/434/2109 2322/434/2109 2323/436/2109 2291/436/2109
f 2350/555/2110 2352/558/2110 2353/557/2110 2351/556/2110
f 2352/558/2111 2354/560/2111 2355/559/2111 2353/557/2111
f 2354/560/2112 2356/562/2112 2357/561/2112 2355/559/2112
f 2356/562/2113 2358/564/2113 2359/563/2113 2357/561/2113
f 2358/564/2114 2360/566/2114 2361/565/2114 2359/563/2114
f 2360/566/2115 2362/568/2115 2363/567/2115 2361/565/2115
f 2362/568/2116 2364/570/2116 2365/569/2116 2363/567/2116
f 2364/570/2117 2366/572/2117 2367/571/2117 2365/569/2117
f 2366/572/2118 2368/574/2118 2369/573/2118 2367/571/2118
f 2368/574/2119 2370/576/2119 2371/575/2119 2369/573/2119
f 2370/576/2120 2372/578/2120 2373/577/2120 2371/575/2120
f 2372/578/2121 2374/580/2121 2375/579/2121 2373/577/2121
f 2374/580/2122 2376/582/2122 2377/581/2122 2375/579/2122
f 2376/582/2123 2378/584/2123 2379/583/2123 2377/581/2123
f 2378/584/2124 2380/586/2124 2381/585/2124 2379/583/2124
f 2380/586/2125 2382/588/2125 2383/587/2125 2381/585/2125
f 2382/588/2126 2384/590/2126 2385/589/2126 2383/587/2126
f 2384/590/2127 2386/592/2127 2387/591/2127 2385/589/2127
f 2386/592/2128 2388/594/2128 2389/593/2128 2387/591/2128
f 2388/594/2129 2390/596/2129 2391/595/2129 2389/593/2129
f 2390/596/2130 2392/598/2130 2393/597/2130 2391/595/2130
f 2392/598/2131 2394/600/2131 2395/599/2131 2393/597/2131
f 2394/600/2132 2396/602/2132 2397/601/2132 2395/599/2132
f 2396/602/2133 2398/604/2133 2399/603/2133 2397/601/2133
f 2398/604/2134 2400/606/2134 2401/605/2134 2399/603/2134
f 2400/606/2135 2402/608/2135 2403/607/2135 2401/605/2135
f 2402/608/2136 2404/610/2136 2405/609/2136 2403/607/2136
f 2404/610/2137 2406/612/2137 2407/611/2137 2405/609/2137
f 2406/612/2138 2408/614/2138 2409/613/2138 2407/611/2138
f 2408/614/2139 2410/616/2139 2411/615/2139 2409/613/2139
f 2353/617/2140 2355/648/2140 2357/647/2140 2359/646/2140 2361/645/2140 2363/644/2140 2365/643/2140 2367/642/2140 2369/641/2140 2371/640/2140 2373/639/2140 2375/638/2140 2377/637/2140 2379/636/2140 2381/635/2140 2383/634/2140 2385/633/2140 2387/632/2140 2389/631/2140 2391/630/2140 2393/629/2140 2395/628/2140 2397/627/2140 2399/626/2140 2401/625/2140 2403/624/2140 2405/623/2140 2407/622/2140 2409/621/2140 2411/620/2140 2413/619/2140 2351/618/2140
f 2410/616/2141 2412/650/2141 2413/649/2141 2411/615/2141
f 2412/650/2142 2350/652/2142 2351/651/2142 2413/649/2142
f 2376/582/2143 2427/582/2143 2428/584/2143 2378/584/2143
f 2439/606/2144 2471/606/2144 2472/608/2144 2440/608/2144
f 2394/600/2145 2436/600/2145 2437/602/2145 2396/602/2145
f 2350/555/2146 2414/555/2146 2415/558/2146 2352/558/2146
f 2412/650/2147 2445/650/2147 2414/652/2147 2350/652/2147
f 2368/574/2148 2423/574/2148 2424/576/2148 2370/576/2148
f 2386/592/2149 2432/592/2149 2433/594/2149 2388/594/2149
f 2404/610/2150 2441/610/2150 2442/612/2150 2406/612/2150
f 2360/566/2151 2419/566/2151 2420/568/2151 2362/568/2151
f 2378/584/2152 2428/584/2152 2429/586/2152 2380/586/2152
f 2396/602/2153 2437/602/2153 2438/604/2153 2398/604/2153
f 2352/558/2154 2415/558/2154 2416/560/2154 2354/560/2154
f 2370/576/2155 2424/576/2155 2425/578/2155 2372/578/2155
f 2388/594/2156 2433/594/2156 2434/596/2156 2390/596/2156
f 2406/612/2157 2442/612/2157 2443/614/2157 2408/614/2157
f 2362/568/2158 2420/568/2158 2421/570/2158 2364/570/2158
f 2380/586/2159 2429/586/2159 2430/588/2159 2382/588/2159
f 2398/604/2160 2438/604/2160 2439/606/2160 2400/606/2160
f 2354/560/2161 2416/560/2161 2417/562/2161 2356/562/2161
f 2372/578/2162 2425/578/2162 2426/580/2162 2374/580/2162
f 2390/596/2163 2434/596/2163 2435/598/2163 2392/598/2163
f 2408/614/2164 2443/614/2164 2444/616/2164 2410/616/2164
f 2364/570/2165 2421/570/2165 2422/572/2165 2366/572/2165
f 2382/588/2166 2430/588/2166 2431/590/2166 2384/590/2166
f 2400/606/2167 2439/606/2167 2440/608/2167 2402/608/2167
f 2356/562/2168 2417/562/2168 2418/564/2168 2358/564/2168
f 2374/580/2169 2426/580/2169 2427/582/2169 2376/582/2169
f 2392/598/2170 2435/598/2170 2436/600/2170 2394/600/2170
f 2410/616/2171 2444/616/2171 2445/650/2171 2412/650/2171
f 2366/572/2172 2422/572/2172 2423/574/2172 2368/574/2172
f 2384/590/2173 2431/590/2173 2432/592/2173 2386/592/2173
f 2402/608/2174 2440/608/2174 2441/610/2174 2404/610/2174
f 2358/564/2175 2418/564/2175 2419/566/2175 2360/566/2175
f 2474/612/2176 2506/612/2176 2507/614/2176 2475/614/2176
f 2426/580/2177 2458/580/2177 2459/582/2177 2427/582/2177
f 2440/608/2178 2472/608/2178 2473/610/2178 2441/610/2178
f 2427/582/2179 2459/582/2179 2460/584/2179 2428/584/2179
f 2414/555/2180 2446/555/2180 2447/558/2180 2415/558/2180
f 2441/610/2181 2473/610/2181 2474/612/2181 2442/612/2181
f 2428/584/2182 2460/584/2182 2461/586/2182 2429/586/2182
f 2415/558/2183 2447/558/2183 2448/560/2183 2416/560/2183
f 2442/612/2184 2474/612/2184 2475/614/2184 2443/614/2184
f 2429/586/2185 2461/586/2185 2462/588/2185 2430/588/2185
f 2416/560/2186 2448/560/2186 2449/562/2186 2417/562/2186
f 2443/614/2187 2475/614/2187 2476/616/2187 2444/616/2187
f 2430/588/2188 2462/588/2188 2463/590/2188 2431/590/2188
f 2417/562/2189 2449/562/2189 2450/564/2189 2418/564/2189
f 2444/616/2190 2476/616/2190 2477/650/2190 2445/650/2190
f 2431/590/2191 2463/590/2191 2464/592/2191 2432/592/2191
f 2418/564/2192 2450/564/2192 2451/566/2192 2419/566/2192
f 2445/650/2193 2477/650/2193 2446/652/2193 2414/652/2193
f 2432/592/2194 2464/592/2194 2465/594/2194 2433/594/2194
f 2419/566/2195 2451/566/2195 2452/568/2195 2420/568/2195
f 2433/594/2196 2465/594/2196 2466/596/2196 2434/596/2196
f 2420/568/2197 2452/568/2197 2453/570/2197 2421/570/2197
f 2434/596/2198 2466/596/2198 2467/598/2198 2435/598/2198
f 2421/570/2199 2453/570/2199 2454/572/2199 2422/572/2199
f 2435/598/2200 2467/598/2200 2468/600/2200 2436/600/2200
f 2422/572/2201 2454/572/2201 2455/574/2201 2423/574/2201
f 2436/600/2202 2468/600/2202 2469/602/2202 2437/602/2202
f 2423/574/2203 2455/574/2203 2456/576/2203 2424/576/2203
f 2437/602/2204 2469/602/2204 2470/604/2204 2438/604/2204
f 2424/576/2205 2456/576/2205 2457/578/2205 2425/578/2205
f 2438/604/2206 2470/604/2206 2471/606/2206 2439/606/2206
f 2425/578/2207 2457/578/2207 2458/580/2207 2426/580/2207
f 2509/650/2208 2541/650/2208 2510/652/2208 2478/652/2208
f 2461/586/2209 2493/586/2209 2494/588/2209 2462/588/2209
f 2448/560/2210 2480/560/2210 2481/562/2210 2449/562/2210
f 2475/614/2211 2507/614/2211 2508/616/2211 2476/616/2211
f 2462/588/2212 2494/588/2212 2495/590/2212 2463/590/2212
f 2449/562/2213 2481/562/2213 2482/564/2213 2450/564/2213
f 2476/616/2214 2508/616/2214 2509/650/2214 2477/650/2214
f 2463/590/2215 2495/590/2215 2496/592/2215 2464/592/2215
f 2450/564/2216 2482/564/2216 2483/566/2216 2451/566/2216
f 2477/650/2217 2509/650/2217 2478/652/2217 2446/652/2217
f 2464/592/2218 2496/592/2218 2497/594/2218 2465/594/2218
f 2451/566/2219 2483/566/2219 2484/568/2219 2452/568/2219
f 2465/594/2220 2497/594/2220 2498/596/2220 2466/596/2220
f 2452/568/2221 2484/568/2221 2485/570/2221 2453/570/2221
f 2466/596/2222 2498/596/2222 2499/598/2222 2467/598/2222
f 2453/570/2223 2485/570/2223 2486/572/2223 2454/572/2223
f 2467/598/2224 2499/598/2224 2500/600/2224 2468/600/2224
f 2454/572/2225 2486/572/2225 2487/574/2225 2455/574/2225
f 2468/600/2226 2500/600/2226 2501/602/2226 2469/602/2226
f 2455/574/2227 2487/574/2227 2488/576/2227 2456/576/2227
f 2469/602/2228 2501/602/2228 2502/604/2228 2470/604/2228
f 2456/576/2229 2488/576/2229 2489/578/2229 2457/578/2229
f 2470/604/2230 2502/604/2230 2503/606/2230 2471/606/2230
f 2457/578/2231 2489/578/2231 2490/580/2231 2458/580/2231
f 2471/606/2232 2503/606/2232 2504/608/2232 2472/608/2232
f 2458/580/2233 2490/580/2233 2491/582/2233 2459/582/2233
f 2472/608/2234 2504/608/2234 2505/610/2234 2473/610/2234
f 2459/582/2235 2491/582/2235 2492/584/2235 2460/584/2235
f 2446/555/2236 2478/555/2236 2479/558/2236 2447/558/2236
f 2473/610/2237 2505/610/2237 2506/612/2237 2474/612/2237
f 2460/584/2238 2492/584/2238 2493/586/2238 2461/586/2238
f 2447/558/2239 2479/558/2239 2480/560/2239 2448/560/2239
f 2510/653/2240 2541/684/2240 2540/683/2240 2539/682/2240 2538/681/2240 2537/680/2240 2536/679/2240 2535/678/2240 2534/677/2240 2533/676/2240 2532/675/2240 2531/674/2240 2530/673/2240 2529/672/2240 2528/671/2240 2527/670/2240 2526/669/2240 2525/668/2240 2524/667/2240 2523/666/2240 2522/665/2240 2521/664/2240 2520/663/2240 2519/662/2240 2518/661/2240 2517/660/2240 2516/659/2240 2515/658/2240 2514/657/2240 2513/656/2240 2512/655/2240 2511/654/2240
f 2496/592/2241 2528/592/2241 2529/594/2241 2497/594/2241
f 2483/566/2242 2515/566/2242 2516/568/2242 2484/568/2242
f 2497/594/2243 2529/594/2243 2530/596/2243 2498/596/2243
f 2484/568/2244 2516/568/2244 2517/570/2244 2485/570/2244
f 2498/596/2245 2530/596/2245 2531/598/2245 2499/598/2245
f 2485/570/2246 2517/570/2246 2518/572/2246 2486/572/2246
f 2499/598/2247 2531/598/2247 2532/600/2247 2500/600/2247
f 2486/572/2248 2518/572/2248 2519/574/2248 2487/574/2248
f 2500/600/2249 2532/600/2249 2533/602/2249 2501/602/2249
f 2487/574/2250 2519/574/2250 2520/576/2250 2488/576/2250
f 2501/602/2251 2533/602/2251 2534/604/2251 2502/604/2251
f 2488/576/2252 2520/576/2252 2521/578/2252 2489/578/2252
f 2502/604/2253 2534/604/2253 2535/606/2253 2503/606/2253
f 2489/578/2254 2521/578/2254 2522/580/2254 2490/580/2254
f 2503/606/2255 2535/606/2255 2536/608/2255 2504/608/2255
f 2490/580/2256 2522/580/2256 2523/582/2256 2491/582/2256
f 2504/608/2257 2536/608/2257 2537/610/2257 2505/610/2257
f 2491/582/2258 2523/582/2258 2524/584/2258 2492/584/2258
f 2478/555/2259 2510/555/2259 2511/558/2259 2479/558/2259
f 2505/610/2260 2537/610/2260 2538/612/2260 2506/612/2260
f 2492/584/2261 2524/584/2261 2525/586/2261 2493/586/2261
f 2479/558/2262 2511/558/2262 2512/560/2262 2480/560/2262
f 2506/612/2263 2538/612/2263 2539/614/2263 2507/614/2263
f 2493/586/2264 2525/586/2264 2526/588/2264 2494/588/2264
f 2480/560/2265 2512/560/2265 2513/562/2265 2481/562/2265
f 2507/614/2266 2539/614/2266 2540/616/2266 2508/616/2266
f 2494/588/2267 2526/588/2267 2527/590/2267 2495/590/2267
f 2481/562/2268 2513/562/2268 2514/564/2268 2482/564/2268
f 2508/616/2269 2540/616/2269 2541/650/2269 2509/650/2269
f 2495/590/2270 2527/590/2270 2528/592/2270 2496/592/2270
f 2482/564/2271 2514/564/2271 2515/566/2271 2483/566/2271
f 2542/685/2272 2544/688/2272 2545/687/2272 2543/686/2272
f 2544/688/2273 2546/690/2273 2547/689/2273 2545/687/2273
f 2546/690/2274 2548/692/2274 2549/691/2274 2547/689/2274
f 2548/692/2275 2550/694/2275 2551/693/2275 2549/691/2275
f 2550/694/2276 2552/696/2276 2553/695/2276 2551/693/2276
f 2552/696/2277 2554/698/2277 2555/697/2277 2553/695/2277
f 2554/698/2278 2556/700/2278 2557/699/2278 2555/697/2278
f 2556/700/2279 2558/702/2279 2559/701/2279 2557/699/2279
f 2558/702/2280 2560/704/2280 2561/703/2280 2559/701/2280
f 2560/704/2281 2562/706/2281 2563/705/2281 2561/703/2281
f 2562/706/2282 2564/708/2282 2565/707/2282 2563/705/2282
f 2564/708/2283 2566/710/2283 2567/709/2283 2565/707/2283
f 2566/710/2284 2568/712/2284 2569/711/2284 2567/709/2284
f 2568/712/2285 2570/714/2285 2571/713/2285 2569/711/2285
f 2570/714/2286 2572/716/2286 2573/715/2286 2571/713/2286
f 2572/716/2287 2574/718/2287 2575/717/2287 2573/715/2287
f 2574/718/2288 2576/720/2288 2577/719/2288 2575/717/2288
f 2576/720/2289 2578/722/2289 2579/721/2289 2577/719/2289
f 2578/722/2290 2580/724/2290 2581/723/2290 2579/721/2290
f 2580/724/2291 2582/726/2291 2583/725/2291 2581/723/2291
f 2582/726/2292 2584/728/2292 2585/727/2292 2583/725/2292
f 2584/728/2293 2586/730/2293 2587/729/2293 2585/727/2293
f 2586/730/2294 2588/732/2294 2589/731/2294 2587/729/2294
f 2588/732/2295 2590/734/2295 2591/733/2295 2589/731/2295
f 2590/734/2296 2592/736/2296 2593/735/2296 2591/733/2296
f 2592/736/2297 2594/738/2297 2595/737/2297 2593/735/2297
f 2594/738/2298 2596/740/2298 2597/739/2298 2595/737/2298
f 2596/740/2299 2598/742/2299 2599/741/2299 2597/739/2299
f 2598/742/2300 2600/744/2300 2601/743/2300 2599/741/2300
f 2600/744/2301 2602/746/2301 2603/745/2301 2601/743/2301
f 2545/747/2302 2547/778/2302 2549/777/2302 2551/776/2302 2553/775/2302 2555/774/2302 2557/773/2302 2559/772/2302 2561/771/2302 2563/770/2302 2565/769/2302 2567/768/2302 2569/767/2302 2571/766/2302 2573/765/2302 2575/764/2302 2577/763/2302 2579/762/2302 2581/761/2302 2583/760/2302 2585/759/2302 2587/758/2302 2589/757/2302 2591/756/2302 2593/755/2302 2595/754/2302 2597/753/2302 2599/752/2302 2601/751/2302 2603/750/2302 2605/749/2302 2543/748/2302
f 2602/746/2303 2604/780/2303 2605/779/2303 2603/745/2303
f 2604/780/2304 2542/782/2304 2543/781/2304 2605/779/2304
f 2568/712/2305 2619/712/2305 2620/714/2305 2570/714/2305
f 2631/736/2306 2663/736/2306 2664/738/2306 2632/738/2306
f 2586/730/2307 2628/730/2307 2629/732/2307 2588/732/2307
f 2542/685/2308 2606/685/2308 2607/688/2308 2544/688/2308
f 2604/780/2309 2637/780/2309 2606/782/2309 2542/782/2309
f 2560/704/2310 2615/704/2310 2616/706/2310 2562/706/2310
f 2578/722/2311 2624/722/2311 2625/724/2311 2580/724/2311
f 2596/740/2312 2633/740/2312 2634/742/2312 2598/742/2312
f 2552/696/2313 2611/696/2313 2612/698/2313 2554/698/2313
f 2570/714/2314 2620/714/2314 2621/716/2314 2572/716/2314
f 2588/732/2315 2629/732/2315 2630/734/2315 2590/734/2315
f 2544/688/2316 2607/688/2316 2608/690/2316 2546/690/2316
f 2562/706/2317 2616/706/2317 2617/708/2317 2564/708/2317
f 2580/724/2318 2625/724/2318 2626/726/2318 2582/726/2318
f 2598/742/2319 2634/742/2319 2635/744/2319 2600/744/2319
f 2554/698/2320 2612/698/2320 2613/700/2320 2556/700/2320
f 2572/716/2321 2621/716/2321 2622/718/2321 2574/718/2321
f 2590/734/2322 2630/734/2322 2631/736/2322 2592/736/2322
f 2546/690/2323 2608/690/2323 2609/692/2323 2548/692/2323
f 2564/708/2324 2617/708/2324 2618/710/2324 2566/710/2324
f 2582/726/2325 2626/726/2325 2627/728/2325 2584/728/2325
f 2600/744/2326 2635/744/2326 2636/746/2326 2602/746/2326
f 2556/700/2327 2613/700/2327 2614/702/2327 2558/702/2327
f 2574/718/2328 2622/718/2328 2623/720/2328 2576/720/2328
f 2592/736/2329 2631/736/2329 2632/738/2329 2594/738/2329
f 2548/692/2330 2609/692/2330 2610/694/2330 2550/694/2330
f 2566/710/2331 2618/710/2331 2619/712/2331 2568/712/2331
f 2584/728/2332 2627/728/2332 2628/730/2332 2586/730/2332
f 2602/746/2333 2636/746/2333 2637/780/2333 2604/780/2333
f 2558/702/2334 2614/702/2334 2615/704/2334 2560/704/2334
f 2576/720/2335 2623/720/2335 2624/722/2335 2578/722/2335
f 2594/738/2336 2632/738/2336 2633/740/2336 2596/740/2336
f 2550/694/2337 2610/694/2337 2611/696/2337 2552/696/2337
f 2666/742/2338 2698/742/2338 2699/744/2338 2667/744/2338
f 2618/710/2339 2650/710/2339 2651/712/2339 2619/712/2339
f 2632/738/2340 2664/738/2340 2665/740/2340 2633/740/2340
f 2619/712/2341 2651/712/2341 2652/714/2341 2620/714/2341
f 2606/685/2342 2638/685/2342 2639/688/2342 2607/688/2342
f 2633/740/2343 2665/740/2343 2666/742/2343 2634/742/2343
f 2620/714/2344 2652/714/2344 2653/716/2344 2621/716/2344
f 2607/688/2345 2639/688/2345 2640/690/2345 2608/690/2345
f 2634/742/2346 2666/742/2346 2667/744/2346 2635/744/2346
f 2621/716/2347 2653/716/2347 2654/718/2347 2622/718/2347
f 2608/690/2348 2640/690/2348 2641/692/2348 2609/692/2348
f 2635/744/2349 2667/744/2349 2668/746/2349 2636/746/2349
f 2622/718/2350 2654/718/2350 2655/720/2350 2623/720/2350
f 2609/692/2351 2641/692/2351 2642/694/2351 2610/694/2351
f 2636/746/2352 2668/746/2352 2669/780/2352 2637/780/2352
f 2623/720/2353 2655/720/2353 2656/722/2353 2624/722/2353
f 2610/694/2354 2642/694/2354 2643/696/2354 2611/696/2354
f 2637/780/2355 2669/780/2355 2638/782/2355 2606/782/2355
f 2624/722/2356 2656/722/2356 2657/724/2356 2625/724/2356
f 2611/696/2357 2643/696/2357 2644/698/2357 2612/698/2357
f 2625/724/2358 2657/724/2358 2658/726/2358 2626/726/2358
f 2612/698/2359 2644/698/2359 2645/700/2359 2613/700/2359
f 2626/726/2360 2658/726/2360 2659/728/2360 2627/728/2360
f 2613/700/2361 2645/700/2361 2646/702/2361 2614/702/2361
f 2627/728/2362 2659/728/2362 2660/730/2362 2628/730/2362
f 2614/702/2363 2646/702/2363 2647/704/2363 2615/704/2363
f 2628/730/2364 2660/730/2364 2661/732/2364 2629/732/2364
f 2615/704/2365 2647/704/2365 2648/706/2365 2616/706/2365
f 2629/732/2366 2661/732/2366 2662/734/2366 2630/734/2366
f 2616/706/2367 2648/706/2367 2649/708/2367 2617/708/2367
f 2630/734/2368 2662/734/2368 2663/736/2368 2631/736/2368
f 2617/708/2369 2649/708/2369 2650/710/2369 2618/710/2369
f 2701/780/2370 2733/780/2370 2702/782/2370 2670/782/2370
f 2653/716/2371 2685/716/2371 2686/718/2371 2654/718/2371
f 2640/690/2372 2672/690/2372 2673/692/2372 2641/692/2372
f 2667/744/2373 2699/744/2373 2700/746/2373 2668/746/2373
f 2654/718/2374 2686/718/2374 2687/720/2374 2655/720/2374
f 2641/692/2375 2673/692/2375 2674/694/2375 2642/694/2375
f 2668/746/2376 2700/746/2376 2701/780/2376 2669/780/2376
f 2655/720/2377 2687/720/2377 2688/722/2377 2656/722/2377
f 2642/694/2378 2674/694/2378 2675/696/2378 2643/696/2378
f 2669/780/2379 2701/780/2379 2670/782/2379 2638/782/2379
f 2656/722/2380 2688/722/2380 2689/724/2380 2657/724/2380
f 2643/696/2381 2675/696/2381 2676/698/2381 2644/698/2381
f 2657/724/2382 2689/724/2382 2690/726/2382 2658/726/2382
f 2644/698/2383 2676/698/2383 2677/700/2383 2645/700/2383
f 2658/726/2384 2690/726/2384 2691/728/2384 2659/728/2384
f 2645/700/2385 2677/700/2385 2678/702/2385 2646/702/2385
f 2659/728/2386 2691/728/2386 2692/730/2386 2660/730/2386
f 2646/702/2387 2678/702/2387 2679/704/2387 2647/704/2387
f 2660/730/2388 2692/730/2388 2693/732/2388 2661/732/2388
f 2647/704/2389 2679/704/2389 2680/706/2389 2648/706/2389
f 2661/732/2390 2693/732/2390 2694/734/2390 2662/734/2390
f 2648/706/2391 2680/706/2391 2681/708/2391 2649/708/2391
f 2662/734/2392 2694/734/2392 2695/736/2392 2663/736/2392
f 2649/708/2393 2681/708/2393 2682/710/2393 2650/710/2393
f 2663/736/2394 2695/736/2394 2696/738/2394 2664/738/2394
f 2650/710/2395 2682/710/2395 2683/712/2395 2651/712/2395
f 2664/738/2396 2696/738/2396 2697/740/2396 2665/740/2396
f 2651/712/2397 2683/712/2397 2684/714/2397 2652/714/2397
f 2638/685/2398 2670/685/2398 2671/688/2398 2639/688/2398
f 2665/740/2399 2697/740/2399 2698/742/2399 2666/742/2399
f 2652/714/2400 2684/714/2400 2685/716/2400 2653/716/2400
f 2639/688/2401 2671/688/2401 2672/690/2401 2640/690/2401
f 2702/783/2402 2733/814/2402 2732/813/2402 2731/812/2402 2730/811/2402 2729/810/2402 2728/809/2402 2727/808/2402 2726/807/2402 2725/806/2402 2724/805/2402 2723/804/2402 2722/803/2402 2721/802/2402 2720/801/2402 2719/800/2402 2718/799/2402 2717/798/2402 2716/797/2402 2715/796/2402 2714/795/2402 2713/794/2402 2712/793/2402 2711/792/2402 2710/791/2402 2709/790/2402 2708/789/2402 2707/788/2402 2706/787/2402 2705/786/2402 2704/785/2402 2703/784/2402
f 2688/722/2403 2720/722/2403 2721/724/2403 2689/724/2403
f 2675/696/2404 2707/696/2404 2708/698/2404 2676/698/2404
f 2689/724/2405 2721/724/2405 2722/726/2405 2690/726/2405
f 2676/698/2406 2708/698/2406 2709/700/2406 2677/700/2406
f 2690/726/2407 2722/726/2407 2723/728/2407 2691/728/2407
f 2677/700/2408 2709/700/2408 2710/702/2408 2678/702/2408
f 2691/728/2409 2723/728/2409 2724/730/2409 2692/730/2409
f 2678/702/2410 2710/702/2410 2711/704/2410 2679/704/2410
f 2692/730/2411 2724/730/2411 2725/732/2411 2693/732/2411
f 2679/704/2412 2711/704/2412 2712/706/2412 2680/706/2412
f 2693/732/2413 2725/732/2413 2726/734/2413 2694/734/2413
f 2680/706/2414 2712/706/2414 2713/708/2414 2681/708/2414
f 2694/734/2415 2726/734/2415 2727/736/2415 2695/736/2415
f 2681/708/2416 2713/708/2416 2714/710/2416 2682/710/2416
f 2695/736/2417 2727/736/2417 2728/738/2417 2696/738/2417
f 2682/710/2418 2714/710/2418 2715/712/2418 2683/712/2418
f 2696/738/2419 2728/738/2419 2729/740/2419 2697/740/2419
f 2683/712/2420 2715/712/2420 2716/714/2420 2684/714/2420
f 2670/685/2421 2702/685/2421 2703/688/2421 2671/688/2421
f 2697/740/2422 2729/740/2422 2730/742/2422 2698/742/2422
f 2684/714/2423 2716/714/2423 2717/716/2423 2685/716/2423
f 2671/688/2424 2703/688/2424 2704/690/2424 2672/690/2424
f 2698/742/2425 2730/742/2425 2731/744/2425 2699/744/2425
f 2685/716/2426 2717/716/2426 2718/718/2426 2686/718/2426
f 2672/690/2427 2704/690/2427 2705/692/2427 2673/692/2427
f 2699/744/2428 2731/744/2428 2732/746/2428 2700/746/2428
f 2686/718/2429 2718/718/2429 2719/720/2429 2687/720/2429
f 2673/692/2430 2705/692/2430 2706/694/2430 2674/694/2430
f 2700/746/2431 2732/746/2431 2733/780/2431 2701/780/2431
f 2687/720/2432 2719/720/2432 2720/722/2432 2688/722/2432
f 2674/694/2433 2706/694/2433 2707/696/2433 2675/696/2433
f 2734/815/2434 2736/818/2434 2737/817/2434 2735/816/2434
f 2736/818/2435 2738/820/2435 2739/819/2435 2737/817/2435
f 2738/820/2436 2740/822/2436 2741/821/2436 2739/819/2436
f 2740/822/2437 2742/824/2437 2743/823/2437 2741/821/2437
f 2742/824/2438 2744/826/2438 2745/825/2438 2743/823/2438
f 2744/826/2439 2746/828/2439 2747/827/2439 2745/825/2439
f 2746/828/2440 2748/830/2440 2749/829/2440 2747/827/2440
f 2748/830/2441 2750/832/2441 2751/831/2441 2749/829/2441
f 2750/832/2442 2752/834/2442 2753/833/2442 2751/831/2442
f 2752/834/2443 2754/836/2443 2755/835/2443 2753/833/2443
f 2754/836/2444 2756/838/2444 2757/837/2444 2755/835/2444
f 2756/838/2445 2758/840/2445 2759/839/2445 2757/837/2445
f 2758/840/2446 2760/842/2446 2761/841/2446 2759/839/2446
f 2760/842/2447 2762/844/2447 2763/843/2447 2761/841/2447
f 2762/844/2448 2764/846/2448 2765/845/2448 2763/843/2448
f 2764/846/2449 2766/848/2449 2767/847/2449 2765/845/2449
f 2766/848/2450 2768/850/2450 2769/849/2450 2767/847/2450
f 2768/850/2451 2770/852/2451 2771/851/2451 2769/849/2451
f 2770/852/2452 2772/854/2452 2773/853/2452 2771/851/2452
f 2772/854/2453 2774/856/2453 2775/855/2453 2773/853/2453
f 2774/856/2454 2776/858/2454 2777/857/2454 2775/855/2454
f 2776/858/2455 2778/860/2455 2779/859/2455 2777/857/2455
f 2778/860/2456 2780/862/2456 2781/861/2456 2779/859/2456
f 2780/862/2457 2782/864/2457 2783/863/2457 2781/861/2457
f 2782/864/2458 2784/866/2458 2785/865/2458 2783/863/2458
f 2784/866/2459 2786/868/2459 2787/867/2459 2785/865/2459
f 2786/868/2460 2788/870/2460 2789/869/2460 2787/867/2460
f 2788/870/2461 2790/872/2461 2791/871/2461 2789/869/2461
f 2790/872/2462 2792/874/2462 2793/873/2462 2791/871/2462
f 2792/874/2463 2794/876/2463 2795/875/2463 2793/873/2463
f 2737/877/2464 2739/908/2464 2741/907/2464 2743/906/2464 2745/905/2464 2747/904/2464 2749/903/2464 2751/902/2464 2753/901/2464 2755/900/2464 2757/899/2464 2759/898/2464 2761/897/2464 2763/896/2464 2765/895/2464 2767/894/2464 2769/893/2464 2771/892/2464 2773/891/2464 2775/890/2464 2777/889/2464 2779/888/2464 2781/887/2464 2783/886/2464 2785/885/2464 2787/884/2464 2789/883/2464 2791/882/2464 2793/881/2464 2795/880/2464 2797/879/2464 2735/878/2464
f 2794/876/2465 2796/910/2465 2797/909/2465 2795/875/2465
f 2796/910/2466 2734/912/2466 2735/911/2466 2797/909/2466
f 2760/842/2467 2811/842/2467 2812/844/2467 2762/844/2467
f 2823/866/2468 2855/866/2468 2856/868/2468 2824/868/2468
f 2778/860/2469 2820/860/2469 2821/862/2469 2780/862/2469
f 2734/815/2470 2798/815/2470 2799/818/2470 2736/818/2470
f 2796/910/2471 2829/910/2471 2798/912/2471 2734/912/2471
f 2752/834/2472 2807/834/2472 2808/836/2472 2754/836/2472
f 2770/852/2473 2816/852/2473 2817/854/2473 2772/854/2473
f 2788/870/2474 2825/870/2474 2826/872/2474 2790/872/2474
f 2744/826/2475 2803/826/2475 2804/828/2475 2746/828/2475
f 2762/844/2476 2812/844/2476 2813/846/2476 2764/846/2476
f 2780/862/2477 2821/862/2477 2822/864/2477 2782/864/2477
f 2736/818/2478 2799/818/2478 2800/820/2478 2738/820/2478
f 2754/836/2479 2808/836/2479 2809/838/2479 2756/838/2479
f 2772/854/2480 2817/854/2480 2818/856/2480 2774/856/2480
f 2790/872/2481 2826/872/2481 2827/874/2481 2792/874/2481
f 2746/828/2482 2804/828/2482 2805/830/2482 2748/830/2482
f 2764/846/2483 2813/846/2483 2814/848/2483 2766/848/2483
f 2782/864/2484 2822/864/2484 2823/866/2484 2784/866/2484
f 2738/820/2485 2800/820/2485 2801/822/2485 2740/822/2485
f 2756/838/2486 2809/838/2486 2810/840/2486 2758/840/2486
f 2774/856/2487 2818/856/2487 2819/858/2487 2776/858/2487
f 2792/874/2488 2827/874/2488 2828/876/2488 2794/876/2488
f 2748/830/2489 2805/830/2489 2806/832/2489 2750/832/2489
f 2766/848/2490 2814/848/2490 2815/850/2490 2768/850/2490
f 2784/866/2491 2823/866/2491 2824/868/2491 2786/868/2491
f 2740/822/2492 2801/822/2492 2802/824/2492 2742/824/2492
f 2758/840/2493 2810/840/2493 2811/842/2493 2760/842/2493
f 2776/858/2494 2819/858/2494 2820/860/2494 2778/860/2494
f 2794/876/2495 2828/876/2495 2829/910/2495 2796/910/2495
f 2750/832/2496 2806/832/2496 2807/834/2496 2752/834/2496
f 2768/850/2497 2815/850/2497 2816/852/2497 2770/852/2497
f 2786/868/2498 2824/868/2498 2825/870/2498 2788/870/2498
f 2742/824/2499 2802/824/2499 2803/826/2499 2744/826/2499
f 2858/872/2500 2890/872/2500 2891/874/2500 2859/874/2500
f 2810/840/2501 2842/840/2501 2843/842/2501 2811/842/2501
f 2824/868/2502 2856/868/2502 2857/870/2502 2825/870/2502
f 2811/842/2503 2843/842/2503 2844/844/2503 2812/844/2503
f 2798/815/2504 2830/815/2504 2831/818/2504 2799/818/2504
f 2825/870/2505 2857/870/2505 2858/872/2505 2826/872/2505
f 2812/844/2506 2844/844/2506 2845/846/2506 2813/846/2506
f 2799/818/2507 2831/818/2507 2832/820/2507 2800/820/2507
f 2826/872/2508 2858/872/2508 2859/874/2508 2827/874/2508
f 2813/846/2509 2845/846/2509 2846/848/2509 2814/848/2509
f 2800/820/2510 2832/820/2510 2833/822/2510 2801/822/2510
f 2827/874/2511 2859/874/2511 2860/876/2511 2828/876/2511
f 2814/848/2512 2846/848/2512 2847/850/2512 2815/850/2512
f 2801/822/2513 2833/822/2513 2834/824/2513 2802/824/2513
f 2828/876/2514 2860/876/2514 2861/910/2514 2829/910/2514
f 2815/850/2515 2847/850/2515 2848/852/2515 2816/852/2515
f 2802/824/2516 2834/824/2516 2835/826/2516 2803/826/2516
f 2829/910/2517 2861/910/2517 2830/912/2517 2798/912/2517
f 2816/852/2518 2848/852/2518 2849/854/2518 2817/854/2518
f 2803/826/2519 2835/826/2519 2836/828/2519 2804/828/2519
f 2817/854/2520 2849/854/2520 2850/856/2520 2818/856/2520
f 2804/828/2521 2836/828/2521 2837/830/2521 2805/830/2521
f 2818/856/2522 2850/856/2522 2851/858/2522 2819/858/2522
f 2805/830/2523 2837/830/2523 2838/832/2523 2806/832/2523
f 2819/858/2524 2851/858/2524 2852/860/2524 2820/860/2524
f 2806/832/2525 2838/832/2525 2839/834/2525 2807/834/2525
f 2820/860/2526 2852/860/2526 2853/862/2526 2821/862/2526
f 2807/834/2527 2839/834/2527 2840/836/2527 2808/836/2527
f 2821/862/2528 2853/862/2528 2854/864/2528 2822/864/2528
f 2808/836/2529 2840/836/2529 2841/838/2529 2809/838/2529
f 2822/864/2530 2854/864/2530 2855/866/2530 2823/866/2530
f 2809/838/2531 2841/838/2531 2842/840/2531 2810/840/2531
f 2893/910/2532 2925/910/2532 2894/912/2532 2862/912/2532
f 2845/846/2533 2877/846/2533 2878/848/2533 2846/848/2533
f 2832/820/2534 2864/820/2534 2865/822/2534 2833/822/2534
f 2859/874/2535 2891/874/2535 2892/876/2535 2860/876/2535
f 2846/848/2536 2878/848/2536 2879/850/2536 2847/850/2536
f 2833/822/2537 2865/822/2537 2866/824/2537 2834/824/2537
f 2860/876/2538 2892/876/2538 2893/910/2538 2861/910/2538
f 2847/850/2539 2879/850/2539 2880/852/2539 2848/852/2539
f 2834/824/2540 2866/824/2540 2867/826/2540 2835/826/2540
f 2861/910/2541 2893/910/2541 2862/912/2541 2830/912/2541
f 2848/852/2542 2880/852/2542 2881/854/2542 2849/854/2542
f 2835/826/2543 2867/826/2543 2868/828/2543 2836/828/2543
f 2849/854/2544 2881/854/2544 2882/856/2544 2850/856/2544
f 2836/828/2545 2868/828/2545 2869/830/2545 2837/830/2545
f 2850/856/2546 2882/856/2546 2883/858/2546 2851/858/2546
f 2837/830/2547 2869/830/2547 2870/832/2547 2838/832/2547
f 2851/858/2548 2883/858/2548 2884/860/2548 2852/860/2548
f 2838/832/2549 2870/832/2549 2871/834/2549 2839/834/2549
f 2852/860/2550 2884/860/2550 2885/862/2550 2853/862/2550
f 2839/834/2551 2871/834/2551 2872/836/2551 2840/836/2551
f 2853/862/2552 2885/862/2552 2886/864/2552 2854/864/2552
f 2840/836/2553 2872/836/2553 2873/838/2553 2841/838/2553
f 2854/864/2554 2886/864/2554 2887/866/2554 2855/866/2554
f 2841/838/2555 2873/838/2555 2874/840/2555 2842/840/2555
f 2855/866/2556 2887/866/2556 2888/868/2556 2856/868/2556
f 2842/840/2557 2874/840/2557 2875/842/2557 2843/842/2557
f 2856/868/2558 2888/868/2558 2889/870/2558 2857/870/2558
f 2843/842/2559 2875/842/2559 2876/844/2559 2844/844/2559
f 2830/815/2560 2862/815/2560 2863/818/2560 2831/818/2560
f 2857/870/2561 2889/870/2561 2890/872/2561 2858/872/2561
f 2844/844/2562 2876/844/2562 2877/846/2562 2845/846/2562
f 2831/818/2563 2863/818/2563 2864/820/2563 2832/820/2563
f 2894/913/2564 2925/944/2564 2924/943/2564 2923/942/2564 2922/941/2564 2921/940/2564 2920/939/2564 2919/938/2564 2918/937/2564 2917/936/2564 2916/935/2564 2915/934/2564 2914/933/2564 2913/932/2564 2912/931/2564 2911/930/2564 2910/929/2564 2909/928/2564 2908/927/2564 2907/926/2564 2906/925/2564 2905/924/2564 2904/923/2564 2903/922/2564 2902/921/2564 2901/920/2564 2900/919/2564 2899/918/2564 2898/917/2564 2897/916/2564 2896/915/2564 2895/914/2564
f 2880/852/2565 2912/852/2565 2913/854/2565 2881/854/2565
f 2867/826/2566 2899/826/2566 2900/828/2566 2868/828/2566
f 2881/854/2567 2913/854/2567 2914/856/2567 2882/856/2567
f 2868/828/2568 2900/828/2568 2901/830/2568 2869/830/2568
f 2882/856/2569 2914/856/2569 2915/858/2569 2883/858/2569
f 2869/830/2570 2901/830/2570 2902/832/2570 2870/832/2570
f 2883/858/2571 2915/858/2571 2916/860/2571 2884/860/2571
f 2870/832/2572 2902/832/2572 2903/834/2572 2871/834/2572
f 2884/860/2573 2916/860/2573 2917/862/2573 2885/862/2573
f 2871/834/2574 2903/834/2574 2904/836/2574 2872/836/2574
f 2885/862/2575 2917/862/2575 2918/864/2575 2886/864/2575
f 2872/836/2576 2904/836/2576 2905/838/2576 2873/838/2576
f 2886/864/2577 2918/864/2577 2919/866/2577 2887/866/2577
f 2873/838/2578 2905/838/2578 2906/840/2578 2874/840/2578
f 2887/866/2579 2919/866/2579 2920/868/2579 2888/868/2579
f 2874/840/2580 2906/840/2580 2907/842/2580 2875/842/2580
f 2888/868/2581 2920/868/2581 2921/870/2581 2889/870/2581
f 2875/842/2582 2907/842/2582 2908/844/2582 2876/844/2582
f 2862/815/2583 2894/815/2583 2895/818/2583 2863/818/2583
f 2889/870/2584 2921/870/2584 2922/872/2584 2890/872/2584
f 2876/844/2585 2908/844/2585 2909/846/2585 2877/846/2585
f 2863/818/2586 2895/818/2586 2896/820/2586 2864/820/2586
f 2890/872/2587 2922/872/2587 2923/874/2587 2891/874/2587
f 2877/846/2588 2909/846/2588 2910/848/2588 2878/848/2588
f 2864/820/2589 2896/820/2589 2897/822/2589 2865/822/2589
f 2891/874/2590 2923/874/2590 2924/876/2590 2892/876/2590
f 2878/848/2591 2910/848/2591 2911/850/2591 2879/850/2591
f 2865/822/2592 2897/822/2592 2898/824/2592 2866/824/2592
f 2892/876/2593 2924/876/2593 2925/910/2593 2893/910/2593
f 2879/850/2594 2911/850/2594 2912/852/2594 2880/852/2594
f 2866/824/2595 2898/824/2595 2899/826/2595 2867/826/2595
f 2926/945/2596 2928/948/2596 2929/947/2596 2927/946/2596
f 2928/948/2597 2930/950/2597 2931/949/2597 2929/947/2597
f 2930/950/2598 2932/952/2598 2933/951/2598 2931/949/2598
f 2932/952/2599 2934/954/2599 2935/953/2599 2933/951/2599
f 2934/954/2600 2936/956/2600 2937/955/2600 2935/953/2600
f 2936/956/2601 2938/958/2601 2939/957/2601 2937/955/2601
f 2938/958/2602 2940/960/2602 2941/959/2602 2939/957/2602
f 2940/960/2603 2942/962/2603 2943/961/2603 2941/959/2603
f 2942/962/2604 2944/964/2604 2945/963/2604 2943/961/2604
f 2944/964/2605 2946/966/2605 2947/965/2605 2945/963/2605
f 2946/966/2606 2948/968/2606 2949/967/2606 2947/965/2606
f 2948/968/2607 2950/970/2607 2951/969/2607 2949/967/2607
f 2950/970/2608 2952/972/2608 2953/971/2608 2951/969/2608
f 2952/972/2609 2954/974/2609 2955/973/2609 2953/971/2609
f 2954/974/2610 2956/976/2610 2957/975/2610 2955/973/2610
f 2956/976/2611 2958/978/2611 2959/977/2611 2957/975/2611
f 2958/978/2612 2960/980/2612 2961/979/2612 2959/977/2612
f 2960/980/2613 2962/982/2613 2963/981/2613 2961/979/2613
f 2962/982/2614 2964/984/2614 2965/983/2614 2963/981/2614
f 2964/984/2615 2966/986/2615 2967/985/2615 2965/983/2615
f 2966/986/2616 2968/988/2616 2969/987/2616 2967/985/2616
f 2968/988/2617 2970/990/2617 2971/989/2617 2969/987/2617
f 2970/990/2618 2972/992/2618 2973/991/2618 2971/989/2618
f 2972/992/2619 2974/994/2619 2975/993/2619 2973/991/2619
f 2974/994/2620 2976/996/2620 2977/995/2620 2975/993/2620
f 2976/996/2621 2978/998/2621 2979/997/2621 2977/995/2621
f 2978/998/2622 2980/1000/2622 2981/999/2622 2979/997/2622
f 2980/1000/2623 2982/1002/2623 2983/1001/2623 2981/999/2623
f 2982/1002/2624 2984/1004/2624 2985/1003/2624 2983/1001/2624
f 2984/1004/2625 2986/1006/2625 2987/1005/2625 2985/1003/2625
f 2929/1007/2626 2931/1038/2626 2933/1037/2626 2935/1036/2626 2937/1035/2626 2939/1034/2626 2941/1033/2626 2943/1032/2626 2945/1031/2626 2947/1030/2626 2949/1029/2626 2951/1028/2626 2953/1027/2626 2955/1026/2626 2957/1025/2626 2959/1024/2626 2961/1023/2626 2963/1022/2626 2965/1021/2626 2967/1020/2626 2969/1019/2626 2971/1018/2626 2973/1017/2626 2975/1016/2626 2977/1015/2626 2979/1014/2626 2981/1013/2626 2983/1012/2626 2985/1011/2626 2987/1010/2626 2989/1009/2626 2927/1008/2626
f 2986/1006/2627 2988/1040/2627 2989/1039/2627 2987/1005/2627
f 2988/1040/2628 2926/1042/2628 2927/1041/2628 2989/1039/2628
f 2952/972/2629 3003/972/2629 3004/974/2629 2954/974/2629
f 3015/996/2630 3047/996/2630 3048/998/2630 3016/998/2630
f 2970/990/2631 3012/990/2631 3013/992/2631 2972/992/2631
f 2926/945/2632 2990/945/2632 2991/948/2632 2928/948/2632
f 2988/1040/2633 3021/1040/2633 2990/1042/2633 2926/1042/2633
f 2944/964/2634 2999/964/2634 3000/966/2634 2946/966/2634
f 2962/982/2635 3008/982/2635 3009/984/2635 2964/984/2635
f 2980/1000/2636 3017/1000/2636 3018/1002/2636 2982/1002/2636
f 2936/956/2637 2995/956/2637 2996/958/2637 2938/958/2637
f 2954/974/2638 3004/974/2638 3005/976/2638 2956/976/2638
f 2972/992/2639 3013/992/2639 3014/994/2639 2974/994/2639
f 2928/948/2640 2991/948/2640 2992/950/2640 2930/950/2640
f 2946/966/2641 3000/966/2641 3001/968/2641 2948/968/2641
f 2964/984/2642 3009/984/2642 3010/986/2642 2966/986/2642
f 2982/1002/2643 3018/1002/2643 3019/1004/2643 2984/1004/2643
f 2938/958/2644 2996/958/2644 2997/960/2644 2940/960/2644
f 2956/976/2645 3005/976/2645 3006/978/2645 2958/978/2645
f 2974/994/2646 3014/994/2646 3015/996/2646 2976/996/2646
f 2930/950/2647 2992/950/2647 2993/952/2647 2932/952/2647
f 2948/968/2648 3001/968/2648 3002/970/2648 2950/970/2648
f 2966/986/2649 3010/986/2649 3011/988/2649 2968/988/2649
f 2984/1004/2650 3019/1004/2650 3020/1006/2650 2986/1006/2650
f 2940/960/2651 2997/960/2651 2998/962/2651 2942/962/2651
f 2958/978/2652 3006/978/2652 3007/980/2652 2960/980/2652
f 2976/996/2653 3015/996/2653 3016/998/2653 2978/998/2653
f 2932/952/2654 2993/952/2654 2994/954/2654 2934/954/2654
f 2950/970/2655 3002/970/2655 3003/972/2655 2952/972/2655
f 2968/988/2656 3011/988/2656 3012/990/2656 2970/990/2656
f 2986/1006/2657 3020/1006/2657 3021/1040/2657 2988/1040/2657
f 2942/962/2658 2998/962/2658 2999/964/2658 2944/964/2658
f 2960/980/2659 3007/980/2659 3008/982/2659 2962/982/2659
f 2978/998/2660 3016/998/2660 3017/1000/2660 2980/1000/2660
f 2934/954/2661 2994/954/2661 2995/956/2661 2936/956/2661
f 3050/1002/2662 3082/1002/2662 3083/1004/2662 3051/1004/2662
f 3002/970/2663 3034/970/2663 3035/972/2663 3003/972/2663
f 3016/998/2664 3048/998/2664 3049/1000/2664 3017/1000/2664
f 3003/972/2665 3035/972/2665 3036/974/2665 3004/974/2665
f 2990/945/2666 3022/945/2666 3023/948/2666 2991/948/2666
f 3017/1000/2667 3049/1000/2667 3050/1002/2667 3018/1002/2667
f 3004/974/2668 3036/974/2668 3037/976/2668 3005/976/2668
f 2991/948/2669 3023/948/2669 3024/950/2669 2992/950/2669
f 3018/1002/2670 3050/1002/2670 3051/1004/2670 3019/1004/2670
f 3005/976/2671 3037/976/2671 3038/978/2671 3006/978/2671
f 2992/950/2672 3024/950/2672 3025/952/2672 2993/952/2672
f 3019/1004/2673 3051/1004/2673 3052/1006/2673 3020/1006/2673
f 3006/978/2674 3038/978/2674 3039/980/2674 3007/980/2674
f 2993/952/2675 3025/952/2675 3026/954/2675 2994/954/2675
f 3020/1006/2676 3052/1006/2676 3053/1040/2676 3021/1040/2676
f 3007/980/2677 3039/980/2677 3040/982/2677 3008/982/2677
f 2994/954/2678 3026/954/2678 3027/956/2678 2995/956/2678
f 3021/1040/2679 3053/1040/2679 3022/1042/2679 2990/1042/2679
f 3008/982/2680 3040/982/2680 3041/984/2680 3009/984/2680
f 2995/956/2681 3027/956/2681 3028/958/2681 2996/958/2681
f 3009/984/2682 3041/984/2682 3042/986/2682 3010/986/2682
f 2996/958/2683 3028/958/2683 3029/960/2683 2997/960/2683
f 3010/986/2684 3042/986/2684 3043/988/2684 3011/988/2684
f 2997/960/2685 3029/960/2685 3030/962/2685 2998/962/2685
f 3011/988/2686 3043/988/2686 3044/990/2686 3012/990/2686
f 2998/962/2687 3030/962/2687 3031/964/2687 2999/964/2687
f 3012/990/2688 3044/990/2688 3045/992/2688 3013/992/2688
f 2999/964/2689 3031/964/2689 3032/966/2689 3000/966/2689
f 3013/992/2690 3045/992/2690 3046/994/2690 3014/994/2690
f 3000/966/2691 3032/966/2691 3033/968/2691 3001/968/2691
f 3014/994/2692 3046/994/2692 3047/996/2692 3015/996/2692
f 3001/968/2693 3033/968/2693 3034/970/2693 3002/970/2693
f 3085/1040/2694 3117/1040/2694 3086/1042/2694 3054/1042/2694
f 3037/976/2695 3069/976/2695 3070/978/2695 3038/978/2695
f 3024/950/2696 3056/950/2696 3057/952/2696 3025/952/2696
f 3051/1004/2697 3083/1004/2697 3084/1006/2697 3052/1006/2697
f 3038/978/2698 3070/978/2698 3071/980/2698 3039/980/2698
f 3025/952/2699 3057/952/2699 3058/954/2699 3026/954/2699
f 3052/1006/2700 3084/1006/2700 3085/1040/2700 3053/1040/2700
f 3039/980/2701 3071/980/2701 3072/982/2701 3040/982/2701
f 3026/954/2702 3058/954/2702 3059/956/2702 3027/956/2702
f 3053/1040/2703 3085/1040/2703 3054/1042/2703 3022/1042/2703
f 3040/982/2704 3072/982/2704 3073/984/2704 3041/984/2704
f 3027/956/2705 3059/956/2705 3060/958/2705 3028/958/2705
f 3041/984/2706 3073/984/2706 3074/986/2706 3042/986/2706
f 3028/958/2707 3060/958/2707 3061/960/2707 3029/960/2707
f 3042/986/2708 3074/986/2708 3075/988/2708 3043/988/2708
f 3029/960/2709 3061/960/2709 3062/962/2709 3030/962/2709
f 3043/988/2710 3075/988/2710 3076/990/2710 3044/990/2710
f 3030/962/2711 3062/962/2711 3063/964/2711 3031/964/2711
f 3044/990/2712 3076/990/2712 3077/992/2712 3045/992/2712
f 3031/964/2713 3063/964/2713 3064/966/2713 3032/966/2713
f 3045/992/2714 3077/992/2714 3078/994/2714 3046/994/2714
f 3032/966/2715 3064/966/2715 3065/968/2715 3033/968/2715
f 3046/994/2716 3078/994/2716 3079/996/2716 3047/996/2716
f 3033/968/2717 3065/968/2717 3066/970/2717 3034/970/2717
f 3047/996/2718 3079/996/2718 3080/998/2718 3048/998/2718
f 3034/970/2719 3066/970/2719 3067/972/2719 3035/972/2719
f 3048/998/2720 3080/998/2720 3081/1000/2720 3049/1000/2720
f 3035/972/2721 3067/972/2721 3068/974/2721 3036/974/2721
f 3022/945/2722 3054/945/2722 3055/948/2722 3023/948/2722
f 3049/1000/2723 3081/1000/2723 3082/1002/2723 3050/1002/2723
f 3036/974/2724 3068/974/2724 3069/976/2724 3037/976/2724
f 3023/948/2725 3055/948/2725 3056/950/2725 3024/950/2725
f 3086/1043/2726 3117/1074/2726 3116/1073/2726 3115/1072/2726 3114/1071/2726 3113/1070/2726 3112/1069/2726 3111/1068/2726 3110/1067/2726 3109/1066/2726 3108/1065/2726 3107/1064/2726 3106/1063/2726 3105/1062/2726 3104/1061/2726 3103/1060/2726 3102/1059/2726 3101/1058/2726 3100/1057/2726 3099/1056/2726 3098/1055/2726 3097/1054/2726 3096/1053/2726 3095/1052/2726 3094/1051/2726 3093/1050/2726 3092/1049/2726 3091/1048/2726 3090/1047/2726 3089/1046/2726 3088/1045/2726 3087/1044/2726
f 3072/982/2727 3104/982/2727 3105/984/2727 3073/984/2727
f 3059/956/2728 3091/956/2728 3092/958/2728 3060/958/2728
f 3073/984/2729 3105/984/2729 3106/986/2729 3074/986/2729
f 3060/958/2730 3092/958/2730 3093/960/2730 3061/960/2730
f 3074/986/2731 3106/986/2731 3107/988/2731 3075/988/2731
f 3061/960/2732 3093/960/2732 3094/962/2732 3062/962/2732
f 3075/988/2733 3107/988/2733 3108/990/2733 3076/990/2733
f 3062/962/2734 3094/962/2734 3095/964/2734 3063/964/2734
f 3076/990/2735 3108/990/2735 3109/992/2735 3077/992/2735
f 3063/964/2736 3095/964/2736 3096/966/2736 3064/966/2736
f 3077/992/2737 3109/992/2737 3110/994/2737 3078/994/2737
f 3064/966/2738 3096/966/2738 3097/968/2738 3065/968/2738
f 3078/994/2739 3110/994/2739 3111/996/2739 3079/996/2739
f 3065/968/2740 3097/968/2740 3098/970/2740 3066/970/2740
f 3079/996/2741 3111/996/2741 3112/998/2741 3080/998/2741
f 3066/970/2742 3098/970/2742 3099/972/2742 3067/972/2742
f 3080/998/2743 3112/998/2743 3113/1000/2743 3081/1000/2743
f 3067/972/2744 3099/972/2744 3100/974/2744 3068/974/2744
f 3054/945/2745 3086/945/2745 3087/948/2745 3055/948/2745
f 3081/1000/2746 3113/1000/2746 3114/1002/2746 3082/1002/2746
f 3068/974/2747 3100/974/2747 3101/976/2747 3069/976/2747
f 3055/948/2748 3087/948/2748 3088/950/2748 3056/950/2748
f 3082/1002/2749 3114/1002/2749 3115/1004/2749 3083/1004/2749
f 3069/976/2750 3101/976/2750 3102/978/2750 3070/978/2750
f 3056/950/2751 3088/950/2751 3089/952/2751 3057/952/2751
f 3083/1004/2752 3115/1004/2752 3116/1006/2752 3084/1006/2752
f 3070/978/2753 3102/978/2753 3103/980/2753 3071/980/2753
f 3057/952/2754 3089/952/2754 3090/954/2754 3058/954/2754
f 3084/1006/2755 3116/1006/2755 3117/1040/2755 3085/1040/2755
f 3071/980/2756 3103/980/2756 3104/982/2756 3072/982/2756
f 3058/954/2757 3090/954/2757 3091/956/2757 3059/956/2757
f 3118/1075/2758 3120/1078/2758 3121/1077/2758 3119/1076/2758
f 3120/1078/2759 3122/1080/2759 3123/1079/2759 3121/1077/2759
f 3122/1080/2760 3124/1082/2760 3125/1081/2760 3123/1079/2760
f 3124/1082/2761 3126/1084/2761 3127/1083/2761 3125/1081/2761
f 3126/1084/2762 3128/1086/2762 3129/1085/2762 3127/1083/2762
f 3128/1086/2763 3130/1088/2763 3131/1087/2763 3129/1085/2763
f 3130/1088/2764 3132/1090/2764 3133/1089/2764 3131/1087/2764
f 3132/1090/2765 3134/1092/2765 3135/1091/2765 3133/1089/2765
f 3134/1092/2766 3136/1094/2766 3137/1093/2766 3135/1091/2766
f 3136/1094/2767 3138/1096/2767 3139/1095/2767 3137/1093/2767
f 3138/1096/2768 3140/1098/2768 3141/1097/2768 3139/1095/2768
f 3140/1098/2769 3142/1100/2769 3143/1099/2769 3141/1097/2769
f 3142/1100/2770 3144/1102/2770 3145/1101/2770 3143/1099/2770
f 3144/1102/2771 3146/1104/2771 3147/1103/2771 3145/1101/2771
f 3146/1104/2772 3148/1106/2772 3149/1105/2772 3147/1103/2772
f 3148/1106/2773 3150/1108/2773 3151/1107/2773 3149/1105/2773
f 3150/1108/2774 3152/1110/2774 3153/1109/2774 3151/1107/2774
f 3152/1110/2775 3154/1112/2775 3155/1111/2775 3153/1109/2775
f 3154/1112/2776 3156/1114/2776 3157/1113/2776 3155/1111/2776
f 3156/1114/2777 3158/1116/2777 3159/1115/2777 3157/1113/2777
f 3158/1116/2778 3160/1118/2778 3161/1117/2778 3159/1115/2778
f 3160/1118/2779 3162/1120/2779 3163/1119/2779 3161/1117/2779
f 3162/1120/2780 3164/1122/2780 3165/1121/2780 3163/1119/2780
f 3164/1122/2781 3166/1124/2781 3167/1123/2781 3165/1121/2781
f 3166/1124/2782 3168/1126/2782 3169/1125/2782 3167/1123/2782
f 3168/1126/2783 3170/1128/2783 3171/1127/2783 3169/1125/2783
f 3170/1128/2784 3172/1130/2784 3173/1129/2784 3171/1127/2784
f 3172/1130/2785 3174/1132/2785 3175/1131/2785 3173/1129/2785
f 3174/1132/2786 3176/1134/2786 3177/1133/2786 3175/1131/2786
f 3176/1134/2787 3178/1136/2787 3179/1135/2787 3177/1133/2787
f 3121/1137/2788 3123/1168/2788 3125/1167/2788 3127/1166/2788 3129/1165/2788 3131/1164/2788 3133/1163/2788 3135/1162/2788 3137/1161/2788 3139/1160/2788 3141/1159/2788 3143/1158/2788 3145/1157/2788 3147/1156/2788 3149/1155/2788 3151/1154/2788 3153/1153/2788 3155/1152/2788 3157/1151/2788 3159/1150/2788 3161/1149/2788 3163/1148/2788 3165/1147/2788 3167/1146/2788 3169/1145/2788 3171/1144/2788 3173/1143/2788 3175/1142/2788 3177/1141/2788 3179/1140/2788 3181/1139/2788 3119/1138/2788
f 3178/1136/2789 3180/1170/2789 3181/1169/2789 3179/1135/2789
f 3180/1170/2790 3118/1172/2790 3119/1171/2790 3181/1169/2790
f 3144/1102/2791 3195/1102/2791 3196/1104/2791 3146/1104/2791
f 3207/1126/2792 3239/1126/2792 3240/1128/2792 3208/1128/2792
f 3162/1120/2793 3204/1120/2793 3205/1122/2793 3164/1122/2793
f 3118/1075/2794 3182/1075/2794 3183/1078/2794 3120/1078/2794
f 3180/1170/2795 3213/1170/2795 3182/1172/2795 3118/1172/2795
f 3136/1094/2796 3191/1094/2796 3192/1096/2796 3138/1096/2796
f 3154/1112/2797 3200/1112/2797 3201/1114/2797 3156/1114/2797
f 3172/1130/2798 3209/1130/2798 3210/1132/2798 3174/1132/2798
f 3128/1086/2799 3187/1086/2799 3188/1088/2799 3130/1088/2799
f 3146/1104/2800 3196/1104/2800 3197/1106/2800 3148/1106/2800
f 3164/1122/2801 3205/1122/2801 3206/1124/2801 3166/1124/2801
f 3120/1078/2802 3183/1078/2802 3184/1080/2802 3122/1080/2802
f 3138/1096/2803 3192/1096/2803 3193/1098/2803 3140/1098/2803
f 3156/1114/2804 3201/1114/2804 3202/1116/2804 3158/1116/2804
f 3174/1132/2805 3210/1132/2805 3211/1134/2805 3176/1134/2805
f 3130/1088/2806 3188/1088/2806 3189/1090/2806 3132/1090/2806
f 3148/1106/2807 3197/1106/2807 3198/1108/2807 3150/1108/2807
f 3166/1124/2808 3206/1124/2808 3207/1126/2808 3168/1126/2808
f 3122/1080/2809 3184/1080/2809 3185/1082/2809 3124/1082/2809
f 3140/1098/2810 3193/1098/2810 3194/1100/2810 3142/1100/2810
f 3158/1116/2811 3202/1116/2811 3203/1118/2811 3160/1118/2811
f 3176/1134/2812 3211/1134/2812 3212/1136/2812 3178/1136/2812
f 3132/1090/2813 3189/1090/2813 3190/1092/2813 3134/1092/2813
f 3150/1108/2814 3198/1108/2814 3199/1110/2814 3152/1110/2814
f 3168/1126/2815 3207/1126/2815 3208/1128/2815 3170/1128/2815
f 3124/1082/2816 3185/1082/2816 3186/1084/2816 3126/1084/2816
f 3142/1100/2817 3194/1100/2817 3195/1102/2817 3144/1102/2817
f 3160/1118/2818 3203/1118/2818 3204/1120/2818 3162/1120/2818
f 3178/1136/2819 3212/1136/2819 3213/1170/2819 3180/1170/2819
f 3134/1092/2820 3190/1092/2820 3191/1094/2820 3136/1094/2820
f 3152/1110/2821 3199/1110/2821 3200/1112/2821 3154/1112/2821
f 3170/1128/2822 3208/1128/2822 3209/1130/2822 3172/1130/2822
f 3126/1084/2823 3186/1084/2823 3187/1086/2823 3128/1086/2823
f 3242/1132/2824 3274/1132/2824 3275/1134/2824 3243/1134/2824
f 3194/1100/2825 3226/1100/2825 3227/1102/2825 3195/1102/2825
f 3208/1128/2826 3240/1128/2826 3241/1130/2826 3209/1130/2826
f 3195/1102/2827 3227/1102/2827 3228/1104/2827 3196/1104/2827
f 3182/1075/2828 3214/1075/2828 3215/1078/2828 3183/1078/2828
f 3209/1130/2829 3241/1130/2829 3242/1132/2829 3210/1132/2829
f 3196/1104/2830 3228/1104/2830 3229/1106/2830 3197/1106/2830
f 3183/1078/2831 3215/1078/2831 3216/1080/2831 3184/1080/2831
f 3210/1132/2832 3242/1132/2832 3243/1134/2832 3211/1134/2832
f 3197/1106/2833 3229/1106/2833 3230/1108/2833 3198/1108/2833
f 3184/1080/2834 3216/1080/2834 3217/1082/2834 3185/1082/2834
f 3211/1134/2835 3243/1134/2835 3244/1136/2835 3212/1136/2835
f 3198/1108/2836 3230/1108/2836 3231/1110/2836 3199/1110/2836
f 3185/1082/2837 3217/1082/2837 3218/1084/2837 3186/1084/2837
f 3212/1136/2838 3244/1136/2838 3245/1170/2838 3213/1170/2838
f 3199/1110/2839 3231/1110/2839 3232/1112/2839 3200/1112/2839
f 3186/1084/2840 3218/1084/2840 3219/1086/2840 3187/1086/2840
f 3213/1170/2841 3245/1170/2841 3214/1172/2841 3182/1172/2841
f 3200/1112/2842 3232/1112/2842 3233/1114/2842 3201/1114/2842
f 3187/1086/2843 3219/1086/2843 3220/1088/2843 3188/1088/2843
f 3201/1114/2844 3233/1114/2844 3234/1116/2844 3202/1116/2844
f 3188/1088/2845 3220/1088/2845 3221/1090/2845 3189/1090/2845
f 3202/1116/2846 3234/1116/2846 3235/1118/2846 3203/1118/2846
f 3189/1090/2847 3221/1090/2847 3222/1092/2847 3190/1092/2847
f 3203/1118/2848 3235/1118/2848 3236/1120/2848 3204/1120/2848
f 3190/1092/2849 3222/1092/2849 3223/1094/2849 3191/1094/2849
f 3204/1120/2850 3236/1120/2850 3237/1122/2850 3205/1122/2850
f 3191/1094/2851 3223/1094/2851 3224/1096/2851 3192/1096/2851
f 3205/1122/2852 3237/1122/2852 3238/1124/2852 3206/1124/2852
f 3192/1096/2853 3224/1096/2853 3225/1098/2853 3193/1098/2853
f 3206/1124/2854 3238/1124/2854 3239/1126/2854 3207/1126/2854
f 3193/1098/2855 3225/1098/2855 3226/1100/2855 3194/1100/2855
f 3277/1170/2856 3309/1170/2856 3278/1172/2856 3246/1172/2856
f 3229/1106/2857 3261/1106/2857 3262/1108/2857 3230/1108/2857
f 3216/1080/2858 3248/1080/2858 3249/1082/2858 3217/1082/2858
f 3243/1134/2859 3275/1134/2859 3276/1136/2859 3244/1136/2859
f 3230/1108/2860 3262/1108/2860 3263/1110/2860 3231/1110/2860
f 3217/1082/2861 3249/1082/2861 3250/1084/2861 3218/1084/2861
f 3244/1136/2862 3276/1136/2862 3277/1170/2862 3245/1170/2862
f 3231/1110/2863 3263/1110/2863 3264/1112/2863 3232/1112/2863
f 3218/1084/2864 3250/1084/2864 3251/1086/2864 3219/1086/2864
f 3245/1170/2865 3277/1170/2865 3246/1172/2865 3214/1172/2865
f 3232/1112/2866 3264/1112/2866 3265/1114/2866 3233/1114/2866
f 3219/1086/2867 3251/1086/2867 3252/1088/2867 3220/1088/2867
f 3233/1114/2868 3265/1114/2868 3266/1116/2868 3234/1116/2868
f 3220/1088/2869 3252/1088/2869 3253/1090/2869 3221/1090/2869
f 3234/1116/2870 3266/1116/2870 3267/1118/2870 3235/1118/2870
f 3221/1090/2871 3253/1090/2871 3254/1092/2871 3222/1092/2871
f 3235/1118/2872 3267/1118/2872 3268/1120/2872 3236/1120/2872
f 3222/1092/2873 3254/1092/2873 3255/1094/2873 3223/1094/2873
f 3236/1120/2874 3268/1120/2874 3269/1122/2874 3237/1122/2874
f 3223/1094/2875 3255/1094/2875 3256/1096/2875 3224/1096/2875
f 3237/1122/2876 3269/1122/2876 3270/1124/2876 3238/1124/2876
f 3224/1096/2877 3256/1096/2877 3257/1098/2877 3225/1098/2877
f 3238/1124/2878 3270/1124/2878 3271/1126/2878 3239/1126/2878
f 3225/1098/2879 3257/1098/2879 3258/1100/2879 3226/1100/2879
f 3239/1126/2880 3271/1126/2880 3272/1128/2880 3240/1128/2880
f 3226/1100/2881 3258/1100/2881 3259/1102/2881 3227/1102/2881
f 3240/1128/2882 3272/1128/2882 3273/1130/2882 3241/1130/2882
f 3227/1102/2883 3259/1102/2883 3260/1104/2883 3228/1104/2883
f 3214/1075/2884 3246/1075/2884 3247/1078/2884 3215/1078/2884
f 3241/1130/2885 3273/1130/2885 3274/1132/2885 3242/1132/2885
f 3228/1104/2886 3260/1104/2886 3261/1106/2886 3229/1106/2886
f 3215/1078/2887 3247/1078/2887 3248/1080/2887 3216/1080/2887
f 3278/1173/2888 3309/1204/2888 3308/1203/2888 3307/1202/2888 3306/1201/2888 3305/1200/2888 3304/1199/2888 3303/1198/2888 3302/1197/2888 3301/1196/2888 3300/1195/2888 3299/1194/2888 3298/1193/2888 3297/1192/2888 3296/1191/2888 3295/1190/2888 3294/1189/2888 3293/1188/2888 3292/1187/2888 3291/1186/2888 3290/1185/2888 3289/1184/2888 3288/1183/2888 3287/1182/2888 3286/1181/2888 3285/1180/2888 3284/1179/2888 3283/1178/2888 3282/1177/2888 3281/1176/2888 3280/1175/2888 3279/1174/2888
f 3264/1112/2889 3296/1112/2889 3297/1114/2889 3265/1114/2889
f 3251/1086/2890 3283/1086/2890 3284/1088/2890 3252/1088/2890
f 3265/1114/2891 3297/1114/2891 3298/1116/2891 3266/1116/2891
f 3252/1088/2892 3284/1088/2892 3285/1090/2892 3253/1090/2892
f 3266/1116/2893 3298/1116/2893 3299/1118/2893 3267/1118/2893
f 3253/1090/2894 3285/1090/2894 3286/1092/2894 3254/1092/2894
f 3267/1118/2895 3299/1118/2895 3300/1120/2895 3268/1120/2895
f 3254/1092/2896 3286/1092/2896 3287/1094/2896 3255/1094/2896
f 3268/1120/2897 3300/1120/2897 3301/1122/2897 3269/1122/2897
f 3255/1094/2898 3287/1094/2898 3288/1096/2898 3256/1096/2898
f 3269/1122/2899 3301/1122/2899 3302/1124/2899 3270/1124/2899
f 3256/1096/2900 3288/1096/2900 3289/1098/2900 3257/1098/2900
f 3270/1124/2901 3302/1124/2901 3303/1126/2901 3271/1126/2901
f 3257/1098/2902 3289/1098/2902 3290/1100/2902 3258/1100/2902
f 3271/1126/2903 3303/1126/2903 3304/1128/2903 3272/1128/2903
f 3258/1100/2904 3290/1100/2904 3291/1102/2904 3259/1102/2904
f 3272/1128/2905 3304/1128/2905 3305/1130/2905 3273/1130/2905
f 3259/1102/2906 3291/1102/2906 3292/1104/2906 3260/1104/2906
f 3246/1075/2907 3278/1075/2907 3279/1078/2907 3247/1078/2907
f 3273/1130/2908 3305/1130/2908 3306/1132/2908 3274/1132/2908
f 3260/1104/2909 3292/1104/2909 3293/1106/2909 3261/1106/2909
f 3247/1078/2910 3279/1078/2910 3280/1080/2910 3248/1080/2910
f 3274/1132/2911 3306/1132/2911 3307/1134/2911 3275/1134/2911
f 3261/1106/2912 3293/1106/2912 3294/1108/2912 3262/1108/2912
f 3248/1080/2913 3280/1080/2913 3281/1082/2913 3249/1082/2913
f 3275/1134/2914 3307/1134/2914 3308/1136/2914 3276/1136/2914
f 3262/1108/2915 3294/1108/2915 3295/1110/2915 3263/1110/2915
f 3249/1082/2916 3281/1082/2916 3282/1084/2916 3250/1084/2916
f 3276/1136/2917 3308/1136/2917 3309/1170/2917 3277/1170/2917
f 3263/1110/2918 3295/1110/2918 3296/1112/2918 3264/1112/2918
f 3250/1084/2919 3282/1084/2919 3283/1086/2919 3251/1086/2919
f 3310/1205/2920 3312/1208/2920 3313/1207/2920 3311/1206/2920
f 3312/1208/2921 3314/1210/2921 3315/1209/2921 3313/1207/2921
f 3314/1210/2922 3316/1212/2922 3317/1211/2922 3315/1209/2922
f 3316/1212/2923 3318/1214/2923 3319/1213/2923 3317/1211/2923
f 3318/1214/2924 3320/1216/2924 3321/1215/2924 3319/1213/2924
f 3320/1216/2925 3322/1218/2925 3323/1217/2925 3321/1215/2925
f 3322/1218/2926 3324/1220/2926 3325/1219/2926 3323/1217/2926
f 3324/1220/2927 3326/1222/2927 3327/1221/2927 3325/1219/2927
f 3326/1222/2928 3328/1224/2928 3329/1223/2928 3327/1221/2928
f 3328/1224/2929 3330/1226/2929 3331/1225/2929 3329/1223/2929
f 3330/1226/2930 3332/1228/2930 3333/1227/2930 3331/1225/2930
f 3332/1228/2931 3334/1230/2931 3335/1229/2931 3333/1227/2931
f 3334/1230/2932 3336/1232/2932 3337/1231/2932 3335/1229/2932
f 3336/1232/2933 3338/1234/2933 3339/1233/2933 3337/1231/2933
f 3338/1234/2934 3340/1236/2934 3341/1235/2934 3339/1233/2934
f 3340/1236/2935 3342/1238/2935 3343/1237/2935 3341/1235/2935
f 3342/1238/2936 3344/1240/2936 3345/1239/2936 3343/1237/2936
f 3344/1240/2937 3346/1242/2937 3347/1241/2937 3345/1239/2937
f 3346/1242/2938 3348/1244/2938 3349/1243/2938 3347/1241/2938
f 3348/1244/2939 3350/1246/2939 3351/1245/2939 3349/1243/2939
f 3350/1246/2940 3352/1248/2940 3353/1247/2940 3351/1245/2940
f 3352/1248/2941 3354/1250/2941 3355/1249/2941 3353/1247/2941
f 3354/1250/2942 3356/1252/2942 3357/1251/2942 3355/1249/2942
f 3356/1252/2943 3358/1254/2943 3359/1253/2943 3357/1251/2943
f 3358/1254/2944 3360/1256/2944 3361/1255/2944 3359/1253/2944
f 3360/1256/2945 3362/1258/2945 3363/1257/2945 3361/1255/2945
f 3362/1258/2946 3364/1260/2946 3365/1259/2946 3363/1257/2946
f 3364/1260/2947 3366/1262/2947 3367/1261/2947 3365/1259/2947
f 3366/1262/2948 3368/1264/2948 3369/1263/2948 3367/1261/2948
f 3368/1264/2949 3370/1266/2949 3371/1265/2949 3369/1263/2949
f 3313/1267/2950 3315/1298/2950 3317/1297/2950 3319/1296/2950 3321/1295/2950 3323/1294/2950 3325/1293/2950 3327/1292/2950 3329/1291/2950 3331/1290/2950 3333/1289/2950 3335/1288/2950 3337/1287/2950 3339/1286/2950 3341/1285/2950 3343/1284/2950 3345/1283/2950 3347/1282/2950 3349/1281/2950 3351/1280/2950 3353/1279/2950 3355/1278/2950 3357/1277/2950 3359/1276/2950 3361/1275/2950 3363/1274/2950 3365/1273/2950 3367/1272/2950 3369/1271/2950 3371/1270/2950 3373/1269/2950 3311/1268/2950
f 3370/1266/2951 3372/1300/2951 3373/1299/2951 3371/1265/2951
f 3372/1300/2952 3310/1302/2952 3311/1301/2952 3373/1299/2952
f 3336/1232/2953 3387/1232/2953 3388/1234/2953 3338/1234/2953
f 3399/1256/2954 3431/1256/2954 3432/1258/2954 3400/1258/2954
f 3354/1250/2955 3396/1250/2955 3397/1252/2955 3356/1252/2955
f 3310/1205/2956 3374/1205/2956 3375/1208/2956 3312/1208/2956
f 3372/1300/2957 3405/1300/2957 3374/1302/2957 3310/1302/2957
f 3328/1224/2958 3383/1224/2958 3384/1226/2958 3330/1226/2958
f 3346/1242/2959 3392/1242/2959 3393/1244/2959 3348/1244/2959
f 3364/1260/2960 3401/1260/2960 3402/1262/2960 3366/1262/2960
f 3320/1216/2961 3379/1216/2961 3380/1218/2961 3322/1218/2961
f 3338/1234/2962 3388/1234/2962 3389/1236/2962 3340/1236/2962
f 3356/1252/2963 3397/1252/2963 3398/1254/2963 3358/1254/2963
f 3312/1208/2964 3375/1208/2964 3376/1210/2964 3314/1210/2964
f 3330/1226/2965 3384/1226/2965 3385/1228/2965 3332/1228/2965
f 3348/1244/2966 3393/1244/2966 3394/1246/2966 3350/1246/2966
f 3366/1262/2967 3402/1262/2967 3403/1264/2967 3368/1264/2967
f 3322/1218/2968 3380/1218/2968 3381/1220/2968 3324/1220/2968
f 3340/1236/2969 3389/1236/2969 3390/1238/2969 3342/1238/2969
f 3358/1254/2970 3398/1254/2970 3399/1256/2970 3360/1256/2970
f 3314/1210/2971 3376/1210/2971 3377/1212/2971 3316/1212/2971
f 3332/1228/2972 3385/1228/2972 3386/1230/2972 3334/1230/2972
f 3350/1246/2973 3394/1246/2973 3395/1248/2973 3352/1248/2973
f 3368/1264/2974 3403/1264/2974 3404/1266/2974 3370/1266/2974
f 3324/1220/2975 3381/1220/2975 3382/1222/2975 3326/1222/2975
f 3342/1238/2976 3390/1238/2976 3391/1240/2976 3344/1240/2976
f 3360/1256/2977 3399/1256/2977 3400/1258/2977 3362/1258/2977
f 3316/1212/2978 3377/1212/2978 3378/1214/2978 3318/1214/2978
f 3334/1230/2979 3386/1230/2979 3387/1232/2979 3336/1232/2979
f 3352/1248/2980 3395/1248/2980 3396/1250/2980 3354/1250/2980
f 3370/1266/2981 3404/1266/2981 3405/1300/2981 3372/1300/2981
f 3326/1222/2982 3382/1222/2982 3383/1224/2982 3328/1224/2982
f 3344/1240/2983 3391/1240/2983 3392/1242/2983 3346/1242/2983
f 3362/1258/2984 3400/1258/2984 3401/1260/2984 3364/1260/2984
f 3318/1214/2985 3378/1214/2985 3379/1216/2985 3320/1216/2985
f 3434/1262/2986 3466/1262/2986 3467/1264/2986 3435/1264/2986
f 3386/1230/2987 3418/1230/2987 3419/1232/2987 3387/1232/2987
f 3400/1258/2988 3432/1258/2988 3433/1260/2988 3401/1260/2988
f 3387/1232/2989 3419/1232/2989 3420/1234/2989 3388/1234/2989
f 3374/1205/2990 3406/1205/2990 3407/1208/2990 3375/1208/2990
f 3401/1260/2991 3433/1260/2991 3434/1262/2991 3402/1262/2991
f 3388/1234/2992 3420/1234/2992 3421/1236/2992 3389/1236/2992
f 3375/1208/2993 3407/1208/2993 3408/1210/2993 3376/1210/2993
f 3402/1262/2994 3434/1262/2994 3435/1264/2994 3403/1264/2994
f 3389/1236/2995 3421/1236/2995 3422/1238/2995 3390/1238/2995
f 3376/1210/2996 3408/1210/2996 3409/1212/2996 3377/1212/2996
f 3403/1264/2997 3435/1264/2997 3436/1266/2997 3404/1266/2997
f 3390/1238/2998 3422/1238/2998 3423/1240/2998 3391/1240/2998
f 3377/1212/2999 3409/1212/2999 3410/1214/2999 3378/1214/2999
f 3404/1266/3000 3436/1266/3000 3437/1300/3000 3405/1300/3000
f 3391/1240/3001 3423/1240/3001 3424/1242/3001 3392/1242/3001
f 3378/1214/3002 3410/1214/3002 3411/1216/3002 3379/1216/3002
f 3405/1300/3003 3437/1300/3003 3406/1302/3003 3374/1302/3003
f 3392/1242/3004 3424/1242/3004 3425/1244/3004 3393/1244/3004
f 3379/1216/3005 3411/1216/3005 3412/1218/3005 3380/1218/3005
f 3393/1244/3006 3425/1244/3006 3426/1246/3006 3394/1246/3006
f 3380/1218/3007 3412/1218/3007 3413/1220/3007 3381/1220/3007
f 3394/1246/3008 3426/1246/3008 3427/1248/3008 3395/1248/3008
f 3381/1220/3009 3413/1220/3009 3414/1222/3009 3382/1222/3009
f 3395/1248/3010 3427/1248/3010 3428/1250/3010 3396/1250/3010
f 3382/1222/3011 3414/1222/3011 3415/1224/3011 3383/1224/3011
f 3396/1250/3012 3428/1250/3012 3429/1252/3012 3397/1252/3012
f 3383/1224/3013 3415/1224/3013 3416/1226/3013 3384/1226/3013
f 3397/1252/3014 3429/1252/3014 3430/1254/3014 3398/1254/3014
f 3384/1226/3015 3416/1226/3015 3417/1228/3015 3385/1228/3015
f 3398/1254/3016 3430/1254/3016 3431/1256/3016 3399/1256/3016
f 3385/1228/3017 3417/1228/3017 3418/1230/3017 3386/1230/3017
f 3469/1300/3018 3501/1300/3018 3470/1302/3018 3438/1302/3018
f 3421/1236/3019 3453/1236/3019 3454/1238/3019 3422/1238/3019
f 3408/1210/3020 3440/1210/3020 3441/1212/3020 3409/1212/3020
f 3435/1264/3021 3467/1264/3021 3468/1266/3021 3436/1266/3021
f 3422/1238/3022 3454/1238/3022 3455/1240/3022 3423/1240/3022
f 3409/1212/3023 3441/1212/3023 3442/1214/3023 3410/1214/3023
f 3436/1266/3024 3468/1266/3024 3469/1300/3024 3437/1300/3024
f 3423/1240/3025 3455/1240/3025 3456/1242/3025 3424/1242/3025
f 3410/1214/3026 3442/1214/3026 3443/1216/3026 3411/1216/3026
f 3437/1300/3027 3469/1300/3027 3438/1302/3027 3406/1302/3027
f 3424/1242/3028 3456/1242/3028 3457/1244/3028 3425/1244/3028
f 3411/1216/3029 3443/1216/3029 3444/1218/3029 3412/1218/3029
f 3425/1244/3030 3457/1244/3030 3458/1246/3030 3426/1246/3030
f 3412/1218/3031 3444/1218/3031 3445/1220/3031 3413/1220/3031
f 3426/1246/3032 3458/1246/3032 3459/1248/3032 3427/1248/3032
f 3413/1220/3033 3445/1220/3033 3446/1222/3033 3414/1222/3033
f 3427/1248/3034 3459/1248/3034 3460/1250/3034 3428/1250/3034
f 3414/1222/3035 3446/1222/3035 3447/1224/3035 3415/1224/3035
f 3428/1250/3036 3460/1250/3036 3461/1252/3036 3429/1252/3036
f 3415/1224/3037 3447/1224/3037 3448/1226/3037 3416/1226/3037
f 3429/1252/3038 3461/1252/3038 3462/1254/3038 3430/1254/3038
f 3416/1226/3039 3448/1226/3039 3449/1228/3039 3417/1228/3039
f 3430/1254/3040 3462/1254/3040 3463/1256/3040 3431/1256/3040
f 3417/1228/3041 3449/1228/3041 3450/1230/3041 3418/1230/3041
f 3431/1256/3042 3463/1256/3042 3464/1258/3042 3432/1258/3042
f 3418/1230/3043 3450/1230/3043 3451/1232/3043 3419/1232/3043
f 3432/1258/3044 3464/1258/3044 3465/1260/3044 3433/1260/3044
f 3419/1232/3045 3451/1232/3045 3452/1234/3045 3420/1234/3045
f 3406/1205/3046 3438/1205/3046 3439/1208/3046 3407/1208/3046
f 3433/1260/3047 3465/1260/3047 3466/1262/3047 3434/1262/3047
f 3420/1234/3048 3452/1234/3048 3453/1236/3048 3421/1236/3048
f 3407/1208/3049 3439/1208/3049 3440/1210/3049 3408/1210/3049
f 3470/1303/3050 3501/1334/3050 3500/1333/3050 3499/1332/3050 3498/1331/3050 3497/1330/3050 3496/1329/3050 3495/1328/3050 3494/1327/3050 3493/1326/3050 3492/1325/3050 3491/1324/3050 3490/1323/3050 3489/1322/3050 3488/1321/3050 3487/1320/3050 3486/1319/3050 3485/1318/3050 3484/1317/3050 3483/1316/3050 3482/1315/3050 3481/1314/3050 3480/1313/3050 3479/1312/3050 3478/1311/3050 3477/1310/3050 3476/1309/3050 3475/1308/3050 3474/1307/3050 3473/1306/3050 3472/1305/3050 3471/1304/3050
f 3456/1242/3051 3488/1242/3051 3489/1244/3051 3457/1244/3051
f 3443/1216/3052 3475/1216/3052 3476/1218/3052 3444/1218/3052
f 3457/1244/3053 3489/1244/3053 3490/1246/3053 3458/1246/3053
f 3444/1218/3054 3476/1218/3054 3477/1220/3054 3445/1220/3054
f 3458/1246/3055 3490/1246/3055 3491/1248/3055 3459/1248/3055
f 3445/1220/3056 3477/1220/3056 3478/1222/3056 3446/1222/3056
f 3459/1248/3057 3491/1248/3057 3492/1250/3057 3460/1250/3057
f 3446/1222/3058 3478/1222/3058 3479/1224/3058 3447/1224/3058
f 3460/1250/3059 3492/1250/3059 3493/1252/3059 3461/1252/3059
f 3447/1224/3060 3479/1224/3060 3480/1226/3060 3448/1226/3060
f 3461/1252/3061 3493/1252/3061 3494/1254/3061 3462/1254/3061
f 3448/1226/3062 3480/1226/3062 3481/1228/3062 3449/1228/3062
f 3462/1254/3063 3494/1254/3063 3495/1256/3063 3463/1256/3063
f 3449/1228/3064 3481/1228/3064 3482/1230/3064 3450/1230/3064
f 3463/1256/3065 3495/1256/3065 3496/1258/3065 3464/1258/3065
f 3450/1230/3066 3482/1230/3066 3483/1232/3066 3451/1232/3066
f 3464/1258/3067 3496/1258/3067 3497/1260/3067 3465/1260/3067
f 3451/1232/3068 3483/1232/3068 3484/1234/3068 3452/1234/3068
f 3438/1205/3069 3470/1205/3069 3471/1208/3069 3439/1208/3069
f 3465/1260/3070 3497/1260/3070 3498/1262/3070 3466/1262/3070
f 3452/1234/3071 3484/1234/3071 3485/1236/3071 3453/1236/3071
f 3439/1208/3072 3471/1208/3072 3472/1210/3072 3440/1210/3072
f 3466/1262/3073 3498/1262/3073 3499/1264/3073 3467/1264/3073
f 3453/1236/3074 3485/1236/3074 3486/1238/3074 3454/1238/3074
f 3440/1210/3075 3472/1210/3075 3473/1212/3075 3441/1212/3075
f 3467/1264/3076 3499/1264/3076 3500/1266/3076 3468/1266/3076
f 3454/1238/3077 3486/1238/3077 3487/1240/3077 3455/1240/3077
f 3441/1212/3078 3473/1212/3078 3474/1214/3078 3442/1214/3078
f 3468/1266/3079 3500/1266/3079 3501/1300/3079 3469/1300/3079
f 3455/1240/3080 3487/1240/3080 3488/1242/3080 3456/1242/3080
f 3442/1214/3081 3474/1214/3081 3475/1216/3081 3443/1216/3081
