# Blender 5.0.1
# www.blender.org
o Grapes
v 0.134069 0.348986 -0.139259
v 0.474296 0.323672 0.041572
v 0.192934 0.572158 0.193493
v -0.021144 0.725709 -0.121445
v 0.127630 0.571749 -0.467992
v 0.444703 0.330842 -0.367892
v 0.516517 0.665638 0.171743
v 0.205300 0.910815 0.071295
v 0.169776 0.913617 -0.337818
v 0.472577 0.699167 -0.490691
v 0.687041 0.546118 -0.175773
v 0.556734 0.959442 -0.159117
v 0.132408 0.429113 0.058053
v 0.301375 0.288293 -0.031411
v 0.334463 0.416322 0.164231
v 0.480960 0.274363 -0.165637
v 0.283980 0.292507 -0.272086
v 0.006303 0.519013 -0.127048
v 0.040456 0.650867 0.068582
v 0.097501 0.433965 -0.330918
v 0.004763 0.652260 -0.320393
v 0.277082 0.420031 -0.465146
v 0.613413 0.382752 -0.052308
v 0.596019 0.386966 -0.292985
v 0.364765 0.621534 0.240421
v 0.523933 0.470127 0.151481
v 0.054731 0.856530 -0.003634
v 0.180560 0.766272 0.181484
v 0.116417 0.761783 -0.447552
v 0.035066 0.857473 -0.244204
v 0.469914 0.476865 -0.478089
v 0.283631 0.618583 -0.536930
v 0.652701 0.609193 0.023603
v 0.369428 0.820711 0.168785
v 0.165752 0.966641 -0.130734
v 0.322768 0.844828 -0.461009
v 0.624556 0.616012 -0.365822
v 0.567226 0.837195 0.033773
v 0.683339 0.788057 -0.171269
v 0.380753 0.978661 -0.025059
v 0.363358 0.982875 -0.265734
v 0.557234 0.877957 -0.356369
v 0.705165 3.848241 -0.387314
v 1.187686 4.216850 -0.036746
v 0.520862 4.216850 0.179922
v 0.108737 4.216853 -0.387314
v 0.520862 4.216850 -0.954550
v 1.187686 4.216850 -0.737882
v 0.889468 4.832693 0.179922
v 0.222644 4.820948 -0.036746
v 0.222644 4.832693 -0.737882
v 0.889468 4.951526 -0.954550
v 1.301593 4.951523 -0.387314
v 0.705165 5.432393 -0.387314
v 0.596835 3.947829 -0.053904
v 0.988782 3.947829 -0.181257
v 0.880453 4.164492 0.152157
v 1.272400 4.164493 -0.387314
v 0.988782 3.947829 -0.593372
v 0.354594 3.947830 -0.387314
v 0.246262 4.164493 -0.053903
v 0.596835 3.947829 -0.720725
v 0.246262 4.164493 -0.720726
v 0.880453 4.164492 -0.926785
v 1.339357 4.530000 -0.181256
v 1.339356 4.530000 -0.593372
v 0.705165 4.515068 0.279513
v 1.097117 4.515069 0.152160
v 0.070974 4.515069 -0.181256
v 0.313213 4.515068 0.152160
v 0.313214 4.515069 -0.926789
v 0.070974 4.515068 -0.593372
v 1.097116 4.529999 -0.926789
v 0.705165 4.529999 -1.054142
v 1.164069 4.981037 -0.053903
v 0.529877 4.885052 0.152157
v 0.137930 4.885050 -0.387314
v 0.529877 4.981038 -0.926785
v 1.164069 4.981038 -0.720726
v 0.813495 5.220549 -0.053904
v 1.055736 5.332803 -0.387314
v 0.421548 5.220549 -0.181257
v 0.421548 5.220549 -0.593372
v 0.813495 5.332805 -0.720725
v 0.229661 4.832956 0.644249
v 0.676525 5.231862 0.765794
v 0.125660 5.402383 0.912347
v -0.244148 5.190073 0.497405
v 0.080397 4.912444 0.083012
v 0.649467 4.938980 0.248555
v 0.482764 5.877454 0.674304
v -0.086881 5.844698 0.511649
v -0.113681 5.554604 -0.006855
v 0.447397 5.494627 -0.153604
v 0.817026 5.705005 0.262252
v 0.352328 6.160739 0.153083
v 0.159132 5.065921 0.849915
v 0.483460 4.971534 0.761012
v 0.422295 5.305835 0.918786
v 0.730011 5.031641 0.529476
v 0.467757 4.801559 0.455961
v -0.057696 4.946971 0.603259
v -0.118864 5.281271 0.761031
v 0.133307 4.786376 0.358462
v -0.145598 4.991894 0.274223
v 0.380135 4.849489 0.125502
v 0.822762 5.419753 0.536272
v 0.806850 5.247518 0.232288
v 0.308016 5.681098 0.866969
v 0.631140 5.573637 0.784246
v -0.244473 5.533888 0.528990
v -0.026438 5.665917 0.769471
v -0.070121 5.193081 -0.016026
v -0.261075 5.354185 0.228535
v 0.589998 5.128302 -0.014248
v 0.255526 5.112929 -0.111656
v 0.716345 5.880114 0.485639
v 0.184426 5.955563 0.624600
v -0.166709 5.759788 0.227065
v 0.149178 5.574032 -0.162639
v 0.690105 5.596084 -0.003696
v 0.440312 6.116720 0.408785
v 0.640442 6.054926 0.190197
v 0.106063 6.103723 0.310253
v 0.090415 5.934344 0.004921
v 0.422801 5.927176 -0.052300
v -0.277901 5.145227 -0.656522
v 0.202683 5.110000 -0.206465
v -0.328735 5.536481 -0.088601
v -0.541727 5.787716 -0.707569
v -0.142415 5.515869 -1.208064
v 0.335873 5.110000 -0.894835
v 0.214442 5.698002 0.016496
v -0.254037 6.111197 -0.294835
v -0.130781 6.103704 -0.985126
v 0.436409 5.735475 -1.096069
v 0.650045 5.485099 -0.476977
v 0.427797 6.190240 -0.519979
v -0.368332 5.287805 -0.334425
v -0.049986 5.046088 -0.402544
v -0.082383 5.270677 -0.069215
v 0.305761 5.019788 -0.543591
v 0.028300 5.046088 -0.807155
v -0.493982 5.434869 -0.698331
v -0.524618 5.665995 -0.364663
v -0.253012 5.284405 -0.991300
v -0.410592 5.656685 -1.021791
v 0.102731 5.258099 -1.132351
v 0.473777 5.209216 -0.301202
v 0.552064 5.209216 -0.705814
v -0.066284 5.623517 0.063618
v 0.235674 5.363664 -0.007672
v -0.468987 6.015127 -0.483615
v -0.343799 5.867449 -0.119793
v -0.169987 5.840831 -1.185122
v -0.394492 6.009527 -0.888960
v 0.426416 5.356278 -1.069726
v 0.145432 5.595042 -1.253807
v 0.504815 5.598364 -0.165481
v -0.026758 5.961516 -0.058453
v -0.229452 6.200275 -0.647148
v 0.176217 5.983854 -1.118132
v 0.631487 5.598364 -0.820163
v 0.359367 5.987263 -0.193625
v 0.641939 5.898274 -0.478545
v 0.078066 6.225594 -0.377768
v 0.156353 6.225594 -0.782378
v 0.516289 6.045339 -0.842451
v -0.183689 7.256319 1.821079
v 0.124755 7.256319 1.906301
v 0.255511 7.464447 1.684336
v -0.063058 7.464448 1.690874
v 0.613912 5.663801 -0.344759
v 0.927766 5.580990 -0.305172
v 0.991311 5.757295 -0.569265
v 0.677457 5.840106 -0.608852
v 0.009147 7.095474 1.561572
v 0.199419 7.095473 1.630566
v 0.237642 7.263970 1.525155
v 0.047369 7.263970 1.456161
v -0.195035 7.373580 1.765281
v -0.066857 7.167196 1.896599
v 0.280637 7.373580 1.869178
v 0.052868 7.500448 1.659341
v 0.602489 5.759871 -0.247741
v 0.758924 5.589339 -0.275449
v 0.919250 5.717803 -0.174946
v 1.018386 5.653615 -0.429796
v 0.986346 5.943900 -0.398455
v 0.846298 5.831757 -0.638574
v 0.669586 5.985967 -0.471250
v 0.586837 5.767480 -0.484228
v 0.097116 7.063881 1.615834
v 0.254206 7.179722 1.590796
v 0.149672 7.295564 1.470893
v -0.007418 7.179722 1.495930
v 0.558815 5.541238 -0.397181
v 0.860840 5.414660 -0.384350
v 0.909930 5.537480 -0.681138
v 0.607904 5.664057 -0.693970
v 0.072464 7.401273 1.799457
v 0.748289 5.696445 -0.169436
v 1.012190 5.822964 -0.273052
v 0.840546 6.007327 -0.476761
v 0.576645 5.880807 -0.373145
v 0.700624 5.454922 -0.335118
v 0.942015 5.452338 -0.530339
v 0.768121 5.623797 -0.743202
v 0.526730 5.626380 -0.547982
v -0.027737 4.620457 -0.612018
v 0.275409 4.498127 -0.615215
v 0.294886 4.542723 -0.920554
v -0.008260 4.665053 -0.917357
v 0.120184 4.550931 -0.556366
v 0.341987 4.497488 -0.768484
v 0.146965 4.612249 -0.976207
v -0.074839 4.665692 -0.764089
v 1.741463 5.062642 0.264502
v 1.702782 5.573802 0.563110
v 1.279827 5.162215 0.623562
v 1.194598 4.907839 0.094430
v 1.564884 5.162215 -0.293040
v 1.878956 5.573802 -0.003376
v 1.120562 5.746149 0.574032
v 0.813413 5.327765 0.286521
v 0.982664 5.334563 -0.282117
v 1.335581 5.814923 -0.364352
v 1.420810 6.069299 0.164781
v 0.807781 5.979465 -0.025868
v 1.539124 5.053413 0.497010
v 1.787729 5.295336 0.461477
v 1.516387 5.353865 0.672528
v 1.868544 5.595788 0.304023
v 1.891281 5.295336 0.128507
v 1.489027 4.903895 0.185996
v 1.217683 4.962421 0.397045
v 1.706675 5.053413 -0.041751
v 1.385235 4.962421 -0.141718
v 1.787491 5.353865 -0.199208
v 1.638345 5.848652 0.415020
v 1.741897 5.848652 0.082049
v 1.180889 5.448566 0.681041
v 1.429497 5.690492 0.645509
v 0.946187 5.057122 0.199763
v 0.996281 5.206641 0.510782
v 1.267387 5.206641 -0.360960
v 1.049739 5.057122 -0.133208
v 1.691803 5.699133 -0.228969
v 1.507195 5.457208 -0.399228
v 1.243637 6.001496 0.405116
v 0.897954 5.554500 0.480200
v 0.816902 5.312576 -0.023031
v 1.112486 5.610051 -0.409130
v 1.411189 6.001496 -0.133647
v 0.908731 5.923727 0.300961
v 1.060217 6.138213 0.052639
v 0.724126 5.681804 0.130703
v 0.827678 5.681804 -0.202267
v 1.010120 5.988694 -0.258375
v 0.612537 5.311183 -1.035791
v 1.036873 5.074014 -0.715432
v 0.567653 5.338021 -0.427454
v 0.379591 5.815984 -0.773063
v 0.732166 5.846938 -1.275005
v 1.154474 5.396440 -1.230663
v 1.047255 5.409690 -0.273135
v 0.633608 5.864783 -0.312624
v 0.742438 6.182500 -0.832804
v 1.243242 5.958852 -1.088317
v 1.431874 5.481474 -0.742212
v 1.235638 6.029401 -0.444117
v 0.532690 5.267033 -0.727926
v 0.813776 5.118020 -0.892129
v 0.785171 5.129991 -0.537444
v 1.127886 5.164400 -1.010018
v 0.882900 5.307535 -1.194973
v 0.421746 5.547558 -0.931418
v 0.394697 5.564265 -0.573418
v 0.634513 5.572162 -1.221177
v 0.495377 5.865088 -1.069626
v 0.948619 5.618540 -1.339072
v 1.276237 5.192649 -0.739869
v 1.345361 5.382166 -1.042714
v 0.799386 5.331868 -0.272754
v 1.066002 5.170764 -0.447826
v 0.443817 5.881299 -0.498921
v 0.554352 5.600354 -0.295778
v 0.707821 6.079421 -1.105624
v 0.509593 6.066967 -0.804937
v 1.234419 5.662692 -1.246212
v 0.986321 5.927623 -1.272159
v 1.303642 5.420349 -0.456012
v 0.834286 5.642030 -0.205806
v 0.655316 6.096476 -0.534601
v 1.013504 6.155094 -0.988493
v 1.415488 5.726995 -0.946028
v 1.175218 5.724615 -0.294920
v 1.424717 5.791461 -0.549859
v 0.926841 5.989252 -0.321116
v 0.995964 6.178768 -0.623959
v 1.313773 6.071987 -0.753352
v -0.406289 3.897217 0.315768
v 0.021161 4.329619 0.498352
v -0.552752 4.537608 0.402093
v -0.787895 4.221762 -0.074197
v -0.351168 3.840117 -0.287852
v 0.149091 3.907412 0.065549
v -0.082138 4.958900 0.194222
v -0.584478 4.886034 -0.155215
v -0.455625 4.466331 -0.589768
v 0.137588 4.369880 -0.515473
v 0.372079 4.683998 -0.037935
v -0.005398 5.117309 -0.411603
v -0.526707 4.182701 0.432149
v -0.187401 4.065671 0.484958
v -0.273623 4.441726 0.535958
v 0.138296 4.069687 0.339311
v -0.111472 3.819450 0.229161
v -0.662950 4.002275 0.148424
v -0.749176 4.378329 0.199421
v -0.405375 3.780266 0.021172
v -0.631160 3.967105 -0.205214
v -0.078663 3.786967 -0.126418
v 0.258989 4.463115 0.289541
v 0.334156 4.214873 0.035200
v -0.335750 4.807843 0.359881
v -0.000852 4.679127 0.421129
v -0.770310 4.576542 -0.123401
v -0.629657 4.768659 0.151890
v -0.440259 4.099161 -0.499852
v -0.697664 4.321626 -0.372922
v 0.197826 4.034206 -0.248357
v -0.096145 3.994853 -0.456225
v 0.211260 4.915419 0.097821
v -0.349512 5.025582 0.022960
v -0.571068 4.730687 -0.433979
v -0.143625 4.447821 -0.648422
v 0.331079 4.508975 -0.310265
v -0.011671 5.135445 -0.127686
v 0.254031 5.019580 -0.249550
v -0.304837 5.098216 -0.337086
v -0.228706 4.852526 -0.593267
v 0.114818 4.831289 -0.527597
v 0.127147 4.155384 -1.560452
v 0.745379 4.524603 -1.503099
v 0.437959 4.338913 -0.898543
v -0.257601 4.381814 -0.992539
v -0.377584 4.622787 -1.642294
v 0.242366 4.711876 -1.957454
v 0.747052 5.029223 -0.877275
v 0.126428 4.932754 -0.565465
v -0.376262 5.123311 -1.018305
v -0.019966 5.398302 -1.540091
v 0.675395 5.353095 -1.447129
v 0.361554 5.628208 -0.788192
v 0.299415 4.141858 -1.225820
v 0.480709 4.257974 -1.578041
v 0.663360 4.365373 -1.189196
v 0.548207 4.582431 -1.812575
v 0.185270 4.370646 -1.843939
v -0.108825 4.174045 -1.277943
v 0.073822 4.281444 -0.889096
v -0.179081 4.318775 -1.658472
v -0.405683 4.446630 -1.327008
v -0.111278 4.646821 -1.891399
v 0.774277 4.910243 -1.559768
v 0.478606 5.020218 -1.826875
v 0.663893 4.656986 -0.823609
v 0.843851 4.757500 -1.182827
v -0.110045 4.621699 -0.697260
v 0.299538 4.605114 -0.638138
v -0.476795 4.866889 -1.349166
v -0.406481 4.722763 -0.968363
v 0.070336 5.052093 -1.879143
v -0.294039 4.999994 -1.693775
v 0.813396 5.269509 -1.129858
v 0.482261 5.023315 -0.620086
v -0.178619 5.071448 -0.706197
v -0.254843 5.360143 -1.263467
v 0.334438 5.441076 -1.564910
v 0.605907 5.416387 -0.771740
v 0.598366 5.619333 -1.066314
v 0.241779 5.367125 -0.585103
v -0.053598 5.480507 -0.850682
v 0.189225 5.641019 -1.123144
v 0.728771 3.844735 -1.249294
v 1.209354 3.576127 -0.886470
v 0.677937 3.875130 -0.560317
v 0.464945 4.416451 -0.951740
v 0.864257 4.451509 -1.520218
v 1.342545 3.941293 -1.469999
v 1.221113 3.956299 -0.385542
v 0.752635 4.471718 -0.430266
v 0.875890 4.831552 -1.019400
v 1.443080 4.578257 -1.308783
v 1.656716 4.037599 -0.916799
v 1.434469 4.658158 -0.579189
v 0.638339 3.794732 -0.900619
v 0.956685 3.625965 -1.086589
v 0.924289 3.639524 -0.684887
v 1.312433 3.678494 -1.220106
v 1.034972 3.840603 -1.429577
v 0.512689 4.112443 -1.131086
v 0.482053 4.131364 -0.725630
v 0.753660 4.140309 -1.459254
v 0.596079 4.472064 -1.287615
v 1.109402 4.192834 -1.592777
v 1.480449 3.710489 -0.914146
v 1.558736 3.925127 -1.257135
v 0.940387 3.868161 -0.385110
v 1.242346 3.685702 -0.583389
v 0.537685 4.490424 -0.641258
v 0.662872 4.172237 -0.411186
v 0.836684 4.714808 -1.328384
v 0.612180 4.700705 -0.987839
v 1.433087 4.242839 -1.487608
v 1.152103 4.542889 -1.516995
v 1.511487 3.968372 -0.592661
v 0.979913 4.219439 -0.309288
v 0.777219 4.734124 -0.681667
v 1.182888 4.800512 -1.195727
v 1.638159 4.315666 -1.147632
v 1.366039 4.312970 -0.410215
v 1.648611 4.388678 -0.698948
v 1.084737 4.612687 -0.439883
v 1.163024 4.827324 -0.782871
v 1.522961 4.706389 -0.929416
v -0.113169 0.858142 -0.544370
v 0.467806 0.814916 -0.235580
v -0.012651 1.239233 0.023841
v -0.378212 1.501437 -0.513950
v -0.124164 1.238535 -1.105717
v 0.417272 0.827159 -0.934785
v 0.539903 1.398860 -0.013299
v 0.008465 1.817526 -0.184826
v -0.052196 1.822312 -0.883430
v 0.464871 1.456114 -1.144479
v 0.831091 1.194767 -0.606720
v 0.608577 1.900562 -0.578280
v -0.116006 0.994968 -0.207438
v 0.172524 0.754501 -0.360207
v 0.229025 0.973126 -0.026127
v 0.479184 0.730715 -0.589413
v 0.142821 0.761698 -0.771186
v -0.331343 1.148482 -0.523518
v -0.273023 1.373636 -0.189458
v -0.175613 1.003252 -0.871647
v -0.333974 1.376016 -0.853676
v 0.131042 0.979459 -1.100856
v 0.705363 0.915801 -0.395891
v 0.675660 0.922997 -0.806873
v 0.280770 1.323548 0.103977
v 0.552566 1.065004 -0.047899
v -0.248648 1.724829 -0.312775
v -0.033781 1.570703 0.003334
v -0.143312 1.563037 -1.070812
v -0.282228 1.726440 -0.723574
v 0.460322 1.076509 -1.122958
v 0.142224 1.318509 -1.223436
v 0.772451 1.302474 -0.266264
v 0.288732 1.663665 -0.018351
v -0.059067 1.912856 -0.529812
v 0.209055 1.704847 -1.093793
v 0.724391 1.314118 -0.931251
v 0.626493 1.691812 -0.248899
v 0.824770 1.607904 -0.599029
v 0.308070 1.933380 -0.349360
v 0.278367 1.940577 -0.760340
v 0.609432 1.761418 -0.915109
v -0.664259 1.356555 -1.251195
v -0.179203 1.656124 -1.508494
v -0.297889 1.788085 -0.926067
v -0.902531 1.777978 -0.855144
v -1.156313 1.666873 -1.397452
v -0.709234 1.592357 -1.801349
v -0.115538 2.309816 -1.277884
v -0.562972 2.377360 -0.873057
v -1.092822 2.316707 -1.166314
v -0.927659 2.287944 -1.738926
v -0.323115 2.295877 -1.809551
v -0.490181 2.794040 -1.385237
v -0.454039 1.495829 -1.044435
v -0.383983 1.424833 -1.387673
v -0.168655 1.678030 -1.196508
v -0.410529 1.560948 -1.710704
v -0.695415 1.389798 -1.560143
v -0.809143 1.496457 -1.003645
v -0.593818 1.749655 -0.812478
v -0.958179 1.434063 -1.322803
v -1.098455 1.676835 -1.089334
v -0.984577 1.573557 -1.646299
v -0.210772 1.917001 -1.721749
v -0.522320 1.879426 -1.893872
v -0.131469 2.057544 -1.060327
v -0.062069 1.971849 -1.401556
v -0.750000 2.087737 -0.780185
v -0.394234 2.101810 -0.822984
v -1.210992 1.978801 -1.270240
v -1.061924 2.041765 -0.951158
v -0.877440 1.879756 -1.853045
v -1.140216 1.923807 -1.615672
v -0.136761 2.375418 -1.577325
v -0.286552 2.420190 -1.031397
v -0.861287 2.417484 -0.964894
v -1.066165 2.383058 -1.471361
v -0.641129 2.308610 -1.855005
v -0.258119 2.644199 -1.337261
v -0.344884 2.663357 -1.634049
v -0.520773 2.690922 -1.100258
v -0.832176 2.656556 -1.272819
v -0.700431 2.654092 -1.591905
v -0.723588 2.063610 0.471525
v -0.412876 2.428699 0.333775
v -0.887057 2.529776 0.307246
v -1.115634 2.124250 0.169148
v -0.781541 1.780758 0.090129
v -0.347181 1.969162 0.191283
v -0.610858 2.729291 -0.088843
v -1.045515 2.538741 -0.184816
v -0.979691 2.080181 -0.329613
v -0.506471 2.045317 -0.364915
v -0.277988 2.450184 -0.225197
v -0.675508 2.590662 -0.560343
v -0.824630 2.302965 0.460208
v -0.545631 2.245544 0.470906
v -0.641734 2.519414 0.374681
v -0.324493 2.189277 0.308038
v -0.506911 1.976178 0.385329
v -0.958700 2.066595 0.374141
v -1.054806 2.340463 0.277915
v -0.762199 1.865579 0.325526
v -0.992854 1.899726 0.151470
v -0.540915 1.810333 0.160138
v -0.283113 2.434043 0.097192
v -0.244503 2.163906 0.013508
v -0.758307 2.694650 0.129779
v -0.479941 2.632776 0.151433
v -1.148304 2.343223 -0.005136
v -1.013598 2.584051 0.069975
v -0.913582 1.869350 -0.130755
v -1.110058 2.070542 -0.082562
v -0.378585 1.927442 -0.072339
v -0.633886 1.816778 -0.131983
v -0.400588 2.660980 -0.194519
v -0.850740 2.704849 -0.171580
v -1.067826 2.321266 -0.308065
v -0.751324 2.043969 -0.424314
v -0.338375 2.222065 -0.325445
v -0.632420 2.717831 -0.381561
v -0.439996 2.590470 -0.469831
v -0.887602 2.607977 -0.443196
v -0.848853 2.338813 -0.529272
v -0.574495 2.351102 -0.548524
v -0.285974 2.474958 -1.504690
v 0.295002 2.431731 -1.195900
v -0.185455 2.856049 -0.936479
v -0.551017 3.118253 -1.474270
v -0.296969 2.855350 -2.066037
v 0.244468 2.443975 -1.895105
v 0.367099 3.015676 -0.973619
v -0.164339 3.434342 -1.145146
v -0.225000 3.439128 -1.843750
v 0.292066 3.072930 -2.104798
v 0.658287 2.811583 -1.567040
v 0.435773 3.517377 -1.538600
v -0.288810 2.611784 -1.167758
v -0.000281 2.371317 -1.320526
v 0.056221 2.589942 -0.986447
v 0.306380 2.347531 -1.549732
v -0.029984 2.378514 -1.731506
v -0.504148 2.765298 -1.483838
v -0.445827 2.990452 -1.149778
v -0.348418 2.620068 -1.831967
v -0.506778 2.992832 -1.813995
v -0.041763 2.596275 -2.061176
v 0.532559 2.532617 -1.356211
v 0.502856 2.539813 -1.767192
v 0.107965 2.940364 -0.856343
v 0.379762 2.681820 -1.008219
v -0.421452 3.341645 -1.273095
v -0.206586 3.187519 -0.956986
v -0.316117 3.179853 -2.031132
v -0.455033 3.343255 -1.683894
v 0.287518 2.693325 -2.083278
v -0.030580 2.935324 -2.183755
v 0.599647 2.919290 -1.226584
v 0.115927 3.280480 -0.978671
v -0.231872 3.529672 -1.490131
v 0.036250 3.321663 -2.054112
v 0.551586 2.930934 -1.891571
v 0.453689 3.308627 -1.209219
v 0.651965 3.224720 -1.559349
v 0.135266 3.550196 -1.309680
v 0.105563 3.557393 -1.720660
v 0.436628 3.378234 -1.875429
v 1.346497 2.941208 -0.619403
v 1.300049 3.640800 -0.616067
v 0.898582 3.260741 -0.184815
v 0.702158 2.680837 -0.526476
v 0.982238 2.702500 -1.168886
v 1.351751 3.295791 -1.224251
v 0.611221 3.822015 -0.527641
v 0.251253 3.223150 -0.468302
v 0.293410 2.883715 -1.080460
v 0.598311 3.320166 -1.551911
v 0.794734 3.900070 -1.210250
v 0.059172 3.692971 -1.155298
v 1.178358 3.073466 -0.324356
v 1.414333 3.296858 -0.577838
v 1.151056 3.484676 -0.322394
v 1.417420 3.505277 -0.933358
v 1.444723 3.094068 -0.935317
v 1.062903 2.732608 -0.525178
v 0.799624 2.920423 -0.269733
v 1.227530 2.745343 -0.902774
v 0.848796 2.592298 -0.848153
v 1.230617 2.953760 -1.258296
v 1.143912 3.828992 -0.902694
v 1.174301 3.626201 -1.260174
v 0.755443 3.585779 -0.266557
v 0.991421 3.809175 -0.520041
v 0.422794 2.896190 -0.434839
v 0.538247 3.237051 -0.234013
v 0.617809 2.706131 -1.169921
v 0.453184 2.693399 -0.792319
v 1.058850 3.285340 -1.461000
v 0.841653 2.936612 -1.428456
v 0.666661 3.977768 -0.880844
v 0.362841 3.570755 -0.438231
v 0.176039 3.019238 -0.763169
v 0.364402 3.085389 -1.406604
v 0.715833 3.649643 -1.459265
v 0.269361 3.835566 -0.833952
v 0.342766 3.901572 -1.249523
v 0.052168 3.486840 -0.801409
v 0.082558 3.284051 -1.158888
v 0.227311 3.560713 -1.450345
v -0.990185 2.588062 -0.879001
v -0.421053 2.789794 -0.614150
v -0.965067 3.216026 -0.590508
v -1.342476 3.112369 -1.172250
v -1.032102 2.621482 -1.555060
v -0.445995 2.435065 -1.218416
v -0.438832 3.408608 -0.725283
v -1.016026 3.602281 -1.066555
v -1.049984 3.240140 -1.666097
v -0.477701 2.867397 -1.722306
v -0.099757 2.971855 -1.141057
v -0.418512 3.554001 -1.469643
v -1.024779 2.876233 -0.659881
v -0.700178 2.633979 -0.678836
v -0.687231 2.998222 -0.506332
v -0.384625 2.538757 -0.875052
v -0.714839 2.425476 -1.034012
v -1.246992 2.814740 -1.001470
v -1.233146 3.184759 -0.832397
v -1.059494 2.534820 -1.231745
v -1.268375 2.838151 -1.401192
v -0.743945 2.439590 -1.427960
v -0.193741 2.826003 -0.812465
v -0.208401 2.617499 -1.167642
v -0.689382 3.369057 -0.576166
v -0.378880 3.109626 -0.584455
v -1.252791 3.422668 -1.119018
v -1.030960 3.483592 -0.777073
v -1.097191 2.911797 -1.690588
v -1.270525 3.208987 -1.471029
v -0.430615 2.556001 -1.509235
v -0.774998 2.665761 -1.707222
v -0.185693 3.229442 -0.901863
v -0.723779 3.595817 -0.855637
v -1.082820 3.497068 -1.408801
v -0.767159 3.068889 -1.796426
v -0.209414 2.892073 -1.476557
v -0.384565 3.548225 -1.080794
v -0.163349 3.325137 -1.345823
v -0.729211 3.657582 -1.278535
v -0.743871 3.449080 -1.633711
v -0.385563 3.263644 -1.687412
v -0.242147 2.939850 0.352069
v 0.236592 3.417907 0.098902
v -0.380412 3.679876 0.311398
v -0.878141 3.212123 0.144209
v -0.573027 2.678547 -0.197619
v 0.115789 2.806245 -0.226379
v -0.110968 4.016077 -0.310605
v -0.798691 3.883838 -0.275186
v -0.919976 3.274229 -0.603423
v -0.308893 3.124106 -0.884256
v 0.189180 3.590457 -0.714982
v -0.442119 3.985562 -0.946793
v -0.305340 3.301066 0.437900
v 0.056285 3.151321 0.306698
v -0.024912 3.586009 0.283223
v 0.267067 3.071188 -0.030919
v -0.015107 2.793375 0.113157
v -0.598936 3.030365 0.333329
v -0.680137 3.465051 0.309854
v -0.420053 2.718617 0.129615
v -0.793104 2.875473 0.012172
v -0.209807 2.640661 -0.211246
v 0.313178 3.468427 -0.281028
v 0.242187 3.108841 -0.472132
v -0.228462 3.934537 0.047029
v 0.135491 3.775313 -0.070070
v -0.924686 3.579594 -0.026981
v -0.633413 3.859780 0.063488
v -0.815380 2.902473 -0.413200
v -0.994350 3.214594 -0.210030
v -0.051362 2.837944 -0.576422
v -0.456279 2.763049 -0.559758
v 0.105422 3.903867 -0.568524
v -0.476894 4.064919 -0.313375
v -0.951347 3.624515 -0.479007
v -0.664167 3.199028 -0.848051
v -0.008496 3.318166 -0.871973
v -0.267333 4.096708 -0.697908
v -0.086787 3.900992 -0.936899
v -0.672667 4.023535 -0.683809
v -0.744166 3.666021 -0.877991
v -0.378819 3.623911 -1.031978
v 0.172642 1.745363 -0.342307
v 0.667290 2.241915 -0.361215
v 0.071776 2.353568 -0.008375
v -0.452669 2.061263 -0.370480
v -0.181270 1.768954 -0.947109
v 0.510900 1.880607 -0.941379
v 0.345080 2.881345 -0.410730
v -0.345516 2.759626 -0.410616
v -0.503480 2.408384 -0.996625
v 0.076096 2.398571 -1.408591
v 0.600541 2.690875 -1.046486
v -0.039827 3.102980 -1.130514
v 0.129057 2.002522 -0.087777
v 0.479089 1.936895 -0.295170
v 0.419803 2.294389 -0.098890
v 0.677912 2.016391 -0.647295
v 0.387166 1.724525 -0.636179
v -0.179204 1.830711 -0.300615
v -0.238494 2.188204 -0.104336
v -0.019679 1.658897 -0.639547
v -0.387230 1.844578 -0.656107
v 0.179143 1.738391 -0.991675
v 0.739500 2.435816 -0.676077
v 0.647576 2.223445 -1.017088
v 0.231943 2.660462 -0.122317
v 0.581980 2.594835 -0.329710
v -0.483167 2.423019 -0.338525
v -0.174906 2.594835 -0.125683
v -0.415568 2.038833 -1.018474
v -0.575090 2.210649 -0.679536
v 0.339316 2.051629 -1.229930
v -0.067533 1.986001 -1.233296
v 0.538165 2.887982 -0.749492
v -0.015334 2.911908 -0.366165
v -0.514102 2.633908 -0.710545
v -0.268867 2.438170 -1.306709
v 0.389429 2.544356 -1.301263
v 0.167550 3.093243 -0.777420
v 0.312019 3.017632 -1.172206
v -0.239295 3.027615 -0.780787
v -0.331218 2.815245 -1.121797
v 0.003758 2.845821 -1.385043
v -1.059201 3.838769 -1.387636
v -1.431755 4.330792 -1.012216
v -1.089010 4.567458 -1.578777
v -0.486566 4.208063 -1.627508
v -0.443951 3.773797 -1.075927
v -1.027729 3.850369 -0.695217
v -1.066739 5.046839 -0.993785
v -0.486280 4.963926 -1.378361
v -0.080791 4.486353 -1.059651
v -0.408410 4.376604 -0.463457
v -1.011899 4.734033 -0.415939
v -0.458234 5.227088 -0.658287
v -1.131732 4.163616 -1.563850
v -1.330031 4.030450 -1.227169
v -1.347770 4.458357 -1.339769
v -1.312729 4.035020 -0.821565
v -1.091376 3.750279 -1.039477
v -0.774466 3.958312 -1.588827
v -0.792201 4.386218 -1.701429
v -0.748019 3.705693 -1.262991
v -0.413803 3.918293 -1.406741
v -0.729088 3.713318 -0.855499
v -1.310761 4.482694 -0.673025
v -1.073327 4.200224 -0.486751
v -1.135469 4.874954 -1.331553
v -1.340842 4.728490 -1.003077
v -0.441911 4.611761 -1.588254
v -0.792108 4.830368 -1.555071
v -0.182337 4.068557 -1.081148
v -0.208515 4.321696 -1.406668
v -0.716201 3.994647 -0.511890
v -0.372944 3.949868 -0.735527
v -1.087960 4.997363 -0.643016
v -0.773363 5.122715 -1.204661
v -0.197088 4.787158 -1.247147
v -0.149743 4.465291 -0.705055
v -0.706670 4.534876 -0.344971
v -0.755872 5.247727 -0.784116
v -0.738535 5.115886 -0.451947
v -0.411332 5.205363 -1.006257
v -0.172355 4.925798 -0.818192
v -0.386028 4.901633 -0.482449
v 0.296983 3.360593 -2.024238
v 0.790549 3.655359 -1.978450
v 0.545120 3.507114 -1.495803
v -0.010181 3.541364 -1.570844
v -0.105969 3.733744 -2.089576
v 0.388968 3.804869 -2.341185
v 0.791885 4.058223 -1.478823
v 0.296409 3.981207 -1.229890
v -0.104914 4.133338 -1.591415
v 0.179535 4.352878 -2.007982
v 0.734678 4.316786 -1.933766
v 0.484122 4.536423 -1.407704
v 0.434513 3.349794 -1.757084
v 0.579250 3.442495 -2.038280
v 0.725070 3.528238 -1.727845
v 0.633137 3.701527 -2.225521
v 0.343386 3.532447 -2.250560
v 0.108595 3.375491 -1.798696
v 0.254411 3.461233 -1.488260
v 0.052505 3.491036 -2.102492
v -0.128402 3.593109 -1.837868
v 0.106636 3.752932 -2.288450
v 0.813620 3.963235 -2.023692
v 0.577571 4.051034 -2.236937
v 0.725495 3.761047 -1.435978
v 0.869165 3.841293 -1.722761
v 0.107621 3.732876 -1.335108
v 0.434611 3.719635 -1.287908
v -0.185174 3.928624 -1.855557
v -0.129039 3.813560 -1.551543
v 0.251628 4.076481 -2.278665
v -0.039271 4.034888 -2.130676
v 0.844851 4.250055 -1.680473
v 0.580489 4.053506 -1.273496
v 0.052874 4.091933 -1.342243
v -0.007979 4.322413 -1.787140
v 0.462474 4.387026 -2.027797
v 0.679202 4.367315 -1.394569
v 0.673181 4.529338 -1.629743
v 0.388500 4.327988 -1.245568
v 0.152685 4.418506 -1.457593
v 0.346543 4.546651 -1.675113
v -0.894636 3.274137 -1.610201
v -0.843443 3.628935 -1.232262
v -1.017065 3.799595 -1.677066
v -0.780448 3.540435 -2.043087
v -0.446210 3.227285 -1.825302
v -0.484724 3.282502 -1.324210
v -0.672645 4.145277 -1.432976
v -0.637799 4.085488 -1.933866
v -0.277460 3.741110 -2.025900
v -0.080245 3.661970 -1.576738
v -0.318015 3.919712 -1.210653
v -0.213571 4.275254 -1.633773
v -1.027282 3.508384 -1.646075
v -0.921745 3.412358 -1.384824
v -0.993945 3.720922 -1.424111
v -0.682125 3.415654 -1.216648
v -0.709599 3.210327 -1.438943
v -0.884719 3.360340 -1.861413
v -0.956918 3.668902 -1.900703
v -0.686715 3.178175 -1.733489
v -0.622214 3.331482 -1.987786
v -0.445300 3.183674 -1.565415
v -0.596289 3.738471 -1.152560
v -0.385491 3.534782 -1.206603
v -0.896039 4.021329 -1.541951
v -0.798301 3.915715 -1.280256
v -0.738388 3.831542 -2.051397
v -0.873155 3.989179 -1.836500
v -0.334339 3.439837 -1.977249
v -0.532044 3.622375 -2.105188
v -0.243082 3.386541 -1.421932
v -0.220311 3.354250 -1.716475
v -0.481306 4.109598 -1.266838
v -0.664474 4.199990 -1.693382
v -0.435775 3.958021 -2.041689
v -0.104887 3.725922 -1.830777
v -0.143412 3.776100 -1.354101
v -0.416224 4.290136 -1.518754
v -0.218597 4.195066 -1.382839
v -0.392035 4.259588 -1.813374
v -0.179534 4.057993 -1.867512
v -0.081283 4.040568 -1.597880
v -0.894636 4.512873 -2.257701
v -0.843443 4.265251 -1.802286
v -1.017065 4.741135 -1.779712
v -0.780448 5.007429 -2.140576
v -0.446210 4.702433 -2.369639
v -0.484724 4.243929 -2.160078
v -0.672645 4.617753 -1.374925
v -0.637799 5.074632 -1.588764
v -0.277460 5.054036 -1.944632
v -0.080245 4.602712 -1.878936
v -0.318015 4.335912 -1.519398
v -0.213571 4.849180 -1.314468
v -1.027282 4.620391 -2.046517
v -0.921745 4.342206 -2.055778
v -0.993945 4.476269 -1.775097
v -0.682125 4.183545 -1.999914
v -0.709599 4.330243 -2.264590
v -0.884719 4.778445 -2.254619
v -0.956918 4.912510 -1.973940
v -0.686714 4.599851 -2.387482
v -0.622214 4.889395 -2.321649
v -0.445299 4.441978 -2.329557
v -0.596290 4.223917 -1.673281
v -0.385491 4.211361 -1.883644
v -0.896039 4.682365 -1.526792
v -0.798301 4.400751 -1.545020
v -0.738388 5.106604 -1.866757
v -0.873154 4.951976 -1.649684
v -0.334339 4.913367 -2.215454
v -0.532044 5.092093 -2.082241
v -0.243082 4.369346 -2.091930
v -0.220311 4.638907 -2.214953
v -0.481306 4.448806 -1.356707
v -0.664474 4.882182 -1.404627
v -0.435774 5.137046 -1.743613
v -0.104887 4.863992 -1.897869
v -0.143412 4.427092 -1.700748
v -0.416224 4.744629 -1.264269
v -0.218597 4.585757 -1.311925
v -0.392035 5.014810 -1.385662
v -0.179534 5.003004 -1.594065
v -0.081283 4.741506 -1.526062
v 0.779154 2.330132 0.390112
v 0.804223 3.030569 0.371204
v 0.291641 2.707516 0.724043
v 0.105844 2.136584 0.361939
v 0.503606 2.106786 -0.214691
v 0.935223 2.659301 -0.208961
v 0.133178 3.280345 0.321689
v -0.290441 2.721520 0.321802
v -0.167440 2.356561 -0.264206
v 0.264209 2.743452 -0.676172
v 0.450006 3.314384 -0.314067
v -0.299759 3.181140 -0.398095
v 0.572338 2.489059 0.644641
v 0.873624 2.678944 0.437249
v 0.587072 2.900766 0.633529
v 0.965358 2.872426 0.085123
v 0.950624 2.460720 0.096239
v 0.463129 2.153475 0.431804
v 0.176575 2.375293 0.628083
v 0.696927 2.135962 0.092871
v 0.301164 2.022194 0.076311
v 0.788662 2.329441 -0.259256
v 0.725327 3.221847 0.056341
v 0.802327 3.003622 -0.284669
v 0.200410 3.041454 0.610102
v 0.501700 3.231342 0.402708
v -0.162496 2.381105 0.393893
v -0.053290 2.716693 0.606735
v 0.148301 2.145364 -0.286055
v -0.085496 2.162880 0.052882
v 0.693121 2.668033 -0.497511
v 0.439421 2.343273 -0.500877
v 0.270245 3.416501 -0.017073
v -0.151879 3.057690 0.366253
v -0.328575 2.514705 0.021874
v -0.015662 2.537929 -0.574290
v 0.394834 3.063402 -0.568845
v -0.141078 3.315007 -0.045001
v 0.016266 3.357798 -0.439787
v -0.394774 2.990249 -0.048369
v -0.317775 2.772025 -0.389378
v -0.092943 3.022213 -0.652625
v -0.080228 1.933616 1.264593
v -0.103758 2.485687 1.105821
v -0.583732 2.199485 1.075244
v -0.459094 1.677610 0.916070
v 0.092470 1.649142 0.824992
v 0.311917 2.148792 0.941584
v -0.506665 2.584572 0.618706
v -0.724680 2.082874 0.508086
v -0.309663 1.746907 0.341191
v 0.117607 2.088316 0.300502
v -0.006594 2.609561 0.461542
v -0.452657 2.416740 0.075249
v -0.353214 2.056720 1.251550
v -0.072413 2.226849 1.263881
v -0.368274 2.382994 1.152970
v 0.158582 2.352606 1.076157
v 0.171421 2.029538 1.165243
v -0.281274 1.751875 1.152348
v -0.577136 1.908017 1.041437
v 0.042341 1.735988 1.096313
v -0.179361 1.584078 0.895694
v 0.272659 1.862723 0.905685
v 0.001724 2.591902 0.833132
v 0.246070 2.393853 0.736677
v -0.604133 2.439735 0.870693
v -0.320379 2.605604 0.895652
v -0.658321 1.837072 0.715188
v -0.733216 2.146182 0.801762
v -0.088557 1.620533 0.570398
v -0.412290 1.636589 0.625945
v 0.318073 2.088921 0.637728
v 0.189033 1.795306 0.568981
v -0.275417 2.691632 0.496902
v -0.690248 2.375912 0.523342
v -0.573095 1.881588 0.366027
v -0.088277 1.895278 0.232037
v 0.121152 2.369437 0.345996
v -0.515907 2.557987 0.281315
v -0.253462 2.601155 0.179574
v -0.645481 2.265150 0.210273
v -0.401781 2.068033 0.111061
v -0.179536 2.293441 0.088871
v 1.172852 1.485235 0.188049
v 1.628247 1.848577 0.496839
v 0.987433 1.833019 0.756259
v 0.541096 1.776716 0.218468
v 0.906140 1.756683 -0.373298
v 1.582868 1.823193 -0.202367
v 1.284056 2.325778 0.719119
v 0.609703 2.271413 0.547593
v 0.561969 2.233675 -0.151011
v 1.190108 2.316742 -0.412060
v 1.636345 2.374121 0.125698
v 0.993276 2.740348 0.154139
v 1.077737 1.583635 0.524981
v 1.452809 1.603499 0.372212
v 1.345584 1.802224 0.706291
v 1.693842 1.794573 0.143006
v 1.426136 1.588579 -0.038768
v 0.815457 1.549779 0.208901
v 0.705126 1.754530 0.542960
v 1.028397 1.549179 -0.139229
v 0.658816 1.714830 -0.121257
v 1.269430 1.740244 -0.368438
v 1.733839 2.084079 0.336527
v 1.707166 2.069160 -0.074454
v 1.145254 2.094356 0.836395
v 1.520348 2.089588 0.684520
v 0.484204 2.028617 0.419643
v 0.746554 2.061703 0.735752
v 0.671453 1.981606 -0.338394
v 0.458486 2.006965 0.008844
v 1.444887 2.035302 -0.390540
v 1.047092 1.996457 -0.491017
v 1.520111 2.413226 0.466154
v 0.919828 2.349162 0.714068
v 0.495364 2.295395 0.202607
v 0.833403 2.325182 -0.361374
v 1.476953 2.389084 -0.198833
v 1.148354 2.599463 0.483520
v 1.350794 2.672758 0.133389
v 0.750613 2.560081 0.383058
v 0.723941 2.545161 -0.027921
v 1.088515 2.638902 -0.182691
v 0.316358 3.461842 -0.329080
v 0.367552 3.214220 0.126335
v 0.193930 3.690104 0.148908
v 0.430546 3.956398 -0.211955
v 0.764784 3.651402 -0.441019
v 0.726270 3.192898 -0.231458
v 0.538349 3.566722 0.553695
v 0.573195 4.023601 0.339856
v 0.933535 4.003005 -0.016012
v 1.130749 3.551681 0.049685
v 0.892980 3.284881 0.409222
v 0.997423 3.798150 0.614153
v 0.183713 3.569360 -0.117896
v 0.289249 3.291174 -0.127158
v 0.217049 3.425238 0.153523
v 0.528869 3.132514 -0.071293
v 0.501395 3.279212 -0.335969
v 0.326276 3.727414 -0.325999
v 0.254076 3.861480 -0.045319
v 0.524280 3.548820 -0.458861
v 0.588780 3.838365 -0.393028
v 0.765695 3.390947 -0.400937
v 0.614705 3.172886 0.255339
v 0.825504 3.160331 0.044977
v 0.314956 3.631334 0.401828
v 0.412694 3.349720 0.383601
v 0.472607 4.055573 0.061863
v 0.337840 3.900946 0.278936
v 0.876655 3.862336 -0.286834
v 0.678950 4.041062 -0.153621
v 0.967913 3.318315 -0.163309
v 0.990683 3.587877 -0.286332
v 0.729688 3.397775 0.571914
v 0.546520 3.831151 0.523994
v 0.775220 4.086016 0.185007
v 1.106108 3.812961 0.030752
v 1.067582 3.376061 0.227872
v 0.794770 3.693598 0.664351
v 0.992397 3.534726 0.616696
v 0.818960 3.963779 0.542959
v 1.031461 3.951972 0.334555
v 1.129711 3.690475 0.402558
v 0.372781 1.017285 0.169619
v 0.703872 1.281449 0.394122
v 0.237974 1.270138 0.582731
v -0.086531 1.229203 0.191735
v 0.178871 1.214638 -0.238503
v 0.670879 1.262994 -0.114229
v 0.453631 1.628394 0.555729
v -0.036651 1.588868 0.431022
v -0.071356 1.561431 -0.076891
v 0.385327 1.621824 -0.266684
v 0.709760 1.663541 0.124288
v 0.242223 1.929803 0.144965
v 0.303629 1.088825 0.414582
v 0.576321 1.103267 0.303513
v 0.498364 1.247749 0.546402
v 0.751563 1.242186 0.136871
v 0.556929 1.092420 0.004714
v 0.112941 1.064211 0.184779
v 0.032725 1.213073 0.427654
v 0.267756 1.063774 -0.068325
v -0.000944 1.184210 -0.055259
v 0.442998 1.202687 -0.234969
v 0.780642 1.452669 0.277569
v 0.761249 1.441821 -0.021231
v 0.352717 1.460141 0.640993
v 0.625425 1.456674 0.530574
v -0.127894 1.412346 0.337998
v 0.062845 1.436401 0.567822
v 0.008243 1.378167 -0.213126
v -0.146592 1.396603 0.039330
v 0.570562 1.417206 -0.251039
v 0.281348 1.388964 -0.324089
v 0.625253 1.691972 0.371813
v 0.188823 1.645395 0.552056
v -0.119780 1.606304 0.180203
v 0.125988 1.627961 -0.229834
v 0.593875 1.674420 -0.111659
v 0.354970 1.827374 0.384439
v 0.502153 1.880662 0.129879
v 0.065797 1.798742 0.311399
v 0.046404 1.787894 0.012600
v 0.311465 1.856048 -0.099924
v -0.518297 1.314444 1.037717
v -0.539792 1.818757 0.892680
v -0.978245 1.557313 0.864748
v -0.864390 1.080584 0.719343
v -0.360539 1.054579 0.636144
v -0.160077 1.511006 0.742650
v -0.907845 1.909087 0.447704
v -1.107000 1.450790 0.346653
v -0.727885 1.143886 0.194196
v -0.337577 1.455761 0.157026
v -0.451034 1.931914 0.304136
v -0.858509 1.755774 -0.048741
v -0.767668 1.426898 1.025802
v -0.511159 1.582310 1.037066
v -0.781426 1.724947 0.935750
v -0.300147 1.697188 0.865582
v -0.288418 1.402067 0.946962
v -0.701952 1.148425 0.935182
v -0.972220 1.291059 0.833865
v -0.406331 1.133912 0.883994
v -0.608855 0.995143 0.700731
v -0.195938 1.249683 0.709857
v -0.443435 1.915783 0.643580
v -0.220227 1.734867 0.555469
v -0.996881 1.776779 0.677892
v -0.737674 1.928300 0.700692
v -1.046381 1.226252 0.535839
v -1.114797 1.508621 0.614924
v -0.525906 1.028444 0.403574
v -0.821634 1.043111 0.454317
v -0.154453 1.456313 0.465080
v -0.272330 1.188098 0.402281
v -0.696601 2.006886 0.336437
v -1.075547 1.718478 0.360590
v -0.968529 1.266917 0.216883
v -0.525650 1.279423 0.094484
v -0.334339 1.712563 0.198585
v -0.916287 1.884802 0.139500
v -0.676546 1.924236 0.046559
v -1.034652 1.617298 0.074603
v -0.812034 1.437232 -0.016026
v -0.609015 1.643141 -0.036297
v -0.562209 0.561363 -0.362879
v -0.139816 0.529935 -0.138376
v -0.489128 0.838431 0.050233
v -0.754906 1.029065 -0.340763
v -0.570203 0.837923 -0.771002
v -0.176556 0.538836 -0.646727
v -0.087398 0.954486 0.023231
v -0.473775 1.258874 -0.101476
v -0.517879 1.262353 -0.609390
v -0.141950 0.996113 -0.799183
v 0.124307 0.806102 -0.408211
v -0.037470 1.319244 -0.387533
v -0.564271 0.660841 -0.117916
v -0.354498 0.486011 -0.228985
v -0.313419 0.644960 0.013904
v -0.131544 0.468718 -0.395627
v -0.376094 0.491244 -0.527784
v -0.720830 0.772452 -0.347719
v -0.678429 0.936148 -0.104844
v -0.607608 0.666864 -0.600823
v -0.722743 0.937878 -0.587757
v -0.384657 0.649565 -0.767468
v 0.032898 0.603283 -0.254929
v 0.011303 0.608515 -0.553730
v -0.275799 0.899732 0.108495
v -0.078192 0.711760 -0.001924
v -0.660707 1.191479 -0.194501
v -0.504490 1.079424 0.035324
v -0.584124 1.073850 -0.745625
v -0.685122 1.192650 -0.493168
v -0.145257 0.720124 -0.783537
v -0.376527 0.896068 -0.856588
v 0.081674 0.884410 -0.160685
v -0.270010 1.147010 0.019558
v -0.522875 1.328183 -0.352295
v -0.327939 1.176952 -0.762332
v 0.046732 0.892876 -0.644158
v -0.024444 1.167474 -0.148060
v 0.119711 1.106470 -0.402619
v -0.255951 1.343105 -0.221099
v -0.277546 1.348337 -0.519898
v -0.036848 1.218081 -0.632422
v -0.658557 1.047562 -0.200725
v -0.289242 1.275650 -0.396629
v -0.379608 1.376123 0.046823
v -0.839975 1.368429 0.100823
v -1.033202 1.283834 -0.312083
v -0.692801 1.227099 -0.619605
v -0.240768 1.773364 -0.221046
v -0.581439 1.824791 0.087185
v -0.984860 1.778610 -0.136098
v -0.859107 1.756711 -0.572077
v -0.398815 1.762751 -0.625850
v -0.526017 2.142045 -0.302783
v -0.498499 1.153604 -0.043300
v -0.445159 1.099548 -0.304638
v -0.281211 1.292330 -0.159087
v -0.465371 1.203184 -0.550590
v -0.682280 1.072873 -0.435954
v -0.768870 1.154082 -0.012243
v -0.604925 1.346863 0.133309
v -0.882345 1.106576 -0.255247
v -0.989149 1.291420 -0.077486
v -0.902444 1.212785 -0.501552
v -0.313278 1.474279 -0.558999
v -0.550487 1.445670 -0.690051
v -0.252898 1.581287 -0.055400
v -0.200057 1.516039 -0.315208
v -0.723840 1.604275 0.157897
v -0.452964 1.614990 0.125310
v -1.074833 1.521333 -0.215225
v -0.961335 1.569273 0.027720
v -0.820871 1.445921 -0.658966
v -1.020945 1.479461 -0.478233
v -0.256927 1.823312 -0.449036
v -0.370976 1.857400 -0.033373
v -0.808572 1.855340 0.017261
v -0.964564 1.829129 -0.368356
v -0.640946 1.772445 -0.660458
v -0.349328 2.027959 -0.266254
v -0.415390 2.042546 -0.492225
v -0.549309 2.063533 -0.085803
v -0.786407 2.037367 -0.217189
v -0.686098 2.035491 -0.460137
v 0.853896 0.674120 0.116193
v 1.149719 0.910145 0.316782
v 0.733448 0.900040 0.485301
v 0.443509 0.863465 0.135954
v 0.680641 0.850452 -0.248457
v 1.120241 0.893656 -0.137420
v 0.926134 1.220134 0.461175
v 0.488076 1.184819 0.349752
v 0.457068 1.160304 -0.104060
v 0.865105 1.214264 -0.273636
v 1.154980 1.251538 0.075690
v 0.737244 1.489438 0.094165
v 0.792109 0.738040 0.335063
v 1.035755 0.750943 0.235825
v 0.966102 0.880035 0.452842
v 1.192330 0.875065 0.086933
v 1.018428 0.741252 -0.031146
v 0.621733 0.716048 0.129738
v 0.550062 0.849053 0.346743
v 0.760058 0.715657 -0.096406
v 0.519979 0.823264 -0.084731
v 0.916633 0.839773 -0.245299
v 1.218311 1.063127 0.212644
v 1.200985 1.053435 -0.054328
v 0.835968 1.069803 0.537357
v 1.079629 1.066706 0.438699
v 0.406552 1.027099 0.266636
v 0.576974 1.048592 0.471980
v 0.528188 0.996561 -0.225783
v 0.389845 1.013034 -0.000218
v 1.030609 1.031442 -0.259657
v 0.772202 1.006208 -0.324926
v 1.079474 1.276940 0.296850
v 0.689532 1.235325 0.457893
v 0.413802 1.200397 0.125650
v 0.633391 1.219748 -0.240711
v 1.051439 1.261258 -0.135124
v 0.837982 1.397920 0.308130
v 0.969487 1.445531 0.080686
v 0.579611 1.372337 0.242871
v 0.562284 1.362645 -0.024101
v 0.799111 1.423539 -0.124638
vn -0.6165 -0.7863 0.0408
vn -0.2122 -0.9320 0.2939
vn -0.6240 -0.5910 0.5113
vn 0.2998 -0.8216 0.4848
vn 0.3115 -0.9494 -0.0391
vn -0.9210 -0.3816 0.0782
vn -0.6990 -0.5925 -0.4005
vn -0.2474 -0.9279 -0.2791
vn 0.7815 -0.5777 0.2357
vn -0.4551 -0.2283 0.8607
vn -0.0981 -0.6038 0.7911
vn 0.0850 -0.0077 0.9964
vn -0.9871 0.1348 0.0870
vn -0.8371 -0.0544 0.5443
vn -0.7446 0.5537 0.3730
vn -0.5963 -0.2216 -0.7716
vn -0.9228 -0.0404 -0.3832
vn -0.5598 0.3453 -0.7532
vn 0.2357 -0.8029 -0.5475
vn -0.2109 -0.5998 -0.7719
vn 0.4015 -0.3484 -0.8470
vn 0.5299 -0.3708 0.7627
vn -0.4109 0.3354 0.8477
vn -0.7900 0.5674 -0.2322
vn -0.0950 -0.0084 -0.9954
vn 0.7371 -0.5653 -0.3704
vn 0.5645 0.1796 0.8057
vn 0.8925 -0.0054 0.4511
vn 0.6418 0.5369 0.5476
vn -0.2724 0.7791 0.5646
vn 0.1744 0.5586 0.8109
vn 0.1260 0.9252 0.3579
vn -0.3721 0.7923 -0.4835
vn -0.3831 0.9228 0.0400
vn 0.0346 0.9515 -0.3057
vn 0.4160 0.1884 -0.8896
vn -0.0017 0.5898 -0.8076
vn 0.5670 0.5908 -0.5741
vn 0.9801 -0.1842 -0.0741
vn 0.8206 -0.0253 -0.5709
vn 0.9446 0.3272 -0.0264
vn 0.5395 0.8413 0.0344
vn -0.0000 -1.0000 -0.0000
vn 0.4253 -0.8507 0.3090
vn -0.1625 -0.8507 0.5000
vn 0.7261 -0.4450 0.5242
vn 0.8532 -0.5216 -0.0000
vn -0.5257 -0.8507 -0.0000
vn -0.1625 -0.8507 -0.5000
vn 0.4253 -0.8507 -0.3090
vn 0.9505 -0.0253 0.3097
vn -0.2764 -0.4472 0.8506
vn 0.2629 -0.5257 0.8090
vn -0.0000 -0.0070 1.0000
vn -0.8944 -0.4472 -0.0000
vn -0.6882 -0.5257 0.5000
vn -0.9508 -0.0050 0.3098
vn -0.2741 -0.4450 -0.8525
vn -0.6882 -0.5257 -0.5000
vn -0.5923 -0.0217 -0.8054
vn 0.7254 -0.4428 -0.5270
vn 0.2637 -0.5216 -0.8114
vn 0.5880 -0.0260 -0.8084
vn 0.5830 -0.0217 0.8122
vn -0.5885 -0.0050 0.8085
vn -0.9510 -0.0070 -0.3090
vn -0.0008 -0.0253 -0.9997
vn 0.9506 -0.0260 -0.3094
vn 0.2525 0.3611 0.8977
vn 0.6826 0.4379 0.5851
vn 0.1187 0.7164 0.6875
vn -0.7507 0.3729 0.5454
vn -0.2832 0.4318 0.8564
vn -0.5551 0.7275 0.4033
vn -0.7757 0.3611 -0.5176
vn -0.9020 0.4318 0.0047
vn -0.6172 0.7164 -0.3253
vn 0.2878 0.3643 -0.8857
vn -0.3455 0.4379 -0.8300
vn 0.1206 0.8050 -0.5809
vn 0.9313 0.3643 -0.0000
vn 0.7414 0.4003 -0.5386
vn 0.5897 0.8050 0.0648
vn -0.1328 0.9864 0.0965
vn -0.1024 -0.8678 0.4863
vn 0.3579 -0.6233 0.6953
vn -0.2293 -0.4594 0.8581
vn 0.6989 -0.2047 0.6853
vn 0.8146 -0.5241 0.2485
vn -0.6215 -0.6677 0.4098
vn -0.2751 -0.9595 -0.0609
vn 0.3442 -0.9313 0.1191
vn 0.9568 0.0091 0.2907
vn -0.2814 0.0417 0.9587
vn 0.2327 -0.0949 0.9679
vn 0.0390 0.4294 0.9023
vn -0.9361 -0.2800 0.2130
vn -0.7066 -0.1375 0.6941
vn -0.9348 0.2148 0.2830
vn -0.3584 -0.7311 -0.5806
vn -0.7720 -0.5998 -0.2105
vn -0.6126 -0.2940 -0.7337
vn 0.6767 -0.6809 -0.2799
vn 0.1872 -0.8396 -0.5099
vn 0.5459 -0.3879 -0.7427
vn 0.6022 0.2621 0.7541
vn -0.5530 0.4037 0.7288
vn -0.9601 -0.0547 -0.2743
vn -0.0312 -0.4056 -0.9135
vn 0.9320 -0.2275 -0.2822
vn 0.3112 0.6362 0.7059
vn 0.7553 0.5259 0.3912
vn 0.2133 0.9003 0.3793
vn -0.7252 0.6019 0.3344
vn -0.2252 0.7428 0.6305
vn -0.4887 0.8706 0.0573
vn -0.7224 0.1551 -0.6739
vn -0.8678 0.4467 -0.2178
vn -0.4663 0.5744 -0.6728
vn 0.2852 0.0106 -0.9584
vn -0.2389 0.1199 -0.9636
vn 0.2172 0.4758 -0.8523
vn 0.9596 0.2281 -0.1646
vn 0.7091 0.1104 -0.6964
vn 0.6587 0.7045 -0.2642
vn 0.0079 0.9394 -0.3427
vn -0.6059 -0.7883 -0.1070
vn -0.2813 -0.9278 0.2451
vn -0.7355 -0.5850 0.3417
vn 0.1633 -0.8118 0.5607
vn 0.3110 -0.9485 0.0602
vn -0.9096 -0.3845 -0.1574
vn -0.5706 -0.6025 -0.5580
vn -0.1662 -0.9336 -0.3173
vn 0.6932 -0.5700 0.4412
vn -0.6634 -0.2156 0.7165
vn -0.3007 -0.5906 0.7489
vn -0.1773 0.0098 0.9841
vn -0.9757 0.1317 -0.1753
vn -0.9499 -0.0489 0.3086
vn -0.8160 0.5565 0.1564
vn -0.3749 -0.2376 -0.8961
vn -0.7913 -0.0512 -0.6093
vn -0.3445 0.3297 -0.8790
vn 0.3701 -0.8111 -0.4530
vn -0.0028 -0.6139 -0.7894
vn 0.6081 -0.3611 -0.7070
vn 0.3131 -0.3552 0.8808
vn -0.6174 0.3480 0.7055
vn -0.7023 0.5597 -0.4398
vn 0.1674 -0.0260 -0.9855
vn 0.8080 -0.5682 -0.1557
vn 0.3353 0.1960 0.9215
vn 0.7443 0.0065 0.6678
vn 0.4772 0.5492 0.6861
vn -0.4099 0.7875 0.4603
vn -0.0426 0.5732 0.8183
vn 0.0285 0.9318 0.3619
vn -0.2334 0.7822 -0.5777
vn -0.3803 0.9216 -0.0775
vn 0.1129 0.9463 -0.3030
vn 0.6332 0.1750 -0.7539
vn 0.2086 0.5758 -0.7905
vn 0.6968 0.5834 -0.4172
vn 0.9656 -0.1809 0.1868
vn 0.9409 -0.0313 -0.3372
vn 0.9189 0.3310 0.2145
vn 0.5119 0.8442 0.1586
vn -0.1788 0.4467 0.8766
vn -0.2425 0.5174 0.8207
vn 0.0180 0.8642 0.5029
vn -0.1331 0.7754 0.6172
vn -0.5690 -0.6113 0.5500
vn 0.1009 -0.6881 0.7186
vn 0.8406 -0.3483 0.4147
vn 0.9882 0.1194 -0.0961
vn 0.5705 0.5646 -0.5964
vn -0.1016 0.6758 -0.7301
vn -0.8407 0.3433 -0.4188
vn -0.9851 -0.1613 0.0600
vn 0.1267 -0.7641 0.6325
vn -0.5269 -0.7568 0.3867
vn 0.9349 0.3254 0.1419
vn 0.8147 -0.2571 0.5197
vn -0.1363 0.8041 -0.5787
vn 0.5132 0.7880 -0.3401
vn -0.9524 -0.2884 -0.0983
vn -0.8286 0.3043 -0.4698
vn 0.9898 0.0403 -0.1366
vn -0.5345 -0.8431 0.0592
vn -0.2526 0.6339 -0.7310
vn 0.7016 -0.5708 0.4265
vn -0.8559 -0.3487 -0.3819
vn 0.3370 0.6499 -0.6813
vn -0.6909 0.3116 -0.6523
vn 0.2063 -0.3582 0.9106
vn -0.3697 0.0144 0.9290
vn 0.8205 -0.4150 -0.3932
vn 0.7666 -0.5630 0.3088
vn -0.2137 0.3395 -0.9160
vn 0.3716 -0.0104 -0.9283
vn -0.8148 0.4239 0.3955
vn -0.7734 0.5509 -0.3137
vn 0.1416 -0.4629 0.8750
vn -0.4843 -0.1614 0.8599
vn 0.9303 -0.1904 -0.3135
vn 0.8169 -0.4770 0.3242
vn -0.1368 0.4806 -0.8662
vn 0.5089 0.2300 -0.8295
vn -0.9066 0.2446 0.3439
vn -0.8147 0.4834 -0.3202
vn 0.2904 -0.8102 0.5091
vn -0.3710 -0.9152 -0.1573
vn 0.6966 -0.6840 0.2166
vn 0.7786 -0.2716 0.5657
vn 0.3380 -0.7004 0.6287
vn 0.6286 0.2253 0.7444
vn 0.9206 0.2656 0.2863
vn 0.2492 -0.9654 0.0775
vn 0.6349 -0.7004 -0.3262
vn 0.9621 -0.2716 -0.0244
vn 0.5464 0.6761 0.4943
vn -0.1216 -0.5075 0.8530
vn 0.2977 -0.1678 0.9398
vn -0.2920 -0.0048 0.9564
vn -0.2727 -0.9584 -0.0848
vn -0.2318 -0.8616 0.4515
vn -0.7095 -0.6970 0.1038
vn 0.3841 -0.5044 -0.7734
vn 0.0652 -0.8616 -0.5033
vn -0.1325 -0.4469 -0.8847
vn 0.9387 0.2263 -0.2600
vn 0.7765 -0.1644 -0.6083
vn 0.6422 0.4112 -0.6469
vn 0.1547 0.4104 0.8987
vn -0.6210 -0.4327 0.6536
vn -0.5245 -0.6986 -0.4867
vn 0.3139 -0.0179 -0.9493
vn 0.7308 0.6756 -0.0967
vn -0.3532 0.4312 0.8303
vn -0.0330 0.7975 0.6025
vn -0.6257 0.5766 0.5254
vn -0.9120 -0.2925 0.2875
vn -0.7400 0.0888 0.6667
vn -0.9891 0.0927 0.1147
vn -0.6045 -0.3189 -0.7300
vn -0.8913 -0.3626 -0.2723
vn -0.8055 0.0397 -0.5912
vn 0.1972 0.4591 -0.8662
vn -0.2842 0.0475 -0.9576
vn -0.3095 0.6386 -0.7046
vn 0.3545 0.9285 0.1103
vn 0.3653 0.8146 -0.4505
vn -0.1948 0.9808 0.0073
vn -0.8025 0.5778 -0.1485
vn -0.6059 -0.6115 -0.5089
vn -0.2813 -0.9165 -0.2844
vn -0.7355 -0.6772 -0.0207
vn 0.1633 -0.9856 0.0447
vn 0.3110 -0.8360 -0.4522
vn -0.9096 -0.2424 -0.3373
vn -0.5706 -0.2147 -0.7926
vn -0.1662 -0.6231 -0.7642
vn 0.6932 -0.7172 0.0716
vn -0.6634 -0.5628 0.4930
vn -0.3007 -0.8979 0.3216
vn -0.1773 -0.5137 0.8394
vn -0.9757 0.2046 -0.0787
vn -0.9499 -0.2052 0.2357
vn -0.8160 0.3888 0.4278
vn -0.3749 0.2739 -0.8856
vn -0.7913 0.2798 -0.5437
vn -0.3445 0.7458 -0.5702
vn 0.3701 -0.4473 -0.8142
vn -0.0028 -0.1017 -0.9948
vn 0.6081 0.0690 -0.7909
vn 0.3131 -0.7683 0.5582
vn -0.6174 -0.0793 0.7826
vn -0.7023 0.7078 -0.0759
vn 0.1674 0.5008 -0.8492
vn 0.8080 -0.3991 -0.4334
vn 0.3353 -0.3226 0.8851
vn 0.7443 -0.3488 0.5696
vn 0.4772 0.1016 0.8729
vn -0.4099 0.4233 0.8079
vn -0.0426 0.0519 0.9977
vn 0.0285 0.5979 0.8011
vn -0.2334 0.9695 -0.0748
vn -0.3803 0.8224 0.4232
vn 0.1129 0.9629 0.2451
vn 0.6332 0.5483 -0.5463
vn 0.2086 0.9075 -0.3647
vn 0.6968 0.7159 -0.0441
vn 0.9656 -0.2525 0.0624
vn 0.9409 0.1523 -0.3024
vn 0.9189 0.1668 0.3575
vn 0.5119 0.6315 0.5823
vn -0.3281 -0.7288 0.6010
vn 0.0544 -0.4419 0.8954
vn -0.5382 -0.2443 0.8066
vn 0.4119 -0.0375 0.9105
vn 0.6402 -0.4508 0.6220
vn -0.7742 -0.5524 0.3090
vn -0.3156 -0.9468 0.0625
vn 0.2085 -0.8770 0.4328
vn 0.8028 0.0774 0.5912
vn -0.5802 0.2664 0.7697
vn -0.1113 0.1358 0.9845
vn -0.2291 0.6299 0.7421
vn -0.9729 -0.2220 -0.0643
vn -0.9061 0.0299 0.4220
vn -0.9551 0.2755 -0.1094
vn -0.2024 -0.8473 -0.4911
vn -0.7036 -0.6325 -0.3239
vn -0.3549 -0.4585 -0.8147
vn 0.6740 -0.7277 0.1270
vn 0.2779 -0.9361 -0.2156
vn 0.7288 -0.5520 -0.4052
vn 0.3358 0.4324 0.8368
vn -0.7296 0.5641 0.3866
vn -0.8151 -0.1178 -0.5673
vn 0.2421 -0.6094 -0.7549
vn 0.9512 -0.2876 0.1120
vn 0.1087 0.7846 0.6104
vn 0.6217 0.6032 0.4995
vn 0.1467 0.9644 0.2201
vn -0.7441 0.6637 -0.0764
vn -0.3615 0.8705 0.3341
vn -0.4079 0.8596 -0.3078
vn -0.4417 -0.0080 -0.8971
vn -0.7067 0.3829 -0.5950
vn -0.1677 0.3997 -0.9012
vn 0.5879 -0.2155 -0.7797
vn 0.1061 -0.1105 -0.9882
vn 0.5263 0.2617 -0.8090
vn 0.9748 0.1829 0.1280
vn 0.9070 -0.0567 -0.4174
vn 0.7637 0.6224 -0.1715
vn 0.1974 0.8322 -0.5181
vn -0.0449 -0.9357 -0.3500
vn 0.4938 -0.7808 -0.3827
vn 0.2151 -0.9646 0.1528
vn 0.8654 -0.3965 -0.3063
vn 0.5849 -0.2679 -0.7656
vn -0.4089 -0.9093 0.0768
vn -0.5332 -0.6691 -0.5177
vn 0.0373 -0.5874 -0.8084
vn 0.8786 0.0950 -0.4681
vn 0.3927 -0.7222 0.5694
vn 0.7315 -0.6619 0.1637
vn 0.7114 -0.3322 0.6193
vn -0.6394 -0.6148 0.4618
vn -0.1344 -0.7852 0.6045
vn -0.4434 -0.3391 0.8297
vn -0.8410 -0.1849 -0.5085
vn -0.8765 -0.4809 -0.0223
vn -0.9854 0.1300 -0.1097
vn 0.1135 -0.0462 -0.9925
vn -0.4330 -0.1393 -0.8906
vn -0.1743 0.4263 -0.8876
vn 0.9805 -0.1681 0.1019
vn 0.1655 -0.4085 0.8976
vn -0.8850 -0.1372 0.4449
vn -0.7052 0.3579 -0.6120
vn 0.4380 0.3294 -0.8365
vn 0.8538 0.0217 0.5201
vn 0.9519 0.3023 0.0509
vn 0.6643 0.3910 0.6370
vn -0.1400 -0.0579 0.9885
vn 0.4491 -0.0190 0.8933
vn -0.0538 0.3816 0.9227
vn -0.8908 0.3491 0.2908
vn -0.6288 0.1798 0.7565
vn -0.5742 0.7003 0.4240
vn -0.3736 0.7574 -0.5355
vn -0.7256 0.6735 -0.1410
vn -0.2153 0.9676 -0.1317
vn 0.6701 0.5545 -0.4935
vn 0.1264 0.7699 -0.6256
vn 0.5363 0.8438 -0.0183
vn 0.0857 0.8544 0.5125
vn 0.9656 -0.2524 0.0624
vn 0.0040 -0.9822 0.1877
vn 0.4962 -0.8664 -0.0567
vn 0.3711 -0.7479 0.5503
vn 0.8205 -0.4976 -0.2814
vn 0.4299 -0.6241 -0.6525
vn -0.2558 -0.7397 0.6224
vn -0.5406 -0.8402 0.0433
vn -0.0655 -0.9200 -0.3864
vn 0.7311 -0.1598 -0.6632
vn 0.6030 -0.3255 0.7283
vn 0.8315 -0.4829 0.2744
vn 0.8696 0.0344 0.4926
vn -0.4319 -0.2889 0.8544
vn 0.1104 -0.3614 0.9258
vn -0.1975 0.1369 0.9707
vn -0.9006 -0.4205 -0.1099
vn -0.7868 -0.4236 0.4490
vn -0.9934 0.0549 0.1011
vn -0.1056 -0.5511 -0.8278
vn -0.5980 -0.5783 -0.5549
vn -0.4235 -0.0921 -0.9012
vn 0.9920 -0.0916 -0.0872
vn 0.4148 0.1124 0.9029
vn -0.7369 0.1117 0.6668
vn -0.8654 -0.0087 -0.5010
vn 0.1921 -0.1487 -0.9700
vn 0.9375 0.2866 0.1973
vn 0.8899 0.2853 -0.3560
vn 0.7310 0.6634 0.1597
vn 0.0931 0.4598 0.8831
vn 0.6354 0.4440 0.6317
vn 0.1027 0.8026 0.5876
vn -0.8421 0.4490 0.2988
vn -0.4625 0.5439 0.7002
vn -0.5538 0.8187 0.1519
vn -0.5818 0.3731 -0.7227
vn -0.8224 0.5045 -0.2629
vn -0.3670 0.7614 -0.5344
vn 0.4626 0.2209 -0.8586
vn -0.1208 0.3374 -0.9336
vn 0.4005 0.7137 -0.5746
vn 0.0825 0.9963 -0.0234
vn -0.0850 -0.3149 0.9453
vn 0.3116 0.0827 0.9466
vn -0.3070 0.2063 0.9291
vn 0.6058 0.4371 0.6648
vn 0.8174 -0.0658 0.5723
vn -0.6045 -0.3142 0.7320
vn -0.1638 -0.7792 0.6050
vn 0.4155 -0.5286 0.7403
vn 0.8966 0.3710 0.2418
vn -0.4242 0.6249 0.6554
vn 0.0939 0.6237 0.7760
vn -0.1402 0.9222 0.3603
vn -0.9240 -0.2234 0.3105
vn -0.7847 0.2431 0.5702
vn -0.9835 0.1797 0.0210
vn -0.1914 -0.9792 0.0679
vn -0.6668 -0.7089 0.2298
vn -0.4629 -0.8128 -0.3536
vn 0.7767 -0.5582 0.2917
vn 0.3458 -0.9133 0.2151
vn 0.6873 -0.6818 -0.2503
vn 0.4528 0.8018 0.3899
vn -0.6939 0.6826 0.2292
vn -0.8977 -0.3933 -0.1986
vn 0.1471 -0.9113 -0.3845
vn 0.9820 -0.1887 -0.0118
vn 0.1358 0.9870 0.0864
vn 0.6308 0.7744 -0.0486
vn 0.0614 0.9399 -0.3359
vn -0.8245 0.5294 -0.1998
vn -0.3913 0.9181 -0.0626
vn -0.5778 0.5780 -0.5763
vn -0.6255 -0.4692 -0.6234
vn -0.8664 0.0215 -0.4989
vn -0.4165 -0.1218 -0.9009
vn 0.4226 -0.5864 -0.6910
vn -0.1031 -0.6039 -0.7903
vn 0.2926 -0.1927 -0.9366
vn 0.9452 0.2227 -0.2388
vn 0.7902 -0.2637 -0.5532
vn 0.6156 0.4451 -0.6503
vn -0.0366 0.4462 -0.8942
vn 0.8126 -0.4746 0.3383
vn 0.9144 0.0588 0.4006
vn 0.5605 -0.2762 0.7807
vn 0.7427 0.5767 0.3403
vn 0.9171 0.3752 -0.1349
vn 0.3873 -0.7874 0.4796
vn 0.6342 -0.7683 -0.0867
vn 0.9599 -0.2453 -0.1355
vn 0.5472 0.8341 -0.0696
vn 0.1409 0.0046 0.9900
vn 0.5195 0.3405 0.7837
vn -0.0680 0.4887 0.8698
vn -0.1536 -0.8650 0.4776
vn -0.0075 -0.5057 0.8627
vn -0.5684 -0.5438 0.6174
vn 0.2660 -0.8308 -0.4890
vn 0.0663 -0.9978 -0.0048
vn -0.2654 -0.8389 -0.4752
vn 0.8180 0.0599 -0.5720
vn 0.6361 -0.4544 -0.6236
vn 0.4207 0.0190 -0.9070
vn 0.2948 0.8148 0.4991
vn -0.3958 -0.0340 0.9177
vn -0.5213 -0.8495 0.0813
vn 0.0938 -0.5045 -0.8583
vn 0.5935 0.5292 -0.6064
vn -0.2136 0.7974 0.5644
vn -0.0044 0.9939 0.1103
vn -0.5643 0.7649 0.3108
vn -0.7772 -0.1025 0.6208
vn -0.5777 0.4196 0.7001
vn -0.9418 0.1386 0.3062
vn -0.7037 -0.6495 -0.2880
vn -0.8726 -0.4511 0.1871
vn -0.9150 -0.2706 -0.2993
vn -0.0643 -0.0529 -0.9965
vn -0.4944 -0.4528 -0.7420
vn -0.5416 0.1842 -0.8202
vn 0.2424 0.8526 -0.4630
vn 0.1430 0.4660 -0.8732
vn -0.3180 0.8443 -0.4313
vn -0.8855 0.4187 -0.2015
vn -0.5031 -0.7308 0.4614
vn -0.0926 -0.6688 0.7376
vn -0.5555 -0.3252 0.7653
vn 0.3916 -0.4067 0.8253
vn 0.4409 -0.7819 0.4408
vn -0.8618 -0.4106 0.2978
vn -0.5946 -0.8039 -0.0134
vn -0.1060 -0.9636 0.2453
vn 0.8441 -0.2611 0.4682
vn -0.4518 0.1845 0.8728
vn -0.0440 -0.1202 0.9918
vn 0.0470 0.5156 0.8556
vn -0.9988 0.0225 0.0434
vn -0.8418 0.1171 0.5270
vn -0.8276 0.5576 0.0649
vn -0.5300 -0.6654 -0.5257
vn -0.8930 -0.3579 -0.2728
vn -0.5729 -0.1704 -0.8017
vn 0.3651 -0.9285 -0.0676
vn -0.0964 -0.9329 -0.3470
vn 0.4779 -0.6738 -0.5636
vn 0.5464 0.1495 0.8241
vn -0.4855 0.6618 0.5713
vn -0.8513 0.2530 -0.4596
vn -0.0547 -0.5301 -0.8461
vn 0.8217 -0.5672 -0.0564
vn 0.5030 0.6429 0.5777
vn 0.8667 0.3497 0.3557
vn 0.5401 0.8242 0.1703
vn -0.3987 0.9121 0.0958
vn 0.0645 0.9129 0.4030
vn -0.0167 0.9850 -0.1716
vn -0.4591 0.3726 -0.8064
vn -0.5081 0.7499 -0.4237
vn -0.0855 0.6548 -0.7510
vn 0.4198 -0.2386 -0.8757
vn -0.0522 0.0861 -0.9949
vn 0.5015 0.2850 -0.8168
vn 0.9983 -0.0587 -0.0067
vn 0.8375 -0.2006 -0.5083
vn 0.8907 0.3942 -0.2263
vn 0.4164 0.8053 -0.4220
vn 0.1260 -0.4931 0.8608
vn 0.5843 -0.1759 0.7923
vn 0.0316 0.0485 0.9983
vn 0.8551 0.1777 0.4870
vn 0.9122 -0.3211 0.2544
vn -0.4191 -0.3611 0.8331
vn -0.1505 -0.8537 0.4986
vn 0.4838 -0.7367 0.4724
vn 0.9874 0.1576 -0.0130
vn -0.0634 0.5297 0.8458
vn 0.4533 0.4175 0.7876
vn 0.1813 0.8329 0.5228
vn -0.8187 -0.1302 0.5592
vn -0.5090 0.2398 0.8267
vn -0.8682 0.3299 0.3706
vn -0.3775 -0.9257 -0.0234
vn -0.7119 -0.6224 0.3252
vn -0.7157 -0.6300 -0.3014
vn 0.6823 -0.7278 -0.0690
vn 0.1796 -0.9823 -0.0529
vn 0.4134 -0.7152 -0.5636
vn 0.7145 0.6133 0.3368
vn -0.4255 0.7216 0.5462
vn -0.9808 -0.1883 0.0502
vn -0.1795 -0.8184 -0.5459
vn 0.8674 -0.3404 -0.3629
vn 0.3726 0.9090 0.1866
vn 0.7460 0.6523 -0.1345
vn 0.1698 0.9671 -0.1896
vn -0.7064 0.6881 0.1660
vn -0.1764 0.9615 0.2107
vn -0.5758 0.7756 -0.2586
vn -0.8686 -0.2143 -0.4468
vn -0.9463 0.2706 -0.1766
vn -0.6773 0.1456 -0.7211
vn 0.0602 -0.4848 -0.8726
vn -0.4617 -0.3938 -0.7948
vn -0.0442 -0.0314 -0.9985
vn 0.8592 0.1106 -0.4995
vn 0.5145 -0.2642 -0.8158
vn 0.4826 0.4676 -0.7406
vn -0.1948 0.6285 -0.7530
vn 0.1341 -0.8570 0.4976
vn 0.5937 -0.5698 0.5682
vn 0.0688 -0.4714 0.8793
vn 0.8777 -0.1112 0.4662
vn 0.8938 -0.4470 0.0375
vn -0.3935 -0.7290 0.5601
vn -0.1543 -0.9867 0.0518
vn 0.4558 -0.8882 0.0569
vn 0.9902 0.1379 0.0215
vn -0.0171 0.0551 0.9983
vn 0.5048 -0.0337 0.8626
vn 0.2240 0.5093 0.8309
vn -0.8036 -0.3833 0.4553
vn -0.4824 -0.1929 0.8544
vn -0.8482 0.1554 0.5063
vn -0.3952 -0.8207 -0.4127
vn -0.7055 -0.7082 0.0270
vn -0.7486 -0.4337 -0.5015
vn 0.6422 -0.6511 -0.4046
vn 0.1435 -0.8651 -0.4805
vn 0.3909 -0.4389 -0.8091
vn 0.7470 0.3999 0.5311
vn -0.3872 0.4123 0.8247
vn -0.9862 -0.1653 -0.0047
vn -0.2204 -0.5368 -0.8144
vn 0.8523 -0.1817 -0.4905
vn 0.3956 0.7720 0.4974
vn 0.7308 0.6768 0.0886
vn 0.1718 0.9682 0.1816
vn -0.6532 0.6006 0.4611
vn -0.1403 0.8113 0.5675
vn -0.5435 0.8313 0.1162
vn -0.9129 0.0427 -0.4060
vn -0.9278 0.3724 0.0238
vn -0.7646 0.4463 -0.4650
vn 0.0314 -0.1442 -0.9890
vn -0.5775 -0.0524 -0.8147
vn -0.1211 0.3906 -0.9126
vn 0.8503 0.3122 -0.4236
vn 0.5420 0.0655 -0.8378
vn 0.4759 0.7233 -0.5004
vn -0.2390 0.8951 -0.3764
vn -0.4375 -0.7288 -0.5267
vn -0.8523 -0.4419 -0.2798
vn -0.5511 -0.2443 -0.7979
vn -0.9982 -0.0375 0.0469
vn -0.8143 -0.4508 0.3656
vn -0.0016 -0.5524 -0.8336
vn 0.0583 -0.9468 -0.3164
vn -0.4792 -0.8770 0.0341
vn -0.8457 0.0774 0.5280
vn -0.5013 0.2664 -0.8232
vn -0.8739 0.1358 -0.4667
vn -0.6052 0.6299 -0.4868
vn 0.4187 -0.2220 -0.8806
vn -0.0580 0.0299 -0.9979
vn 0.4541 0.2755 -0.8473
vn 0.5311 -0.8473 -0.0070
vn 0.5607 -0.6325 -0.5345
vn 0.8882 -0.4585 -0.0293
vn -0.3667 -0.7277 0.5796
vn 0.0978 -0.9361 0.3378
vn 0.1077 -0.5520 0.8269
vn -0.9017 0.4324 0.0033
vn -0.0902 0.5641 -0.8208
vn 0.8280 -0.1178 -0.5483
vn 0.6123 -0.6094 0.5036
vn -0.4551 -0.2876 0.8427
vn -0.6074 0.7846 -0.1242
vn -0.6937 0.6032 0.3936
vn -0.2588 0.9644 0.0552
vn 0.3455 0.6637 -0.6634
vn -0.1771 0.8705 -0.4593
vn 0.4366 0.8596 -0.2655
vn 0.9968 -0.0080 -0.0796
vn 0.8138 0.3829 -0.4373
vn 0.8994 0.3997 0.1766
vn 0.5078 -0.2155 0.8341
vn 0.8793 -0.1105 0.4632
vn 0.5578 0.2617 0.7877
vn -0.4786 0.1829 0.8588
vn 0.0533 -0.0567 0.9970
vn -0.1224 0.6224 0.7731
vn 0.4087 0.8322 0.3746
vn 0.8539 0.0217 0.5201
vn -0.6842 -0.7288 0.0264
vn -0.7408 -0.4419 0.5058
vn -0.9685 -0.2443 -0.0486
vn -0.5705 -0.0375 0.8204
vn -0.2058 -0.4508 0.8686
vn -0.6622 -0.5524 -0.5063
vn -0.2155 -0.9468 -0.2389
vn -0.2647 -0.8770 0.4009
vn -0.0960 0.0774 0.9924
vn -0.9583 0.2664 -0.1035
vn -0.9023 0.1358 0.4091
vn -0.7547 0.6299 0.1838
vn -0.4436 -0.2220 -0.8683
vn -0.8269 0.0299 -0.5616
vn -0.3957 0.2755 -0.8761
vn 0.3179 -0.8473 -0.4256
vn -0.0826 -0.6325 -0.7702
vn 0.5175 -0.4585 -0.7224
vn 0.2365 -0.7277 0.6438
vn 0.3275 -0.9361 0.1281
vn 0.7215 -0.5520 0.4180
vn -0.5463 0.4324 0.7173
vn -0.7060 0.5641 -0.4282
vn 0.0692 -0.1178 -0.9906
vn 0.7723 -0.6094 -0.1792
vn 0.3915 -0.2876 0.8741
vn -0.4683 0.7846 0.4062
vn -0.1101 0.6032 0.7899
vn -0.1138 0.9644 0.2388
vn -0.3159 0.6637 -0.6780
vn -0.4722 0.8705 -0.1391
vn 0.0552 0.8596 -0.5080
vn 0.5438 -0.0080 -0.8392
vn 0.1486 0.3829 -0.9118
vn 0.6877 0.3997 -0.6060
vn 0.9708 -0.2155 0.1050
vn 0.9028 -0.1105 -0.4155
vn 0.9645 0.2617 0.0371
vn 0.3899 0.1829 0.9025
vn 0.8233 -0.0567 0.5647
vn 0.5388 0.6224 0.5677
vn 0.5460 0.8322 -0.0962
vn -0.6842 -0.2536 -0.6838
vn -0.7408 -0.6189 -0.2610
vn -0.9685 -0.0305 -0.2472
vn -0.5705 -0.7908 0.2217
vn -0.2058 -0.9661 -0.1557
vn -0.6622 0.3075 -0.6833
vn -0.2155 -0.0701 -0.9740
vn -0.2647 -0.6557 -0.7071
vn -0.0960 -0.9181 0.3847
vn -0.9583 0.1818 0.2205
vn -0.9023 -0.3459 0.2573
vn -0.7547 0.0230 0.6557
vn -0.4436 0.7549 -0.4831
vn -0.8269 0.5426 -0.1477
vn -0.3957 0.9183 -0.0132
vn 0.3179 0.1384 -0.9380
vn -0.0826 0.5330 -0.8421
vn 0.5175 0.5422 -0.6620
vn 0.2365 -0.8395 -0.4891
vn 0.3275 -0.4151 -0.8487
vn 0.7215 -0.5700 -0.3931
vn -0.5463 -0.5455 0.6356
vn -0.7060 0.5835 0.4013
vn 0.0692 0.9037 -0.4225
vn 0.7723 -0.0210 -0.6349
vn 0.3915 -0.9202 0.0010
vn -0.4683 -0.1397 0.8724
vn -0.1101 -0.5609 0.8205
vn -0.1138 0.0756 0.9906
vn -0.3159 0.8519 0.4176
vn -0.4722 0.4050 0.7829
vn 0.0552 0.7519 0.6569
vn 0.5438 0.7944 -0.2708
vn 0.1486 0.9859 0.0776
vn 0.6877 0.7008 0.1896
vn 0.9708 -0.1673 -0.1717
vn 0.9028 0.3599 -0.2352
vn 0.9645 0.0469 0.2601
vn 0.3899 -0.7997 0.4567
vn 0.8233 -0.5540 0.1232
vn 0.5388 -0.3439 0.7691
vn 0.5460 0.3523 0.7601
vn 0.6811 -0.5372 0.4976
vn 0.8227 -0.0141 0.5682
vn 0.3709 -0.2989 0.8793
vn 0.7192 0.5152 0.4662
vn 0.9593 0.2799 0.0375
vn 0.2071 -0.8021 0.5601
vn 0.5578 -0.8284 0.0518
vn 0.9382 -0.3414 0.0569
vn 0.6323 0.7744 0.0215
vn -0.0500 0.0287 0.9983
vn 0.3930 0.3185 0.8626
vn -0.1820 0.5257 0.8309
vn -0.3287 -0.8275 0.4553
vn -0.2226 -0.4695 0.8544
vn -0.7276 -0.4628 0.5063
vn 0.2683 -0.8705 -0.4127
vn -0.0357 -0.9990 0.0270
vn -0.2540 -0.8270 -0.5015
vn 0.9136 -0.0407 -0.4046
vn 0.6935 -0.5368 -0.4805
vn 0.5851 -0.0560 -0.8091
vn 0.2758 0.8012 0.5311
vn -0.5643 0.0391 0.8247
vn -0.6108 -0.7918 -0.0047
vn 0.2034 -0.5435 -0.8144
vn 0.7485 0.4463 -0.4905
vn -0.2349 0.8351 0.4974
vn 0.0757 0.9932 0.0886
vn -0.5324 0.8268 0.1816
vn -0.8873 -0.0037 0.4611
vn -0.6546 0.4995 0.5675
vn -0.9638 0.2400 0.1162
vn -0.6984 -0.5894 -0.4060
vn -0.9335 -0.3577 0.0238
vn -0.8641 -0.1926 -0.4650
vn 0.1211 -0.0844 -0.9890
vn -0.3878 -0.4311 -0.8147
vn -0.3544 0.2040 -0.9126
vn 0.4112 0.8071 -0.4236
vn 0.3528 0.4166 -0.8378
vn -0.1429 0.8539 -0.5004
vn -0.7839 0.4938 -0.3764
vn 0.1518 -0.2887 0.9453
vn 0.1722 0.2725 0.9466
vn -0.3654 -0.0575 0.9291
vn 0.1470 0.7324 0.6648
vn 0.6441 0.5075 0.5723
vn -0.2296 -0.6414 0.7320
vn 0.4097 -0.6827 0.6050
vn 0.6641 -0.1050 0.7403
vn 0.4052 0.8817 0.2418
vn -0.7360 0.1697 0.6554
vn -0.3553 0.5212 0.7760
vn -0.7299 0.5809 0.3603
vn -0.5256 -0.7920 0.3105
vn -0.7407 -0.3554 0.5702
vn -0.8433 -0.5370 0.0210
vn 0.5255 -0.8481 0.0679
vn -0.0069 -0.9732 0.2298
vn 0.2132 -0.9108 -0.3536
vn 0.9491 0.1188 0.2917
vn 0.8746 -0.4346 0.2151
vn 0.9676 -0.0326 -0.2503
vn -0.2132 0.8959 0.3899
vn -0.9730 0.0287 0.2292
vn -0.3908 -0.8988 -0.1986
vn 0.7276 -0.5682 -0.3845
vn 0.8483 0.5293 -0.0118
vn -0.5715 0.8160 0.0864
vn -0.0640 0.9968 -0.0486
vn -0.5941 0.7310 -0.3359
vn -0.9645 -0.1724 -0.1998
vn -0.9112 0.4072 -0.0626
vn -0.8167 0.0310 -0.5763
vn -0.1396 -0.7694 -0.6234
vn -0.6499 -0.5733 -0.4989
vn -0.2226 -0.3725 -0.9009
vn 0.7087 -0.1426 -0.6910
vn 0.3350 -0.5130 -0.7903
vn 0.3456 0.0577 -0.9366
vn 0.5417 0.8060 -0.2388
vn 0.7587 0.3440 -0.5532
vn 0.1488 0.7449 -0.6503
vn -0.3303 0.3023 -0.8942
vn 0.0826 -0.9957 0.0408
vn 0.4781 -0.8277 0.2939
vn -0.0557 -0.8576 0.5113
vn 0.7785 -0.3986 0.4848
vn 0.8740 -0.4843 -0.0391
vn -0.4159 -0.9061 0.0782
vn -0.1097 -0.9097 -0.4005
vn 0.4495 -0.8486 -0.2791
vn 0.9658 0.1077 0.2357
vn -0.1785 -0.4768 0.8607
vn 0.3386 -0.5095 0.7911
vn 0.0675 0.0522 0.9964
vn -0.8154 -0.5723 0.0870
vn -0.5768 -0.6091 0.5443
vn -0.9224 -0.1003 0.3730
vn -0.2866 -0.5680 -0.7716
vn -0.6492 -0.6571 -0.3832
vn -0.6453 -0.1275 -0.7532
vn 0.7188 -0.4284 -0.5475
vn 0.2532 -0.5832 -0.7719
vn 0.5313 0.0175 -0.8470
vn 0.6407 0.0884 0.7627
vn -0.5294 -0.0335 0.8477
vn -0.9651 -0.1211 -0.2322
vn -0.0639 -0.0708 -0.9954
vn 0.9248 0.0866 -0.3704
vn 0.2918 0.5155 0.8057
vn 0.6581 0.6029 0.4511
vn 0.1056 0.8301 0.5476
vn -0.7295 0.3861 0.5646
vn -0.2519 0.5282 0.8109
vn -0.5367 0.7641 0.3579
vn -0.8116 0.3280 -0.4835
vn -0.9084 0.4162 0.0400
vn -0.6216 0.7212 -0.3057
vn 0.1770 0.4210 -0.8896
vn -0.4022 0.4313 -0.8076
vn 0.0140 0.8187 -0.5741
vn 0.8439 0.5314 -0.0741
vn 0.6189 0.5394 -0.5709
vn 0.4702 0.8822 -0.0264
vn -0.1765 0.9837 0.0344
vt 0.181819 0.000000
vt 0.227273 0.078731
vt 0.136365 0.078731
vt 0.272728 0.157461
vt 0.318182 0.078731
vt 0.363637 0.157461
vt 0.909091 0.000000
vt 0.954545 0.078731
vt 0.863636 0.078731
vt 0.727273 0.000000
vt 0.772727 0.078731
vt 0.681818 0.078731
vt 0.545455 0.000000
vt 0.590909 0.078731
vt 0.500000 0.078731
vt 0.318182 0.236191
vt 0.090910 0.157461
vt 0.181819 0.157461
vt 0.136365 0.236191
vt 0.818182 0.157461
vt 0.909091 0.157461
vt 0.863636 0.236191
vt 0.636364 0.157461
vt 0.727273 0.157461
vt 0.681818 0.236191
vt 0.454546 0.157461
vt 0.545455 0.157461
vt 0.500000 0.236191
vt 0.227273 0.236191
vt 0.045455 0.236191
vt 0.772727 0.236191
vt 0.590909 0.236191
vt 0.409092 0.236191
vt 0.181819 0.314921
vt 0.272728 0.314921
vt 0.227273 0.393651
vt 0.000000 0.314921
vt 0.090910 0.314921
vt 0.045455 0.393651
vt 0.727273 0.314921
vt 0.818182 0.314921
vt 0.772727 0.393651
vt 0.545455 0.314921
vt 0.636364 0.314921
vt 0.590909 0.393651
vt 0.363637 0.314921
vt 0.454546 0.314921
vt 0.409092 0.393651
vt 0.500000 0.393651
vt 0.454546 0.472382
vt 0.681818 0.393651
vt 0.636364 0.472382
vt 0.863636 0.393651
vt 0.818182 0.472382
vt 0.909091 0.314921
vt 0.136365 0.393651
vt 0.090910 0.472382
vt 0.318182 0.393651
vt 0.272728 0.472382
vt 0.954545 0.236191
vt 1.000000 0.157461
vt 0.409092 0.078731
vt 0.363637 0.000000
vt 0.044515 0.873526
vt 0.044478 0.873370
vt 0.044407 0.873423
vt 0.044492 0.873608
vt 0.044247 0.872891
vt 0.044496 0.873330
vt 0.044609 0.873627
vt 0.044511 0.873702
vt 0.044509 0.873672
vt 0.061407 0.913904
vt 0.061314 0.914000
vt 0.061017 0.913567
vt 0.061204 0.913358
vt 0.061335 0.914130
vt 0.061101 0.913891
vt 0.061418 0.914199
vt 0.061328 0.914136
vt 0.061503 0.914211
vt 0.061504 0.914228
vt 0.061565 0.914164
vt 0.061578 0.914099
vt 0.061593 0.914072
vt 0.061595 0.913800
vt 0.061544 0.913957
vt 0.061476 0.913469
vt 0.044755 0.874138
vt 0.044703 0.874175
vt 0.044748 0.874238
vt 0.044879 0.874210
vt 0.044833 0.874095
vt 0.044856 0.874314
vt 0.044874 0.874254
vt 0.044804 0.874302
vt 0.063978 0.920040
vt 0.061492 0.914370
vt 0.061510 0.914374
vt 0.063790 0.920100
vt 0.061590 0.914353
vt 0.063777 0.920527
vt 0.064780 0.921293
vt 0.061561 0.914327
vt 0.061524 0.914344
vt 0.064341 0.920436
vt 0.064330 0.921880
vt 0.061648 0.914340
vt 0.061595 0.914328
vt 0.065036 0.922628
vt 0.061656 0.914344
vt 0.063920 0.921166
vt 0.283780 0.878530
vt 0.283596 0.883329
vt 0.282133 0.881859
vt 0.282292 0.879877
vt 0.285677 0.883551
vt 0.285861 0.878751
vt 0.287325 0.880222
vt 0.287165 0.882204
s 1
f 1/1/1 14/2/2 13/3/3
f 2/4/4 14/5/2 16/6/5
f 1/7/1 13/8/3 18/9/6
f 1/10/1 18/11/6 20/12/7
f 1/13/1 20/14/7 17/15/8
f 2/4/4 16/6/5 23/16/9
f 3/17/10 15/18/11 25/19/12
f 4/20/13 19/21/14 27/22/15
f 5/23/16 21/24/17 29/25/18
f 6/26/19 22/27/20 31/28/21
f 2/4/4 23/16/9 26/29/22
f 3/17/10 25/19/12 28/30/23
f 4/20/13 27/22/15 30/31/24
f 5/23/16 29/25/18 32/32/25
f 6/26/19 31/28/21 24/33/26
f 7/34/27 33/35/28 38/36/29
f 8/37/30 34/38/31 40/39/32
f 9/40/33 35/41/34 41/42/35
f 10/43/36 36/44/37 42/45/38
f 11/46/39 37/47/40 39/48/41
f 39/48/41 42/49/38 12/50/42
f 39/48/41 37/47/40 42/49/38
f 37/47/40 10/43/36 42/49/38
f 42/45/38 41/51/35 12/52/42
f 42/45/38 36/44/37 41/51/35
f 36/44/37 9/40/33 41/51/35
f 41/42/35 40/53/32 12/54/42
f 41/42/35 35/41/34 40/53/32
f 35/41/34 8/55/30 40/53/32
f 40/39/32 38/56/29 12/57/42
f 40/39/32 34/38/31 38/56/29
f 34/38/31 7/34/27 38/56/29
f 38/36/29 39/58/41 12/59/42
f 38/36/29 33/35/28 39/58/41
f 33/35/28 11/46/39 39/58/41
f 24/33/26 37/47/40 11/46/39
f 24/33/26 31/28/21 37/47/40
f 31/28/21 10/43/36 37/47/40
f 32/32/25 36/44/37 10/43/36
f 32/32/25 29/25/18 36/44/37
f 29/25/18 9/40/33 36/44/37
f 30/31/24 35/41/34 9/40/33
f 30/31/24 27/22/15 35/41/34
f 27/22/15 8/55/30 35/41/34
f 28/30/23 34/38/31 8/37/30
f 28/30/23 25/19/12 34/38/31
f 25/19/12 7/34/27 34/38/31
f 26/29/22 33/35/28 7/34/27
f 26/29/22 23/16/9 33/35/28
f 23/16/9 11/46/39 33/35/28
f 31/28/21 32/32/25 10/43/36
f 31/28/21 22/27/20 32/32/25
f 22/27/20 5/23/16 32/32/25
f 29/25/18 30/31/24 9/40/33
f 29/25/18 21/24/17 30/31/24
f 21/24/17 4/20/13 30/31/24
f 27/22/15 28/60/23 8/55/30
f 27/22/15 19/21/14 28/60/23
f 19/21/14 3/61/10 28/60/23
f 25/19/12 26/29/22 7/34/27
f 25/19/12 15/18/11 26/29/22
f 15/18/11 2/4/4 26/29/22
f 23/16/9 24/33/26 11/46/39
f 23/16/9 16/6/5 24/33/26
f 16/6/5 6/26/19 24/33/26
f 17/15/8 22/27/20 6/26/19
f 17/15/8 20/14/7 22/27/20
f 20/14/7 5/23/16 22/27/20
f 20/12/7 21/24/17 5/23/16
f 20/12/7 18/11/6 21/24/17
f 18/11/6 4/20/13 21/24/17
f 18/9/6 19/21/14 4/20/13
f 18/9/6 13/8/3 19/21/14
f 13/8/3 3/61/10 19/21/14
f 16/6/5 17/62/8 6/26/19
f 16/6/5 14/5/2 17/62/8
f 14/5/2 1/63/1 17/62/8
f 13/3/3 15/18/11 3/17/10
f 13/3/3 14/2/2 15/18/11
f 14/2/2 2/4/4 15/18/11
f 43/1/43 56/2/44 55/3/45
f 44/4/46 56/5/44 58/6/47
f 43/7/43 55/8/45 60/9/48
f 43/10/43 60/11/48 62/12/49
f 43/13/43 62/14/49 59/15/50
f 44/4/46 58/6/47 65/16/51
f 45/17/52 57/18/53 67/19/54
f 46/20/55 61/21/56 69/22/57
f 47/23/58 63/24/59 71/25/60
f 48/26/61 64/27/62 73/28/63
f 44/4/46 65/16/51 68/29/64
f 45/17/52 67/19/54 70/30/65
f 46/20/55 69/22/57 72/31/66
f 47/23/58 71/25/60 74/32/67
f 48/26/61 73/28/63 66/33/68
f 49/34/69 75/35/70 80/36/71
f 50/37/72 76/38/73 82/39/74
f 51/40/75 77/41/76 83/42/77
f 52/43/78 78/44/79 84/45/80
f 53/46/81 79/47/82 81/48/83
f 81/48/83 84/49/80 54/50/84
f 81/48/83 79/47/82 84/49/80
f 79/47/82 52/43/78 84/49/80
f 84/45/80 83/51/77 54/52/84
f 84/45/80 78/44/79 83/51/77
f 78/44/79 51/40/75 83/51/77
f 83/42/77 82/53/74 54/54/84
f 83/42/77 77/41/76 82/53/74
f 77/41/76 50/55/72 82/53/74
f 82/39/74 80/56/71 54/57/84
f 82/39/74 76/38/73 80/56/71
f 76/38/73 49/34/69 80/56/71
f 80/36/71 81/58/83 54/59/84
f 80/36/71 75/35/70 81/58/83
f 75/35/70 53/46/81 81/58/83
f 66/33/68 79/47/82 53/46/81
f 66/33/68 73/28/63 79/47/82
f 73/28/63 52/43/78 79/47/82
f 74/32/67 78/44/79 52/43/78
f 74/32/67 71/25/60 78/44/79
f 71/25/60 51/40/75 78/44/79
f 72/31/66 77/41/76 51/40/75
f 72/31/66 69/22/57 77/41/76
f 69/22/57 50/55/72 77/41/76
f 70/30/65 76/38/73 50/37/72
f 70/30/65 67/19/54 76/38/73
f 67/19/54 49/34/69 76/38/73
f 68/29/64 75/35/70 49/34/69
f 68/29/64 65/16/51 75/35/70
f 65/16/51 53/46/81 75/35/70
f 73/28/63 74/32/67 52/43/78
f 73/28/63 64/27/62 74/32/67
f 64/27/62 47/23/58 74/32/67
f 71/25/60 72/31/66 51/40/75
f 71/25/60 63/24/59 72/31/66
f 63/24/59 46/20/55 72/31/66
f 69/22/57 70/60/65 50/55/72
f 69/22/57 61/21/56 70/60/65
f 61/21/56 45/61/52 70/60/65
f 67/19/54 68/29/64 49/34/69
f 67/19/54 57/18/53 68/29/64
f 57/18/53 44/4/46 68/29/64
f 65/16/51 66/33/68 53/46/81
f 65/16/51 58/6/47 66/33/68
f 58/6/47 48/26/61 66/33/68
f 59/15/50 64/27/62 48/26/61
f 59/15/50 62/14/49 64/27/62
f 62/14/49 47/23/58 64/27/62
f 62/12/49 63/24/59 47/23/58
f 62/12/49 60/11/48 63/24/59
f 60/11/48 46/20/55 63/24/59
f 60/9/48 61/21/56 46/20/55
f 60/9/48 55/8/45 61/21/56
f 55/8/45 45/61/52 61/21/56
f 58/6/47 59/62/50 48/26/61
f 58/6/47 56/5/44 59/62/50
f 56/5/44 43/63/43 59/62/50
f 55/3/45 57/18/53 45/17/52
f 55/3/45 56/2/44 57/18/53
f 56/2/44 44/4/46 57/18/53
f 85/1/85 98/2/86 97/3/87
f 86/4/88 98/5/86 100/6/89
f 85/7/85 97/8/87 102/9/90
f 85/10/85 102/11/90 104/12/91
f 85/13/85 104/14/91 101/15/92
f 86/4/88 100/6/89 107/16/93
f 87/17/94 99/18/95 109/19/96
f 88/20/97 103/21/98 111/22/99
f 89/23/100 105/24/101 113/25/102
f 90/26/103 106/27/104 115/28/105
f 86/4/88 107/16/93 110/29/106
f 87/17/94 109/19/96 112/30/107
f 88/20/97 111/22/99 114/31/108
f 89/23/100 113/25/102 116/32/109
f 90/26/103 115/28/105 108/33/110
f 91/34/111 117/35/112 122/36/113
f 92/37/114 118/38/115 124/39/116
f 93/40/117 119/41/118 125/42/119
f 94/43/120 120/44/121 126/45/122
f 95/46/123 121/47/124 123/48/125
f 123/48/125 126/49/122 96/50/126
f 123/48/125 121/47/124 126/49/122
f 121/47/124 94/43/120 126/49/122
f 126/45/122 125/51/119 96/52/126
f 126/45/122 120/44/121 125/51/119
f 120/44/121 93/40/117 125/51/119
f 125/42/119 124/53/116 96/54/126
f 125/42/119 119/41/118 124/53/116
f 119/41/118 92/55/114 124/53/116
f 124/39/116 122/56/113 96/57/126
f 124/39/116 118/38/115 122/56/113
f 118/38/115 91/34/111 122/56/113
f 122/36/113 123/58/125 96/59/126
f 122/36/113 117/35/112 123/58/125
f 117/35/112 95/46/123 123/58/125
f 108/33/110 121/47/124 95/46/123
f 108/33/110 115/28/105 121/47/124
f 115/28/105 94/43/120 121/47/124
f 116/32/109 120/44/121 94/43/120
f 116/32/109 113/25/102 120/44/121
f 113/25/102 93/40/117 120/44/121
f 114/31/108 119/41/118 93/40/117
f 114/31/108 111/22/99 119/41/118
f 111/22/99 92/55/114 119/41/118
f 112/30/107 118/38/115 92/37/114
f 112/30/107 109/19/96 118/38/115
f 109/19/96 91/34/111 118/38/115
f 110/29/106 117/35/112 91/34/111
f 110/29/106 107/16/93 117/35/112
f 107/16/93 95/46/123 117/35/112
f 115/28/105 116/32/109 94/43/120
f 115/28/105 106/27/104 116/32/109
f 106/27/104 89/23/100 116/32/109
f 113/25/102 114/31/108 93/40/117
f 113/25/102 105/24/101 114/31/108
f 105/24/101 88/20/97 114/31/108
f 111/22/99 112/60/107 92/55/114
f 111/22/99 103/21/98 112/60/107
f 103/21/98 87/61/94 112/60/107
f 109/19/96 110/29/106 91/34/111
f 109/19/96 99/18/95 110/29/106
f 99/18/95 86/4/88 110/29/106
f 107/16/93 108/33/110 95/46/123
f 107/16/93 100/6/89 108/33/110
f 100/6/89 90/26/103 108/33/110
f 101/15/92 106/27/104 90/26/103
f 101/15/92 104/14/91 106/27/104
f 104/14/91 89/23/100 106/27/104
f 104/12/91 105/24/101 89/23/100
f 104/12/91 102/11/90 105/24/101
f 102/11/90 88/20/97 105/24/101
f 102/9/90 103/21/98 88/20/97
f 102/9/90 97/8/87 103/21/98
f 97/8/87 87/61/94 103/21/98
f 100/6/89 101/62/92 90/26/103
f 100/6/89 98/5/86 101/62/92
f 98/5/86 85/63/85 101/62/92
f 97/3/87 99/18/95 87/17/94
f 97/3/87 98/2/86 99/18/95
f 98/2/86 86/4/88 99/18/95
f 127/1/127 140/2/128 139/3/129
f 128/4/130 140/5/128 142/6/131
f 127/7/127 139/8/129 144/9/132
f 127/10/127 144/11/132 146/12/133
f 127/13/127 146/14/133 143/15/134
f 128/4/130 142/6/131 149/16/135
f 129/17/136 141/18/137 151/19/138
f 130/20/139 145/21/140 153/22/141
f 131/23/142 147/24/143 155/25/144
f 132/26/145 148/27/146 157/28/147
f 128/4/130 149/16/135 152/29/148
f 129/17/136 151/19/138 154/30/149
f 130/20/139 153/22/141 156/31/150
f 131/23/142 155/25/144 158/32/151
f 132/26/145 157/28/147 150/33/152
f 133/34/153 159/35/154 164/36/155
f 134/37/156 160/38/157 166/39/158
f 135/40/159 161/41/160 167/42/161
f 136/43/162 162/44/163 168/45/164
f 137/46/165 163/47/166 165/48/167
f 165/48/167 168/49/164 138/50/168
f 165/48/167 163/47/166 168/49/164
f 163/47/166 136/43/162 168/49/164
f 168/45/164 167/51/161 138/52/168
f 168/45/164 162/44/163 167/51/161
f 162/44/163 135/40/159 167/51/161
f 167/42/161 166/53/158 138/54/168
f 167/42/161 161/41/160 166/53/158
f 161/41/160 134/55/156 166/53/158
f 166/39/158 164/56/155 138/57/168
f 166/39/158 160/38/157 164/56/155
f 160/38/157 133/34/153 164/56/155
f 164/36/155 165/58/167 138/59/168
f 164/36/155 159/35/154 165/58/167
f 159/35/154 137/46/165 165/58/167
f 150/33/152 163/47/166 137/46/165
f 150/33/152 157/28/147 163/47/166
f 157/28/147 136/43/162 163/47/166
f 158/32/151 162/44/163 136/43/162
f 158/32/151 155/25/144 162/44/163
f 155/25/144 135/40/159 162/44/163
f 156/31/150 161/41/160 135/40/159
f 156/31/150 153/22/141 161/41/160
f 153/22/141 134/55/156 161/41/160
f 154/30/149 160/38/157 134/37/156
f 154/30/149 151/19/138 160/38/157
f 151/19/138 133/34/153 160/38/157
f 152/29/148 159/35/154 133/34/153
f 152/29/148 149/16/135 159/35/154
f 149/16/135 137/46/165 159/35/154
f 157/28/147 158/32/151 136/43/162
f 157/28/147 148/27/146 158/32/151
f 148/27/146 131/23/142 158/32/151
f 155/25/144 156/31/150 135/40/159
f 155/25/144 147/24/143 156/31/150
f 147/24/143 130/20/139 156/31/150
f 153/22/141 154/60/149 134/55/156
f 153/22/141 145/21/140 154/60/149
f 145/21/140 129/61/136 154/60/149
f 151/19/138 152/29/148 133/34/153
f 151/19/138 141/18/137 152/29/148
f 141/18/137 128/4/130 152/29/148
f 149/16/135 150/33/152 137/46/165
f 149/16/135 142/6/131 150/33/152
f 142/6/131 132/26/145 150/33/152
f 143/15/134 148/27/146 132/26/145
f 143/15/134 146/14/133 148/27/146
f 146/14/133 131/23/142 148/27/146
f 146/12/133 147/24/143 131/23/142
f 146/12/133 144/11/132 147/24/143
f 144/11/132 130/20/139 147/24/143
f 144/9/132 145/21/140 130/20/139
f 144/9/132 139/8/129 145/21/140
f 139/8/129 129/61/136 145/21/140
f 142/6/131 143/62/134 132/26/145
f 142/6/131 140/5/128 143/62/134
f 140/5/128 127/63/127 143/62/134
f 139/3/129 141/18/137 129/17/136
f 139/3/129 140/2/128 141/18/137
f 140/2/128 128/4/130 141/18/137
s 0
f 169/64/169 182/65/169 201/66/169 181/67/169
f 182/65/170 170/68/170 183/69/170 201/66/170
f 201/66/171 183/69/171 171/70/171 184/71/171
f 181/67/172 201/66/172 184/71/172 172/72/172
f 173/73/173 186/74/173 202/75/173 185/76/173
f 186/74/174 174/77/174 187/78/174 202/75/174
f 174/77/175 188/79/175 203/80/175 187/78/175
f 188/79/176 175/81/176 189/82/176 203/80/176
f 175/81/177 190/83/177 204/84/177 189/82/177
f 190/83/178 176/85/178 191/86/178 204/84/178
f 176/85/179 192/87/179 205/88/179 191/86/179
f 192/87/180 173/73/180 185/76/180 205/88/180
f 187/78/181 178/89/181 193/90/181 202/75/181
f 202/75/182 193/90/182 177/91/182 185/76/182
f 189/82/183 179/92/183 194/93/183 203/80/183
f 203/80/184 194/93/184 178/89/184 187/78/184
f 191/86/185 180/94/185 195/95/185 204/84/185
f 204/84/186 195/95/186 179/92/186 189/82/186
f 185/76/187 177/91/187 196/96/187 205/88/187
f 205/88/188 196/96/188 180/94/188 191/86/188
f 179/92/189 171/70/189 183/69/189 194/93/189
f 193/90/190 182/65/190 169/64/190 177/91/190
f 180/94/191 172/72/191 184/71/191 195/95/191
f 194/93/192 183/69/192 170/68/192 178/89/192
f 169/64/193 181/67/193 196/96/193 177/91/193
f 195/95/194 184/71/194 171/70/194 179/92/194
f 196/96/195 181/67/195 172/72/195 180/94/195
f 211/97/196 198/98/196 206/99/196 214/100/196
f 214/100/197 206/99/197 197/101/197 210/102/197
f 212/103/198 199/104/198 207/105/198 215/106/198
f 215/106/199 207/105/199 198/98/199 211/97/199
f 213/107/200 200/108/200 208/109/200 216/110/200
f 216/110/201 208/109/201 199/104/201 212/103/201
f 210/102/202 197/101/202 209/111/202 217/112/202
f 217/112/203 209/111/203 200/108/203 213/107/203
f 206/99/204 198/98/204 174/77/204 186/74/204
f 197/101/205 206/99/205 186/74/205 173/73/205
f 207/105/206 199/104/206 175/81/206 188/79/206
f 198/98/207 207/105/207 188/79/207 174/77/207
f 208/109/208 200/108/208 176/85/208 190/83/208
f 199/104/209 208/109/209 190/83/209 175/81/209
f 209/111/210 197/101/210 173/73/210 192/87/210
f 200/108/211 209/111/211 192/87/211 176/85/211
f 178/89/212 170/68/212 182/65/212 193/90/212
f 211/113/213 216/114/213 212/115/213 215/116/213
f 213/117/213 214/118/213 210/119/213 217/120/213
f 211/113/213 214/118/213 213/117/213 216/114/213
s 1
f 218/1/214 231/2/215 230/3/216
f 219/4/217 231/5/215 233/6/218
f 218/7/214 230/8/216 235/9/219
f 218/10/214 235/11/219 237/12/220
f 218/13/214 237/14/220 234/15/221
f 219/4/217 233/6/218 240/16/222
f 220/17/223 232/18/224 242/19/225
f 221/20/226 236/21/227 244/22/228
f 222/23/229 238/24/230 246/25/231
f 223/26/232 239/27/233 248/28/234
f 219/4/217 240/16/222 243/29/235
f 220/17/223 242/19/225 245/30/236
f 221/20/226 244/22/228 247/31/237
f 222/23/229 246/25/231 249/32/238
f 223/26/232 248/28/234 241/33/239
f 224/34/240 250/35/241 255/36/242
f 225/37/243 251/38/244 257/39/245
f 226/40/246 252/41/247 258/42/248
f 227/43/249 253/44/250 259/45/251
f 228/46/252 254/47/253 256/48/254
f 256/48/254 259/49/251 229/50/255
f 256/48/254 254/47/253 259/49/251
f 254/47/253 227/43/249 259/49/251
f 259/45/251 258/51/248 229/52/255
f 259/45/251 253/44/250 258/51/248
f 253/44/250 226/40/246 258/51/248
f 258/42/248 257/53/245 229/54/255
f 258/42/248 252/41/247 257/53/245
f 252/41/247 225/55/243 257/53/245
f 257/39/245 255/56/242 229/57/255
f 257/39/245 251/38/244 255/56/242
f 251/38/244 224/34/240 255/56/242
f 255/36/242 256/58/254 229/59/255
f 255/36/242 250/35/241 256/58/254
f 250/35/241 228/46/252 256/58/254
f 241/33/239 254/47/253 228/46/252
f 241/33/239 248/28/234 254/47/253
f 248/28/234 227/43/249 254/47/253
f 249/32/238 253/44/250 227/43/249
f 249/32/238 246/25/231 253/44/250
f 246/25/231 226/40/246 253/44/250
f 247/31/237 252/41/247 226/40/246
f 247/31/237 244/22/228 252/41/247
f 244/22/228 225/55/243 252/41/247
f 245/30/236 251/38/244 225/37/243
f 245/30/236 242/19/225 251/38/244
f 242/19/225 224/34/240 251/38/244
f 243/29/235 250/35/241 224/34/240
f 243/29/235 240/16/222 250/35/241
f 240/16/222 228/46/252 250/35/241
f 248/28/234 249/32/238 227/43/249
f 248/28/234 239/27/233 249/32/238
f 239/27/233 222/23/229 249/32/238
f 246/25/231 247/31/237 226/40/246
f 246/25/231 238/24/230 247/31/237
f 238/24/230 221/20/226 247/31/237
f 244/22/228 245/60/236 225/55/243
f 244/22/228 236/21/227 245/60/236
f 236/21/227 220/61/223 245/60/236
f 242/19/225 243/29/235 224/34/240
f 242/19/225 232/18/224 243/29/235
f 232/18/224 219/4/217 243/29/235
f 240/16/222 241/33/239 228/46/252
f 240/16/222 233/6/218 241/33/239
f 233/6/218 223/26/232 241/33/239
f 234/15/221 239/27/233 223/26/232
f 234/15/221 237/14/220 239/27/233
f 237/14/220 222/23/229 239/27/233
f 237/12/220 238/24/230 222/23/229
f 237/12/220 235/11/219 238/24/230
f 235/11/219 221/20/226 238/24/230
f 235/9/219 236/21/227 221/20/226
f 235/9/219 230/8/216 236/21/227
f 230/8/216 220/61/223 236/21/227
f 233/6/218 234/62/221 223/26/232
f 233/6/218 231/5/215 234/62/221
f 231/5/215 218/63/214 234/62/221
f 230/3/216 232/18/224 220/17/223
f 230/3/216 231/2/215 232/18/224
f 231/2/215 219/4/217 232/18/224
f 260/1/256 273/2/257 272/3/258
f 261/4/259 273/5/257 275/6/260
f 260/7/256 272/8/258 277/9/261
f 260/10/256 277/11/261 279/12/262
f 260/13/256 279/14/262 276/15/263
f 261/4/259 275/6/260 282/16/264
f 262/17/265 274/18/266 284/19/267
f 263/20/268 278/21/269 286/22/270
f 264/23/271 280/24/272 288/25/273
f 265/26/274 281/27/275 290/28/276
f 261/4/259 282/16/264 285/29/277
f 262/17/265 284/19/267 287/30/278
f 263/20/268 286/22/270 289/31/279
f 264/23/271 288/25/273 291/32/280
f 265/26/274 290/28/276 283/33/281
f 266/34/282 292/35/283 297/36/284
f 267/37/285 293/38/286 299/39/287
f 268/40/288 294/41/289 300/42/290
f 269/43/291 295/44/292 301/45/293
f 270/46/294 296/47/295 298/48/296
f 298/48/296 301/49/293 271/50/297
f 298/48/296 296/47/295 301/49/293
f 296/47/295 269/43/291 301/49/293
f 301/45/293 300/51/290 271/52/297
f 301/45/293 295/44/292 300/51/290
f 295/44/292 268/40/288 300/51/290
f 300/42/290 299/53/287 271/54/297
f 300/42/290 294/41/289 299/53/287
f 294/41/289 267/55/285 299/53/287
f 299/39/287 297/56/284 271/57/297
f 299/39/287 293/38/286 297/56/284
f 293/38/286 266/34/282 297/56/284
f 297/36/284 298/58/296 271/59/297
f 297/36/284 292/35/283 298/58/296
f 292/35/283 270/46/294 298/58/296
f 283/33/281 296/47/295 270/46/294
f 283/33/281 290/28/276 296/47/295
f 290/28/276 269/43/291 296/47/295
f 291/32/280 295/44/292 269/43/291
f 291/32/280 288/25/273 295/44/292
f 288/25/273 268/40/288 295/44/292
f 289/31/279 294/41/289 268/40/288
f 289/31/279 286/22/270 294/41/289
f 286/22/270 267/55/285 294/41/289
f 287/30/278 293/38/286 267/37/285
f 287/30/278 284/19/267 293/38/286
f 284/19/267 266/34/282 293/38/286
f 285/29/277 292/35/283 266/34/282
f 285/29/277 282/16/264 292/35/283
f 282/16/264 270/46/294 292/35/283
f 290/28/276 291/32/280 269/43/291
f 290/28/276 281/27/275 291/32/280
f 281/27/275 264/23/271 291/32/280
f 288/25/273 289/31/279 268/40/288
f 288/25/273 280/24/272 289/31/279
f 280/24/272 263/20/268 289/31/279
f 286/22/270 287/60/278 267/55/285
f 286/22/270 278/21/269 287/60/278
f 278/21/269 262/61/265 287/60/278
f 284/19/267 285/29/277 266/34/282
f 284/19/267 274/18/266 285/29/277
f 274/18/266 261/4/259 285/29/277
f 282/16/264 283/33/281 270/46/294
f 282/16/264 275/6/260 283/33/281
f 275/6/260 265/26/274 283/33/281
f 276/15/263 281/27/275 265/26/274
f 276/15/263 279/14/262 281/27/275
f 279/14/262 264/23/271 281/27/275
f 279/12/262 280/24/272 264/23/271
f 279/12/262 277/11/261 280/24/272
f 277/11/261 263/20/268 280/24/272
f 277/9/261 278/21/269 263/20/268
f 277/9/261 272/8/258 278/21/269
f 272/8/258 262/61/265 278/21/269
f 275/6/260 276/62/263 265/26/274
f 275/6/260 273/5/257 276/62/263
f 273/5/257 260/63/256 276/62/263
f 272/3/258 274/18/266 262/17/265
f 272/3/258 273/2/257 274/18/266
f 273/2/257 261/4/259 274/18/266
f 302/1/298 315/2/299 314/3/300
f 303/4/301 315/5/299 317/6/302
f 302/7/298 314/8/300 319/9/303
f 302/10/298 319/11/303 321/12/304
f 302/13/298 321/14/304 318/15/305
f 303/4/301 317/6/302 324/16/306
f 304/17/307 316/18/308 326/19/309
f 305/20/310 320/21/311 328/22/312
f 306/23/313 322/24/314 330/25/315
f 307/26/316 323/27/317 332/28/318
f 303/4/301 324/16/306 327/29/319
f 304/17/307 326/19/309 329/30/320
f 305/20/310 328/22/312 331/31/321
f 306/23/313 330/25/315 333/32/322
f 307/26/316 332/28/318 325/33/323
f 308/34/324 334/35/325 339/36/326
f 309/37/327 335/38/328 341/39/329
f 310/40/330 336/41/331 342/42/332
f 311/43/333 337/44/334 343/45/335
f 312/46/336 338/47/337 340/48/338
f 340/48/338 343/49/335 313/50/339
f 340/48/338 338/47/337 343/49/335
f 338/47/337 311/43/333 343/49/335
f 343/45/335 342/51/332 313/52/339
f 343/45/335 337/44/334 342/51/332
f 337/44/334 310/40/330 342/51/332
f 342/42/332 341/53/329 313/54/339
f 342/42/332 336/41/331 341/53/329
f 336/41/331 309/55/327 341/53/329
f 341/39/329 339/56/326 313/57/339
f 341/39/329 335/38/328 339/56/326
f 335/38/328 308/34/324 339/56/326
f 339/36/326 340/58/338 313/59/339
f 339/36/326 334/35/325 340/58/338
f 334/35/325 312/46/336 340/58/338
f 325/33/323 338/47/337 312/46/336
f 325/33/323 332/28/318 338/47/337
f 332/28/318 311/43/333 338/47/337
f 333/32/322 337/44/334 311/43/333
f 333/32/322 330/25/315 337/44/334
f 330/25/315 310/40/330 337/44/334
f 331/31/321 336/41/331 310/40/330
f 331/31/321 328/22/312 336/41/331
f 328/22/312 309/55/327 336/41/331
f 329/30/320 335/38/328 309/37/327
f 329/30/320 326/19/309 335/38/328
f 326/19/309 308/34/324 335/38/328
f 327/29/319 334/35/325 308/34/324
f 327/29/319 324/16/306 334/35/325
f 324/16/306 312/46/336 334/35/325
f 332/28/318 333/32/322 311/43/333
f 332/28/318 323/27/317 333/32/322
f 323/27/317 306/23/313 333/32/322
f 330/25/315 331/31/321 310/40/330
f 330/25/315 322/24/314 331/31/321
f 322/24/314 305/20/310 331/31/321
f 328/22/312 329/60/320 309/55/327
f 328/22/312 320/21/311 329/60/320
f 320/21/311 304/61/307 329/60/320
f 326/19/309 327/29/319 308/34/324
f 326/19/309 316/18/308 327/29/319
f 316/18/308 303/4/301 327/29/319
f 324/16/306 325/33/323 312/46/336
f 324/16/306 317/6/302 325/33/323
f 317/6/302 307/26/316 325/33/323
f 318/15/305 323/27/317 307/26/316
f 318/15/305 321/14/304 323/27/317
f 321/14/304 306/23/313 323/27/317
f 321/12/304 322/24/314 306/23/313
f 321/12/304 319/11/303 322/24/314
f 319/11/303 305/20/310 322/24/314
f 319/9/303 320/21/311 305/20/310
f 319/9/303 314/8/300 320/21/311
f 314/8/300 304/61/307 320/21/311
f 317/6/302 318/62/305 307/26/316
f 317/6/302 315/5/299 318/62/305
f 315/5/299 302/63/298 318/62/305
f 314/3/300 316/18/308 304/17/307
f 314/3/300 315/2/299 316/18/308
f 315/2/299 303/4/301 316/18/308
f 344/1/340 357/2/341 356/3/342
f 345/4/343 357/5/341 359/6/344
f 344/7/340 356/8/342 361/9/345
f 344/10/340 361/11/345 363/12/346
f 344/13/340 363/14/346 360/15/347
f 345/4/343 359/6/344 366/16/348
f 346/17/349 358/18/350 368/19/351
f 347/20/352 362/21/353 370/22/354
f 348/23/355 364/24/356 372/25/357
f 349/26/358 365/27/359 374/28/360
f 345/4/343 366/16/348 369/29/361
f 346/17/349 368/19/351 371/30/362
f 347/20/352 370/22/354 373/31/363
f 348/23/355 372/25/357 375/32/364
f 349/26/358 374/28/360 367/33/365
f 350/34/366 376/35/367 381/36/368
f 351/37/369 377/38/370 383/39/371
f 352/40/372 378/41/373 384/42/374
f 353/43/375 379/44/376 385/45/377
f 354/46/378 380/47/379 382/48/380
f 382/48/380 385/49/377 355/50/381
f 382/48/380 380/47/379 385/49/377
f 380/47/379 353/43/375 385/49/377
f 385/45/377 384/51/374 355/52/381
f 385/45/377 379/44/376 384/51/374
f 379/44/376 352/40/372 384/51/374
f 384/42/374 383/53/371 355/54/381
f 384/42/374 378/41/373 383/53/371
f 378/41/373 351/55/369 383/53/371
f 383/39/371 381/56/368 355/57/381
f 383/39/371 377/38/370 381/56/368
f 377/38/370 350/34/366 381/56/368
f 381/36/368 382/58/380 355/59/381
f 381/36/368 376/35/367 382/58/380
f 376/35/367 354/46/378 382/58/380
f 367/33/365 380/47/379 354/46/378
f 367/33/365 374/28/360 380/47/379
f 374/28/360 353/43/375 380/47/379
f 375/32/364 379/44/376 353/43/375
f 375/32/364 372/25/357 379/44/376
f 372/25/357 352/40/372 379/44/376
f 373/31/363 378/41/373 352/40/372
f 373/31/363 370/22/354 378/41/373
f 370/22/354 351/55/369 378/41/373
f 371/30/362 377/38/370 351/37/369
f 371/30/362 368/19/351 377/38/370
f 368/19/351 350/34/366 377/38/370
f 369/29/361 376/35/367 350/34/366
f 369/29/361 366/16/348 376/35/367
f 366/16/348 354/46/378 376/35/367
f 374/28/360 375/32/364 353/43/375
f 374/28/360 365/27/359 375/32/364
f 365/27/359 348/23/355 375/32/364
f 372/25/357 373/31/363 352/40/372
f 372/25/357 364/24/356 373/31/363
f 364/24/356 347/20/352 373/31/363
f 370/22/354 371/60/362 351/55/369
f 370/22/354 362/21/353 371/60/362
f 362/21/353 346/61/349 371/60/362
f 368/19/351 369/29/361 350/34/366
f 368/19/351 358/18/350 369/29/361
f 358/18/350 345/4/343 369/29/361
f 366/16/348 367/33/365 354/46/378
f 366/16/348 359/6/344 367/33/365
f 359/6/344 349/26/358 367/33/365
f 360/15/347 365/27/359 349/26/358
f 360/15/347 363/14/346 365/27/359
f 363/14/346 348/23/355 365/27/359
f 363/12/346 364/24/356 348/23/355
f 363/12/346 361/11/345 364/24/356
f 361/11/345 347/20/352 364/24/356
f 361/9/345 362/21/353 347/20/352
f 361/9/345 356/8/342 362/21/353
f 356/8/342 346/61/349 362/21/353
f 359/6/344 360/62/347 349/26/358
f 359/6/344 357/5/341 360/62/347
f 357/5/341 344/63/340 360/62/347
f 356/3/342 358/18/350 346/17/349
f 356/3/342 357/2/341 358/18/350
f 357/2/341 345/4/343 358/18/350
f 386/1/256 399/2/257 398/3/258
f 387/4/259 399/5/257 401/6/260
f 386/7/256 398/8/258 403/9/261
f 386/10/256 403/11/261 405/12/262
f 386/13/256 405/14/262 402/15/263
f 387/4/259 401/6/260 408/16/264
f 388/17/265 400/18/266 410/19/267
f 389/20/268 404/21/269 412/22/270
f 390/23/271 406/24/272 414/25/273
f 391/26/274 407/27/275 416/28/276
f 387/4/259 408/16/264 411/29/277
f 388/17/265 410/19/267 413/30/278
f 389/20/268 412/22/270 415/31/279
f 390/23/271 414/25/273 417/32/280
f 391/26/274 416/28/276 409/33/281
f 392/34/282 418/35/283 423/36/284
f 393/37/285 419/38/286 425/39/287
f 394/40/288 420/41/289 426/42/290
f 395/43/291 421/44/292 427/45/293
f 396/46/382 422/47/295 424/48/296
f 424/48/296 427/49/293 397/50/297
f 424/48/296 422/47/295 427/49/293
f 422/47/295 395/43/291 427/49/293
f 427/45/293 426/51/290 397/52/297
f 427/45/293 421/44/292 426/51/290
f 421/44/292 394/40/288 426/51/290
f 426/42/290 425/53/287 397/54/297
f 426/42/290 420/41/289 425/53/287
f 420/41/289 393/55/285 425/53/287
f 425/39/287 423/56/284 397/57/297
f 425/39/287 419/38/286 423/56/284
f 419/38/286 392/34/282 423/56/284
f 423/36/284 424/58/296 397/59/297
f 423/36/284 418/35/283 424/58/296
f 418/35/283 396/46/382 424/58/296
f 409/33/281 422/47/295 396/46/382
f 409/33/281 416/28/276 422/47/295
f 416/28/276 395/43/291 422/47/295
f 417/32/280 421/44/292 395/43/291
f 417/32/280 414/25/273 421/44/292
f 414/25/273 394/40/288 421/44/292
f 415/31/279 420/41/289 394/40/288
f 415/31/279 412/22/270 420/41/289
f 412/22/270 393/55/285 420/41/289
f 413/30/278 419/38/286 393/37/285
f 413/30/278 410/19/267 419/38/286
f 410/19/267 392/34/282 419/38/286
f 411/29/277 418/35/283 392/34/282
f 411/29/277 408/16/264 418/35/283
f 408/16/264 396/46/382 418/35/283
f 416/28/276 417/32/280 395/43/291
f 416/28/276 407/27/275 417/32/280
f 407/27/275 390/23/271 417/32/280
f 414/25/273 415/31/279 394/40/288
f 414/25/273 406/24/272 415/31/279
f 406/24/272 389/20/268 415/31/279
f 412/22/270 413/60/278 393/55/285
f 412/22/270 404/21/269 413/60/278
f 404/21/269 388/61/265 413/60/278
f 410/19/267 411/29/277 392/34/282
f 410/19/267 400/18/266 411/29/277
f 400/18/266 387/4/259 411/29/277
f 408/16/264 409/33/281 396/46/382
f 408/16/264 401/6/260 409/33/281
f 401/6/260 391/26/274 409/33/281
f 402/15/263 407/27/275 391/26/274
f 402/15/263 405/14/262 407/27/275
f 405/14/262 390/23/271 407/27/275
f 405/12/262 406/24/272 390/23/271
f 405/12/262 403/11/261 406/24/272
f 403/11/261 389/20/268 406/24/272
f 403/9/261 404/21/269 389/20/268
f 403/9/261 398/8/258 404/21/269
f 398/8/258 388/61/265 404/21/269
f 401/6/260 402/62/263 391/26/274
f 401/6/260 399/5/257 402/62/263
f 399/5/257 386/63/256 402/62/263
f 398/3/258 400/18/266 388/17/265
f 398/3/258 399/2/257 400/18/266
f 399/2/257 387/4/259 400/18/266
f 428/1/1 441/2/2 440/3/3
f 429/4/4 441/5/2 443/6/5
f 428/7/1 440/8/3 445/9/6
f 428/10/1 445/11/6 447/12/7
f 428/13/1 447/14/7 444/15/8
f 429/4/4 443/6/5 450/16/9
f 430/17/10 442/18/11 452/19/12
f 431/20/13 446/21/14 454/22/15
f 432/23/16 448/24/17 456/25/18
f 433/26/19 449/27/20 458/28/21
f 429/4/4 450/16/9 453/29/22
f 430/17/10 452/19/12 455/30/23
f 431/20/13 454/22/15 457/31/24
f 432/23/16 456/25/18 459/32/25
f 433/26/19 458/28/21 451/33/26
f 434/34/27 460/35/28 465/36/29
f 435/37/30 461/38/31 467/39/32
f 436/40/33 462/41/34 468/42/35
f 437/43/36 463/44/37 469/45/38
f 438/46/39 464/47/40 466/48/41
f 466/48/41 469/49/38 439/50/42
f 466/48/41 464/47/40 469/49/38
f 464/47/40 437/43/36 469/49/38
f 469/45/38 468/51/35 439/52/42
f 469/45/38 463/44/37 468/51/35
f 463/44/37 436/40/33 468/51/35
f 468/42/35 467/53/32 439/54/42
f 468/42/35 462/41/34 467/53/32
f 462/41/34 435/55/30 467/53/32
f 467/39/32 465/56/29 439/57/42
f 467/39/32 461/38/31 465/56/29
f 461/38/31 434/34/27 465/56/29
f 465/36/29 466/58/41 439/59/42
f 465/36/29 460/35/28 466/58/41
f 460/35/28 438/46/39 466/58/41
f 451/33/26 464/47/40 438/46/39
f 451/33/26 458/28/21 464/47/40
f 458/28/21 437/43/36 464/47/40
f 459/32/25 463/44/37 437/43/36
f 459/32/25 456/25/18 463/44/37
f 456/25/18 436/40/33 463/44/37
f 457/31/24 462/41/34 436/40/33
f 457/31/24 454/22/15 462/41/34
f 454/22/15 435/55/30 462/41/34
f 455/30/23 461/38/31 435/37/30
f 455/30/23 452/19/12 461/38/31
f 452/19/12 434/34/27 461/38/31
f 453/29/22 460/35/28 434/34/27
f 453/29/22 450/16/9 460/35/28
f 450/16/9 438/46/39 460/35/28
f 458/28/21 459/32/25 437/43/36
f 458/28/21 449/27/20 459/32/25
f 449/27/20 432/23/16 459/32/25
f 456/25/18 457/31/24 436/40/33
f 456/25/18 448/24/17 457/31/24
f 448/24/17 431/20/13 457/31/24
f 454/22/15 455/60/23 435/55/30
f 454/22/15 446/21/14 455/60/23
f 446/21/14 430/61/10 455/60/23
f 452/19/12 453/29/22 434/34/27
f 452/19/12 442/18/11 453/29/22
f 442/18/11 429/4/4 453/29/22
f 450/16/9 451/33/26 438/46/39
f 450/16/9 443/6/5 451/33/26
f 443/6/5 433/26/19 451/33/26
f 444/15/8 449/27/20 433/26/19
f 444/15/8 447/14/7 449/27/20
f 447/14/7 432/23/16 449/27/20
f 447/12/7 448/24/17 432/23/16
f 447/12/7 445/11/6 448/24/17
f 445/11/6 431/20/13 448/24/17
f 445/9/6 446/21/14 431/20/13
f 445/9/6 440/8/3 446/21/14
f 440/8/3 430/61/10 446/21/14
f 443/6/5 444/62/8 433/26/19
f 443/6/5 441/5/2 444/62/8
f 441/5/2 428/63/1 444/62/8
f 440/3/3 442/18/11 430/17/10
f 440/3/3 441/2/2 442/18/11
f 441/2/2 429/4/4 442/18/11
f 470/1/383 483/2/384 482/3/385
f 471/4/386 483/5/384 485/6/387
f 470/7/383 482/8/385 487/9/388
f 470/10/383 487/11/388 489/12/389
f 470/13/383 489/14/389 486/15/390
f 471/4/386 485/6/387 492/16/391
f 472/17/392 484/18/393 494/19/394
f 473/20/395 488/21/396 496/22/397
f 474/23/398 490/24/399 498/25/400
f 475/26/401 491/27/402 500/28/403
f 471/4/386 492/16/391 495/29/404
f 472/17/392 494/19/394 497/30/405
f 473/20/395 496/22/397 499/31/406
f 474/23/398 498/25/400 501/32/407
f 475/26/401 500/28/403 493/33/408
f 476/34/409 502/35/410 507/36/411
f 477/37/412 503/38/413 509/39/414
f 478/40/415 504/41/416 510/42/417
f 479/43/418 505/44/419 511/45/420
f 480/46/421 506/47/422 508/48/423
f 508/48/423 511/49/420 481/50/424
f 508/48/423 506/47/422 511/49/420
f 506/47/422 479/43/418 511/49/420
f 511/45/420 510/51/417 481/52/424
f 511/45/420 505/44/419 510/51/417
f 505/44/419 478/40/415 510/51/417
f 510/42/417 509/53/414 481/54/424
f 510/42/417 504/41/416 509/53/414
f 504/41/416 477/55/412 509/53/414
f 509/39/414 507/56/411 481/57/424
f 509/39/414 503/38/413 507/56/411
f 503/38/413 476/34/409 507/56/411
f 507/36/411 508/58/423 481/59/424
f 507/36/411 502/35/410 508/58/423
f 502/35/410 480/46/421 508/58/423
f 493/33/408 506/47/422 480/46/421
f 493/33/408 500/28/403 506/47/422
f 500/28/403 479/43/418 506/47/422
f 501/32/407 505/44/419 479/43/418
f 501/32/407 498/25/400 505/44/419
f 498/25/400 478/40/415 505/44/419
f 499/31/406 504/41/416 478/40/415
f 499/31/406 496/22/397 504/41/416
f 496/22/397 477/55/412 504/41/416
f 497/30/405 503/38/413 477/37/412
f 497/30/405 494/19/394 503/38/413
f 494/19/394 476/34/409 503/38/413
f 495/29/404 502/35/410 476/34/409
f 495/29/404 492/16/391 502/35/410
f 492/16/391 480/46/421 502/35/410
f 500/28/403 501/32/407 479/43/418
f 500/28/403 491/27/402 501/32/407
f 491/27/402 474/23/398 501/32/407
f 498/25/400 499/31/406 478/40/415
f 498/25/400 490/24/399 499/31/406
f 490/24/399 473/20/395 499/31/406
f 496/22/397 497/60/405 477/55/412
f 496/22/397 488/21/396 497/60/405
f 488/21/396 472/61/392 497/60/405
f 494/19/394 495/29/404 476/34/409
f 494/19/394 484/18/393 495/29/404
f 484/18/393 471/4/386 495/29/404
f 492/16/391 493/33/408 480/46/421
f 492/16/391 485/6/387 493/33/408
f 485/6/387 475/26/401 493/33/408
f 486/15/390 491/27/402 475/26/401
f 486/15/390 489/14/389 491/27/402
f 489/14/389 474/23/398 491/27/402
f 489/12/389 490/24/399 474/23/398
f 489/12/389 487/11/388 490/24/399
f 487/11/388 473/20/395 490/24/399
f 487/9/388 488/21/396 473/20/395
f 487/9/388 482/8/385 488/21/396
f 482/8/385 472/61/392 488/21/396
f 485/6/387 486/62/390 475/26/401
f 485/6/387 483/5/384 486/62/390
f 483/5/384 470/63/383 486/62/390
f 482/3/385 484/18/393 472/17/392
f 482/3/385 483/2/384 484/18/393
f 483/2/384 471/4/386 484/18/393
f 512/1/425 525/2/426 524/3/427
f 513/4/428 525/5/426 527/6/429
f 512/7/425 524/8/427 529/9/430
f 512/10/425 529/11/430 531/12/431
f 512/13/425 531/14/431 528/15/432
f 513/4/428 527/6/429 534/16/433
f 514/17/434 526/18/435 536/19/436
f 515/20/437 530/21/438 538/22/439
f 516/23/440 532/24/441 540/25/442
f 517/26/443 533/27/444 542/28/445
f 513/4/428 534/16/433 537/29/446
f 514/17/434 536/19/436 539/30/447
f 515/20/437 538/22/439 541/31/448
f 516/23/440 540/25/442 543/32/449
f 517/26/443 542/28/445 535/33/450
f 518/34/451 544/35/452 549/36/453
f 519/37/454 545/38/455 551/39/456
f 520/40/457 546/41/458 552/42/459
f 521/43/460 547/44/461 553/45/462
f 522/46/463 548/47/464 550/48/465
f 550/48/465 553/49/462 523/50/466
f 550/48/465 548/47/464 553/49/462
f 548/47/464 521/43/460 553/49/462
f 553/45/462 552/51/459 523/52/466
f 553/45/462 547/44/461 552/51/459
f 547/44/461 520/40/457 552/51/459
f 552/42/459 551/53/456 523/54/466
f 552/42/459 546/41/458 551/53/456
f 546/41/458 519/55/454 551/53/456
f 551/39/456 549/56/453 523/57/466
f 551/39/456 545/38/455 549/56/453
f 545/38/455 518/34/451 549/56/453
f 549/36/453 550/58/465 523/59/466
f 549/36/453 544/35/452 550/58/465
f 544/35/452 522/46/463 550/58/465
f 535/33/450 548/47/464 522/46/463
f 535/33/450 542/28/445 548/47/464
f 542/28/445 521/43/460 548/47/464
f 543/32/449 547/44/461 521/43/460
f 543/32/449 540/25/442 547/44/461
f 540/25/442 520/40/457 547/44/461
f 541/31/448 546/41/458 520/40/457
f 541/31/448 538/22/439 546/41/458
f 538/22/439 519/55/454 546/41/458
f 539/30/447 545/38/455 519/37/454
f 539/30/447 536/19/436 545/38/455
f 536/19/436 518/34/451 545/38/455
f 537/29/446 544/35/452 518/34/451
f 537/29/446 534/16/433 544/35/452
f 534/16/433 522/46/463 544/35/452
f 542/28/445 543/32/449 521/43/460
f 542/28/445 533/27/444 543/32/449
f 533/27/444 516/23/440 543/32/449
f 540/25/442 541/31/448 520/40/457
f 540/25/442 532/24/441 541/31/448
f 532/24/441 515/20/437 541/31/448
f 538/22/439 539/60/447 519/55/454
f 538/22/439 530/21/438 539/60/447
f 530/21/438 514/61/434 539/60/447
f 536/19/436 537/29/446 518/34/451
f 536/19/436 526/18/435 537/29/446
f 526/18/435 513/4/428 537/29/446
f 534/16/433 535/33/450 522/46/463
f 534/16/433 527/6/429 535/33/450
f 527/6/429 517/26/443 535/33/450
f 528/15/432 533/27/444 517/26/443
f 528/15/432 531/14/431 533/27/444
f 531/14/431 516/23/440 533/27/444
f 531/12/431 532/24/441 516/23/440
f 531/12/431 529/11/430 532/24/441
f 529/11/430 515/20/437 532/24/441
f 529/9/430 530/21/438 515/20/437
f 529/9/430 524/8/427 530/21/438
f 524/8/427 514/61/434 530/21/438
f 527/6/429 528/62/432 517/26/443
f 527/6/429 525/5/426 528/62/432
f 525/5/426 512/63/425 528/62/432
f 524/3/427 526/18/435 514/17/434
f 524/3/427 525/2/426 526/18/435
f 525/2/426 513/4/428 526/18/435
f 554/1/1 567/2/2 566/3/3
f 555/4/4 567/5/2 569/6/5
f 554/7/1 566/8/3 571/9/6
f 554/10/1 571/11/6 573/12/7
f 554/13/1 573/14/7 570/15/8
f 555/4/4 569/6/5 576/16/9
f 556/17/10 568/18/11 578/19/12
f 557/20/13 572/21/14 580/22/15
f 558/23/16 574/24/17 582/25/18
f 559/26/19 575/27/20 584/28/21
f 555/4/4 576/16/9 579/29/22
f 556/17/10 578/19/12 581/30/23
f 557/20/13 580/22/15 583/31/24
f 558/23/16 582/25/18 585/32/25
f 559/26/19 584/28/21 577/33/26
f 560/34/27 586/35/28 591/36/29
f 561/37/30 587/38/31 593/39/32
f 562/40/33 588/41/34 594/42/35
f 563/43/36 589/44/37 595/45/38
f 564/46/39 590/47/40 592/48/41
f 592/48/41 595/49/38 565/50/42
f 592/48/41 590/47/40 595/49/38
f 590/47/40 563/43/36 595/49/38
f 595/45/38 594/51/35 565/52/42
f 595/45/38 589/44/37 594/51/35
f 589/44/37 562/40/33 594/51/35
f 594/42/35 593/53/32 565/54/42
f 594/42/35 588/41/34 593/53/32
f 588/41/34 561/55/30 593/53/32
f 593/39/32 591/56/29 565/57/42
f 593/39/32 587/38/31 591/56/29
f 587/38/31 560/34/27 591/56/29
f 591/36/29 592/58/41 565/59/42
f 591/36/29 586/35/28 592/58/41
f 586/35/28 564/46/39 592/58/41
f 577/33/26 590/47/40 564/46/39
f 577/33/26 584/28/21 590/47/40
f 584/28/21 563/43/36 590/47/40
f 585/32/25 589/44/37 563/43/36
f 585/32/25 582/25/18 589/44/37
f 582/25/18 562/40/33 589/44/37
f 583/31/24 588/41/34 562/40/33
f 583/31/24 580/22/15 588/41/34
f 580/22/15 561/55/30 588/41/34
f 581/30/23 587/38/31 561/37/30
f 581/30/23 578/19/12 587/38/31
f 578/19/12 560/34/27 587/38/31
f 579/29/22 586/35/28 560/34/27
f 579/29/22 576/16/9 586/35/28
f 576/16/9 564/46/39 586/35/28
f 584/28/21 585/32/25 563/43/36
f 584/28/21 575/27/20 585/32/25
f 575/27/20 558/23/16 585/32/25
f 582/25/18 583/31/24 562/40/33
f 582/25/18 574/24/17 583/31/24
f 574/24/17 557/20/13 583/31/24
f 580/22/15 581/60/23 561/55/30
f 580/22/15 572/21/14 581/60/23
f 572/21/14 556/61/10 581/60/23
f 578/19/12 579/29/22 560/34/27
f 578/19/12 568/18/11 579/29/22
f 568/18/11 555/4/4 579/29/22
f 576/16/9 577/33/26 564/46/39
f 576/16/9 569/6/5 577/33/26
f 569/6/5 559/26/19 577/33/26
f 570/15/8 575/27/20 559/26/19
f 570/15/8 573/14/7 575/27/20
f 573/14/7 558/23/16 575/27/20
f 573/12/7 574/24/17 558/23/16
f 573/12/7 571/11/6 574/24/17
f 571/11/6 557/20/13 574/24/17
f 571/9/6 572/21/14 557/20/13
f 571/9/6 566/8/3 572/21/14
f 566/8/3 556/61/10 572/21/14
f 569/6/5 570/62/8 559/26/19
f 569/6/5 567/5/2 570/62/8
f 567/5/2 554/63/1 570/62/8
f 566/3/3 568/18/11 556/17/10
f 566/3/3 567/2/2 568/18/11
f 567/2/2 555/4/4 568/18/11
f 596/1/467 609/2/468 608/3/469
f 597/4/470 609/5/468 611/6/471
f 596/7/467 608/8/469 613/9/472
f 596/10/467 613/11/472 615/12/473
f 596/13/467 615/14/473 612/15/474
f 597/4/470 611/6/471 618/16/475
f 598/17/476 610/18/477 620/19/478
f 599/20/479 614/21/480 622/22/481
f 600/23/482 616/24/483 624/25/484
f 601/26/485 617/27/486 626/28/487
f 597/4/470 618/16/475 621/29/488
f 598/17/476 620/19/478 623/30/489
f 599/20/479 622/22/481 625/31/490
f 600/23/482 624/25/484 627/32/491
f 601/26/485 626/28/487 619/33/492
f 602/34/493 628/35/494 633/36/495
f 603/37/496 629/38/497 635/39/498
f 604/40/499 630/41/500 636/42/501
f 605/43/502 631/44/503 637/45/504
f 606/46/505 632/47/506 634/48/507
f 634/48/507 637/49/504 607/50/508
f 634/48/507 632/47/506 637/49/504
f 632/47/506 605/43/502 637/49/504
f 637/45/504 636/51/501 607/52/508
f 637/45/504 631/44/503 636/51/501
f 631/44/503 604/40/499 636/51/501
f 636/42/501 635/53/498 607/54/508
f 636/42/501 630/41/500 635/53/498
f 630/41/500 603/55/496 635/53/498
f 635/39/498 633/56/495 607/57/508
f 635/39/498 629/38/497 633/56/495
f 629/38/497 602/34/493 633/56/495
f 633/36/495 634/58/507 607/59/508
f 633/36/495 628/35/494 634/58/507
f 628/35/494 606/46/505 634/58/507
f 619/33/492 632/47/506 606/46/505
f 619/33/492 626/28/487 632/47/506
f 626/28/487 605/43/502 632/47/506
f 627/32/491 631/44/503 605/43/502
f 627/32/491 624/25/484 631/44/503
f 624/25/484 604/40/499 631/44/503
f 625/31/490 630/41/500 604/40/499
f 625/31/490 622/22/481 630/41/500
f 622/22/481 603/55/496 630/41/500
f 623/30/489 629/38/497 603/37/496
f 623/30/489 620/19/478 629/38/497
f 620/19/478 602/34/493 629/38/497
f 621/29/488 628/35/494 602/34/493
f 621/29/488 618/16/475 628/35/494
f 618/16/475 606/46/505 628/35/494
f 626/28/487 627/32/491 605/43/502
f 626/28/487 617/27/486 627/32/491
f 617/27/486 600/23/482 627/32/491
f 624/25/484 625/31/490 604/40/499
f 624/25/484 616/24/483 625/31/490
f 616/24/483 599/20/479 625/31/490
f 622/22/481 623/60/489 603/55/496
f 622/22/481 614/21/480 623/60/489
f 614/21/480 598/61/476 623/60/489
f 620/19/478 621/29/488 602/34/493
f 620/19/478 610/18/477 621/29/488
f 610/18/477 597/4/470 621/29/488
f 618/16/475 619/33/492 606/46/505
f 618/16/475 611/6/471 619/33/492
f 611/6/471 601/26/485 619/33/492
f 612/15/474 617/27/486 601/26/485
f 612/15/474 615/14/473 617/27/486
f 615/14/473 600/23/482 617/27/486
f 615/12/473 616/24/483 600/23/482
f 615/12/473 613/11/472 616/24/483
f 613/11/472 599/20/479 616/24/483
f 613/9/472 614/21/480 599/20/479
f 613/9/472 608/8/469 614/21/480
f 608/8/469 598/61/476 614/21/480
f 611/6/471 612/62/474 601/26/485
f 611/6/471 609/5/468 612/62/474
f 609/5/468 596/63/467 612/62/474
f 608/3/469 610/18/477 598/17/476
f 608/3/469 609/2/468 610/18/477
f 609/2/468 597/4/470 610/18/477
f 638/1/509 651/2/510 650/3/511
f 639/4/512 651/5/510 653/6/513
f 638/7/509 650/8/511 655/9/514
f 638/10/509 655/11/514 657/12/515
f 638/13/509 657/14/515 654/15/516
f 639/4/512 653/6/513 660/16/517
f 640/17/518 652/18/519 662/19/520
f 641/20/521 656/21/522 664/22/523
f 642/23/524 658/24/525 666/25/526
f 643/26/527 659/27/528 668/28/529
f 639/4/512 660/16/517 663/29/530
f 640/17/518 662/19/520 665/30/531
f 641/20/521 664/22/523 667/31/532
f 642/23/524 666/25/526 669/32/533
f 643/26/527 668/28/529 661/33/534
f 644/34/535 670/35/536 675/36/537
f 645/37/538 671/38/539 677/39/540
f 646/40/541 672/41/542 678/42/543
f 647/43/544 673/44/545 679/45/546
f 648/46/547 674/47/548 676/48/549
f 676/48/549 679/49/546 649/50/550
f 676/48/549 674/47/548 679/49/546
f 674/47/548 647/43/544 679/49/546
f 679/45/546 678/51/543 649/52/550
f 679/45/546 673/44/545 678/51/543
f 673/44/545 646/40/541 678/51/543
f 678/42/543 677/53/540 649/54/550
f 678/42/543 672/41/542 677/53/540
f 672/41/542 645/55/538 677/53/540
f 677/39/540 675/56/537 649/57/550
f 677/39/540 671/38/539 675/56/537
f 671/38/539 644/34/535 675/56/537
f 675/36/537 676/58/549 649/59/550
f 675/36/537 670/35/536 676/58/549
f 670/35/536 648/46/547 676/58/549
f 661/33/534 674/47/548 648/46/547
f 661/33/534 668/28/529 674/47/548
f 668/28/529 647/43/544 674/47/548
f 669/32/533 673/44/545 647/43/544
f 669/32/533 666/25/526 673/44/545
f 666/25/526 646/40/541 673/44/545
f 667/31/532 672/41/542 646/40/541
f 667/31/532 664/22/523 672/41/542
f 664/22/523 645/55/538 672/41/542
f 665/30/531 671/38/539 645/37/538
f 665/30/531 662/19/520 671/38/539
f 662/19/520 644/34/535 671/38/539
f 663/29/530 670/35/536 644/34/535
f 663/29/530 660/16/517 670/35/536
f 660/16/517 648/46/547 670/35/536
f 668/28/529 669/32/533 647/43/544
f 668/28/529 659/27/528 669/32/533
f 659/27/528 642/23/524 669/32/533
f 666/25/526 667/31/532 646/40/541
f 666/25/526 658/24/525 667/31/532
f 658/24/525 641/20/521 667/31/532
f 664/22/523 665/60/531 645/55/538
f 664/22/523 656/21/522 665/60/531
f 656/21/522 640/61/518 665/60/531
f 662/19/520 663/29/530 644/34/535
f 662/19/520 652/18/519 663/29/530
f 652/18/519 639/4/512 663/29/530
f 660/16/517 661/33/534 648/46/547
f 660/16/517 653/6/513 661/33/534
f 653/6/513 643/26/527 661/33/534
f 654/15/516 659/27/528 643/26/527
f 654/15/516 657/14/515 659/27/528
f 657/14/515 642/23/524 659/27/528
f 657/12/515 658/24/525 642/23/524
f 657/12/515 655/11/514 658/24/525
f 655/11/514 641/20/521 658/24/525
f 655/9/514 656/21/522 641/20/521
f 655/9/514 650/8/511 656/21/522
f 650/8/511 640/61/518 656/21/522
f 653/6/513 654/62/516 643/26/527
f 653/6/513 651/5/510 654/62/516
f 651/5/510 638/63/509 654/62/516
f 650/3/511 652/18/519 640/17/518
f 650/3/511 651/2/510 652/18/519
f 651/2/510 639/4/512 652/18/519
f 680/1/551 693/2/552 692/3/553
f 681/4/554 693/5/552 695/6/555
f 680/7/551 692/8/553 697/9/556
f 680/10/551 697/11/556 699/12/557
f 680/13/551 699/14/557 696/15/558
f 681/4/554 695/6/555 702/16/559
f 682/17/560 694/18/561 704/19/562
f 683/20/563 698/21/564 706/22/565
f 684/23/566 700/24/567 708/25/568
f 685/26/569 701/27/570 710/28/571
f 681/4/554 702/16/559 705/29/572
f 682/17/560 704/19/562 707/30/573
f 683/20/563 706/22/565 709/31/574
f 684/23/566 708/25/568 711/32/575
f 685/26/569 710/28/571 703/33/576
f 686/34/577 712/35/578 717/36/579
f 687/37/580 713/38/581 719/39/582
f 688/40/583 714/41/584 720/42/585
f 689/43/586 715/44/587 721/45/588
f 690/46/589 716/47/590 718/48/591
f 718/48/591 721/49/588 691/50/592
f 718/48/591 716/47/590 721/49/588
f 716/47/590 689/43/586 721/49/588
f 721/45/588 720/51/585 691/52/592
f 721/45/588 715/44/587 720/51/585
f 715/44/587 688/40/583 720/51/585
f 720/42/585 719/53/582 691/54/592
f 720/42/585 714/41/584 719/53/582
f 714/41/584 687/55/580 719/53/582
f 719/39/582 717/56/579 691/57/592
f 719/39/582 713/38/581 717/56/579
f 713/38/581 686/34/577 717/56/579
f 717/36/579 718/58/591 691/59/592
f 717/36/579 712/35/578 718/58/591
f 712/35/578 690/46/589 718/58/591
f 703/33/576 716/47/590 690/46/589
f 703/33/576 710/28/571 716/47/590
f 710/28/571 689/43/586 716/47/590
f 711/32/575 715/44/587 689/43/586
f 711/32/575 708/25/568 715/44/587
f 708/25/568 688/40/583 715/44/587
f 709/31/574 714/41/584 688/40/583
f 709/31/574 706/22/565 714/41/584
f 706/22/565 687/55/580 714/41/584
f 707/30/573 713/38/581 687/37/580
f 707/30/573 704/19/562 713/38/581
f 704/19/562 686/34/577 713/38/581
f 705/29/572 712/35/578 686/34/577
f 705/29/572 702/16/559 712/35/578
f 702/16/559 690/46/589 712/35/578
f 710/28/571 711/32/575 689/43/586
f 710/28/571 701/27/570 711/32/575
f 701/27/570 684/23/566 711/32/575
f 708/25/568 709/31/574 688/40/583
f 708/25/568 700/24/567 709/31/574
f 700/24/567 683/20/563 709/31/574
f 706/22/565 707/60/573 687/55/580
f 706/22/565 698/21/564 707/60/573
f 698/21/564 682/61/560 707/60/573
f 704/19/562 705/29/572 686/34/577
f 704/19/562 694/18/561 705/29/572
f 694/18/561 681/4/554 705/29/572
f 702/16/559 703/33/576 690/46/589
f 702/16/559 695/6/555 703/33/576
f 695/6/555 685/26/569 703/33/576
f 696/15/558 701/27/570 685/26/569
f 696/15/558 699/14/557 701/27/570
f 699/14/557 684/23/566 701/27/570
f 699/12/557 700/24/567 684/23/566
f 699/12/557 697/11/556 700/24/567
f 697/11/556 683/20/563 700/24/567
f 697/9/556 698/21/564 683/20/563
f 697/9/556 692/8/553 698/21/564
f 692/8/553 682/61/560 698/21/564
f 695/6/555 696/62/558 685/26/569
f 695/6/555 693/5/552 696/62/558
f 693/5/552 680/63/551 696/62/558
f 692/3/553 694/18/561 682/17/560
f 692/3/553 693/2/552 694/18/561
f 693/2/552 681/4/554 694/18/561
f 722/1/593 735/2/594 734/3/595
f 723/4/596 735/5/594 737/6/597
f 722/7/593 734/8/595 739/9/598
f 722/10/593 739/11/598 741/12/599
f 722/13/593 741/14/599 738/15/600
f 723/4/596 737/6/597 744/16/601
f 724/17/602 736/18/603 746/19/604
f 725/20/605 740/21/606 748/22/607
f 726/23/608 742/24/609 750/25/610
f 727/26/611 743/27/612 752/28/613
f 723/4/596 744/16/601 747/29/614
f 724/17/602 746/19/604 749/30/615
f 725/20/605 748/22/607 751/31/616
f 726/23/608 750/25/610 753/32/617
f 727/26/611 752/28/613 745/33/618
f 728/34/619 754/35/620 759/36/621
f 729/37/622 755/38/623 761/39/624
f 730/40/625 756/41/626 762/42/627
f 731/43/628 757/44/629 763/45/630
f 732/46/631 758/47/632 760/48/633
f 760/48/633 763/49/630 733/50/634
f 760/48/633 758/47/632 763/49/630
f 758/47/632 731/43/628 763/49/630
f 763/45/630 762/51/627 733/52/634
f 763/45/630 757/44/629 762/51/627
f 757/44/629 730/40/625 762/51/627
f 762/42/627 761/53/624 733/54/634
f 762/42/627 756/41/626 761/53/624
f 756/41/626 729/55/622 761/53/624
f 761/39/624 759/56/621 733/57/634
f 761/39/624 755/38/623 759/56/621
f 755/38/623 728/34/619 759/56/621
f 759/36/621 760/58/633 733/59/634
f 759/36/621 754/35/620 760/58/633
f 754/35/620 732/46/631 760/58/633
f 745/33/618 758/47/632 732/46/631
f 745/33/618 752/28/613 758/47/632
f 752/28/613 731/43/628 758/47/632
f 753/32/617 757/44/629 731/43/628
f 753/32/617 750/25/610 757/44/629
f 750/25/610 730/40/625 757/44/629
f 751/31/616 756/41/626 730/40/625
f 751/31/616 748/22/607 756/41/626
f 748/22/607 729/55/622 756/41/626
f 749/30/615 755/38/623 729/37/622
f 749/30/615 746/19/604 755/38/623
f 746/19/604 728/34/619 755/38/623
f 747/29/614 754/35/620 728/34/619
f 747/29/614 744/16/601 754/35/620
f 744/16/601 732/46/631 754/35/620
f 752/28/613 753/32/617 731/43/628
f 752/28/613 743/27/612 753/32/617
f 743/27/612 726/23/608 753/32/617
f 750/25/610 751/31/616 730/40/625
f 750/25/610 742/24/609 751/31/616
f 742/24/609 725/20/605 751/31/616
f 748/22/607 749/60/615 729/55/622
f 748/22/607 740/21/606 749/60/615
f 740/21/606 724/61/602 749/60/615
f 746/19/604 747/29/614 728/34/619
f 746/19/604 736/18/603 747/29/614
f 736/18/603 723/4/596 747/29/614
f 744/16/601 745/33/618 732/46/631
f 744/16/601 737/6/597 745/33/618
f 737/6/597 727/26/611 745/33/618
f 738/15/600 743/27/612 727/26/611
f 738/15/600 741/14/599 743/27/612
f 741/14/599 726/23/608 743/27/612
f 741/12/599 742/24/609 726/23/608
f 741/12/599 739/11/598 742/24/609
f 739/11/598 725/20/605 742/24/609
f 739/9/598 740/21/606 725/20/605
f 739/9/598 734/8/595 740/21/606
f 734/8/595 724/61/602 740/21/606
f 737/6/597 738/62/600 727/26/611
f 737/6/597 735/5/594 738/62/600
f 735/5/594 722/63/593 738/62/600
f 734/3/595 736/18/603 724/17/602
f 734/3/595 735/2/594 736/18/603
f 735/2/594 723/4/596 736/18/603
f 764/1/635 777/2/636 776/3/637
f 765/4/638 777/5/636 779/6/639
f 764/7/635 776/8/637 781/9/640
f 764/10/635 781/11/640 783/12/641
f 764/13/635 783/14/641 780/15/642
f 765/4/638 779/6/639 786/16/643
f 766/17/644 778/18/645 788/19/646
f 767/20/647 782/21/648 790/22/649
f 768/23/650 784/24/651 792/25/652
f 769/26/653 785/27/654 794/28/655
f 765/4/638 786/16/643 789/29/656
f 766/17/644 788/19/646 791/30/657
f 767/20/647 790/22/649 793/31/658
f 768/23/650 792/25/652 795/32/659
f 769/26/653 794/28/655 787/33/660
f 770/34/661 796/35/662 801/36/663
f 771/37/664 797/38/665 803/39/666
f 772/40/667 798/41/668 804/42/669
f 773/43/670 799/44/671 805/45/672
f 774/46/673 800/47/674 802/48/675
f 802/48/675 805/49/672 775/50/676
f 802/48/675 800/47/674 805/49/672
f 800/47/674 773/43/670 805/49/672
f 805/45/672 804/51/669 775/52/676
f 805/45/672 799/44/671 804/51/669
f 799/44/671 772/40/667 804/51/669
f 804/42/669 803/53/666 775/54/676
f 804/42/669 798/41/668 803/53/666
f 798/41/668 771/55/664 803/53/666
f 803/39/666 801/56/663 775/57/676
f 803/39/666 797/38/665 801/56/663
f 797/38/665 770/34/661 801/56/663
f 801/36/663 802/58/675 775/59/676
f 801/36/663 796/35/662 802/58/675
f 796/35/662 774/46/673 802/58/675
f 787/33/660 800/47/674 774/46/673
f 787/33/660 794/28/655 800/47/674
f 794/28/655 773/43/670 800/47/674
f 795/32/659 799/44/671 773/43/670
f 795/32/659 792/25/652 799/44/671
f 792/25/652 772/40/667 799/44/671
f 793/31/658 798/41/668 772/40/667
f 793/31/658 790/22/649 798/41/668
f 790/22/649 771/55/664 798/41/668
f 791/30/657 797/38/665 771/37/664
f 791/30/657 788/19/646 797/38/665
f 788/19/646 770/34/661 797/38/665
f 789/29/656 796/35/662 770/34/661
f 789/29/656 786/16/643 796/35/662
f 786/16/643 774/46/673 796/35/662
f 794/28/655 795/32/659 773/43/670
f 794/28/655 785/27/654 795/32/659
f 785/27/654 768/23/650 795/32/659
f 792/25/652 793/31/658 772/40/667
f 792/25/652 784/24/651 793/31/658
f 784/24/651 767/20/647 793/31/658
f 790/22/649 791/60/657 771/55/664
f 790/22/649 782/21/648 791/60/657
f 782/21/648 766/61/644 791/60/657
f 788/19/646 789/29/656 770/34/661
f 788/19/646 778/18/645 789/29/656
f 778/18/645 765/4/638 789/29/656
f 786/16/643 787/33/660 774/46/673
f 786/16/643 779/6/639 787/33/660
f 779/6/639 769/26/653 787/33/660
f 780/15/642 785/27/654 769/26/653
f 780/15/642 783/14/641 785/27/654
f 783/14/641 768/23/650 785/27/654
f 783/12/641 784/24/651 768/23/650
f 783/12/641 781/11/640 784/24/651
f 781/11/640 767/20/647 784/24/651
f 781/9/640 782/21/648 767/20/647
f 781/9/640 776/8/637 782/21/648
f 776/8/637 766/61/644 782/21/648
f 779/6/639 780/62/642 769/26/653
f 779/6/639 777/5/636 780/62/642
f 777/5/636 764/63/635 780/62/642
f 776/3/637 778/18/645 766/17/644
f 776/3/637 777/2/636 778/18/645
f 777/2/636 765/4/638 778/18/645
f 806/1/340 819/2/341 818/3/342
f 807/4/343 819/5/341 821/6/344
f 806/7/340 818/8/342 823/9/345
f 806/10/340 823/11/345 825/12/346
f 806/13/340 825/14/346 822/15/347
f 807/4/343 821/6/344 828/16/348
f 808/17/349 820/18/350 830/19/351
f 809/20/352 824/21/353 832/22/354
f 810/23/355 826/24/356 834/25/357
f 811/26/358 827/27/359 836/28/360
f 807/4/343 828/16/348 831/29/361
f 808/17/349 830/19/351 833/30/362
f 809/20/352 832/22/354 835/31/363
f 810/23/355 834/25/357 837/32/364
f 811/26/358 836/28/360 829/33/365
f 812/34/677 838/35/367 843/36/368
f 813/37/369 839/38/370 845/39/371
f 814/40/372 840/41/373 846/42/374
f 815/43/375 841/44/376 847/45/377
f 816/46/378 842/47/379 844/48/380
f 844/48/380 847/49/377 817/50/381
f 844/48/380 842/47/379 847/49/377
f 842/47/379 815/43/375 847/49/377
f 847/45/377 846/51/374 817/52/381
f 847/45/377 841/44/376 846/51/374
f 841/44/376 814/40/372 846/51/374
f 846/42/374 845/53/371 817/54/381
f 846/42/374 840/41/373 845/53/371
f 840/41/373 813/55/369 845/53/371
f 845/39/371 843/56/368 817/57/381
f 845/39/371 839/38/370 843/56/368
f 839/38/370 812/34/677 843/56/368
f 843/36/368 844/58/380 817/59/381
f 843/36/368 838/35/367 844/58/380
f 838/35/367 816/46/378 844/58/380
f 829/33/365 842/47/379 816/46/378
f 829/33/365 836/28/360 842/47/379
f 836/28/360 815/43/375 842/47/379
f 837/32/364 841/44/376 815/43/375
f 837/32/364 834/25/357 841/44/376
f 834/25/357 814/40/372 841/44/376
f 835/31/363 840/41/373 814/40/372
f 835/31/363 832/22/354 840/41/373
f 832/22/354 813/55/369 840/41/373
f 833/30/362 839/38/370 813/37/369
f 833/30/362 830/19/351 839/38/370
f 830/19/351 812/34/677 839/38/370
f 831/29/361 838/35/367 812/34/677
f 831/29/361 828/16/348 838/35/367
f 828/16/348 816/46/378 838/35/367
f 836/28/360 837/32/364 815/43/375
f 836/28/360 827/27/359 837/32/364
f 827/27/359 810/23/355 837/32/364
f 834/25/357 835/31/363 814/40/372
f 834/25/357 826/24/356 835/31/363
f 826/24/356 809/20/352 835/31/363
f 832/22/354 833/60/362 813/55/369
f 832/22/354 824/21/353 833/60/362
f 824/21/353 808/61/349 833/60/362
f 830/19/351 831/29/361 812/34/677
f 830/19/351 820/18/350 831/29/361
f 820/18/350 807/4/343 831/29/361
f 828/16/348 829/33/365 816/46/378
f 828/16/348 821/6/344 829/33/365
f 821/6/344 811/26/358 829/33/365
f 822/15/347 827/27/359 811/26/358
f 822/15/347 825/14/346 827/27/359
f 825/14/346 810/23/355 827/27/359
f 825/12/346 826/24/356 810/23/355
f 825/12/346 823/11/345 826/24/356
f 823/11/345 809/20/352 826/24/356
f 823/9/345 824/21/353 809/20/352
f 823/9/345 818/8/342 824/21/353
f 818/8/342 808/61/349 824/21/353
f 821/6/344 822/62/347 811/26/358
f 821/6/344 819/5/341 822/62/347
f 819/5/341 806/63/340 822/62/347
f 818/3/342 820/18/350 808/17/349
f 818/3/342 819/2/341 820/18/350
f 819/2/341 807/4/343 820/18/350
f 848/1/678 861/2/679 860/3/680
f 849/4/681 861/5/679 863/6/682
f 848/7/678 860/8/680 865/9/683
f 848/10/678 865/11/683 867/12/684
f 848/13/678 867/14/684 864/15/685
f 849/4/681 863/6/682 870/16/686
f 850/17/687 862/18/688 872/19/689
f 851/20/690 866/21/691 874/22/692
f 852/23/693 868/24/694 876/25/695
f 853/26/696 869/27/697 878/28/698
f 849/4/681 870/16/686 873/29/699
f 850/17/687 872/19/689 875/30/700
f 851/20/690 874/22/692 877/31/701
f 852/23/693 876/25/695 879/32/702
f 853/26/696 878/28/698 871/33/703
f 854/34/704 880/35/705 885/36/706
f 855/37/707 881/38/708 887/39/709
f 856/40/710 882/41/711 888/42/712
f 857/43/713 883/44/714 889/45/715
f 858/46/716 884/47/717 886/48/718
f 886/48/718 889/49/715 859/50/719
f 886/48/718 884/47/717 889/49/715
f 884/47/717 857/43/713 889/49/715
f 889/45/715 888/51/712 859/52/719
f 889/45/715 883/44/714 888/51/712
f 883/44/714 856/40/710 888/51/712
f 888/42/712 887/53/709 859/54/719
f 888/42/712 882/41/711 887/53/709
f 882/41/711 855/55/707 887/53/709
f 887/39/709 885/56/706 859/57/719
f 887/39/709 881/38/708 885/56/706
f 881/38/708 854/34/704 885/56/706
f 885/36/706 886/58/718 859/59/719
f 885/36/706 880/35/705 886/58/718
f 880/35/705 858/46/716 886/58/718
f 871/33/703 884/47/717 858/46/716
f 871/33/703 878/28/698 884/47/717
f 878/28/698 857/43/713 884/47/717
f 879/32/702 883/44/714 857/43/713
f 879/32/702 876/25/695 883/44/714
f 876/25/695 856/40/710 883/44/714
f 877/31/701 882/41/711 856/40/710
f 877/31/701 874/22/692 882/41/711
f 874/22/692 855/55/707 882/41/711
f 875/30/700 881/38/708 855/37/707
f 875/30/700 872/19/689 881/38/708
f 872/19/689 854/34/704 881/38/708
f 873/29/699 880/35/705 854/34/704
f 873/29/699 870/16/686 880/35/705
f 870/16/686 858/46/716 880/35/705
f 878/28/698 879/32/702 857/43/713
f 878/28/698 869/27/697 879/32/702
f 869/27/697 852/23/693 879/32/702
f 876/25/695 877/31/701 856/40/710
f 876/25/695 868/24/694 877/31/701
f 868/24/694 851/20/690 877/31/701
f 874/22/692 875/60/700 855/55/707
f 874/22/692 866/21/691 875/60/700
f 866/21/691 850/61/687 875/60/700
f 872/19/689 873/29/699 854/34/704
f 872/19/689 862/18/688 873/29/699
f 862/18/688 849/4/681 873/29/699
f 870/16/686 871/33/703 858/46/716
f 870/16/686 863/6/682 871/33/703
f 863/6/682 853/26/696 871/33/703
f 864/15/685 869/27/697 853/26/696
f 864/15/685 867/14/684 869/27/697
f 867/14/684 852/23/693 869/27/697
f 867/12/684 868/24/694 852/23/693
f 867/12/684 865/11/683 868/24/694
f 865/11/683 851/20/690 868/24/694
f 865/9/683 866/21/691 851/20/690
f 865/9/683 860/8/680 866/21/691
f 860/8/680 850/61/687 866/21/691
f 863/6/682 864/62/685 853/26/696
f 863/6/682 861/5/679 864/62/685
f 861/5/679 848/63/678 864/62/685
f 860/3/680 862/18/688 850/17/687
f 860/3/680 861/2/679 862/18/688
f 861/2/679 849/4/681 862/18/688
f 890/1/720 903/2/721 902/3/722
f 891/4/723 903/5/721 905/6/724
f 890/7/720 902/8/722 907/9/725
f 890/10/720 907/11/725 909/12/726
f 890/13/720 909/14/726 906/15/727
f 891/4/723 905/6/724 912/16/728
f 892/17/729 904/18/730 914/19/731
f 893/20/732 908/21/733 916/22/734
f 894/23/735 910/24/736 918/25/737
f 895/26/738 911/27/739 920/28/740
f 891/4/723 912/16/728 915/29/741
f 892/17/729 914/19/731 917/30/742
f 893/20/732 916/22/734 919/31/743
f 894/23/735 918/25/737 921/32/744
f 895/26/738 920/28/740 913/33/745
f 896/34/746 922/35/747 927/36/748
f 897/37/749 923/38/750 929/39/751
f 898/40/752 924/41/753 930/42/754
f 899/43/755 925/44/756 931/45/757
f 900/46/758 926/47/759 928/48/760
f 928/48/760 931/49/757 901/50/761
f 928/48/760 926/47/759 931/49/757
f 926/47/759 899/43/755 931/49/757
f 931/45/757 930/51/754 901/52/761
f 931/45/757 925/44/756 930/51/754
f 925/44/756 898/40/752 930/51/754
f 930/42/754 929/53/751 901/54/761
f 930/42/754 924/41/753 929/53/751
f 924/41/753 897/55/749 929/53/751
f 929/39/751 927/56/748 901/57/761
f 929/39/751 923/38/750 927/56/748
f 923/38/750 896/34/746 927/56/748
f 927/36/748 928/58/760 901/59/761
f 927/36/748 922/35/747 928/58/760
f 922/35/747 900/46/758 928/58/760
f 913/33/745 926/47/759 900/46/758
f 913/33/745 920/28/740 926/47/759
f 920/28/740 899/43/755 926/47/759
f 921/32/744 925/44/756 899/43/755
f 921/32/744 918/25/737 925/44/756
f 918/25/737 898/40/752 925/44/756
f 919/31/743 924/41/753 898/40/752
f 919/31/743 916/22/734 924/41/753
f 916/22/734 897/55/749 924/41/753
f 917/30/742 923/38/750 897/37/749
f 917/30/742 914/19/731 923/38/750
f 914/19/731 896/34/746 923/38/750
f 915/29/741 922/35/747 896/34/746
f 915/29/741 912/16/728 922/35/747
f 912/16/728 900/46/758 922/35/747
f 920/28/740 921/32/744 899/43/755
f 920/28/740 911/27/739 921/32/744
f 911/27/739 894/23/735 921/32/744
f 918/25/737 919/31/743 898/40/752
f 918/25/737 910/24/736 919/31/743
f 910/24/736 893/20/732 919/31/743
f 916/22/734 917/60/742 897/55/749
f 916/22/734 908/21/733 917/60/742
f 908/21/733 892/61/729 917/60/742
f 914/19/731 915/29/741 896/34/746
f 914/19/731 904/18/730 915/29/741
f 904/18/730 891/4/723 915/29/741
f 912/16/728 913/33/745 900/46/758
f 912/16/728 905/6/724 913/33/745
f 905/6/724 895/26/738 913/33/745
f 906/15/727 911/27/739 895/26/738
f 906/15/727 909/14/726 911/27/739
f 909/14/726 894/23/735 911/27/739
f 909/12/726 910/24/736 894/23/735
f 909/12/726 907/11/725 910/24/736
f 907/11/725 893/20/732 910/24/736
f 907/9/725 908/21/733 893/20/732
f 907/9/725 902/8/722 908/21/733
f 902/8/722 892/61/729 908/21/733
f 905/6/724 906/62/727 895/26/738
f 905/6/724 903/5/721 906/62/727
f 903/5/721 890/63/720 906/62/727
f 902/3/722 904/18/730 892/17/729
f 902/3/722 903/2/721 904/18/730
f 903/2/721 891/4/723 904/18/730
f 932/1/762 945/2/763 944/3/764
f 933/4/765 945/5/763 947/6/766
f 932/7/762 944/8/764 949/9/767
f 932/10/762 949/11/767 951/12/768
f 932/13/762 951/14/768 948/15/769
f 933/4/765 947/6/766 954/16/770
f 934/17/771 946/18/772 956/19/773
f 935/20/774 950/21/775 958/22/776
f 936/23/777 952/24/778 960/25/779
f 937/26/780 953/27/781 962/28/782
f 933/4/765 954/16/770 957/29/783
f 934/17/771 956/19/773 959/30/784
f 935/20/774 958/22/776 961/31/785
f 936/23/777 960/25/779 963/32/786
f 937/26/780 962/28/782 955/33/787
f 938/34/788 964/35/789 969/36/790
f 939/37/791 965/38/792 971/39/793
f 940/40/794 966/41/795 972/42/796
f 941/43/797 967/44/798 973/45/799
f 942/46/800 968/47/801 970/48/802
f 970/48/802 973/49/799 943/50/803
f 970/48/802 968/47/801 973/49/799
f 968/47/801 941/43/797 973/49/799
f 973/45/799 972/51/796 943/52/803
f 973/45/799 967/44/798 972/51/796
f 967/44/798 940/40/794 972/51/796
f 972/42/796 971/53/793 943/54/803
f 972/42/796 966/41/795 971/53/793
f 966/41/795 939/55/791 971/53/793
f 971/39/793 969/56/790 943/57/803
f 971/39/793 965/38/792 969/56/790
f 965/38/792 938/34/788 969/56/790
f 969/36/790 970/58/802 943/59/803
f 969/36/790 964/35/789 970/58/802
f 964/35/789 942/46/800 970/58/802
f 955/33/787 968/47/801 942/46/800
f 955/33/787 962/28/782 968/47/801
f 962/28/782 941/43/797 968/47/801
f 963/32/786 967/44/798 941/43/797
f 963/32/786 960/25/779 967/44/798
f 960/25/779 940/40/794 967/44/798
f 961/31/785 966/41/795 940/40/794
f 961/31/785 958/22/776 966/41/795
f 958/22/776 939/55/791 966/41/795
f 959/30/784 965/38/792 939/37/791
f 959/30/784 956/19/773 965/38/792
f 956/19/773 938/34/788 965/38/792
f 957/29/783 964/35/789 938/34/788
f 957/29/783 954/16/770 964/35/789
f 954/16/770 942/46/800 964/35/789
f 962/28/782 963/32/786 941/43/797
f 962/28/782 953/27/781 963/32/786
f 953/27/781 936/23/777 963/32/786
f 960/25/779 961/31/785 940/40/794
f 960/25/779 952/24/778 961/31/785
f 952/24/778 935/20/774 961/31/785
f 958/22/776 959/60/784 939/55/791
f 958/22/776 950/21/775 959/60/784
f 950/21/775 934/61/771 959/60/784
f 956/19/773 957/29/783 938/34/788
f 956/19/773 946/18/772 957/29/783
f 946/18/772 933/4/765 957/29/783
f 954/16/770 955/33/787 942/46/800
f 954/16/770 947/6/766 955/33/787
f 947/6/766 937/26/780 955/33/787
f 948/15/769 953/27/781 937/26/780
f 948/15/769 951/14/768 953/27/781
f 951/14/768 936/23/777 953/27/781
f 951/12/768 952/24/778 936/23/777
f 951/12/768 949/11/767 952/24/778
f 949/11/767 935/20/774 952/24/778
f 949/9/767 950/21/775 935/20/774
f 949/9/767 944/8/764 950/21/775
f 944/8/764 934/61/771 950/21/775
f 947/6/766 948/62/769 937/26/780
f 947/6/766 945/5/763 948/62/769
f 945/5/763 932/63/762 948/62/769
f 944/3/764 946/18/772 934/17/771
f 944/3/764 945/2/763 946/18/772
f 945/2/763 933/4/765 946/18/772
f 974/1/804 987/2/805 986/3/806
f 975/4/807 987/5/805 989/6/808
f 974/7/804 986/8/806 991/9/809
f 974/10/804 991/11/809 993/12/810
f 974/13/804 993/14/810 990/15/811
f 975/4/807 989/6/808 996/16/812
f 976/17/813 988/18/814 998/19/815
f 977/20/816 992/21/817 1000/22/818
f 978/23/819 994/24/820 1002/25/821
f 979/26/822 995/27/823 1004/28/824
f 975/4/807 996/16/812 999/29/825
f 976/17/813 998/19/815 1001/30/826
f 977/20/816 1000/22/818 1003/31/827
f 978/23/819 1002/25/821 1005/32/828
f 979/26/822 1004/28/824 997/33/829
f 980/34/830 1006/35/831 1011/36/832
f 981/37/833 1007/38/834 1013/39/835
f 982/40/836 1008/41/837 1014/42/838
f 983/43/839 1009/44/840 1015/45/841
f 984/46/842 1010/47/843 1012/48/844
f 1012/48/844 1015/49/841 985/50/845
f 1012/48/844 1010/47/843 1015/49/841
f 1010/47/843 983/43/839 1015/49/841
f 1015/45/841 1014/51/838 985/52/845
f 1015/45/841 1009/44/840 1014/51/838
f 1009/44/840 982/40/836 1014/51/838
f 1014/42/838 1013/53/835 985/54/845
f 1014/42/838 1008/41/837 1013/53/835
f 1008/41/837 981/55/833 1013/53/835
f 1013/39/835 1011/56/832 985/57/845
f 1013/39/835 1007/38/834 1011/56/832
f 1007/38/834 980/34/830 1011/56/832
f 1011/36/832 1012/58/844 985/59/845
f 1011/36/832 1006/35/831 1012/58/844
f 1006/35/831 984/46/842 1012/58/844
f 997/33/829 1010/47/843 984/46/842
f 997/33/829 1004/28/824 1010/47/843
f 1004/28/824 983/43/839 1010/47/843
f 1005/32/828 1009/44/840 983/43/839
f 1005/32/828 1002/25/821 1009/44/840
f 1002/25/821 982/40/836 1009/44/840
f 1003/31/827 1008/41/837 982/40/836
f 1003/31/827 1000/22/818 1008/41/837
f 1000/22/818 981/55/833 1008/41/837
f 1001/30/826 1007/38/834 981/37/833
f 1001/30/826 998/19/815 1007/38/834
f 998/19/815 980/34/830 1007/38/834
f 999/29/825 1006/35/831 980/34/830
f 999/29/825 996/16/812 1006/35/831
f 996/16/812 984/46/842 1006/35/831
f 1004/28/824 1005/32/828 983/43/839
f 1004/28/824 995/27/823 1005/32/828
f 995/27/823 978/23/819 1005/32/828
f 1002/25/821 1003/31/827 982/40/836
f 1002/25/821 994/24/820 1003/31/827
f 994/24/820 977/20/816 1003/31/827
f 1000/22/818 1001/60/826 981/55/833
f 1000/22/818 992/21/817 1001/60/826
f 992/21/817 976/61/813 1001/60/826
f 998/19/815 999/29/825 980/34/830
f 998/19/815 988/18/814 999/29/825
f 988/18/814 975/4/807 999/29/825
f 996/16/812 997/33/829 984/46/842
f 996/16/812 989/6/808 997/33/829
f 989/6/808 979/26/822 997/33/829
f 990/15/811 995/27/823 979/26/822
f 990/15/811 993/14/810 995/27/823
f 993/14/810 978/23/819 995/27/823
f 993/12/810 994/24/820 978/23/819
f 993/12/810 991/11/809 994/24/820
f 991/11/809 977/20/816 994/24/820
f 991/9/809 992/21/817 977/20/816
f 991/9/809 986/8/806 992/21/817
f 986/8/806 976/61/813 992/21/817
f 989/6/808 990/62/811 979/26/822
f 989/6/808 987/5/805 990/62/811
f 987/5/805 974/63/804 990/62/811
f 986/3/806 988/18/814 976/17/813
f 986/3/806 987/2/805 988/18/814
f 987/2/805 975/4/807 988/18/814
f 1016/1/846 1029/2/847 1028/3/848
f 1017/4/849 1029/5/847 1031/6/850
f 1016/7/846 1028/8/848 1033/9/851
f 1016/10/846 1033/11/851 1035/12/852
f 1016/13/846 1035/14/852 1032/15/853
f 1017/4/849 1031/6/850 1038/16/854
f 1018/17/855 1030/18/856 1040/19/857
f 1019/20/858 1034/21/859 1042/22/860
f 1020/23/861 1036/24/862 1044/25/863
f 1021/26/864 1037/27/865 1046/28/866
f 1017/4/849 1038/16/854 1041/29/867
f 1018/17/855 1040/19/857 1043/30/868
f 1019/20/858 1042/22/860 1045/31/869
f 1020/23/861 1044/25/863 1047/32/870
f 1021/26/864 1046/28/866 1039/33/871
f 1022/34/872 1048/35/873 1053/36/874
f 1023/37/875 1049/38/876 1055/39/877
f 1024/40/878 1050/41/879 1056/42/880
f 1025/43/881 1051/44/882 1057/45/883
f 1026/46/884 1052/47/885 1054/48/886
f 1054/48/886 1057/49/883 1027/50/887
f 1054/48/886 1052/47/885 1057/49/883
f 1052/47/885 1025/43/881 1057/49/883
f 1057/45/883 1056/51/880 1027/52/887
f 1057/45/883 1051/44/882 1056/51/880
f 1051/44/882 1024/40/878 1056/51/880
f 1056/42/880 1055/53/877 1027/54/887
f 1056/42/880 1050/41/879 1055/53/877
f 1050/41/879 1023/55/875 1055/53/877
f 1055/39/877 1053/56/874 1027/57/887
f 1055/39/877 1049/38/876 1053/56/874
f 1049/38/876 1022/34/872 1053/56/874
f 1053/36/874 1054/58/886 1027/59/887
f 1053/36/874 1048/35/873 1054/58/886
f 1048/35/873 1026/46/884 1054/58/886
f 1039/33/871 1052/47/885 1026/46/884
f 1039/33/871 1046/28/866 1052/47/885
f 1046/28/866 1025/43/881 1052/47/885
f 1047/32/870 1051/44/882 1025/43/881
f 1047/32/870 1044/25/863 1051/44/882
f 1044/25/863 1024/40/878 1051/44/882
f 1045/31/869 1050/41/879 1024/40/878
f 1045/31/869 1042/22/860 1050/41/879
f 1042/22/860 1023/55/875 1050/41/879
f 1043/30/868 1049/38/876 1023/37/875
f 1043/30/868 1040/19/857 1049/38/876
f 1040/19/857 1022/34/872 1049/38/876
f 1041/29/867 1048/35/873 1022/34/872
f 1041/29/867 1038/16/854 1048/35/873
f 1038/16/854 1026/46/884 1048/35/873
f 1046/28/866 1047/32/870 1025/43/881
f 1046/28/866 1037/27/865 1047/32/870
f 1037/27/865 1020/23/861 1047/32/870
f 1044/25/863 1045/31/869 1024/40/878
f 1044/25/863 1036/24/862 1045/31/869
f 1036/24/862 1019/20/858 1045/31/869
f 1042/22/860 1043/60/868 1023/55/875
f 1042/22/860 1034/21/859 1043/60/868
f 1034/21/859 1018/61/855 1043/60/868
f 1040/19/857 1041/29/867 1022/34/872
f 1040/19/857 1030/18/856 1041/29/867
f 1030/18/856 1017/4/849 1041/29/867
f 1038/16/854 1039/33/871 1026/46/884
f 1038/16/854 1031/6/850 1039/33/871
f 1031/6/850 1021/26/864 1039/33/871
f 1032/15/853 1037/27/865 1021/26/864
f 1032/15/853 1035/14/852 1037/27/865
f 1035/14/852 1020/23/861 1037/27/865
f 1035/12/852 1036/24/862 1020/23/861
f 1035/12/852 1033/11/851 1036/24/862
f 1033/11/851 1019/20/858 1036/24/862
f 1033/9/851 1034/21/859 1019/20/858
f 1033/9/851 1028/8/848 1034/21/859
f 1028/8/848 1018/61/855 1034/21/859
f 1031/6/850 1032/62/853 1021/26/864
f 1031/6/850 1029/5/847 1032/62/853
f 1029/5/847 1016/63/846 1032/62/853
f 1028/3/848 1030/18/856 1018/17/855
f 1028/3/848 1029/2/847 1030/18/856
f 1029/2/847 1017/4/849 1030/18/856
f 1058/1/720 1071/2/721 1070/3/722
f 1059/4/723 1071/5/721 1073/6/724
f 1058/7/720 1070/8/722 1075/9/725
f 1058/10/720 1075/11/725 1077/12/726
f 1058/13/720 1077/14/726 1074/15/727
f 1059/4/723 1073/6/724 1080/16/728
f 1060/17/729 1072/18/730 1082/19/731
f 1061/20/732 1076/21/733 1084/22/734
f 1062/23/735 1078/24/736 1086/25/737
f 1063/26/738 1079/27/739 1088/28/740
f 1059/4/723 1080/16/728 1083/29/741
f 1060/17/729 1082/19/731 1085/30/742
f 1061/20/732 1084/22/734 1087/31/743
f 1062/23/735 1086/25/737 1089/32/744
f 1063/26/738 1088/28/740 1081/33/745
f 1064/34/746 1090/35/747 1095/36/748
f 1065/37/749 1091/38/750 1097/39/751
f 1066/40/752 1092/41/753 1098/42/754
f 1067/43/755 1093/44/756 1099/45/757
f 1068/46/758 1094/47/759 1096/48/760
f 1096/48/760 1099/49/757 1069/50/761
f 1096/48/760 1094/47/759 1099/49/757
f 1094/47/759 1067/43/755 1099/49/757
f 1099/45/757 1098/51/754 1069/52/761
f 1099/45/757 1093/44/756 1098/51/754
f 1093/44/756 1066/40/752 1098/51/754
f 1098/42/754 1097/53/751 1069/54/761
f 1098/42/754 1092/41/753 1097/53/751
f 1092/41/753 1065/55/749 1097/53/751
f 1097/39/751 1095/56/748 1069/57/761
f 1097/39/751 1091/38/750 1095/56/748
f 1091/38/750 1064/34/746 1095/56/748
f 1095/36/748 1096/58/760 1069/59/761
f 1095/36/748 1090/35/747 1096/58/760
f 1090/35/747 1068/46/758 1096/58/760
f 1081/33/745 1094/47/759 1068/46/758
f 1081/33/745 1088/28/740 1094/47/759
f 1088/28/740 1067/43/755 1094/47/759
f 1089/32/744 1093/44/756 1067/43/755
f 1089/32/744 1086/25/737 1093/44/756
f 1086/25/737 1066/40/752 1093/44/756
f 1087/31/743 1092/41/753 1066/40/752
f 1087/31/743 1084/22/734 1092/41/753
f 1084/22/734 1065/55/749 1092/41/753
f 1085/30/742 1091/38/750 1065/37/749
f 1085/30/742 1082/19/731 1091/38/750
f 1082/19/731 1064/34/746 1091/38/750
f 1083/29/741 1090/35/747 1064/34/746
f 1083/29/741 1080/16/728 1090/35/747
f 1080/16/728 1068/46/758 1090/35/747
f 1088/28/740 1089/32/744 1067/43/755
f 1088/28/740 1079/27/739 1089/32/744
f 1079/27/739 1062/23/735 1089/32/744
f 1086/25/737 1087/31/743 1066/40/752
f 1086/25/737 1078/24/736 1087/31/743
f 1078/24/736 1061/20/732 1087/31/743
f 1084/22/734 1085/60/742 1065/55/749
f 1084/22/734 1076/21/733 1085/60/742
f 1076/21/733 1060/61/729 1085/60/742
f 1082/19/731 1083/29/741 1064/34/746
f 1082/19/731 1072/18/730 1083/29/741
f 1072/18/730 1059/4/723 1083/29/741
f 1080/16/728 1081/33/745 1068/46/758
f 1080/16/728 1073/6/724 1081/33/745
f 1073/6/724 1063/26/738 1081/33/745
f 1074/15/727 1079/27/739 1063/26/738
f 1074/15/727 1077/14/726 1079/27/739
f 1077/14/726 1062/23/735 1079/27/739
f 1077/12/726 1078/24/736 1062/23/735
f 1077/12/726 1075/11/725 1078/24/736
f 1075/11/725 1061/20/732 1078/24/736
f 1075/9/725 1076/21/733 1061/20/732
f 1075/9/725 1070/8/722 1076/21/733
f 1070/8/722 1060/61/729 1076/21/733
f 1073/6/724 1074/62/727 1063/26/738
f 1073/6/724 1071/5/721 1074/62/727
f 1071/5/721 1058/63/720 1074/62/727
f 1070/3/722 1072/18/730 1060/17/729
f 1070/3/722 1071/2/721 1072/18/730
f 1071/2/721 1059/4/723 1072/18/730
f 1100/1/846 1113/2/847 1112/3/848
f 1101/4/849 1113/5/847 1115/6/850
f 1100/7/846 1112/8/848 1117/9/851
f 1100/10/846 1117/11/851 1119/12/852
f 1100/13/846 1119/14/852 1116/15/853
f 1101/4/849 1115/6/850 1122/16/854
f 1102/17/855 1114/18/856 1124/19/857
f 1103/20/858 1118/21/859 1126/22/860
f 1104/23/861 1120/24/862 1128/25/863
f 1105/26/864 1121/27/865 1130/28/866
f 1101/4/849 1122/16/854 1125/29/867
f 1102/17/855 1124/19/857 1127/30/868
f 1103/20/858 1126/22/860 1129/31/869
f 1104/23/861 1128/25/863 1131/32/870
f 1105/26/864 1130/28/866 1123/33/871
f 1106/34/872 1132/35/873 1137/36/874
f 1107/37/875 1133/38/876 1139/39/877
f 1108/40/878 1134/41/879 1140/42/880
f 1109/43/881 1135/44/882 1141/45/883
f 1110/46/884 1136/47/885 1138/48/886
f 1138/48/886 1141/49/883 1111/50/887
f 1138/48/886 1136/47/885 1141/49/883
f 1136/47/885 1109/43/881 1141/49/883
f 1141/45/883 1140/51/880 1111/52/887
f 1141/45/883 1135/44/882 1140/51/880
f 1135/44/882 1108/40/878 1140/51/880
f 1140/42/880 1139/53/877 1111/54/887
f 1140/42/880 1134/41/879 1139/53/877
f 1134/41/879 1107/55/875 1139/53/877
f 1139/39/877 1137/56/874 1111/57/887
f 1139/39/877 1133/38/876 1137/56/874
f 1133/38/876 1106/34/872 1137/56/874
f 1137/36/874 1138/58/886 1111/59/887
f 1137/36/874 1132/35/873 1138/58/886
f 1132/35/873 1110/46/884 1138/58/886
f 1123/33/871 1136/47/885 1110/46/884
f 1123/33/871 1130/28/866 1136/47/885
f 1130/28/866 1109/43/881 1136/47/885
f 1131/32/870 1135/44/882 1109/43/881
f 1131/32/870 1128/25/863 1135/44/882
f 1128/25/863 1108/40/878 1135/44/882
f 1129/31/869 1134/41/879 1108/40/878
f 1129/31/869 1126/22/860 1134/41/879
f 1126/22/860 1107/55/875 1134/41/879
f 1127/30/868 1133/38/876 1107/37/875
f 1127/30/868 1124/19/857 1133/38/876
f 1124/19/857 1106/34/872 1133/38/876
f 1125/29/867 1132/35/873 1106/34/872
f 1125/29/867 1122/16/854 1132/35/873
f 1122/16/854 1110/46/884 1132/35/873
f 1130/28/866 1131/32/870 1109/43/881
f 1130/28/866 1121/27/865 1131/32/870
f 1121/27/865 1104/23/861 1131/32/870
f 1128/25/863 1129/31/869 1108/40/878
f 1128/25/863 1120/24/862 1129/31/869
f 1120/24/862 1103/20/858 1129/31/869
f 1126/22/860 1127/60/868 1107/55/875
f 1126/22/860 1118/21/859 1127/60/868
f 1118/21/859 1102/61/855 1127/60/868
f 1124/19/857 1125/29/867 1106/34/872
f 1124/19/857 1114/18/856 1125/29/867
f 1114/18/856 1101/4/849 1125/29/867
f 1122/16/854 1123/33/871 1110/46/884
f 1122/16/854 1115/6/850 1123/33/871
f 1115/6/850 1105/26/864 1123/33/871
f 1116/15/853 1121/27/865 1105/26/864
f 1116/15/853 1119/14/852 1121/27/865
f 1119/14/852 1104/23/861 1121/27/865
f 1119/12/852 1120/24/862 1104/23/861
f 1119/12/852 1117/11/851 1120/24/862
f 1117/11/851 1103/20/858 1120/24/862
f 1117/9/851 1118/21/859 1103/20/858
f 1117/9/851 1112/8/848 1118/21/859
f 1112/8/848 1102/61/855 1118/21/859
f 1115/6/850 1116/62/853 1105/26/864
f 1115/6/850 1113/5/847 1116/62/853
f 1113/5/847 1100/63/846 1116/62/853
f 1112/3/848 1114/18/856 1102/17/855
f 1112/3/848 1113/2/847 1114/18/856
f 1113/2/847 1101/4/849 1114/18/856
f 1142/1/804 1155/2/805 1154/3/806
f 1143/4/807 1155/5/805 1157/6/808
f 1142/7/804 1154/8/806 1159/9/809
f 1142/10/804 1159/11/809 1161/12/810
f 1142/13/804 1161/14/810 1158/15/811
f 1143/4/807 1157/6/808 1164/16/812
f 1144/17/813 1156/18/814 1166/19/815
f 1145/20/816 1160/21/817 1168/22/818
f 1146/23/819 1162/24/820 1170/25/821
f 1147/26/822 1163/27/823 1172/28/824
f 1143/4/807 1164/16/812 1167/29/825
f 1144/17/813 1166/19/815 1169/30/826
f 1145/20/816 1168/22/818 1171/31/827
f 1146/23/819 1170/25/821 1173/32/828
f 1147/26/822 1172/28/824 1165/33/829
f 1148/34/830 1174/35/831 1179/36/832
f 1149/37/833 1175/38/834 1181/39/835
f 1150/40/836 1176/41/837 1182/42/838
f 1151/43/839 1177/44/840 1183/45/841
f 1152/46/842 1178/47/843 1180/48/844
f 1180/48/844 1183/49/841 1153/50/845
f 1180/48/844 1178/47/843 1183/49/841
f 1178/47/843 1151/43/839 1183/49/841
f 1183/45/841 1182/51/838 1153/52/845
f 1183/45/841 1177/44/840 1182/51/838
f 1177/44/840 1150/40/836 1182/51/838
f 1182/42/838 1181/53/835 1153/54/845
f 1182/42/838 1176/41/837 1181/53/835
f 1176/41/837 1149/55/833 1181/53/835
f 1181/39/835 1179/56/832 1153/57/845
f 1181/39/835 1175/38/834 1179/56/832
f 1175/38/834 1148/34/830 1179/56/832
f 1179/36/832 1180/58/844 1153/59/845
f 1179/36/832 1174/35/831 1180/58/844
f 1174/35/831 1152/46/842 1180/58/844
f 1165/33/829 1178/47/843 1152/46/842
f 1165/33/829 1172/28/824 1178/47/843
f 1172/28/824 1151/43/839 1178/47/843
f 1173/32/828 1177/44/840 1151/43/839
f 1173/32/828 1170/25/821 1177/44/840
f 1170/25/821 1150/40/836 1177/44/840
f 1171/31/827 1176/41/837 1150/40/836
f 1171/31/827 1168/22/818 1176/41/837
f 1168/22/818 1149/55/833 1176/41/837
f 1169/30/826 1175/38/834 1149/37/833
f 1169/30/826 1166/19/815 1175/38/834
f 1166/19/815 1148/34/830 1175/38/834
f 1167/29/825 1174/35/831 1148/34/830
f 1167/29/825 1164/16/812 1174/35/831
f 1164/16/812 1152/46/842 1174/35/831
f 1172/28/824 1173/32/828 1151/43/839
f 1172/28/824 1163/27/823 1173/32/828
f 1163/27/823 1146/23/819 1173/32/828
f 1170/25/821 1171/31/827 1150/40/836
f 1170/25/821 1162/24/820 1171/31/827
f 1162/24/820 1145/20/816 1171/31/827
f 1168/22/818 1169/60/826 1149/55/833
f 1168/22/818 1160/21/817 1169/60/826
f 1160/21/817 1144/61/813 1169/60/826
f 1166/19/815 1167/29/825 1148/34/830
f 1166/19/815 1156/18/814 1167/29/825
f 1156/18/814 1143/4/807 1167/29/825
f 1164/16/812 1165/33/829 1152/46/842
f 1164/16/812 1157/6/808 1165/33/829
f 1157/6/808 1147/26/822 1165/33/829
f 1158/15/811 1163/27/823 1147/26/822
f 1158/15/811 1161/14/810 1163/27/823
f 1161/14/810 1146/23/819 1163/27/823
f 1161/12/810 1162/24/820 1146/23/819
f 1161/12/810 1159/11/809 1162/24/820
f 1159/11/809 1145/20/816 1162/24/820
f 1159/9/809 1160/21/817 1145/20/816
f 1159/9/809 1154/8/806 1160/21/817
f 1154/8/806 1144/61/813 1160/21/817
f 1157/6/808 1158/62/811 1147/26/822
f 1157/6/808 1155/5/805 1158/62/811
f 1155/5/805 1142/63/804 1158/62/811
f 1154/3/806 1156/18/814 1144/17/813
f 1154/3/806 1155/2/805 1156/18/814
f 1155/2/805 1143/4/807 1156/18/814
f 1184/1/1 1197/2/2 1196/3/3
f 1185/4/4 1197/5/2 1199/6/5
f 1184/7/1 1196/8/3 1201/9/6
f 1184/10/1 1201/11/6 1203/12/7
f 1184/13/1 1203/14/7 1200/15/8
f 1185/4/4 1199/6/5 1206/16/9
f 1186/17/10 1198/18/11 1208/19/12
f 1187/20/13 1202/21/14 1210/22/15
f 1188/23/16 1204/24/17 1212/25/18
f 1189/26/19 1205/27/20 1214/28/21
f 1185/4/4 1206/16/9 1209/29/22
f 1186/17/10 1208/19/12 1211/30/23
f 1187/20/13 1210/22/15 1213/31/24
f 1188/23/16 1212/25/18 1215/32/25
f 1189/26/19 1214/28/21 1207/33/26
f 1190/34/27 1216/35/28 1221/36/29
f 1191/37/30 1217/38/31 1223/39/32
f 1192/40/33 1218/41/34 1224/42/35
f 1193/43/36 1219/44/37 1225/45/38
f 1194/46/39 1220/47/40 1222/48/41
f 1222/48/41 1225/49/38 1195/50/42
f 1222/48/41 1220/47/40 1225/49/38
f 1220/47/40 1193/43/36 1225/49/38
f 1225/45/38 1224/51/35 1195/52/42
f 1225/45/38 1219/44/37 1224/51/35
f 1219/44/37 1192/40/33 1224/51/35
f 1224/42/35 1223/53/32 1195/54/42
f 1224/42/35 1218/41/34 1223/53/32
f 1218/41/34 1191/55/30 1223/53/32
f 1223/39/32 1221/56/29 1195/57/42
f 1223/39/32 1217/38/31 1221/56/29
f 1217/38/31 1190/34/27 1221/56/29
f 1221/36/29 1222/58/41 1195/59/42
f 1221/36/29 1216/35/28 1222/58/41
f 1216/35/28 1194/46/39 1222/58/41
f 1207/33/26 1220/47/40 1194/46/39
f 1207/33/26 1214/28/21 1220/47/40
f 1214/28/21 1193/43/36 1220/47/40
f 1215/32/25 1219/44/37 1193/43/36
f 1215/32/25 1212/25/18 1219/44/37
f 1212/25/18 1192/40/33 1219/44/37
f 1213/31/24 1218/41/34 1192/40/33
f 1213/31/24 1210/22/15 1218/41/34
f 1210/22/15 1191/55/30 1218/41/34
f 1211/30/23 1217/38/31 1191/37/30
f 1211/30/23 1208/19/12 1217/38/31
f 1208/19/12 1190/34/27 1217/38/31
f 1209/29/22 1216/35/28 1190/34/27
f 1209/29/22 1206/16/9 1216/35/28
f 1206/16/9 1194/46/39 1216/35/28
f 1214/28/21 1215/32/25 1193/43/36
f 1214/28/21 1205/27/20 1215/32/25
f 1205/27/20 1188/23/16 1215/32/25
f 1212/25/18 1213/31/24 1192/40/33
f 1212/25/18 1204/24/17 1213/31/24
f 1204/24/17 1187/20/13 1213/31/24
f 1210/22/15 1211/60/23 1191/55/30
f 1210/22/15 1202/21/14 1211/60/23
f 1202/21/14 1186/61/10 1211/60/23
f 1208/19/12 1209/29/22 1190/34/27
f 1208/19/12 1198/18/11 1209/29/22
f 1198/18/11 1185/4/4 1209/29/22
f 1206/16/9 1207/33/26 1194/46/39
f 1206/16/9 1199/6/5 1207/33/26
f 1199/6/5 1189/26/19 1207/33/26
f 1200/15/8 1205/27/20 1189/26/19
f 1200/15/8 1203/14/7 1205/27/20
f 1203/14/7 1188/23/16 1205/27/20
f 1203/12/7 1204/24/17 1188/23/16
f 1203/12/7 1201/11/6 1204/24/17
f 1201/11/6 1187/20/13 1204/24/17
f 1201/9/6 1202/21/14 1187/20/13
f 1201/9/6 1196/8/3 1202/21/14
f 1196/8/3 1186/61/10 1202/21/14
f 1199/6/5 1200/62/8 1189/26/19
f 1199/6/5 1197/5/2 1200/62/8
f 1197/5/2 1184/63/1 1200/62/8
f 1196/3/3 1198/18/11 1186/17/10
f 1196/3/3 1197/2/2 1198/18/11
f 1197/2/2 1185/4/4 1198/18/11
f 1226/1/383 1239/2/384 1238/3/385
f 1227/4/386 1239/5/384 1241/6/387
f 1226/7/383 1238/8/385 1243/9/388
f 1226/10/383 1243/11/388 1245/12/389
f 1226/13/383 1245/14/389 1242/15/390
f 1227/4/386 1241/6/387 1248/16/391
f 1228/17/392 1240/18/393 1250/19/394
f 1229/20/395 1244/21/396 1252/22/397
f 1230/23/398 1246/24/399 1254/25/400
f 1231/26/401 1247/27/402 1256/28/403
f 1227/4/386 1248/16/391 1251/29/404
f 1228/17/392 1250/19/394 1253/30/405
f 1229/20/395 1252/22/397 1255/31/406
f 1230/23/398 1254/25/400 1257/32/407
f 1231/26/401 1256/28/403 1249/33/408
f 1232/34/409 1258/35/410 1263/36/411
f 1233/37/412 1259/38/413 1265/39/414
f 1234/40/415 1260/41/416 1266/42/417
f 1235/43/418 1261/44/419 1267/45/420
f 1236/46/421 1262/47/422 1264/48/423
f 1264/48/423 1267/49/420 1237/50/424
f 1264/48/423 1262/47/422 1267/49/420
f 1262/47/422 1235/43/418 1267/49/420
f 1267/45/420 1266/51/417 1237/52/424
f 1267/45/420 1261/44/419 1266/51/417
f 1261/44/419 1234/40/415 1266/51/417
f 1266/42/417 1265/53/414 1237/54/424
f 1266/42/417 1260/41/416 1265/53/414
f 1260/41/416 1233/55/412 1265/53/414
f 1265/39/414 1263/56/411 1237/57/424
f 1265/39/414 1259/38/413 1263/56/411
f 1259/38/413 1232/34/409 1263/56/411
f 1263/36/411 1264/58/423 1237/59/424
f 1263/36/411 1258/35/410 1264/58/423
f 1258/35/410 1236/46/421 1264/58/423
f 1249/33/408 1262/47/422 1236/46/421
f 1249/33/408 1256/28/403 1262/47/422
f 1256/28/403 1235/43/418 1262/47/422
f 1257/32/407 1261/44/419 1235/43/418
f 1257/32/407 1254/25/400 1261/44/419
f 1254/25/400 1234/40/415 1261/44/419
f 1255/31/406 1260/41/416 1234/40/415
f 1255/31/406 1252/22/397 1260/41/416
f 1252/22/397 1233/55/412 1260/41/416
f 1253/30/405 1259/38/413 1233/37/412
f 1253/30/405 1250/19/394 1259/38/413
f 1250/19/394 1232/34/409 1259/38/413
f 1251/29/404 1258/35/410 1232/34/409
f 1251/29/404 1248/16/391 1258/35/410
f 1248/16/391 1236/46/421 1258/35/410
f 1256/28/403 1257/32/407 1235/43/418
f 1256/28/403 1247/27/402 1257/32/407
f 1247/27/402 1230/23/398 1257/32/407
f 1254/25/400 1255/31/406 1234/40/415
f 1254/25/400 1246/24/399 1255/31/406
f 1246/24/399 1229/20/395 1255/31/406
f 1252/22/397 1253/60/405 1233/55/412
f 1252/22/397 1244/21/396 1253/60/405
f 1244/21/396 1228/61/392 1253/60/405
f 1250/19/394 1251/29/404 1232/34/409
f 1250/19/394 1240/18/393 1251/29/404
f 1240/18/393 1227/4/386 1251/29/404
f 1248/16/391 1249/33/408 1236/46/421
f 1248/16/391 1241/6/387 1249/33/408
f 1241/6/387 1231/26/401 1249/33/408
f 1242/15/390 1247/27/402 1231/26/401
f 1242/15/390 1245/14/389 1247/27/402
f 1245/14/389 1230/23/398 1247/27/402
f 1245/12/389 1246/24/399 1230/23/398
f 1245/12/389 1243/11/388 1246/24/399
f 1243/11/388 1229/20/395 1246/24/399
f 1243/9/388 1244/21/396 1229/20/395
f 1243/9/388 1238/8/385 1244/21/396
f 1238/8/385 1228/61/392 1244/21/396
f 1241/6/387 1242/62/390 1231/26/401
f 1241/6/387 1239/5/384 1242/62/390
f 1239/5/384 1226/63/383 1242/62/390
f 1238/3/385 1240/18/393 1228/17/392
f 1238/3/385 1239/2/384 1240/18/393
f 1239/2/384 1227/4/386 1240/18/393
f 1268/1/846 1281/2/847 1280/3/848
f 1269/4/849 1281/5/847 1283/6/850
f 1268/7/846 1280/8/848 1285/9/851
f 1268/10/846 1285/11/851 1287/12/852
f 1268/13/846 1287/14/852 1284/15/853
f 1269/4/849 1283/6/850 1290/16/854
f 1270/17/855 1282/18/856 1292/19/857
f 1271/20/858 1286/21/859 1294/22/860
f 1272/23/861 1288/24/862 1296/25/863
f 1273/26/864 1289/27/865 1298/28/866
f 1269/4/849 1290/16/854 1293/29/867
f 1270/17/855 1292/19/857 1295/30/868
f 1271/20/858 1294/22/860 1297/31/869
f 1272/23/861 1296/25/863 1299/32/870
f 1273/26/864 1298/28/866 1291/33/871
f 1274/34/872 1300/35/873 1305/36/874
f 1275/37/875 1301/38/876 1307/39/877
f 1276/40/878 1302/41/879 1308/42/880
f 1277/43/881 1303/44/882 1309/45/883
f 1278/46/884 1304/47/885 1306/48/886
f 1306/48/886 1309/49/883 1279/50/887
f 1306/48/886 1304/47/885 1309/49/883
f 1304/47/885 1277/43/881 1309/49/883
f 1309/45/883 1308/51/880 1279/52/887
f 1309/45/883 1303/44/882 1308/51/880
f 1303/44/882 1276/40/878 1308/51/880
f 1308/42/880 1307/53/877 1279/54/887
f 1308/42/880 1302/41/879 1307/53/877
f 1302/41/879 1275/55/875 1307/53/877
f 1307/39/877 1305/56/874 1279/57/887
f 1307/39/877 1301/38/876 1305/56/874
f 1301/38/876 1274/34/872 1305/56/874
f 1305/36/874 1306/58/886 1279/59/887
f 1305/36/874 1300/35/873 1306/58/886
f 1300/35/873 1278/46/884 1306/58/886
f 1291/33/871 1304/47/885 1278/46/884
f 1291/33/871 1298/28/866 1304/47/885
f 1298/28/866 1277/43/881 1304/47/885
f 1299/32/870 1303/44/882 1277/43/881
f 1299/32/870 1296/25/863 1303/44/882
f 1296/25/863 1276/40/878 1303/44/882
f 1297/31/869 1302/41/879 1276/40/878
f 1297/31/869 1294/22/860 1302/41/879
f 1294/22/860 1275/55/875 1302/41/879
f 1295/30/868 1301/38/876 1275/37/875
f 1295/30/868 1292/19/857 1301/38/876
f 1292/19/857 1274/34/872 1301/38/876
f 1293/29/867 1300/35/873 1274/34/872
f 1293/29/867 1290/16/854 1300/35/873
f 1290/16/854 1278/46/884 1300/35/873
f 1298/28/866 1299/32/870 1277/43/881
f 1298/28/866 1289/27/865 1299/32/870
f 1289/27/865 1272/23/861 1299/32/870
f 1296/25/863 1297/31/869 1276/40/878
f 1296/25/863 1288/24/862 1297/31/869
f 1288/24/862 1271/20/858 1297/31/869
f 1294/22/860 1295/60/868 1275/55/875
f 1294/22/860 1286/21/859 1295/60/868
f 1286/21/859 1270/61/855 1295/60/868
f 1292/19/857 1293/29/867 1274/34/872
f 1292/19/857 1282/18/856 1293/29/867
f 1282/18/856 1269/4/849 1293/29/867
f 1290/16/854 1291/33/871 1278/46/884
f 1290/16/854 1283/6/850 1291/33/871
f 1283/6/850 1273/26/864 1291/33/871
f 1284/15/853 1289/27/865 1273/26/864
f 1284/15/853 1287/14/852 1289/27/865
f 1287/14/852 1272/23/861 1289/27/865
f 1287/12/852 1288/24/862 1272/23/861
f 1287/12/852 1285/11/851 1288/24/862
f 1285/11/851 1271/20/858 1288/24/862
f 1285/9/851 1286/21/859 1271/20/858
f 1285/9/851 1280/8/848 1286/21/859
f 1280/8/848 1270/61/855 1286/21/859
f 1283/6/850 1284/62/853 1273/26/864
f 1283/6/850 1281/5/847 1284/62/853
f 1281/5/847 1268/63/846 1284/62/853
f 1280/3/848 1282/18/856 1270/17/855
f 1280/3/848 1281/2/847 1282/18/856
f 1281/2/847 1269/4/849 1282/18/856
