# Blender 5.1.2
# www.blender.org
o Totpart
v -0.352346 0.014810 0.681817
v -0.402924 0.014810 0.631239
v -0.377635 0.014810 0.675041
v -0.396148 0.014810 0.656528
v -0.373662 0.062661 0.629287
v -0.350969 0.062661 0.651980
v -0.370207 0.062661 0.642181
v -0.363863 0.062661 0.648525
v 0.399442 0.014810 0.631239
v 0.348863 0.014810 0.681817
v 0.392665 0.014810 0.656528
v 0.374152 0.014810 0.675041
v 0.344635 0.062661 0.649704
v 0.367328 0.062661 0.627011
v 0.357529 0.062661 0.646249
v 0.363873 0.062661 0.639905
v -0.402924 0.014810 -0.668419
v -0.354199 0.014810 -0.717144
v -0.396396 0.014810 -0.692781
v -0.378561 0.014810 -0.710616
v -0.349971 0.062661 -0.685030
v -0.373662 0.062661 -0.661915
v -0.364789 0.062661 -0.679547
v -0.370455 0.062661 -0.673882
v 0.350717 0.014810 -0.717144
v 0.399442 0.014810 -0.668419
v 0.375079 0.014810 -0.710616
v 0.392914 0.014810 -0.692781
v 0.367328 0.062661 -0.664191
v 0.346489 0.062661 -0.685030
v 0.364122 0.062661 -0.676158
v 0.358456 0.062661 -0.681824
v -0.355197 0.052655 0.684093
v -0.380486 0.047501 0.677317
v -0.398999 0.047501 0.658804
v -0.405775 0.052655 0.633515
v 0.374152 0.047501 0.675041
v 0.348863 0.052655 0.681817
v 0.392665 0.047501 0.656528
v 0.399442 0.052655 0.631239
v -0.381412 0.047501 -0.708340
v -0.354199 0.052655 -0.717144
v -0.399247 0.047501 -0.690505
v -0.405775 0.052655 -0.666142
v 0.392914 0.047501 -0.692781
v 0.399442 0.052655 -0.668419
v 0.375079 0.047501 -0.710616
v 0.350717 0.052655 -0.717144
v -0.350969 0.069229 0.651980
v -0.363863 0.069229 0.648525
v -0.370207 0.069229 0.642181
v -0.373662 0.069229 0.629287
v 0.354678 0.069229 0.648525
v 0.341784 0.069229 0.651980
v 0.361022 0.069229 0.642181
v 0.364477 0.069229 0.629287
v -0.364789 0.069229 -0.679547
v -0.352822 0.069229 -0.682754
v -0.370455 0.069229 -0.673882
v -0.373662 0.069229 -0.661915
v 0.361271 0.069229 -0.673882
v 0.364477 0.069229 -0.661915
v 0.355605 0.069229 -0.679547
v 0.343638 0.069229 -0.682754
v -0.373662 0.069229 -0.016314
v -0.004592 0.066481 -0.682754
v 0.364477 0.069229 -0.016314
v -0.177780 0.066375 0.651980
v -0.373662 0.069229 -0.339114
v 0.169523 0.066481 -0.682754
v 0.364477 0.069229 -0.339114
v -0.373662 0.069229 0.306487
v -0.178707 0.066481 -0.682754
v 0.364477 0.069229 0.306487
v -0.402924 0.014810 -0.524105
v 0.399442 0.014810 -0.522934
v -0.402924 0.014810 0.012601
v 0.399442 0.014810 -0.012492
v -0.402924 0.014810 0.362720
v 0.399442 0.014810 0.400423
v 0.004835 -0.001583 0.381881
v 0.000000 0.000000 0.000000
v -0.006628 -0.003038 -0.523527
v -0.009079 0.014810 -0.717144
v 0.008632 0.014810 0.681817
v -0.176067 0.079454 -0.016314
v -0.174788 0.069229 0.306487
v -0.177346 0.083489 -0.339114
v -0.007831 0.062661 0.651980
v -0.004181 0.083489 -0.339114
v -0.003795 0.079454 -0.016314
v -0.002995 0.078089 0.651980
v -0.003409 0.069229 0.306487
v 0.169424 0.079454 -0.016314
v 0.165229 0.062661 0.651980
v 0.169377 0.069229 0.306487
v 0.169472 0.083489 -0.339114
v 0.169326 0.069229 0.651980
v -0.084712 0.069229 0.306487
v -0.085654 0.069229 -0.339114
v -0.084207 0.069229 0.651980
v -0.086155 0.069229 -0.682754
v -0.085182 0.069229 -0.016314
v 0.103222 0.069229 0.306487
v 0.098814 0.069229 -0.339114
v 0.101018 0.069229 -0.016314
v 0.096468 0.069229 -0.682754
v 0.105580 0.069229 0.651980
v 0.274653 0.069229 0.651980
v 0.272118 0.069229 0.306487
v 0.264856 0.069229 -0.682754
v 0.267378 0.069229 -0.339114
v 0.269748 0.069229 -0.016314
v -0.268871 0.069229 0.651980
v -0.270216 0.069229 -0.016314
v -0.270867 0.069229 -0.339114
v -0.265713 0.062661 -0.685030
v -0.271559 0.069229 -0.682754
v -0.269566 0.069229 0.306487
v -0.085859 0.054489 -0.479571
v 0.266311 0.050915 -0.484525
v -0.373662 0.069229 -0.475523
v 0.169493 0.069229 -0.483163
v -0.177897 0.069229 -0.478276
v 0.364477 0.069229 -0.485906
v -0.373662 0.062661 -0.472350
v -0.004350 0.069229 -0.480718
v 0.097838 0.054308 -0.482156
v -0.271144 0.048661 -0.476965
v -0.373662 0.062661 -0.161059
v -0.003971 0.069229 -0.164055
v -0.270517 0.048225 -0.165387
v 0.100013 0.048225 -0.163535
v -0.085399 0.048225 -0.164462
v -0.176656 0.069229 -0.164918
v -0.373662 0.069229 -0.165903
v 0.169446 0.069229 -0.163188
v 0.268674 0.048225 -0.162692
v 0.364477 0.069229 -0.167522
v -0.084917 0.041823 0.165902
v -0.003577 0.069229 0.166062
v -0.373662 0.069229 0.165332
v -0.269850 0.041823 0.165537
v 0.364477 0.069229 0.166789
v 0.102265 0.041823 0.166271
v 0.169398 0.069229 0.166404
v -0.175346 0.069229 0.165724
v 0.271091 0.041823 0.166604
v -0.176406 0.080803 0.493233
v 0.169349 0.080803 0.495324
v -0.269191 0.046281 0.492672
v -0.373662 0.069229 0.492041
v 0.273508 0.046281 0.495955
v -0.084438 0.046281 0.493790
v -0.003184 0.080803 0.494281
v 0.104508 0.046281 0.494932
v 0.364477 0.069229 0.479460
v -0.221705 0.057157 -0.477510
v -0.178875 0.064870 -0.499306
v -0.220982 0.057556 -0.471150
v -0.174066 0.066005 -0.495024
v -0.203992 0.062902 -0.478022
v -0.191850 0.065094 -0.484267
v -0.221661 0.064026 -0.470195
v -0.174745 0.072475 -0.494069
v -0.222112 0.065899 -0.475216
v -0.179281 0.073612 -0.497012
v -0.226685 0.064950 -0.478649
v -0.178561 0.073616 -0.503138
v -0.208679 0.065231 -0.489600
v -0.202470 0.066349 -0.492759
v -0.225858 0.058028 -0.479473
v -0.177733 0.066694 -0.503962
v -0.172330 0.069223 -0.500699
v -0.228353 0.059134 -0.472190
v 0.133352 0.056639 -0.487987
v 0.172080 0.066832 -0.515650
v 0.134964 0.057061 -0.481793
v 0.177386 0.068227 -0.512095
v 0.150456 0.063382 -0.490987
v 0.161425 0.066278 -0.498894
v 0.134070 0.063479 -0.480680
v 0.176492 0.074645 -0.510981
v 0.132794 0.065337 -0.485563
v 0.171522 0.075531 -0.513226
v 0.127833 0.064139 -0.488309
v 0.171347 0.075592 -0.519391
v 0.144021 0.065473 -0.501740
v 0.149635 0.066950 -0.505751
v 0.128917 0.057278 -0.489320
v 0.172432 0.068731 -0.520401
v 0.178101 0.071553 -0.517925
v 0.127444 0.058220 -0.481741
v 0.052454 0.071163 -0.236953
v 0.092060 0.071163 -0.265243
v 0.054179 0.072055 -0.230841
v 0.097563 0.072055 -0.261829
v 0.070424 0.074476 -0.240572
v 0.081643 0.074476 -0.248658
v 0.054404 0.078618 -0.230526
v 0.097788 0.078618 -0.261515
v 0.053412 0.080058 -0.235612
v 0.093018 0.080058 -0.263902
v 0.048291 0.079398 -0.238244
v 0.092792 0.079398 -0.270031
v 0.064327 0.076308 -0.251567
v 0.070069 0.076308 -0.255668
v 0.048179 0.072381 -0.238400
v 0.092681 0.072381 -0.270187
v 0.098774 0.074476 -0.268013
v 0.046968 0.074476 -0.231009
v 0.185094 0.067385 -0.119174
v 0.223549 0.055736 -0.146642
v 0.187044 0.068766 -0.113222
v 0.229167 0.056006 -0.143310
v 0.203314 0.066599 -0.122972
v 0.214206 0.063289 -0.130824
v 0.188547 0.075139 -0.113820
v 0.230670 0.062379 -0.143909
v 0.187785 0.076022 -0.119070
v 0.226240 0.064373 -0.146539
v 0.182597 0.076012 -0.121655
v 0.225805 0.062923 -0.152518
v 0.197540 0.068036 -0.134197
v 0.203115 0.066347 -0.138179
v 0.181119 0.069199 -0.120835
v 0.224327 0.056111 -0.151698
v 0.230741 0.057261 -0.149754
v 0.180440 0.072498 -0.113825
v -0.217910 0.054456 0.168688
v -0.180381 0.070011 0.141881
v -0.216325 0.054615 0.174900
v -0.175216 0.071654 0.145536
v -0.201515 0.062942 0.166194
v -0.190886 0.067361 0.158529
v -0.217807 0.060834 0.176434
v -0.176698 0.077873 0.147070
v -0.219266 0.062886 0.171681
v -0.181736 0.078441 0.144874
v -0.224102 0.061417 0.168846
v -0.181935 0.078894 0.138726
v -0.208150 0.065135 0.155583
v -0.202709 0.067390 0.151697
v -0.222389 0.054768 0.167386
v -0.180222 0.072246 0.137267
v -0.174831 0.075412 0.139942
v -0.223920 0.055065 0.175006
v 0.081458 0.064859 0.366101
v 0.121064 0.064859 0.337811
v 0.083183 0.065751 0.372213
v 0.126567 0.065751 0.341224
v 0.099428 0.068172 0.362482
v 0.110647 0.068172 0.354396
v 0.083408 0.072315 0.372528
v 0.126792 0.072315 0.341539
v 0.082416 0.073754 0.367442
v 0.122022 0.073754 0.339152
v 0.077294 0.073094 0.364810
v 0.121796 0.073094 0.333023
v 0.093331 0.070004 0.351487
v 0.099072 0.070004 0.347386
v 0.077183 0.066077 0.364654
v 0.121684 0.066077 0.332867
v 0.127777 0.068172 0.335041
v 0.075971 0.068172 0.372045
v 0.065449 0.049160 0.160863
v 0.105055 0.049160 0.132573
v 0.067174 0.050052 0.166976
v 0.110558 0.050052 0.135987
v 0.083419 0.052474 0.157244
v 0.094638 0.052474 0.149158
v 0.067399 0.056616 0.167290
v 0.110783 0.056616 0.136302
v 0.066407 0.058056 0.162205
v 0.106013 0.058056 0.133914
v 0.061286 0.057395 0.159572
v 0.105787 0.057395 0.127785
v 0.077322 0.054306 0.146249
v 0.083064 0.054306 0.142148
v 0.061174 0.050378 0.159416
v 0.105675 0.050378 0.127629
v 0.111768 0.052474 0.129803
v 0.059963 0.052474 0.166808
v -0.109276 0.044902 0.161501
v -0.069090 0.044902 0.188961
v -0.114422 0.045794 0.165224
v -0.070402 0.045794 0.195302
v -0.099697 0.048216 0.177130
v -0.088246 0.048216 0.184884
v -0.114641 0.052358 0.165543
v -0.070621 0.052358 0.195622
v -0.110206 0.053798 0.162862
v -0.070020 0.053798 0.190321
v -0.109496 0.053137 0.157148
v -0.064342 0.053137 0.188001
v -0.091470 0.050048 0.167624
v -0.085645 0.050048 0.171604
v -0.109388 0.046121 0.156990
v -0.064234 0.046121 0.187843
v -0.064180 0.048216 0.194312
v -0.116745 0.048216 0.158395
v 0.024240 0.073180 0.488328
v 0.063229 0.059606 0.514109
v 0.019248 0.074020 0.492264
v 0.061955 0.059152 0.520505
v 0.033912 0.070913 0.504086
v 0.045023 0.067062 0.511363
v 0.020159 0.080248 0.494165
v 0.062866 0.065380 0.522405
v 0.024831 0.081505 0.491818
v 0.063820 0.067932 0.517599
v 0.025539 0.082133 0.486099
v 0.069346 0.066882 0.515067
v 0.042533 0.073539 0.495131
v 0.048185 0.071572 0.498868
v 0.024437 0.075453 0.484248
v 0.068244 0.060201 0.513215
v 0.068522 0.060629 0.519996
v 0.017524 0.078384 0.486274
v 0.298892 0.058440 -0.176370
v 0.338946 0.063000 -0.149096
v 0.293694 0.059332 -0.172720
v 0.337569 0.064327 -0.142845
v 0.308226 0.063562 -0.161084
v 0.319639 0.064855 -0.153383
v 0.293095 0.065876 -0.172934
v 0.336970 0.070871 -0.143059
v 0.297444 0.067348 -0.175733
v 0.337499 0.071908 -0.148460
v 0.298205 0.066268 -0.181377
v 0.343210 0.071391 -0.150732
v 0.316355 0.065090 -0.170727
v 0.322162 0.065751 -0.166774
v 0.298720 0.059279 -0.180965
v 0.343725 0.064403 -0.150321
v 0.343643 0.067016 -0.144043
v 0.291251 0.061052 -0.179718
v 0.234831 0.071163 -0.010829
v 0.275018 0.071163 0.016630
v 0.229685 0.072055 -0.007107
v 0.273705 0.072055 0.022971
v 0.244410 0.074476 0.004799
v 0.255862 0.074476 0.012553
v 0.229467 0.078618 -0.006788
v 0.273487 0.078618 0.023291
v 0.233901 0.080058 -0.009469
v 0.274088 0.080058 0.017990
v 0.234611 0.079398 -0.015183
v 0.279765 0.079398 0.015670
v 0.252637 0.076308 -0.004707
v 0.258463 0.076308 -0.000727
v 0.234720 0.072381 -0.015341
v 0.279873 0.072381 0.015512
v 0.279928 0.074476 0.021981
v 0.227362 0.074476 -0.013936
v -0.177355 0.071163 -0.292470
v -0.137168 0.071163 -0.265011
v -0.182501 0.072055 -0.288748
v -0.138481 0.072055 -0.258670
v -0.167775 0.074476 -0.276841
v -0.156324 0.074476 -0.269088
v -0.182719 0.078618 -0.288429
v -0.138699 0.078618 -0.258350
v -0.178285 0.080058 -0.291110
v -0.138098 0.080058 -0.263650
v -0.177574 0.079398 -0.296824
v -0.132421 0.079398 -0.265971
v -0.159549 0.076308 -0.286348
v -0.153723 0.076308 -0.282368
v -0.177466 0.072381 -0.296982
v -0.132313 0.072381 -0.266129
v -0.132258 0.074476 -0.259660
v -0.184824 0.074476 -0.295577
v -0.257586 0.071163 0.058015
v -0.217399 0.071163 0.085474
v -0.262732 0.072055 0.061737
v -0.218712 0.072055 0.091816
v -0.248007 0.074476 0.073644
v -0.236556 0.074476 0.081397
v -0.262950 0.078618 0.062057
v -0.218930 0.078618 0.092135
v -0.258516 0.080058 0.059376
v -0.218329 0.080058 0.086835
v -0.257806 0.079398 0.053662
v -0.212652 0.079398 0.084514
v -0.239780 0.076308 0.064137
v -0.233954 0.076308 0.068118
v -0.257698 0.072381 0.053503
v -0.212544 0.072381 0.084356
v -0.212489 0.074476 0.090825
v -0.265055 0.074476 0.054908
v -0.070377 0.071163 -0.027610
v -0.030190 0.071163 -0.000150
v -0.075523 0.072055 -0.023887
v -0.031503 0.072055 0.006191
v -0.060798 0.074476 -0.011981
v -0.049346 0.074476 -0.004227
v -0.075741 0.078618 -0.023568
v -0.031721 0.078618 0.006511
v -0.071307 0.080058 -0.026249
v -0.031120 0.080058 0.001210
v -0.070597 0.079398 -0.031963
v -0.025443 0.079398 -0.001110
v -0.052571 0.076308 -0.021487
v -0.046745 0.076308 -0.017507
v -0.070488 0.072381 -0.032121
v -0.025335 0.072381 -0.001268
v -0.025280 0.074476 0.005201
v -0.077846 0.074476 -0.030716
v -0.058622 0.053927 0.500030
v -0.044624 0.063670 0.454443
v -0.053827 0.055247 0.504078
v -0.038493 0.065919 0.454144
v -0.047463 0.061596 0.487236
v -0.043540 0.064355 0.474265
v -0.054795 0.061661 0.505152
v -0.039461 0.072333 0.455217
v -0.058882 0.062787 0.501843
v -0.044883 0.072529 0.456257
v -0.064298 0.060861 0.502584
v -0.048569 0.071807 0.451364
v -0.059115 0.061806 0.482177
v -0.057086 0.063218 0.475568
v -0.063056 0.054037 0.501507
v -0.047327 0.064983 0.450287
v -0.041718 0.068539 0.448824
v -0.060029 0.055795 0.508452
v -0.195292 0.071163 0.345803
v -0.180290 0.071163 0.299501
v -0.190268 0.072055 0.349690
v -0.173835 0.072055 0.298970
v -0.183001 0.074476 0.332203
v -0.178795 0.074476 0.319029
v -0.189900 0.078618 0.349809
v -0.173467 0.078618 0.299090
v -0.193724 0.080058 0.346311
v -0.178722 0.080058 0.300009
v -0.199406 0.079398 0.347242
v -0.182550 0.079398 0.295217
v -0.194443 0.076308 0.326993
v -0.192269 0.076308 0.320281
v -0.199588 0.072381 0.347183
v -0.182732 0.072381 0.295158
v -0.176542 0.074476 0.293280
v -0.196165 0.074476 0.353845
v -0.030375 0.060530 0.122820
v -0.016809 0.072149 0.077543
v -0.025634 0.061925 0.126908
v -0.010775 0.074653 0.077313
v -0.019543 0.069012 0.110261
v -0.015743 0.072303 0.097378
v -0.026861 0.068261 0.128167
v -0.012002 0.080988 0.078571
v -0.030993 0.069315 0.124889
v -0.017427 0.080935 0.079613
v -0.036326 0.067150 0.125571
v -0.021084 0.080206 0.074699
v -0.031197 0.068896 0.105203
v -0.029230 0.070580 0.098639
v -0.034808 0.060416 0.124298
v -0.019566 0.073472 0.073425
v -0.014107 0.077293 0.072070
v -0.031851 0.062094 0.131293
v -0.127536 0.070928 0.026212
v -0.112535 0.070928 -0.020091
v -0.122513 0.071820 0.030098
v -0.106080 0.071820 -0.020621
v -0.115246 0.074241 0.012611
v -0.111039 0.074241 -0.000563
v -0.122145 0.078383 0.030217
v -0.105712 0.078383 -0.020502
v -0.125968 0.079823 0.026720
v -0.110967 0.079823 -0.019583
v -0.131651 0.079163 0.027651
v -0.114795 0.079163 -0.024374
v -0.126688 0.076073 0.007401
v -0.124513 0.076073 0.000689
v -0.131833 0.072146 0.027592
v -0.114977 0.072146 -0.024433
v -0.108786 0.074241 -0.026311
v -0.128409 0.074241 0.034254
v -0.242730 0.052156 -0.135059
v -0.227728 0.052156 -0.181362
v -0.237707 0.053048 -0.131173
v -0.221274 0.053048 -0.181892
v -0.230440 0.055469 -0.148660
v -0.226233 0.055469 -0.161833
v -0.237339 0.059612 -0.131053
v -0.220906 0.059612 -0.181773
v -0.241162 0.061051 -0.134551
v -0.226160 0.061051 -0.180854
v -0.246845 0.060391 -0.133620
v -0.229989 0.060391 -0.185645
v -0.241882 0.057302 -0.153869
v -0.239707 0.057302 -0.160582
v -0.247027 0.053374 -0.133679
v -0.230171 0.053374 -0.185704
v -0.223980 0.055469 -0.187582
v -0.243603 0.055469 -0.127017
v 0.143293 0.058632 0.191621
v 0.158294 0.058632 0.145319
v 0.148316 0.059524 0.195508
v 0.164749 0.059524 0.144788
v 0.155583 0.061946 0.178021
v 0.159790 0.061946 0.164847
v 0.148684 0.066088 0.195627
v 0.165117 0.066088 0.144908
v 0.144861 0.067528 0.192129
v 0.159862 0.067528 0.145827
v 0.139178 0.066867 0.193060
v 0.156034 0.066867 0.141035
v 0.144141 0.063778 0.172811
v 0.146316 0.063778 0.166099
v 0.138996 0.059850 0.193001
v 0.155852 0.059850 0.140976
v 0.162042 0.061946 0.139098
v 0.142420 0.061946 0.199663
v 0.170449 0.070928 -0.184809
v 0.185451 0.070928 -0.231111
v 0.175472 0.071820 -0.180922
v 0.191905 0.071820 -0.231642
v 0.182739 0.074241 -0.198409
v 0.186946 0.074241 -0.211583
v 0.175840 0.078383 -0.180803
v 0.192273 0.078383 -0.231522
v 0.172017 0.079823 -0.184301
v 0.187019 0.079823 -0.230603
v 0.166334 0.079163 -0.183369
v 0.183190 0.079163 -0.235395
v 0.171297 0.076073 -0.203619
v 0.173472 0.076073 -0.210331
v 0.166152 0.072146 -0.183429
v 0.183008 0.072146 -0.235454
v 0.189199 0.074241 -0.237332
v 0.169576 0.074241 -0.176767
v -0.061983 0.070928 -0.319746
v -0.046981 0.070928 -0.366048
v -0.056960 0.071820 -0.315860
v -0.040527 0.071820 -0.366579
v -0.049693 0.074241 -0.333346
v -0.045486 0.074241 -0.346520
v -0.056592 0.078383 -0.315740
v -0.040159 0.078383 -0.366460
v -0.060415 0.079823 -0.319238
v -0.045413 0.079823 -0.365540
v -0.066098 0.079163 -0.318307
v -0.049242 0.079163 -0.370332
v -0.061135 0.076073 -0.338556
v -0.058960 0.076073 -0.345268
v -0.066280 0.072146 -0.318366
v -0.049424 0.072146 -0.370391
v -0.043233 0.074241 -0.372269
v -0.062856 0.074241 -0.311704
v 0.148322 0.064859 0.315161
v 0.152121 0.064859 0.266637
v 0.154112 0.065751 0.317770
v 0.158274 0.065751 0.264618
v 0.157104 0.068172 0.299071
v 0.158125 0.068172 0.285280
v 0.154498 0.072315 0.317800
v 0.158660 0.072315 0.264648
v 0.149965 0.073754 0.315290
v 0.153764 0.073754 0.266766
v 0.144656 0.073094 0.317520
v 0.148925 0.073094 0.262999
v 0.144763 0.070004 0.296671
v 0.145314 0.070004 0.289637
v 0.144465 0.066077 0.317505
v 0.148734 0.066077 0.262984
v 0.154316 0.068172 0.259715
v 0.149347 0.068172 0.323185
v 0.177250 0.071163 0.192537
v 0.224119 0.071163 0.179415
v 0.176792 0.072055 0.198872
v 0.228132 0.072055 0.184498
v 0.195379 0.074476 0.195250
v 0.208680 0.074476 0.191465
v 0.176896 0.078618 0.199245
v 0.228237 0.078618 0.184870
v 0.177694 0.080058 0.194125
v 0.224564 0.080058 0.181002
v 0.173774 0.079398 0.189906
v 0.226437 0.079398 0.175162
v 0.193388 0.076308 0.182836
v 0.200182 0.076308 0.180934
v 0.173723 0.072381 0.189722
v 0.226385 0.072381 0.174978
v 0.231375 0.074476 0.179095
v 0.170068 0.074476 0.196260
v 0.263176 0.064683 0.348066
v 0.310046 0.064683 0.334944
v 0.262718 0.065575 0.354401
v 0.314059 0.065575 0.340027
v 0.281305 0.067996 0.350779
v 0.294607 0.067996 0.346994
v 0.262823 0.072139 0.354773
v 0.314163 0.072139 0.340399
v 0.263621 0.073578 0.349653
v 0.310490 0.073578 0.336531
v 0.259701 0.072918 0.345435
v 0.312364 0.072918 0.330691
v 0.279314 0.069829 0.338365
v 0.286109 0.069829 0.336463
v 0.259649 0.065901 0.345251
v 0.312312 0.065901 0.330506
v 0.317301 0.067996 0.334624
v 0.255994 0.067996 0.351788
v 0.088533 0.065078 0.285509
v 0.062716 0.065078 0.244247
v 0.094739 0.065970 0.284160
v 0.066460 0.065970 0.238963
v 0.086019 0.068392 0.267351
v 0.078634 0.068392 0.255659
v 0.095067 0.072534 0.283955
v 0.066788 0.072534 0.238758
v 0.089930 0.073974 0.284635
v 0.064114 0.073974 0.243373
v 0.086989 0.073313 0.289585
v 0.057982 0.073313 0.243224
v 0.074672 0.070224 0.272764
v 0.070929 0.070224 0.266783
v 0.086827 0.066296 0.289687
v 0.057820 0.066296 0.243326
v 0.060362 0.068392 0.237377
v 0.094130 0.068392 0.291348
v -0.018025 0.071163 0.431120
v -0.033364 0.071163 0.384928
v -0.011676 0.072055 0.431275
v -0.028477 0.072055 0.380677
v -0.016178 0.074476 0.412882
v -0.020592 0.074476 0.399776
v -0.011308 0.078618 0.431154
v -0.028110 0.078618 0.380555
v -0.016461 0.080058 0.430600
v -0.031799 0.080058 0.384408
v -0.020487 0.079398 0.434716
v -0.037722 0.079398 0.382815
v -0.028483 0.076308 0.415462
v -0.030707 0.076308 0.408765
v -0.020669 0.072381 0.434777
v -0.037904 0.072381 0.382875
v -0.034028 0.074476 0.377696
v -0.013965 0.074476 0.438116
v 0.255854 0.050211 0.483089
v 0.302088 0.050211 0.467879
v 0.255680 0.051103 0.489438
v 0.306325 0.051103 0.472777
v 0.274086 0.053524 0.484986
v 0.287204 0.053524 0.480609
v 0.255801 0.057667 0.489805
v 0.306446 0.057667 0.473144
v 0.256369 0.059106 0.484655
v 0.302603 0.059106 0.469445
v 0.252264 0.058446 0.480617
v 0.304213 0.058446 0.463526
v 0.271541 0.055357 0.472674
v 0.278243 0.055357 0.470470
v 0.252204 0.051429 0.480434
v 0.304153 0.051429 0.463344
v 0.309322 0.053524 0.467234
v 0.248846 0.053524 0.487130
v 0.215080 0.071163 0.558083
v 0.187440 0.071163 0.518020
v 0.221220 0.072055 0.556458
v 0.190944 0.072055 0.512573
v 0.211755 0.074476 0.540056
v 0.203853 0.074476 0.528707
v 0.221538 0.078618 0.556238
v 0.191262 0.078618 0.512354
v 0.216437 0.080058 0.557147
v 0.188797 0.080058 0.517084
v 0.213721 0.079398 0.562225
v 0.182665 0.079398 0.517210
v 0.200662 0.076308 0.545973
v 0.196655 0.076308 0.540165
v 0.213564 0.072381 0.562334
v 0.182508 0.072381 0.517319
v 0.184781 0.074476 0.511262
v 0.220934 0.074476 0.563666
v 0.185124 0.071163 0.481874
v 0.139124 0.071163 0.465967
v 0.189108 0.072055 0.476928
v 0.138721 0.072055 0.459503
v 0.171767 0.074476 0.469320
v 0.158678 0.074476 0.464855
v 0.189234 0.078618 0.476563
v 0.138847 0.078618 0.459138
v 0.185662 0.080058 0.480317
v 0.139663 0.080058 0.464409
v 0.186482 0.079398 0.486016
v 0.134797 0.079398 0.468143
v 0.166334 0.076308 0.480657
v 0.159665 0.076308 0.478351
v 0.186419 0.072381 0.486197
v 0.134735 0.072381 0.468324
v 0.132978 0.074476 0.462098
v 0.193147 0.074476 0.482905
v -0.098425 0.071163 0.609902
v -0.134434 0.071163 0.577156
v -0.092814 0.072055 0.606926
v -0.132258 0.072055 0.571056
v -0.105754 0.074476 0.593100
v -0.116024 0.074476 0.583839
v -0.092553 0.078618 0.606640
v -0.131998 0.078618 0.570770
v -0.097316 0.080058 0.608683
v -0.133325 0.080058 0.575937
v -0.098808 0.079398 0.614244
v -0.139268 0.079398 0.577451
v -0.115215 0.076308 0.601379
v -0.120435 0.076308 0.596632
v -0.098937 0.072381 0.614386
v -0.139397 0.072381 0.577593
v -0.138558 0.074476 0.571178
v -0.091457 0.074476 0.614011
v -0.130312 0.065393 0.503463
v -0.111949 0.065393 0.458387
v -0.125587 0.066285 0.507707
v -0.105473 0.066285 0.458332
v -0.117055 0.068706 0.490802
v -0.111892 0.068706 0.477972
v -0.125229 0.072849 0.507854
v -0.105115 0.072849 0.458478
v -0.128785 0.074288 0.504085
v -0.110423 0.074288 0.459009
v -0.134521 0.073628 0.504596
v -0.113889 0.073628 0.453949
v -0.128084 0.070538 0.484765
v -0.125422 0.070538 0.478231
v -0.134698 0.066611 0.504523
v -0.114066 0.066611 0.453877
v -0.107754 0.068706 0.452459
v -0.131773 0.068706 0.511419
v -0.323373 0.056545 0.505337
v -0.305010 0.056545 0.460262
v -0.318648 0.057437 0.509582
v -0.298534 0.057437 0.460207
v -0.310117 0.059858 0.492676
v -0.304954 0.059858 0.479847
v -0.318290 0.064001 0.509728
v -0.298176 0.064001 0.460353
v -0.321846 0.065441 0.505959
v -0.303484 0.065441 0.460883
v -0.327582 0.064780 0.506470
v -0.306950 0.064780 0.455824
v -0.321145 0.061691 0.486640
v -0.318483 0.061691 0.480106
v -0.327759 0.057763 0.506398
v -0.307127 0.057763 0.455751
v -0.300815 0.059858 0.454333
v -0.324834 0.059858 0.513293
v -0.182726 0.075415 0.437149
v -0.228264 0.059704 0.430191
v -0.180738 0.078610 0.431955
v -0.230620 0.061400 0.424334
v -0.199171 0.075136 0.428403
v -0.212113 0.070655 0.426482
v -0.183015 0.084646 0.433224
v -0.232897 0.067436 0.425603
v -0.185757 0.083915 0.437792
v -0.231295 0.068204 0.430835
v -0.183307 0.082718 0.442907
v -0.234473 0.065065 0.435089
v -0.201754 0.072785 0.440618
v -0.208356 0.070507 0.439610
v -0.180862 0.076328 0.441337
v -0.232029 0.058674 0.433520
v -0.235961 0.060880 0.428429
v -0.176396 0.081431 0.437530
v -0.258704 0.057120 0.549855
v -0.307129 0.057120 0.544959
v -0.255965 0.058013 0.544124
v -0.309009 0.058013 0.538762
v -0.274591 0.060434 0.540710
v -0.288356 0.060434 0.539378
v -0.255926 0.064576 0.543740
v -0.308970 0.064576 0.538377
v -0.258538 0.066016 0.548215
v -0.306963 0.066016 0.543320
v -0.256429 0.065355 0.553573
v -0.310839 0.065355 0.548073
v -0.277269 0.062266 0.552994
v -0.284289 0.062266 0.552284
v -0.256448 0.058339 0.553763
v -0.310858 0.058339 0.548263
v -0.314000 0.060434 0.542608
v -0.250659 0.060434 0.549011
v -0.071718 0.067787 0.307422
v -0.120115 0.067787 0.302253
v -0.068947 0.068679 0.301708
v -0.121960 0.068679 0.296046
v -0.087554 0.071100 0.298189
v -0.101311 0.071100 0.296778
v -0.068905 0.075242 0.301323
v -0.121919 0.075242 0.295661
v -0.071543 0.076682 0.305783
v -0.119940 0.076682 0.300615
v -0.069464 0.076022 0.311153
v -0.123843 0.076022 0.305346
v -0.090301 0.072932 0.310457
v -0.097317 0.072932 0.309707
v -0.069484 0.069005 0.311344
v -0.123863 0.069005 0.305536
v -0.126973 0.071100 0.299863
v -0.063668 0.071100 0.306624
v 0.051198 0.072900 -0.331366
v 0.004029 0.079357 -0.341483
v 0.054710 0.074204 -0.336572
v 0.003042 0.081277 -0.347654
v 0.037009 0.079272 -0.341617
v 0.023594 0.081100 -0.344435
v 0.055477 0.080709 -0.335994
v 0.003808 0.087782 -0.347076
v 0.052488 0.081849 -0.331670
v 0.005319 0.088307 -0.341787
v 0.053830 0.080240 -0.326266
v 0.000831 0.087496 -0.337634
v 0.033019 0.079778 -0.329566
v 0.026181 0.080714 -0.331033
v 0.053060 0.073313 -0.327099
v 0.000061 0.080568 -0.338466
v -0.002114 0.083752 -0.344067
v 0.059585 0.075306 -0.330834
v 0.048512 0.059322 -0.506500
v 0.001989 0.068103 -0.517791
v 0.051928 0.058591 -0.511879
v 0.000967 0.068210 -0.524247
v 0.034715 0.064022 -0.518100
v 0.021485 0.066528 -0.521252
v 0.053446 0.064833 -0.513281
v 0.002485 0.074452 -0.525649
v 0.050789 0.067555 -0.509479
v 0.004266 0.076336 -0.520770
v 0.052166 0.067473 -0.503850
v -0.000106 0.077339 -0.516537
v 0.031316 0.068555 -0.506729
v 0.024571 0.069828 -0.508366
v 0.050586 0.060755 -0.502564
v -0.001686 0.070622 -0.515251
v -0.003722 0.072238 -0.521535
v 0.057132 0.060752 -0.506765
v -0.067307 0.060064 -0.553475
v -0.073705 0.060064 -0.601725
v -0.061100 0.060957 -0.552131
v -0.068108 0.060957 -0.604983
v -0.062071 0.063378 -0.571043
v -0.063947 0.063378 -0.584744
v -0.060717 0.067520 -0.552181
v -0.067724 0.067520 -0.605034
v -0.065673 0.068960 -0.553692
v -0.072071 0.068960 -0.601942
v -0.070401 0.068299 -0.550405
v -0.077589 0.068299 -0.604618
v -0.074641 0.065210 -0.570818
v -0.075568 0.065210 -0.577812
v -0.070591 0.061283 -0.550380
v -0.077779 0.061283 -0.604593
v -0.073000 0.063378 -0.608953
v -0.064633 0.063378 -0.545841
v 0.012257 0.070928 -0.452560
v -0.032227 0.070928 -0.432806
v 0.011795 0.071820 -0.458894
v -0.036932 0.071820 -0.437256
v -0.006074 0.074241 -0.452625
v -0.018689 0.074241 -0.446959
v 0.011638 0.078383 -0.459247
v -0.037089 0.078383 -0.437609
v 0.011588 0.079823 -0.454066
v -0.032896 0.079823 -0.434312
v 0.016076 0.079163 -0.450458
v -0.033906 0.079163 -0.428263
v -0.002311 0.076073 -0.440630
v -0.008760 0.076073 -0.437766
v 0.016153 0.072146 -0.450283
v -0.033828 0.072146 -0.428088
v -0.039360 0.074241 -0.431441
v 0.018826 0.074241 -0.457280
v 0.142436 0.071163 -0.106075
v 0.108948 0.071163 -0.070754
v 0.139577 0.072055 -0.111746
v 0.102895 0.072055 -0.073057
v 0.125485 0.074476 -0.099097
v 0.116012 0.074476 -0.089021
v 0.139296 0.078618 -0.112012
v 0.102614 0.078618 -0.073323
v 0.141240 0.080058 -0.107209
v 0.107752 0.080058 -0.071888
v 0.146769 0.079398 -0.105601
v 0.109142 0.079398 -0.065915
v 0.133565 0.076308 -0.089465
v 0.128711 0.076308 -0.084345
v 0.146908 0.072381 -0.105469
v 0.109281 0.072381 -0.065783
v 0.102885 0.074476 -0.066756
v 0.146688 0.074476 -0.112956
v -0.010557 0.064314 -0.195861
v -0.043833 0.059333 -0.160691
v -0.013496 0.065303 -0.201475
v -0.049946 0.059847 -0.162951
v -0.027710 0.065749 -0.188738
v -0.037122 0.064335 -0.178706
v -0.014333 0.071823 -0.201344
v -0.050783 0.066367 -0.162820
v -0.012506 0.073128 -0.196457
v -0.045783 0.068148 -0.161287
v -0.006937 0.072843 -0.194877
v -0.044326 0.067247 -0.155362
v -0.019789 0.067673 -0.178993
v -0.024613 0.066951 -0.173895
v -0.006203 0.065868 -0.195170
v -0.043592 0.060272 -0.155655
v -0.050145 0.061872 -0.156515
v -0.006619 0.068387 -0.202517
v -0.111468 0.060565 -0.119299
v -0.155727 0.068333 -0.138001
v -0.107016 0.061674 -0.123781
v -0.155497 0.070183 -0.144267
v -0.123306 0.067212 -0.132053
v -0.135905 0.069414 -0.137314
v -0.106150 0.068160 -0.123137
v -0.154631 0.076669 -0.143623
v -0.109842 0.069463 -0.119450
v -0.154101 0.077231 -0.138153
v -0.109572 0.067901 -0.113876
v -0.159301 0.076628 -0.134889
v -0.129425 0.068037 -0.120950
v -0.135841 0.069164 -0.123661
v -0.110409 0.060988 -0.114765
v -0.160138 0.069716 -0.135779
v -0.161138 0.072876 -0.141717
v -0.103245 0.062715 -0.117254
v 0.016666 0.070928 -0.134774
v 0.010764 0.070928 -0.086461
v 0.010994 0.071820 -0.137631
v 0.004529 0.071820 -0.084710
v 0.007193 0.074241 -0.119080
v 0.005574 0.074241 -0.105346
v 0.010610 0.078383 -0.137678
v 0.004145 0.078383 -0.084757
v 0.015030 0.079823 -0.134974
v 0.009128 0.079823 -0.086661
v 0.020430 0.079163 -0.136971
v 0.013799 0.079163 -0.082687
v 0.019418 0.076073 -0.116147
v 0.018562 0.076073 -0.109143
v 0.020620 0.072146 -0.136948
v 0.013989 0.072146 -0.082663
v 0.008270 0.074241 -0.079640
v 0.015990 0.074241 -0.142835
v -0.290863 0.071163 -0.387830
v -0.270494 0.071163 -0.432035
v -0.286334 0.072055 -0.383377
v -0.264022 0.072055 -0.431799
v -0.277051 0.074476 -0.399883
v -0.271317 0.074476 -0.412467
v -0.285982 0.078618 -0.383215
v -0.263671 0.078618 -0.431637
v -0.289366 0.080058 -0.387140
v -0.268997 0.080058 -0.431345
v -0.295118 0.079398 -0.386887
v -0.272232 0.079398 -0.436556
v -0.287797 0.076308 -0.406408
v -0.284845 0.076308 -0.412816
v -0.295292 0.072381 -0.386967
v -0.272407 0.072381 -0.436636
v -0.266037 0.074476 -0.437769
v -0.292680 0.074476 -0.379947
v -0.125864 0.070988 -0.351197
v -0.173451 0.079057 -0.357465
v -0.122698 0.072528 -0.356558
v -0.174825 0.081368 -0.363425
v -0.140577 0.078271 -0.359999
v -0.154107 0.080554 -0.361723
v -0.121725 0.078968 -0.355657
v -0.173852 0.087807 -0.362523
v -0.124368 0.079910 -0.351068
v -0.171955 0.087979 -0.357337
v -0.122686 0.077949 -0.345880
v -0.176155 0.087015 -0.352923
v -0.143685 0.078134 -0.347681
v -0.150583 0.079304 -0.348590
v -0.123692 0.071103 -0.347059
v -0.177161 0.080169 -0.354102
v -0.179646 0.083732 -0.359334
v -0.117401 0.073177 -0.351135
v -0.222931 0.059390 -0.567904
v -0.182518 0.059390 -0.540779
v -0.228046 0.060282 -0.564139
v -0.183778 0.060282 -0.534426
v -0.213222 0.062703 -0.552355
v -0.201707 0.062703 -0.544696
v -0.228261 0.066845 -0.563818
v -0.183993 0.066845 -0.534105
v -0.223849 0.068285 -0.566535
v -0.183436 0.068285 -0.539410
v -0.223187 0.067625 -0.572255
v -0.177779 0.067625 -0.541778
v -0.205074 0.064535 -0.561929
v -0.199216 0.064535 -0.557997
v -0.223080 0.060608 -0.572414
v -0.177672 0.060608 -0.541937
v -0.177564 0.062703 -0.535468
v -0.230425 0.062703 -0.570949
v -0.130289 0.071163 -0.482517
v -0.141858 0.071163 -0.435240
v -0.135583 0.072055 -0.486025
v -0.148257 0.072055 -0.434238
v -0.141550 0.074476 -0.468053
v -0.144780 0.074476 -0.454606
v -0.135959 0.078618 -0.486117
v -0.148632 0.078618 -0.434330
v -0.131890 0.080058 -0.482909
v -0.143459 0.080058 -0.435632
v -0.126291 0.079398 -0.484254
v -0.139290 0.079398 -0.431134
v -0.129757 0.076308 -0.463695
v -0.131434 0.076308 -0.456842
v -0.126105 0.072381 -0.484208
v -0.139104 0.072381 -0.431088
v -0.145141 0.074476 -0.428762
v -0.130007 0.074476 -0.490601
v 0.230966 0.059825 -0.430066
v 0.204737 0.059825 -0.471066
v 0.237158 0.060717 -0.431477
v 0.208428 0.060717 -0.476388
v 0.228270 0.063138 -0.448198
v 0.220768 0.063138 -0.459815
v 0.237484 0.067281 -0.431685
v 0.208754 0.067281 -0.476596
v 0.232354 0.068721 -0.430954
v 0.206126 0.068721 -0.471955
v 0.229464 0.068060 -0.425974
v 0.199993 0.068060 -0.472042
v 0.216978 0.064971 -0.442671
v 0.213176 0.064971 -0.448614
v 0.229302 0.061043 -0.425871
v 0.199832 0.061043 -0.471939
v 0.202314 0.063138 -0.477913
v 0.236622 0.063138 -0.424283
v 0.166211 0.076483 -0.416517
v 0.121830 0.064272 -0.432334
v 0.170234 0.076878 -0.421497
v 0.121620 0.063501 -0.438823
v 0.153165 0.074197 -0.429616
v 0.140533 0.070737 -0.434056
v 0.169229 0.083072 -0.423459
v 0.120614 0.069696 -0.440785
v 0.165267 0.084691 -0.420203
v 0.120885 0.072480 -0.436020
v 0.165886 0.085576 -0.414508
v 0.116020 0.071855 -0.432280
v 0.146902 0.077666 -0.419120
v 0.140468 0.075896 -0.421413
v 0.167043 0.078917 -0.412614
v 0.117177 0.065196 -0.430386
v 0.115413 0.065382 -0.436951
v 0.173465 0.081355 -0.416261
v 0.242588 0.071163 -0.385667
v 0.276151 0.071163 -0.350417
v 0.236778 0.072055 -0.383102
v 0.273542 0.072055 -0.344490
v 0.248691 0.074476 -0.368382
v 0.258269 0.074476 -0.358407
v 0.236498 0.078618 -0.382835
v 0.273262 0.078618 -0.344223
v 0.241395 0.080058 -0.384531
v 0.274957 0.080058 -0.349281
v 0.243283 0.079398 -0.389970
v 0.280994 0.079398 -0.350364
v 0.258722 0.076308 -0.375959
v 0.263588 0.076308 -0.370850
v 0.243422 0.072381 -0.390103
v 0.281132 0.072381 -0.350496
v 0.279834 0.074476 -0.344158
v 0.235934 0.074476 -0.390266
vn -0.0983 -0.6889 0.7182
vn -0.1440 0.5610 0.8152
vn -0.4734 0.4416 0.7622
vn -0.3624 -0.6795 0.6379
vn -0.7648 0.4388 0.4717
vn -0.6318 -0.6825 0.3675
vn -0.8217 0.5512 0.1452
vn -0.7054 -0.7014 0.1022
vn 0.1424 0.5763 0.8048
vn 0.1078 -0.6744 0.7305
vn 0.3853 -0.6419 0.6629
vn 0.4592 0.4874 0.7427
vn 0.6587 -0.6428 0.3909
vn 0.7427 0.4874 0.4592
vn 0.7331 -0.6706 0.1136
vn 0.7994 0.5840 0.1410
vn 0.0011 -0.7079 0.7063
vn -0.1513 0.5817 -0.7992
vn -0.1194 -0.6588 -0.7428
vn -0.3831 -0.6339 -0.6718
vn -0.4779 0.4939 -0.7264
vn -0.6413 -0.6529 -0.4031
vn -0.7580 0.4674 -0.4550
vn -0.7098 -0.6936 -0.1232
vn -0.8176 0.5583 -0.1407
vn 0.7984 0.5850 -0.1427
vn 0.7328 -0.6687 -0.1256
vn 0.6565 -0.6391 -0.4006
vn 0.7426 0.4862 -0.4605
vn 0.3834 -0.6364 -0.6693
vn 0.4605 0.4862 -0.7426
vn 0.1082 -0.6620 -0.7416
vn 0.1427 0.5850 -0.7984
vn -0.6917 -0.7220 -0.0145
vn -0.6944 -0.7196 0.0004
vn -0.6909 -0.7229 0.0081
vn -0.0003 -0.6904 -0.7234
vn -0.0003 -0.9998 -0.0217
vn -0.5221 0.0501 -0.8514
vn -0.8660 -0.0000 -0.5000
vn -0.6256 0.6884 -0.3671
vn -0.3383 0.7009 -0.6280
vn 0.7175 -0.6965 0.0094
vn 0.7211 -0.6928 0.0002
vn 0.7182 -0.6957 -0.0152
vn -0.1044 0.9450 0.3099
vn -0.2555 0.9167 0.3071
vn -0.3071 0.9167 0.2555
vn -0.3063 0.9461 0.1049
vn 0.2555 0.9167 0.3071
vn 0.1058 0.9449 0.3099
vn 0.3071 0.9167 0.2555
vn 0.3063 0.9461 0.1049
vn 0.0010 0.9524 0.3047
vn -0.2613 0.9158 -0.3051
vn -0.1126 0.9458 -0.3047
vn -0.3060 0.9163 -0.2584
vn -0.3053 0.9461 -0.1078
vn 0.3060 0.9163 -0.2584
vn 0.3053 0.9461 -0.1078
vn 0.2584 0.9163 -0.3060
vn 0.1078 0.9461 -0.3053
vn -0.2975 0.9547 -0.0000
vn -0.0000 0.9547 -0.2975
vn 0.5287 0.8480 -0.0366
vn 0.4621 0.8475 -0.2611
vn 0.2316 0.8341 -0.5007
vn 0.0073 0.8293 -0.5588
vn -0.0033 0.8463 -0.5327
vn 0.0146 0.9997 -0.0219
vn 0.5095 0.8605 -0.0044
vn -0.8660 -0.0000 0.5000
vn -0.5000 -0.0000 0.8660
vn -0.3264 0.6887 0.6474
vn -0.6260 0.6941 0.3554
vn -0.9914 -0.0000 -0.1305
vn -0.6976 0.7135 -0.0657
vn -0.9914 -0.0000 0.1305
vn -0.6957 0.7165 0.0501
vn 0.8908 0.4336 -0.1355
vn 0.7541 0.4819 -0.4462
vn 0.1635 -0.2018 0.9657
vn 0.5703 -0.0369 0.8206
vn 0.2660 0.6407 0.7202
vn -0.0250 0.6326 0.7740
vn 0.4633 0.4630 -0.7557
vn 0.8755 0.2335 0.4230
vn 0.5347 0.7530 0.3836
vn 0.1456 0.4040 -0.9031
vn 0.9248 0.3685 0.0951
vn 0.5450 0.8363 0.0602
vn -1.0000 -0.0000 -0.0000
vn -0.6716 0.7408 -0.0097
vn -0.1305 -0.0000 0.9914
vn -0.0000 -0.0000 1.0000
vn -0.0232 0.7425 0.6695
vn -0.0342 0.7239 0.6891
vn -0.0012 0.7178 0.6962
vn -0.0219 0.7237 0.6898
vn -0.0223 0.7037 0.7101
vn -0.0000 0.3731 -0.9278
vn 0.0019 0.8339 -0.5520
vn -0.0093 0.8465 -0.5323
vn -0.0024 0.8449 -0.5350
vn -0.0041 0.8451 -0.5347
vn -0.0070 0.8451 -0.5345
vn -0.0008 0.8465 -0.5324
vn -0.1118 0.2494 -0.9619
vn -0.0740 0.7634 -0.6417
vn 0.5065 0.8622 -0.0005
vn 0.5028 0.8644 -0.0016
vn 0.4948 0.8690 0.0015
vn 0.4875 0.8731 -0.0069
vn 0.4930 0.8699 -0.0103
vn 0.4958 0.8684 0.0027
vn 0.0001 -1.0000 0.0004
vn 0.0005 -0.9999 0.0127
vn 0.0084 0.9996 -0.0256
vn 0.0184 0.9998 -0.0070
vn 0.0214 0.9998 -0.0000
vn 0.0066 1.0000 -0.0044
vn 0.0357 0.9994 -0.0038
vn 0.0282 0.9996 -0.0055
vn -0.0063 1.0000 -0.0067
vn -0.0146 0.9991 -0.0389
vn -0.0197 0.9995 -0.0260
vn -0.0433 0.9990 -0.0095
vn 0.0033 1.0000 -0.0011
vn 0.0025 1.0000 -0.0020
vn -0.0366 0.9993 -0.0030
vn -0.0326 0.9995 0.0009
vn 0.0038 0.9994 -0.0335
vn 0.0038 1.0000 0.0030
vn -0.0193 0.9998 -0.0036
vn -0.0214 0.9994 -0.0255
vn -0.0201 0.9998 -0.0013
vn -0.0120 0.9993 -0.0364
vn -0.0076 0.9993 -0.0363
vn -0.0112 0.9999 -0.0015
vn -0.0280 0.9995 -0.0171
vn -0.0278 0.9996 -0.0067
vn 0.0021 -0.0554 0.9985
vn -0.0342 0.6687 0.7427
vn -0.0235 0.7254 0.6879
vn -0.0221 0.9992 -0.0339
vn -0.0224 0.9997 0.0026
vn -0.0095 1.0000 0.0026
vn -0.0095 0.9994 -0.0334
vn -0.0227 0.9997 -0.0017
vn -0.0215 0.9998 -0.0028
vn -0.0105 0.9999 -0.0024
vn -0.0106 0.9999 -0.0015
vn 0.0166 0.6585 0.7524
vn -0.0267 0.9996 -0.0036
vn -0.0098 0.9993 -0.0360
vn -0.0214 0.9992 -0.0351
vn -0.0355 0.9994 -0.0010
vn -0.0471 0.9989 -0.0029
vn -0.0390 0.9992 -0.0099
vn -0.0404 0.9986 -0.0338
vn -0.0393 0.9992 0.0026
vn -0.0409 0.9992 0.0026
vn -0.0430 0.9985 -0.0338
vn -0.0383 0.9993 -0.0019
vn -0.0346 0.9994 -0.0031
vn -0.0374 0.9993 -0.0028
vn -0.0424 0.9991 -0.0018
vn 0.0009 1.0000 0.0019
vn -0.0325 0.9995 -0.0021
vn -0.6712 0.7413 -0.0035
vn -0.6659 0.7460 0.0017
vn -0.6608 0.7505 -0.0081
vn -0.6647 0.7470 -0.0132
vn -0.6682 0.7440 -0.0038
vn -0.6717 0.7408 -0.0054
vn 0.4746 -0.1661 0.8644
vn 0.6253 0.6015 0.4971
vn -0.0912 0.4849 0.8698
vn 0.4677 -0.1671 0.8679
vn 0.0118 0.9928 0.1194
vn -0.2187 0.9472 0.2347
vn 0.0669 0.7165 -0.6944
vn -0.7519 0.5862 -0.3016
vn -0.4622 0.0885 -0.8823
vn -0.4678 0.0875 -0.8795
vn 0.1613 -0.4747 -0.8652
vn -0.6001 -0.6200 -0.5054
vn 0.1929 -0.9594 -0.2060
vn -0.0306 -0.9954 -0.0909
vn 0.9265 -0.0010 -0.3764
vn 0.7226 -0.5892 0.3615
vn 0.0883 -0.7172 0.6913
vn -0.8244 -0.2985 0.4809
vn 0.6033 -0.1412 0.7850
vn 0.6561 0.6347 0.4082
vn 0.0087 0.4765 0.8791
vn 0.5970 -0.1426 0.7895
vn -0.0265 0.9915 0.1273
vn -0.2349 0.9326 0.2741
vn -0.0743 0.7211 -0.6889
vn -0.8192 0.5434 -0.1835
vn -0.5893 0.0645 -0.8054
vn -0.5943 0.0632 -0.8018
vn 0.0607 -0.4624 -0.8846
vn -0.6314 -0.6517 -0.4203
vn 0.2143 -0.9463 -0.2421
vn 0.0122 -0.9953 -0.0964
vn 0.8608 0.0527 -0.5062
vn 0.7991 -0.5482 0.2469
vn 0.2273 -0.7129 0.6634
vn -0.7281 -0.3462 0.5916
vn 0.5786 -0.1453 0.8026
vn 0.7589 0.5585 0.3348
vn 0.0990 0.5715 0.8146
vn 0.5722 -0.1451 0.8072
vn 0.1442 0.9895 0.0053
vn -0.0697 0.9853 0.1561
vn 0.0424 0.6339 -0.7723
vn -0.7165 0.6486 -0.2569
vn -0.5780 0.0655 -0.8134
vn -0.5832 0.0655 -0.8097
vn -0.0283 -0.5702 -0.8211
vn -0.7376 -0.5808 -0.3444
vn 0.0474 -0.9913 -0.1229
vn -0.1586 -0.9870 0.0256
vn 0.8519 -0.1568 -0.4998
vn 0.6965 -0.6422 0.3202
vn 0.1094 -0.6550 0.7476
vn -0.7702 -0.1424 0.6217
vn 0.5502 -0.1421 0.8229
vn 0.8577 0.4411 0.2642
vn 0.2196 0.6489 0.7285
vn 0.5440 -0.1400 0.8273
vn 0.3342 0.9334 -0.1304
vn 0.1257 0.9919 0.0165
vn 0.1544 0.4998 -0.8523
vn -0.5799 0.7336 -0.3544
vn -0.5654 0.0630 -0.8224
vn -0.5704 0.0645 -0.8189
vn -0.1501 -0.6623 -0.7341
vn -0.8412 -0.4682 -0.2704
vn -0.1483 -0.9888 0.0169
vn -0.3474 -0.9239 0.1605
vn 0.7981 -0.3876 -0.4613
vn 0.5624 -0.7146 0.4160
vn -0.0100 -0.5533 0.8329
vn -0.7746 0.0982 0.6248
vn 0.6162 -0.1363 0.7757
vn 0.5956 0.6644 0.4514
vn -0.0328 0.4159 0.9088
vn 0.6101 -0.1386 0.7801
vn -0.1180 0.9741 0.1926
vn -0.3196 0.8865 0.3346
vn -0.1431 0.7551 -0.6398
vn -0.8666 0.4760 -0.1496
vn -0.5952 0.0628 -0.8011
vn -0.6001 0.0608 -0.7976
vn 0.1006 -0.3951 -0.9131
vn -0.5695 -0.6782 -0.4645
vn 0.3005 -0.9042 -0.3036
vn 0.1042 -0.9813 -0.1621
vn 0.8507 0.1658 -0.4989
vn 0.8472 -0.4868 0.2125
vn 0.2945 -0.7311 0.6154
vn -0.6910 -0.4507 0.5651
vn -0.5546 -0.1453 0.8193
vn -0.0533 0.5585 0.8278
vn -0.7309 0.5715 0.3732
vn -0.5611 -0.1451 0.8149
vn 0.0446 0.9895 0.1372
vn -0.1705 0.9853 -0.0118
vn 0.7397 0.6339 -0.2258
vn -0.0052 0.6486 -0.7611
vn 0.5649 0.0655 -0.8225
vn 0.5597 0.0655 -0.8261
vn 0.7612 -0.5702 -0.3090
vn 0.0697 -0.5808 -0.8110
vn 0.1317 -0.9913 0.0022
vn -0.0786 -0.9870 -0.1401
vn 0.7623 -0.1568 0.6280
vn -0.0611 -0.6422 0.7641
vn -0.6644 -0.6550 0.3599
vn -0.8487 -0.1424 -0.5094
vn -0.5887 -0.2410 0.7716
vn 0.0263 0.3425 0.9392
vn -0.6290 0.5817 0.5157
vn -0.5950 -0.2386 0.7675
vn 0.2118 0.9040 0.3713
vn 0.0024 0.9731 0.2304
vn 0.8427 0.5321 -0.0817
vn 0.1231 0.8042 -0.5815
vn 0.5852 0.1638 -0.7942
vn 0.5801 0.1655 -0.7976
vn 0.6578 -0.6012 -0.4538
vn -0.0143 -0.3706 -0.9287
vn -0.0415 -0.9698 -0.2402
vn -0.2448 -0.8950 -0.3728
vn 0.7102 -0.4331 0.5551
vn -0.1873 -0.7873 0.5874
vn -0.7750 -0.5978 0.2050
vn -0.8494 0.1336 -0.5105
vn -0.5472 -0.1102 0.8297
vn -0.0876 0.6199 0.7798
vn -0.7637 0.5565 0.3273
vn -0.5537 -0.1107 0.8253
vn -0.0132 0.9983 0.0563
vn -0.2273 0.9695 -0.0913
vn 0.7023 0.6553 -0.2783
vn -0.0410 0.5833 -0.8112
vn 0.5621 0.0311 -0.8265
vn 0.5569 0.0305 -0.8300
vn 0.7937 -0.5482 -0.2635
vn 0.1052 -0.6397 -0.7614
vn 0.1889 -0.9785 0.0824
vn -0.0209 -0.9980 -0.0593
vn 0.7686 -0.0608 0.6368
vn -0.0256 -0.5805 0.8139
vn -0.6261 -0.6611 0.4135
vn -0.8378 -0.2323 -0.4942
vn 0.9568 0.0067 0.2907
vn 0.6764 0.7313 -0.0876
vn 0.4455 0.5816 0.6806
vn 0.9545 0.0054 0.2980
vn -0.0852 0.9943 0.0644
vn -0.1611 0.9376 0.3083
vn -0.5546 0.6212 -0.5536
vn -0.8417 0.4487 0.3005
vn -0.9466 -0.0839 -0.3112
vn -0.9485 -0.0852 -0.3052
vn -0.3946 -0.5627 -0.7264
vn -0.6610 -0.7476 0.0643
vn 0.1647 -0.9488 -0.2696
vn 0.0918 -0.9953 -0.0308
vn 0.3975 0.0582 -0.9158
vn 0.8624 -0.4472 -0.2371
vn 0.6624 -0.6040 0.4432
vn -0.2009 -0.3271 0.9234
vn 0.9425 -0.1453 0.3009
vn 0.8092 0.5585 -0.1825
vn 0.5642 0.5715 0.5958
vn 0.9402 -0.1451 0.3083
vn 0.1191 0.9895 -0.0815
vn 0.0368 0.9853 0.1669
vn -0.4254 0.6339 -0.6459
vn -0.7287 0.6486 0.2198
vn -0.9485 0.0655 -0.3098
vn -0.9505 0.0655 -0.3038
vn -0.5112 -0.5702 -0.6431
vn -0.7978 -0.5808 0.1620
vn -0.0350 -0.9913 -0.1269
vn -0.1122 -0.9870 0.1150
vn 0.3873 -0.1568 -0.9085
vn 0.7503 -0.6422 -0.1570
vn 0.5328 -0.6550 0.5358
vn -0.2492 -0.1424 0.9579
vn 0.9559 0.0371 0.2913
vn 0.6461 0.7604 -0.0660
vn 0.4220 0.5792 0.6975
vn 0.9537 0.0355 0.2986
vn -0.1254 0.9877 0.0931
vn -0.1988 0.9209 0.3352
vn -0.5797 0.6140 -0.5357
vn -0.8590 0.4053 0.3129
vn -0.9426 -0.1132 -0.3140
vn -0.9444 -0.1148 -0.3081
vn -0.3719 -0.5570 -0.7426
vn -0.6301 -0.7754 0.0422
vn 0.2029 -0.9331 -0.2969
vn 0.1321 -0.9894 -0.0596
vn 0.3943 0.1008 -0.9135
vn 0.8797 -0.4047 -0.2495
vn 0.6866 -0.5892 0.4259
vn -0.1869 -0.3616 0.9134
vn -0.1123 -0.9870 0.1150
vn 0.9867 -0.1453 0.0729
vn 0.7444 0.5585 -0.3660
vn 0.6876 0.5715 0.4480
vn 0.9861 -0.1451 0.0807
vn 0.0968 0.9895 -0.1070
vn 0.0747 0.9853 0.1537
vn -0.5642 0.6339 -0.5290
vn -0.6574 0.6486 0.3836
vn -0.9946 0.0655 -0.0803
vn -0.9951 0.0655 -0.0739
vn -0.6470 -0.5702 -0.5062
vn -0.7380 -0.5808 0.3434
vn -0.0636 -0.9913 -0.1153
vn -0.0824 -0.9870 0.1380
vn 0.1650 -0.1568 -0.9738
vn 0.6931 -0.6422 -0.3275
vn 0.6430 -0.6550 0.3969
vn -0.0191 -0.1424 0.9896
vn 0.2709 -0.1453 0.9516
vn 0.5997 0.5585 0.5731
vn -0.1841 0.5715 0.7997
vn 0.2634 -0.1451 0.9537
vn 0.1338 0.9895 0.0541
vn -0.1186 0.9853 0.1230
vn 0.3027 0.6339 -0.7117
vn -0.5863 0.6486 -0.4854
vn -0.2667 0.0655 -0.9615
vn -0.2728 0.0655 -0.9598
vn 0.2528 -0.5702 -0.7817
vn -0.5763 -0.5808 -0.5749
vn 0.0864 -0.9913 -0.0994
vn -0.1579 -0.9870 -0.0299
vn 0.9711 -0.1568 -0.1800
vn 0.5459 -0.6422 0.5381
vn -0.1515 -0.6550 0.7402
vn -0.9358 -0.1424 0.3224
vn 0.8365 -0.1453 -0.5284
vn 0.3805 0.5585 -0.7370
vn 0.8191 0.5715 -0.0490
vn 0.8406 -0.1451 -0.5218
vn 0.0141 0.9895 -0.1436
vn 0.1515 0.9853 0.0791
vn -0.7682 0.6339 -0.0895
vn -0.3002 0.6486 0.6994
vn -0.8472 0.0655 0.5272
vn -0.8438 0.0655 0.5326
vn -0.8212 -0.5702 -0.0219
vn -0.3889 -0.5808 0.7151
vn -0.1197 -0.9913 -0.0548
vn 0.0159 -0.9870 0.1599
vn -0.4467 -0.1568 -0.8808
vn 0.3622 -0.6422 -0.6756
vn 0.7529 -0.6550 -0.0635
vn 0.5734 -0.1424 0.8068
vn 0.9376 -0.1453 -0.3159
vn 0.5439 0.5585 -0.6263
vn 0.8075 0.5715 0.1459
vn 0.9401 -0.1451 -0.3085
vn 0.0477 0.9895 -0.1362
vn 0.1285 0.9853 0.1126
vn -0.7253 0.6339 -0.2685
vn -0.4569 0.6486 0.6087
vn -0.9478 0.0655 0.3122
vn -0.9458 0.0655 0.3182
vn -0.7928 -0.5702 -0.2153
vn -0.5468 -0.5808 0.6030
vn -0.1034 -0.9913 -0.0815
vn -0.0223 -0.9870 0.1591
vn -0.2260 -0.1568 -0.9614
vn 0.5115 -0.6422 -0.5709
vn 0.7466 -0.6550 0.1161
vn 0.3666 -0.1424 0.9194
vn 0.3133 -0.1453 0.9385
vn 0.6248 0.5585 0.5456
vn -0.1481 0.5715 0.8071
vn 0.3058 -0.1451 0.9410
vn 0.1361 0.9895 0.0480
vn -0.1130 0.9853 0.1282
vn 0.2705 0.6339 -0.7246
vn -0.6074 0.6486 -0.4586
vn -0.3096 0.0655 -0.9486
vn -0.3156 0.0655 -0.9466
vn 0.2175 -0.5702 -0.7922
vn -0.6015 -0.5808 -0.5485
vn 0.0818 -0.9913 -0.1032
vn -0.1591 -0.9870 -0.0228
vn 0.9620 -0.1568 -0.2234
vn 0.5695 -0.6422 0.5131
vn -0.1182 -0.6550 0.7463
vn -0.9204 -0.1424 0.3640
vn 0.8119 -0.1453 -0.5654
vn 0.3471 0.5585 -0.7534
vn 0.8161 0.5715 -0.0857
vn 0.8164 -0.1451 -0.5590
vn 0.0077 0.9895 -0.1441
vn 0.1549 0.9853 0.0722
vn -0.7715 0.6339 -0.0550
vn -0.2685 0.6486 0.7122
vn -0.8227 0.0655 0.5647
vn -0.8191 0.0655 0.5699
vn -0.8214 -0.5702 0.0149
vn -0.3564 -0.5808 0.7319
vn -0.1221 -0.9913 -0.0494
vn 0.0230 -0.9870 0.1590
vn -0.4858 -0.1568 -0.8599
vn 0.3315 -0.6422 -0.6912
vn 0.7493 -0.6550 -0.0972
vn 0.6090 -0.1424 0.7803
vn 0.3193 -0.1453 -0.9365
vn -0.1666 0.5585 -0.8126
vn 0.6068 0.5715 -0.5524
vn 0.3267 -0.1451 -0.9339
vn -0.0792 0.9895 -0.1206
vn 0.1676 0.9853 -0.0336
vn -0.6542 0.6339 0.4126
vn 0.2055 0.6486 0.7329
vn -0.3284 0.0655 0.9423
vn -0.3224 0.0655 0.9443
vn -0.6530 -0.5702 0.4985
vn 0.1463 -0.5808 0.8008
vn -0.1276 -0.9913 0.0325
vn 0.1127 -0.9870 0.1145
vn -0.9007 -0.1568 -0.4051
vn -0.1423 -0.6422 -0.7532
vn 0.5462 -0.6550 -0.5222
vn 0.9528 -0.1424 0.2680
vn 0.6625 -0.1453 -0.7349
vn 0.1671 0.5585 -0.8125
vn 0.7754 0.5715 -0.2686
vn 0.6683 -0.1451 -0.7296
vn -0.0252 0.9895 -0.1421
vn 0.1672 0.9853 0.0352
vn -0.7638 0.6339 0.1215
vn -0.0999 0.6486 0.7545
vn -0.6731 0.0655 0.7366
vn -0.6684 0.0655 0.7409
vn -0.7966 -0.5702 0.2009
vn -0.1811 -0.5808 0.7936
vn -0.1301 -0.9913 -0.0204
vn 0.0585 -0.9870 0.1496
vn -0.6682 -0.1568 -0.7272
vn 0.1660 -0.6422 -0.7484
vn 0.7077 -0.6550 -0.2647
vn 0.7702 -0.1424 0.6217
vn 0.9179 -0.1453 0.3693
vn 0.8204 0.5585 -0.1225
vn 0.5190 0.5715 0.6357
vn 0.9150 -0.1451 0.3765
vn 0.1247 0.9895 -0.0725
vn 0.0245 0.9853 0.1691
vn -0.3768 0.6339 -0.6754
vn -0.7429 0.6486 0.1657
vn -0.9232 0.0655 -0.3787
vn -0.9256 0.0655 -0.3728
vn -0.4626 -0.5702 -0.6789
vn -0.8075 -0.5808 0.1030
vn -0.0256 -0.9913 -0.1292
vn -0.1204 -0.9870 0.1064
vn 0.4530 -0.1568 -0.8776
vn 0.7598 -0.6422 -0.1015
vn 0.4920 -0.6550 0.5735
vn -0.3189 -0.1424 0.9370
vn -0.4626 -0.5701 -0.6789
vn 0.0947 0.1481 -0.9844
vn -0.5565 0.5702 -0.6043
vn 0.2027 0.8472 -0.4910
vn 0.1020 0.1508 -0.9833
vn -0.4486 0.8816 0.1464
vn -0.2024 0.9618 0.1844
vn -0.7032 0.2450 0.6675
vn 0.1487 0.5482 0.8230
vn -0.0735 -0.2247 0.9716
vn -0.0675 -0.2227 0.9725
vn -0.2587 -0.8556 0.4483
vn 0.5430 -0.5965 0.5911
vn 0.2403 -0.9511 -0.1940
vn 0.4764 -0.8650 -0.1576
vn -0.8612 -0.4340 -0.2645
vn -0.0993 -0.5140 -0.8520
vn 0.5849 -0.2893 -0.7578
vn 0.9771 0.2069 0.0500
vn 0.0952 -0.1453 -0.9848
vn -0.3491 0.5585 -0.7525
vn 0.4634 0.5715 -0.6773
vn 0.1030 -0.1451 -0.9840
vn -0.1048 0.9895 -0.0992
vn 0.1554 0.9853 -0.0712
vn -0.5417 0.6339 0.5521
vn 0.3686 0.6486 0.6659
vn -0.1027 0.0655 0.9926
vn -0.0964 0.0654 0.9932
vn -0.5207 -0.5702 0.6354
vn 0.3267 -0.5808 0.7456
vn -0.1167 -0.9913 0.0610
vn 0.1361 -0.9870 0.0855
vn -0.9698 -0.1568 -0.1870
vn -0.3118 -0.6422 -0.7003
vn 0.4113 -0.6550 -0.6338
vn 0.9889 -0.1424 0.0415
vn 0.1008 -0.1453 -0.9842
vn -0.3448 0.5585 -0.7544
vn 0.4672 0.5715 -0.6746
vn 0.1086 -0.1451 -0.9834
vn -0.1042 0.9895 -0.0998
vn 0.1558 0.9853 -0.0703
vn -0.5448 0.6339 0.5490
vn 0.3648 0.6486 0.6680
vn -0.1083 0.0655 0.9920
vn -0.1020 0.0655 0.9926
vn -0.5243 -0.5702 0.6325
vn 0.3224 -0.5808 0.7475
vn -0.1170 -0.9913 0.0604
vn 0.1356 -0.9870 0.0862
vn -0.9687 -0.1568 -0.1924
vn -0.3078 -0.6422 -0.7020
vn 0.4149 -0.6550 -0.6315
vn 0.9887 -0.1424 0.0471
vn 0.2022 -0.0247 -0.9790
vn -0.1924 0.6906 -0.6971
vn 0.6012 0.5960 -0.5323
vn 0.2098 -0.0255 -0.9774
vn 0.0115 0.9993 0.0345
vn 0.2643 0.9602 0.0899
vn -0.5379 0.6160 0.5755
vn 0.3476 0.5062 0.7893
vn -0.2188 -0.0540 0.9743
vn -0.2127 -0.0549 0.9756
vn -0.6524 -0.5822 0.4851
vn 0.1688 -0.7090 0.6847
vn -0.2255 -0.9695 -0.0966
vn 0.0213 -0.9988 -0.0442
vn -0.9497 -0.0132 -0.3128
vn -0.2865 -0.5022 -0.8159
vn 0.4173 -0.6104 -0.6732
vn 0.9558 -0.2643 0.1285
vn 0.1569 -0.3381 -0.9279
vn -0.1423 0.4706 -0.8708
vn 0.6417 0.3345 -0.6902
vn 0.1644 -0.3393 -0.9262
vn 0.1255 0.9556 -0.2665
vn 0.3744 0.9047 -0.2035
vn -0.4404 0.8189 0.3679
vn 0.4352 0.6720 0.5992
vn -0.1825 0.2641 0.9471
vn -0.1764 0.2630 0.9485
vn -0.6930 -0.3293 0.6413
vn 0.1164 -0.4888 0.8646
vn -0.3372 -0.9200 0.1997
vn -0.0933 -0.9619 0.2569
vn -0.9574 0.0087 -0.2885
vn -0.3752 -0.6834 -0.6262
vn 0.3173 -0.8281 -0.4621
vn 0.9245 -0.3271 0.1957
vn 0.9802 -0.1453 -0.1343
vn 0.6517 0.5585 -0.5131
vn 0.7658 0.5715 0.2948
vn 0.9813 -0.1451 -0.1265
vn 0.0724 0.9895 -0.1248
vn 0.1051 0.9853 0.1348
vn -0.6621 0.6339 -0.3998
vn -0.5630 0.6486 0.5122
vn -0.9895 0.0655 0.1288
vn -0.9887 0.0655 0.1351
vn -0.7383 -0.5702 -0.3603
vn -0.6503 -0.5808 0.4897
vn -0.0863 -0.9913 -0.0995
vn -0.0518 -0.9870 0.1521
vn -0.0416 -0.1568 -0.9868
vn 0.6096 -0.6422 -0.4648
vn 0.7116 -0.6550 0.2542
vn 0.1875 -0.1424 0.9719
vn -0.4055 -0.1453 -0.9025
vn -0.6762 0.5585 -0.4805
vn 0.0667 0.5715 -0.8179
vn -0.3983 -0.1451 -0.9057
vn -0.1402 0.9895 -0.0342
vn 0.0996 0.9853 -0.1389
vn -0.1967 0.6339 0.7480
vn 0.6502 0.6486 0.3956
vn 0.4028 0.0655 0.9129
vn 0.4086 0.0655 0.9104
vn -0.1373 -0.5702 0.8100
vn 0.6533 -0.5808 0.4856
vn -0.0711 -0.9913 0.1108
vn 0.1605 -0.9870 0.0068
vn -0.9349 -0.1568 0.3184
vn -0.6179 -0.6422 -0.4536
vn 0.0430 -0.6550 -0.7544
vn 0.8794 -0.1424 -0.4542
vn -0.7209 -0.1453 -0.6776
vn -0.8088 0.5585 -0.1840
vn -0.2525 0.5715 -0.7808
vn -0.7156 -0.1451 -0.6833
vn -0.1426 0.9895 0.0223
vn 0.0387 0.9853 -0.1665
vn 0.1056 0.6339 0.7662
vn 0.7523 0.6486 0.1156
vn 0.7225 0.0655 0.6883
vn 0.7268 0.0655 0.6837
vn 0.1843 -0.5701 0.8006
vn 0.7897 -0.5808 0.1975
vn -0.0231 -0.9913 0.1296
vn 0.1508 -0.9870 -0.0554
vn -0.7410 -0.1568 0.6530
vn -0.7447 -0.6422 -0.1816
vn -0.2499 -0.6550 -0.7131
vn 0.6376 -0.1424 -0.7571
vn -0.7078 -0.1646 -0.6870
vn -0.8538 0.4980 -0.1519
vn -0.3020 0.5943 -0.7454
vn -0.7024 -0.1636 -0.6927
vn -0.2259 0.9707 0.0818
vn -0.0455 0.9933 -0.1064
vn 0.0534 0.5930 0.8035
vn 0.6949 0.7019 0.1566
vn 0.7161 0.0847 0.6929
vn 0.7204 0.0853 0.6883
vn 0.2340 -0.5999 0.7651
vn 0.8366 -0.5226 0.1640
vn 0.0614 -0.9957 0.0693
vn 0.2339 -0.9655 -0.1147
vn -0.7233 -0.2583 0.6403
vn -0.6881 -0.6908 -0.2221
vn -0.1953 -0.6295 -0.7521
vn 0.6455 -0.0417 -0.7627
vn 0.3778 -0.0468 -0.9247
vn -0.0375 0.6850 -0.7276
vn 0.7086 0.5681 -0.4184
vn 0.3850 -0.0478 -0.9217
vn 0.0387 0.9989 0.0259
vn 0.2755 0.9528 0.1273
vn -0.6134 0.6418 0.4603
vn 0.2134 0.5078 0.8346
vn -0.3959 -0.0314 0.9177
vn -0.3902 -0.0324 0.9202
vn -0.7498 -0.5536 0.3624
vn 0.0160 -0.7027 0.7113
vn -0.2365 -0.9633 -0.1266
vn -0.0047 -0.9996 -0.0294
vn -0.8759 0.0115 -0.4823
vn -0.1484 -0.5061 -0.8496
vn 0.5132 -0.6340 -0.5786
vn 0.9064 -0.2920 0.3051
vn -0.9826 -0.1453 -0.1157
vn -0.7596 0.5585 0.3333
vn -0.6675 0.5715 -0.4774
vn -0.9817 -0.1451 -0.1235
vn -0.1013 0.9895 0.1027
vn -0.0680 0.9853 -0.1568
vn 0.5407 0.6339 0.5530
vn 0.6734 0.6486 -0.3547
vn 0.9902 0.0655 0.1234
vn 0.9910 0.0655 0.1171
vn 0.6244 -0.5702 0.5339
vn 0.7523 -0.5808 -0.3111
vn 0.0586 -0.9913 0.1179
vn 0.0883 -0.9870 -0.1343
vn -0.2071 -0.1568 0.9657
vn -0.7066 -0.6422 0.2972
vn -0.6251 -0.6550 -0.4244
vn 0.0621 -0.1424 -0.9879
vn 0.9004 -0.1453 0.4101
vn 0.8251 0.5585 -0.0856
vn 0.4899 0.5715 0.6583
vn 0.8971 -0.1451 0.4173
vn 0.1279 0.9895 -0.0669
vn 0.0169 0.9853 0.1701
vn -0.3461 0.6339 -0.6917
vn -0.7496 0.6486 0.1322
vn -0.9053 0.0655 -0.4197
vn -0.9079 0.0655 -0.4140
vn -0.4317 -0.5702 -0.6990
vn -0.8113 -0.5808 0.0666
vn -0.0198 -0.9913 -0.1302
vn -0.1250 -0.9870 0.1009
vn 0.4920 -0.1568 -0.8564
vn 0.7636 -0.6422 -0.0673
vn 0.4657 -0.6550 0.5950
vn -0.3607 -0.1424 0.9218
vn 0.1312 0.0302 -0.9909
vn -0.2237 0.7354 -0.6396
vn 0.5769 0.6139 -0.5387
vn 0.1389 0.0291 -0.9899
vn 0.0397 0.9950 0.0922
vn 0.2947 0.9472 0.1266
vn -0.4795 0.5915 0.6482
vn 0.4158 0.4501 0.7903
vn -0.1502 -0.1080 0.9827
vn -0.1440 -0.1091 0.9835
vn -0.6310 -0.5963 0.4962
vn 0.1988 -0.7525 0.6279
vn -0.2567 -0.9568 -0.1366
vn -0.0077 -0.9945 -0.1042
vn -0.9696 0.0261 -0.2432
vn -0.3568 -0.4457 -0.8210
vn 0.3525 -0.5775 -0.7364
vn 0.9554 -0.2921 0.0430
vn -0.5478 -0.1453 0.8239
vn -0.0464 0.5585 0.8282
vn -0.7277 0.5715 0.3792
vn -0.5543 -0.1451 0.8196
vn 0.0457 0.9895 0.1369
vn -0.1706 0.9853 -0.0103
vn 0.7378 0.6339 -0.2319
vn -0.0115 0.6486 -0.7610
vn 0.5581 0.0655 -0.8272
vn 0.5528 0.0655 -0.8307
vn 0.7586 -0.5702 -0.3153
vn 0.0630 -0.5808 -0.8116
vn 0.1317 -0.9913 0.0011
vn -0.0798 -0.9870 -0.1395
vn 0.7674 -0.1568 0.6217
vn -0.0548 -0.6422 0.7646
vn -0.6614 -0.6550 0.3654
vn -0.8528 -0.1424 -0.5024
vn -0.9620 -0.1453 -0.2310
vn -0.7936 0.5585 0.2413
vn -0.6064 0.5715 -0.5529
vn -0.9602 -0.1451 -0.2386
vn -0.1128 0.9895 0.0900
vn -0.0490 0.9853 -0.1637
vn 0.4716 0.6339 0.6130
vn 0.7106 0.6486 -0.2726
vn 0.9687 0.0655 0.2395
vn 0.9702 0.0655 0.2334
vn 0.5570 -0.5701 0.6039
vn 0.7837 -0.5808 -0.2200
vn 0.0442 -0.9913 0.1240
vn 0.1035 -0.9870 -0.1229
vn -0.3198 -0.1568 0.9344
vn -0.7368 -0.6422 0.2116
vn -0.5706 -0.6550 -0.4953
vn 0.1784 -0.1424 -0.9736
vn 0.8311 -0.1453 -0.5368
vn 0.3731 0.5585 -0.7408
vn 0.8186 0.5715 -0.0572
vn 0.8354 -0.1451 -0.5302
vn 0.0127 0.9895 -0.1437
vn 0.1523 0.9853 0.0776
vn -0.7691 0.6339 -0.0818
vn -0.2932 0.6486 0.7024
vn -0.8419 0.0655 0.5357
vn -0.8384 0.0655 0.5411
vn -0.8214 -0.5702 -0.0137
vn -0.3817 -0.5808 0.7190
vn -0.1203 -0.9913 -0.0536
vn 0.0175 -0.9870 0.1597
vn -0.4556 -0.1568 -0.8763
vn 0.3554 -0.6422 -0.6792
vn 0.7523 -0.6550 -0.0711
vn 0.5815 -0.1424 0.8010
vn 0.3889 -0.3044 -0.8695
vn -0.2185 0.3076 -0.9261
vn 0.5258 0.5235 -0.6704
vn 0.3961 -0.3023 -0.8671
vn -0.2446 0.9003 -0.3601
vn -0.0059 0.9621 -0.2725
vn -0.7759 0.5837 0.2391
vn 0.0497 0.8315 0.5533
vn -0.3842 0.2281 0.8946
vn -0.3784 0.2296 0.8967
vn -0.5686 -0.5436 0.6174
vn 0.2031 -0.3354 0.9199
vn 0.0463 -0.9608 0.2734
vn 0.2776 -0.8932 0.3538
vn -0.8366 -0.4110 -0.3620
vn 0.0124 -0.8187 -0.5741
vn 0.6793 -0.6499 -0.3410
vn 0.9475 0.1024 0.3029
vn -0.7136 -0.1453 0.6854
vn -0.2251 0.5585 0.7984
vn -0.7927 0.5715 0.2122
vn -0.7190 -0.1451 0.6797
vn 0.0149 0.9895 0.1435
vn -0.1643 0.9853 -0.0471
vn 0.7706 0.6339 -0.0663
vn 0.1539 0.6486 -0.7454
vn 0.7243 0.0655 -0.6863
vn 0.7199 0.0655 -0.6909
vn 0.8090 -0.5702 -0.1431
vn 0.2376 -0.5808 -0.7786
vn 0.1283 -0.9913 0.0297
vn -0.0476 -0.9870 -0.1535
vn 0.6142 -0.1568 0.7734
vn -0.2194 -0.6422 0.7345
vn -0.7249 -0.6550 0.2132
vn -0.7235 -0.1424 -0.6755
vt 0.196017 0.687899
vt 0.199978 0.680046
vt 0.203998 0.684796
vt 0.200356 0.689248
vt 0.207730 0.688790
vt 0.202965 0.692030
vt 0.212218 0.692938
vt 0.204393 0.696358
vt 0.042846 0.677757
vt 0.046171 0.685884
vt 0.041781 0.687304
vt 0.038560 0.682487
vt 0.039016 0.689826
vt 0.034495 0.686346
vt 0.037665 0.693994
vt 0.029761 0.690533
vt 0.118785 0.687356
vt 0.189943 0.976701
vt 0.186978 0.969548
vt 0.190799 0.968392
vt 0.194136 0.972454
vt 0.193266 0.966357
vt 0.197642 0.969041
vt 0.194570 0.962748
vt 0.201908 0.965487
vt 0.029413 0.966129
vt 0.037195 0.963007
vt 0.038441 0.966969
vt 0.033883 0.970096
vt 0.041047 0.969320
vt 0.037565 0.973953
vt 0.045182 0.970751
vt 0.041501 0.978739
vt 0.195300 0.936860
vt 0.198999 0.824632
vt 0.201936 0.749319
vt 0.118860 0.969675
vt 0.118154 0.932042
vt 0.355419 0.380780
vt 0.355418 0.380651
vt 0.355524 0.380649
vt 0.355525 0.380779
vt 0.037838 0.739223
vt 0.037860 0.827445
vt 0.037368 0.935693
vt 0.209147 0.671906
vt 0.214028 0.676279
vt 0.216318 0.679514
vt 0.220361 0.684333
vt 0.028418 0.672925
vt 0.033873 0.668740
vt 0.025839 0.676161
vt 0.021263 0.681014
vt 0.085073 0.670437
vt 0.123432 0.670741
vt 0.203033 0.980469
vt 0.196984 0.984230
vt 0.205712 0.978550
vt 0.209594 0.974271
vt 0.025257 0.979734
vt 0.021263 0.975344
vt 0.027337 0.982590
vt 0.031818 0.986804
vt 0.213799 0.857933
vt 0.211269 0.923984
vt 0.171903 0.985625
vt 0.337267 0.192028
vt 0.334205 0.191217
vt 0.332752 0.189773
vt 0.331923 0.186715
vt 0.331861 0.166572
vt 0.382121 0.166905
vt 0.382056 0.192078
vt 0.355146 0.359399
vt 0.355145 0.359254
vt 0.355251 0.359253
vt 0.355252 0.359398
vt 0.355415 0.380451
vt 0.355521 0.380449
vt 0.355149 0.359615
vt 0.355255 0.359613
vt 0.356415 0.326455
vt 0.356451 0.326258
vt 0.356564 0.326303
vt 0.356528 0.326499
vt 0.354995 0.347814
vt 0.354977 0.347599
vt 0.355090 0.347644
vt 0.355107 0.347859
vt 0.356505 0.326141
vt 0.356618 0.326185
vt 0.354959 0.347456
vt 0.355072 0.347501
vt 0.356511 0.392422
vt 0.356473 0.392225
vt 0.356580 0.392169
vt 0.356618 0.392365
vt 0.354954 0.347240
vt 0.355067 0.347285
vt 0.355376 0.377392
vt 0.355483 0.377442
vt 0.355142 0.359039
vt 0.355071 0.353502
vt 0.355319 0.353421
vt 0.355193 0.354733
vt 0.355166 0.356244
vt 0.355231 0.357713
vt 0.355248 0.359038
vt 0.355549 0.382389
vt 0.355652 0.382284
vt 0.355752 0.383780
vt 0.355936 0.385263
vt 0.356015 0.386578
vt 0.356211 0.388197
vt 0.356277 0.389375
vt 0.356462 0.390903
vt 0.355420 0.381035
vt 0.355528 0.380978
vt 0.356331 0.329333
vt 0.356166 0.331696
vt 0.355974 0.334458
vt 0.355797 0.336892
vt 0.355594 0.339840
vt 0.355435 0.342089
vt 0.355237 0.344873
vt 0.118537 0.825350
vt 0.118565 0.746399
vt 0.494231 0.772844
vt 0.476061 0.772709
vt 0.476883 0.735937
vt 0.494403 0.739578
vt 0.493985 0.835546
vt 0.475357 0.835410
vt 0.475709 0.800044
vt 0.494092 0.799984
vt 0.493684 0.897879
vt 0.474906 0.897856
vt 0.475189 0.863802
vt 0.493795 0.864907
vt 0.512239 0.121496
vt 0.512430 0.168938
vt 0.480267 0.168874
vt 0.480313 0.122173
vt 0.387704 0.835537
vt 0.387726 0.864637
vt 0.369182 0.864934
vt 0.369128 0.835629
vt 0.387775 0.772552
vt 0.387680 0.800040
vt 0.369044 0.800212
vt 0.369145 0.772646
vt 0.422044 0.898148
vt 0.422363 0.925577
vt 0.406382 0.925697
vt 0.406046 0.898347
vt 0.421974 0.705508
vt 0.421832 0.735905
vt 0.405389 0.736061
vt 0.405463 0.704579
vt 0.355035 0.350709
vt 0.355141 0.350642
vt 0.355154 0.351671
vt 0.541246 0.021637
vt 0.542052 0.071121
vt 0.512388 0.071383
vt 0.512596 0.022139
vt 0.421676 0.835398
vt 0.421751 0.864205
vt 0.405689 0.864435
vt 0.405635 0.835447
vt 0.355119 0.348942
vt 0.419443 0.142134
vt 0.382721 0.142067
vt 0.382850 0.123555
vt 0.419151 0.123906
vt 0.538943 0.010913
vt 0.541343 0.070052
vt 0.514118 0.070369
vt 0.514944 0.011883
vt 0.455856 0.772577
vt 0.455840 0.799914
vt 0.442209 0.799987
vt 0.442836 0.772446
vt 0.501133 0.114352
vt 0.501516 0.162243
vt 0.478161 0.162463
vt 0.478638 0.114759
vt 0.386316 0.704951
vt 0.387113 0.736248
vt 0.368524 0.736692
vt 0.368368 0.706404
vt 0.543558 0.121677
vt 0.544035 0.169460
vt 0.479747 0.071171
vt 0.480847 0.021560
vt 0.444043 0.162573
vt 0.444350 0.114352
vt 0.472267 0.070441
vt 0.473826 0.010913
vt 0.421658 0.799900
vt 0.421663 0.772453
vt 0.383373 0.097463
vt 0.419513 0.097505
vt 0.455801 0.863904
vt 0.455747 0.835365
vt 0.419050 0.167160
vt 0.477866 0.706197
vt 0.456461 0.736048
vt 0.457013 0.705198
vt 0.348709 0.865185
vt 0.348691 0.835707
vt 0.348679 0.800163
vt 0.348667 0.772745
vt 0.348653 0.737258
vt 0.348655 0.711463
vt 0.349159 0.709180
vt 0.350087 0.708051
vt 0.352312 0.707277
vt 0.445229 0.168066
vt 0.445548 0.121932
vt 0.543569 0.238513
vt 0.512183 0.238280
vt 0.332006 0.142192
vt 0.331963 0.123702
vt 0.480865 0.238328
vt 0.419256 0.191767
vt 0.355312 0.372368
vt 0.355419 0.372445
vt 0.355455 0.375240
vt 0.423096 0.964873
vt 0.407276 0.964723
vt 0.453040 0.238513
vt 0.448935 0.237443
vt 0.446982 0.235516
vt 0.445857 0.231426
vt 0.331861 0.097823
vt 0.355283 0.361828
vt 0.355322 0.364822
vt 0.355351 0.367100
vt 0.355388 0.370031
vt 0.478113 0.219148
vt 0.444291 0.219712
vt 0.388070 0.898606
vt 0.369640 0.898948
vt 0.455937 0.897887
vt 0.501505 0.219530
vt 0.349376 0.899313
vt 0.541139 0.135209
vt 0.512362 0.134632
vt 0.442316 0.835356
vt 0.480244 0.135209
vt 0.539115 0.141028
vt 0.514297 0.140245
vt 0.474117 0.141341
vt 0.405594 0.772421
vt 0.490589 0.706830
vt 0.492808 0.707454
vt 0.493849 0.708552
vt 0.494489 0.710952
vt 0.898518 0.377510
vt 0.898518 0.380020
vt 0.888477 0.380020
vt 0.888477 0.377510
vt 0.898518 0.382530
vt 0.888477 0.382530
vt 0.898518 0.385040
vt 0.888477 0.385040
vt 0.898518 0.387550
vt 0.888477 0.387550
vt 0.898518 0.390061
vt 0.888477 0.390061
vt 0.898518 0.392571
vt 0.888477 0.392571
vt 0.897427 0.415351
vt 0.903724 0.412742
vt 0.901880 0.417195
vt 0.898518 0.374999
vt 0.888477 0.374999
vt 0.898518 0.372489
vt 0.888477 0.372489
vt 0.921342 0.392616
vt 0.918734 0.398913
vt 0.923187 0.397068
vt 0.906333 0.419039
vt 0.903724 0.421648
vt 0.900036 0.421648
vt 0.897427 0.419039
vt 0.900036 0.412742
vt 0.906333 0.415351
vt 0.925031 0.401521
vt 0.927639 0.398913
vt 0.927639 0.395224
vt 0.925031 0.392616
vt 0.918734 0.395224
vt 0.921342 0.401521
vt 0.589805 0.283763
vt 0.589805 0.286015
vt 0.580796 0.286015
vt 0.580796 0.283763
vt 0.589805 0.288268
vt 0.580796 0.288268
vt 0.589805 0.290520
vt 0.580796 0.290520
vt 0.589805 0.292772
vt 0.580796 0.292772
vt 0.589805 0.295025
vt 0.580796 0.295025
vt 0.589805 0.297277
vt 0.580796 0.297277
vt 0.588827 0.317718
vt 0.594477 0.315377
vt 0.592822 0.319373
vt 0.589805 0.281510
vt 0.580796 0.281510
vt 0.589805 0.279258
vt 0.580796 0.279258
vt 0.610286 0.297318
vt 0.607946 0.302968
vt 0.611941 0.301313
vt 0.596818 0.321028
vt 0.594477 0.323368
vt 0.591167 0.323368
vt 0.588827 0.321028
vt 0.591167 0.315377
vt 0.596818 0.317718
vt 0.613596 0.305308
vt 0.615936 0.302968
vt 0.615936 0.299658
vt 0.613596 0.297318
vt 0.607946 0.299658
vt 0.610286 0.305308
vt 0.598855 0.283763
vt 0.598855 0.286015
vt 0.589846 0.286015
vt 0.589846 0.283763
vt 0.598855 0.288268
vt 0.589846 0.288268
vt 0.598855 0.290520
vt 0.589846 0.290520
vt 0.598855 0.292772
vt 0.589846 0.292772
vt 0.598855 0.295025
vt 0.589846 0.295025
vt 0.598855 0.297277
vt 0.589846 0.297277
vt 0.596858 0.317718
vt 0.602508 0.315377
vt 0.600853 0.319373
vt 0.598855 0.281510
vt 0.589846 0.281510
vt 0.598855 0.279258
vt 0.589846 0.279258
vt 0.610286 0.305349
vt 0.607946 0.310999
vt 0.611941 0.309344
vt 0.604849 0.321028
vt 0.602508 0.323368
vt 0.599198 0.323368
vt 0.596858 0.321028
vt 0.599198 0.315377
vt 0.604849 0.317718
vt 0.613596 0.313340
vt 0.615936 0.310999
vt 0.615936 0.307689
vt 0.613596 0.305349
vt 0.607946 0.307689
vt 0.610286 0.313340
vt 0.908603 0.377510
vt 0.908603 0.380020
vt 0.898563 0.380020
vt 0.898563 0.377510
vt 0.908603 0.382530
vt 0.898563 0.382530
vt 0.908603 0.385040
vt 0.898563 0.385040
vt 0.908603 0.387550
vt 0.898563 0.387550
vt 0.908603 0.390061
vt 0.898563 0.390061
vt 0.908603 0.392571
vt 0.898563 0.392571
vt 0.906378 0.415351
vt 0.912675 0.412742
vt 0.910830 0.417195
vt 0.908603 0.374999
vt 0.898563 0.374999
vt 0.908603 0.372489
vt 0.898563 0.372489
vt 0.921342 0.401566
vt 0.918734 0.407863
vt 0.923187 0.406019
vt 0.915283 0.419039
vt 0.912675 0.421648
vt 0.908986 0.421648
vt 0.906378 0.419039
vt 0.908986 0.412742
vt 0.915283 0.415351
vt 0.925031 0.410471
vt 0.927639 0.407863
vt 0.927639 0.404174
vt 0.925031 0.401566
vt 0.918734 0.404174
vt 0.921342 0.410471
vt 0.905551 0.497484
vt 0.904415 0.497484
vt 0.904415 0.492942
vt 0.905551 0.492942
vt 0.903280 0.497484
vt 0.903280 0.492942
vt 0.902144 0.497484
vt 0.902144 0.492942
vt 0.901009 0.497484
vt 0.901009 0.492942
vt 0.899873 0.497484
vt 0.899873 0.492942
vt 0.898737 0.497484
vt 0.898737 0.492942
vt 0.899467 0.489129
vt 0.902550 0.489129
vt 0.901009 0.490671
vt 0.906686 0.497484
vt 0.906686 0.492942
vt 0.907822 0.497484
vt 0.907822 0.492942
vt 0.907093 0.489129
vt 0.904009 0.489129
vt 0.905551 0.490671
vt 0.902550 0.492213
vt 0.901009 0.492851
vt 0.899467 0.492213
vt 0.898828 0.490671
vt 0.901009 0.488491
vt 0.903189 0.490671
vt 0.904009 0.492213
vt 0.905551 0.492851
vt 0.907093 0.492213
vt 0.907731 0.490671
vt 0.905551 0.488491
vt 0.903371 0.490671
vt 0.601993 0.676239
vt 0.601993 0.677444
vt 0.597172 0.677444
vt 0.597172 0.676239
vt 0.601993 0.678650
vt 0.597172 0.678650
vt 0.601993 0.679855
vt 0.597172 0.679855
vt 0.601993 0.681060
vt 0.597172 0.681060
vt 0.601993 0.682266
vt 0.597172 0.682266
vt 0.601993 0.683471
vt 0.597172 0.683471
vt 0.624140 0.694439
vt 0.627164 0.693187
vt 0.626278 0.695325
vt 0.601993 0.675034
vt 0.597172 0.675034
vt 0.601993 0.673828
vt 0.597172 0.673828
vt 0.608141 0.693187
vt 0.606888 0.696211
vt 0.609026 0.695325
vt 0.628416 0.696211
vt 0.627164 0.697463
vt 0.625393 0.697463
vt 0.624140 0.696211
vt 0.625393 0.693187
vt 0.628416 0.694439
vt 0.609912 0.697463
vt 0.611164 0.696211
vt 0.611164 0.694439
vt 0.609912 0.693187
vt 0.606888 0.694439
vt 0.608141 0.697463
vt 0.918689 0.377510
vt 0.918689 0.380020
vt 0.908648 0.380020
vt 0.908648 0.377510
vt 0.918689 0.382530
vt 0.908648 0.382530
vt 0.918689 0.385040
vt 0.908648 0.385040
vt 0.918689 0.387550
vt 0.908648 0.387550
vt 0.918689 0.390061
vt 0.908648 0.390061
vt 0.918689 0.392571
vt 0.908648 0.392571
vt 0.928820 0.375098
vt 0.935117 0.372489
vt 0.933272 0.376942
vt 0.918689 0.374999
vt 0.908648 0.374999
vt 0.918689 0.372489
vt 0.908648 0.372489
vt 0.921342 0.410516
vt 0.918734 0.416813
vt 0.923187 0.414969
vt 0.937725 0.378786
vt 0.935117 0.381395
vt 0.931428 0.381395
vt 0.928820 0.378786
vt 0.931428 0.372489
vt 0.937725 0.375098
vt 0.925031 0.419422
vt 0.927639 0.416813
vt 0.927639 0.413125
vt 0.925031 0.410516
vt 0.918734 0.413125
vt 0.921342 0.419422
vt 0.946878 0.938160
vt 0.946878 0.939535
vt 0.941378 0.939535
vt 0.941378 0.938160
vt 0.946878 0.940910
vt 0.941378 0.940910
vt 0.946878 0.942285
vt 0.941378 0.942285
vt 0.946878 0.943660
vt 0.941378 0.943660
vt 0.946878 0.945035
vt 0.941378 0.945035
vt 0.946878 0.946410
vt 0.941378 0.946410
vt 0.963490 0.951557
vt 0.966939 0.950128
vt 0.965929 0.952567
vt 0.946878 0.936785
vt 0.941378 0.936785
vt 0.946878 0.935410
vt 0.941378 0.935410
vt 0.942807 0.957466
vt 0.941378 0.960915
vt 0.943817 0.959905
vt 0.968368 0.953578
vt 0.966939 0.955006
vt 0.964919 0.955006
vt 0.963490 0.953578
vt 0.964919 0.950128
vt 0.968368 0.951557
vt 0.944827 0.962344
vt 0.946256 0.960915
vt 0.946256 0.958895
vt 0.944827 0.957466
vt 0.941378 0.958895
vt 0.942807 0.962344
vt 0.607905 0.283763
vt 0.607905 0.286015
vt 0.598896 0.286015
vt 0.598896 0.283763
vt 0.607905 0.288268
vt 0.598896 0.288268
vt 0.607905 0.290520
vt 0.598896 0.290520
vt 0.607905 0.292772
vt 0.598896 0.292772
vt 0.607905 0.295025
vt 0.598896 0.295025
vt 0.607905 0.297277
vt 0.598896 0.297277
vt 0.616995 0.281598
vt 0.622646 0.279258
vt 0.620991 0.283253
vt 0.607905 0.281510
vt 0.598896 0.281510
vt 0.607905 0.279258
vt 0.598896 0.279258
vt 0.610286 0.313380
vt 0.607946 0.319030
vt 0.611941 0.317375
vt 0.624986 0.284908
vt 0.622646 0.287249
vt 0.619336 0.287249
vt 0.616995 0.284908
vt 0.619336 0.279258
vt 0.624986 0.281598
vt 0.613596 0.321371
vt 0.615936 0.319030
vt 0.615936 0.315720
vt 0.613596 0.313380
vt 0.607946 0.315720
vt 0.610286 0.321371
vt 0.606851 0.676239
vt 0.606851 0.677444
vt 0.602030 0.677444
vt 0.602030 0.676239
vt 0.606851 0.678650
vt 0.602030 0.678650
vt 0.606851 0.679855
vt 0.602030 0.679855
vt 0.606851 0.681060
vt 0.602030 0.681060
vt 0.606851 0.682266
vt 0.602030 0.682266
vt 0.606851 0.683471
vt 0.602030 0.683471
vt 0.624140 0.698752
vt 0.627164 0.697500
vt 0.626278 0.699638
vt 0.606851 0.675034
vt 0.602030 0.675034
vt 0.606851 0.673828
vt 0.602030 0.673828
vt 0.612454 0.693187
vt 0.611201 0.696211
vt 0.613339 0.695325
vt 0.628416 0.700524
vt 0.627164 0.701776
vt 0.625393 0.701776
vt 0.624140 0.700524
vt 0.625393 0.697500
vt 0.628416 0.698752
vt 0.614225 0.697463
vt 0.615477 0.696211
vt 0.615477 0.694439
vt 0.614225 0.693187
vt 0.611201 0.694439
vt 0.612454 0.697463
vt 0.952406 0.938160
vt 0.952406 0.939535
vt 0.946906 0.939535
vt 0.946906 0.938160
vt 0.952406 0.940910
vt 0.946906 0.940910
vt 0.952406 0.942285
vt 0.946906 0.942285
vt 0.952406 0.943660
vt 0.946906 0.943660
vt 0.952406 0.945035
vt 0.946906 0.945035
vt 0.952406 0.946410
vt 0.946906 0.946410
vt 0.965908 0.958895
vt 0.969358 0.957466
vt 0.968348 0.959905
vt 0.952406 0.936785
vt 0.946906 0.936785
vt 0.952406 0.935410
vt 0.946906 0.935410
vt 0.947713 0.957466
vt 0.946284 0.960915
vt 0.948723 0.959905
vt 0.970787 0.960915
vt 0.969358 0.962344
vt 0.967337 0.962344
vt 0.965908 0.960915
vt 0.967337 0.957466
vt 0.970787 0.958895
vt 0.949733 0.962344
vt 0.951162 0.960915
vt 0.951162 0.958895
vt 0.949733 0.957466
vt 0.946284 0.958895
vt 0.947713 0.962344
vt 0.619890 0.536864
vt 0.613144 0.536864
vt 0.613144 0.509878
vt 0.619890 0.509878
vt 0.606397 0.536864
vt 0.606397 0.509878
vt 0.599651 0.536864
vt 0.599651 0.509878
vt 0.592905 0.536864
vt 0.592905 0.509878
vt 0.586158 0.536864
vt 0.586158 0.509878
vt 0.579412 0.536864
vt 0.579412 0.509878
vt 0.583746 0.487227
vt 0.602064 0.487227
vt 0.592905 0.496386
vt 0.626636 0.536864
vt 0.626636 0.509878
vt 0.633382 0.536864
vt 0.633382 0.509878
vt 0.629049 0.487227
vt 0.610731 0.487227
vt 0.619890 0.496386
vt 0.602064 0.505545
vt 0.592905 0.509339
vt 0.583746 0.505545
vt 0.579952 0.496386
vt 0.592905 0.483433
vt 0.605858 0.496386
vt 0.610731 0.505545
vt 0.619890 0.509339
vt 0.629049 0.505545
vt 0.632843 0.496386
vt 0.619890 0.483433
vt 0.606937 0.496386
vt 0.611710 0.676239
vt 0.611710 0.677444
vt 0.606888 0.677444
vt 0.606888 0.676239
vt 0.611710 0.678650
vt 0.606888 0.678650
vt 0.611710 0.679855
vt 0.606888 0.679855
vt 0.611710 0.681060
vt 0.606888 0.681060
vt 0.611710 0.682266
vt 0.606888 0.682266
vt 0.611710 0.683471
vt 0.606888 0.683471
vt 0.606888 0.703065
vt 0.609912 0.701813
vt 0.609026 0.703951
vt 0.611710 0.675034
vt 0.606888 0.675034
vt 0.611710 0.673828
vt 0.606888 0.673828
vt 0.616767 0.693187
vt 0.615514 0.696211
vt 0.617652 0.695325
vt 0.611164 0.704837
vt 0.609912 0.706089
vt 0.608141 0.706089
vt 0.606888 0.704837
vt 0.608141 0.701813
vt 0.611164 0.703065
vt 0.618538 0.697463
vt 0.619790 0.696211
vt 0.619790 0.694439
vt 0.618538 0.693187
vt 0.615514 0.694439
vt 0.616767 0.697463
vt 0.601993 0.685918
vt 0.601993 0.687124
vt 0.597172 0.687124
vt 0.597172 0.685918
vt 0.601993 0.688329
vt 0.597172 0.688329
vt 0.601993 0.689534
vt 0.597172 0.689534
vt 0.601993 0.690740
vt 0.597172 0.690740
vt 0.601993 0.691945
vt 0.597172 0.691945
vt 0.601993 0.693150
vt 0.597172 0.693150
vt 0.611201 0.703065
vt 0.614225 0.701813
vt 0.613339 0.703951
vt 0.601993 0.684713
vt 0.597172 0.684713
vt 0.601993 0.683508
vt 0.597172 0.683508
vt 0.621080 0.693187
vt 0.619827 0.696211
vt 0.621965 0.695325
vt 0.615477 0.704837
vt 0.614225 0.706089
vt 0.612454 0.706089
vt 0.611201 0.704837
vt 0.612454 0.701813
vt 0.615477 0.703065
vt 0.622851 0.697463
vt 0.624103 0.696211
vt 0.624103 0.694439
vt 0.622851 0.693187
vt 0.619827 0.694439
vt 0.621080 0.697463
vt 0.617281 0.512959
vt 0.615271 0.512959
vt 0.615271 0.504920
vt 0.617281 0.504920
vt 0.613262 0.512959
vt 0.613262 0.504920
vt 0.611252 0.512959
vt 0.611252 0.504920
vt 0.609242 0.512959
vt 0.609242 0.504920
vt 0.607232 0.512959
vt 0.607232 0.504920
vt 0.605222 0.512959
vt 0.605222 0.504920
vt 0.606513 0.498171
vt 0.611971 0.498171
vt 0.609242 0.500900
vt 0.619291 0.512959
vt 0.619291 0.504920
vt 0.621301 0.512959
vt 0.621301 0.504920
vt 0.620010 0.498171
vt 0.614553 0.498171
vt 0.617281 0.500900
vt 0.611971 0.503629
vt 0.609242 0.504759
vt 0.606513 0.503629
vt 0.605383 0.500900
vt 0.609242 0.497041
vt 0.613101 0.500900
vt 0.614553 0.503629
vt 0.617281 0.504759
vt 0.620010 0.503629
vt 0.621140 0.500900
vt 0.617281 0.497041
vt 0.613422 0.500900
vt 0.606851 0.685918
vt 0.606851 0.687124
vt 0.602030 0.687124
vt 0.602030 0.685918
vt 0.606851 0.688329
vt 0.602030 0.688329
vt 0.606851 0.689534
vt 0.602030 0.689534
vt 0.606851 0.690740
vt 0.602030 0.690740
vt 0.606851 0.691945
vt 0.602030 0.691945
vt 0.606851 0.693150
vt 0.602030 0.693150
vt 0.615514 0.703065
vt 0.618538 0.701813
vt 0.617652 0.703951
vt 0.606851 0.684713
vt 0.602030 0.684713
vt 0.606851 0.683508
vt 0.602030 0.683508
vt 0.608141 0.697500
vt 0.606888 0.700524
vt 0.609026 0.699638
vt 0.619790 0.704837
vt 0.618538 0.706089
vt 0.616767 0.706089
vt 0.615514 0.704837
vt 0.616767 0.701813
vt 0.619790 0.703065
vt 0.609912 0.701776
vt 0.611164 0.700524
vt 0.611164 0.698752
vt 0.609912 0.697500
vt 0.606888 0.698752
vt 0.608141 0.701776
vt 0.983453 0.771650
vt 0.981120 0.771650
vt 0.981120 0.762319
vt 0.983453 0.762319
vt 0.978787 0.771650
vt 0.978787 0.762319
vt 0.976455 0.771650
vt 0.976455 0.762319
vt 0.974122 0.771650
vt 0.974122 0.762319
vt 0.971789 0.771650
vt 0.971789 0.762319
vt 0.969457 0.771650
vt 0.969457 0.762319
vt 0.970955 0.754487
vt 0.977289 0.754487
vt 0.974122 0.757654
vt 0.985786 0.771650
vt 0.985786 0.762319
vt 0.988118 0.771650
vt 0.988118 0.762319
vt 0.986620 0.754487
vt 0.980286 0.754487
vt 0.983453 0.757654
vt 0.977289 0.760821
vt 0.974122 0.762133
vt 0.970955 0.760821
vt 0.969643 0.757654
vt 0.974122 0.753175
vt 0.978601 0.757654
vt 0.980286 0.760821
vt 0.983453 0.762133
vt 0.986620 0.760821
vt 0.987932 0.757654
vt 0.983453 0.753175
vt 0.978974 0.757654
vt 0.618134 0.582177
vt 0.618134 0.583965
vt 0.610981 0.583965
vt 0.610981 0.582177
vt 0.618134 0.585753
vt 0.610981 0.585753
vt 0.618134 0.587542
vt 0.610981 0.587542
vt 0.618134 0.589330
vt 0.610981 0.589330
vt 0.618134 0.591118
vt 0.610981 0.591118
vt 0.618134 0.592906
vt 0.610981 0.592906
vt 0.617366 0.615538
vt 0.621852 0.613680
vt 0.620539 0.616852
vt 0.618134 0.580389
vt 0.610981 0.580389
vt 0.618134 0.578600
vt 0.610981 0.578600
vt 0.612839 0.607294
vt 0.610981 0.611781
vt 0.614153 0.610467
vt 0.623711 0.618166
vt 0.621852 0.620024
vt 0.619225 0.620024
vt 0.617366 0.618166
vt 0.619225 0.613680
vt 0.623711 0.615538
vt 0.615467 0.613639
vt 0.617325 0.611781
vt 0.617325 0.609153
vt 0.615467 0.607294
vt 0.610981 0.609153
vt 0.612839 0.613639
vt 0.898518 0.397636
vt 0.898518 0.400146
vt 0.888477 0.400146
vt 0.888477 0.397636
vt 0.898518 0.402657
vt 0.888477 0.402657
vt 0.898518 0.405167
vt 0.888477 0.405167
vt 0.898518 0.407677
vt 0.888477 0.407677
vt 0.898518 0.410187
vt 0.888477 0.410187
vt 0.898518 0.412697
vt 0.888477 0.412697
vt 0.928820 0.384048
vt 0.935117 0.381440
vt 0.933272 0.385892
vt 0.898518 0.395126
vt 0.888477 0.395126
vt 0.898518 0.392616
vt 0.888477 0.392616
vt 0.930293 0.392616
vt 0.927684 0.398913
vt 0.932137 0.397068
vt 0.937725 0.387737
vt 0.935117 0.390345
vt 0.931428 0.390345
vt 0.928820 0.387737
vt 0.931428 0.381440
vt 0.937725 0.384048
vt 0.933981 0.401521
vt 0.936590 0.398913
vt 0.936590 0.395224
vt 0.933981 0.392616
vt 0.927684 0.395224
vt 0.930293 0.401521
vt 0.611710 0.685918
vt 0.611710 0.687124
vt 0.606888 0.687124
vt 0.606888 0.685918
vt 0.611710 0.688329
vt 0.606888 0.688329
vt 0.611710 0.689534
vt 0.606888 0.689534
vt 0.611710 0.690740
vt 0.606888 0.690740
vt 0.611710 0.691945
vt 0.606888 0.691945
vt 0.611710 0.693150
vt 0.606888 0.693150
vt 0.619827 0.703065
vt 0.622851 0.701813
vt 0.621965 0.703951
vt 0.611710 0.684713
vt 0.606888 0.684713
vt 0.611710 0.683508
vt 0.606888 0.683508
vt 0.612454 0.697500
vt 0.611201 0.700524
vt 0.613339 0.699638
vt 0.624103 0.704837
vt 0.622851 0.706089
vt 0.621080 0.706089
vt 0.619827 0.704837
vt 0.621080 0.701813
vt 0.624103 0.703065
vt 0.614225 0.701776
vt 0.615477 0.700524
vt 0.615477 0.698752
vt 0.614225 0.697500
vt 0.611201 0.698752
vt 0.612454 0.701776
vt 0.625328 0.582177
vt 0.625328 0.583965
vt 0.618175 0.583965
vt 0.618175 0.582177
vt 0.625328 0.585753
vt 0.618175 0.585753
vt 0.625328 0.587542
vt 0.618175 0.587542
vt 0.625328 0.589330
vt 0.618175 0.589330
vt 0.625328 0.591118
vt 0.618175 0.591118
vt 0.625328 0.592906
vt 0.618175 0.592906
vt 0.623752 0.615538
vt 0.628238 0.613680
vt 0.626924 0.616852
vt 0.625328 0.580389
vt 0.618175 0.580389
vt 0.625328 0.578600
vt 0.618175 0.578600
vt 0.619225 0.607294
vt 0.617366 0.611781
vt 0.620539 0.610467
vt 0.630096 0.618166
vt 0.628238 0.620024
vt 0.625610 0.620024
vt 0.623752 0.618166
vt 0.625610 0.613680
vt 0.630096 0.615538
vt 0.621852 0.613639
vt 0.623711 0.611781
vt 0.623711 0.609153
vt 0.621852 0.607294
vt 0.617366 0.609153
vt 0.619225 0.613639
vt 0.957934 0.938160
vt 0.957934 0.939535
vt 0.952434 0.939535
vt 0.952434 0.938160
vt 0.957934 0.940910
vt 0.952434 0.940910
vt 0.957934 0.942285
vt 0.952434 0.942285
vt 0.957934 0.943660
vt 0.952434 0.943660
vt 0.957934 0.945035
vt 0.952434 0.945035
vt 0.957934 0.946410
vt 0.952434 0.946410
vt 0.941378 0.963801
vt 0.944827 0.962372
vt 0.943817 0.964811
vt 0.957934 0.936785
vt 0.952434 0.936785
vt 0.957934 0.935410
vt 0.952434 0.935410
vt 0.952619 0.957466
vt 0.951190 0.960915
vt 0.953629 0.959905
vt 0.946256 0.965821
vt 0.944827 0.967250
vt 0.942807 0.967250
vt 0.941378 0.965821
vt 0.942807 0.962372
vt 0.946256 0.963801
vt 0.954639 0.962344
vt 0.956068 0.960915
vt 0.956068 0.958895
vt 0.954639 0.957466
vt 0.951190 0.958895
vt 0.952619 0.962344
vt 0.632522 0.582177
vt 0.632522 0.583965
vt 0.625369 0.583965
vt 0.625369 0.582177
vt 0.632522 0.585753
vt 0.625369 0.585753
vt 0.632522 0.587542
vt 0.625369 0.587542
vt 0.632522 0.589330
vt 0.625369 0.589330
vt 0.632522 0.591118
vt 0.625369 0.591118
vt 0.632522 0.592906
vt 0.625369 0.592906
vt 0.630137 0.615538
vt 0.634623 0.613680
vt 0.633309 0.616852
vt 0.632522 0.580389
vt 0.625369 0.580389
vt 0.632522 0.578600
vt 0.625369 0.578600
vt 0.625610 0.607294
vt 0.623752 0.611781
vt 0.626924 0.610467
vt 0.636481 0.618166
vt 0.634623 0.620024
vt 0.631995 0.620024
vt 0.630137 0.618166
vt 0.631995 0.613680
vt 0.636481 0.615538
vt 0.628238 0.613639
vt 0.630096 0.611781
vt 0.630096 0.609153
vt 0.628238 0.607294
vt 0.623752 0.609153
vt 0.625610 0.613639
vt 0.589805 0.301822
vt 0.589805 0.304075
vt 0.580796 0.304075
vt 0.580796 0.301822
vt 0.589805 0.306327
vt 0.580796 0.306327
vt 0.589805 0.308580
vt 0.580796 0.308580
vt 0.589805 0.310832
vt 0.580796 0.310832
vt 0.589805 0.313085
vt 0.580796 0.313085
vt 0.589805 0.315337
vt 0.580796 0.315337
vt 0.616995 0.289629
vt 0.622646 0.287289
vt 0.620991 0.291284
vt 0.589805 0.299570
vt 0.580796 0.299570
vt 0.589805 0.297318
vt 0.580796 0.297318
vt 0.618317 0.297318
vt 0.615977 0.302968
vt 0.619972 0.301313
vt 0.624986 0.292939
vt 0.622646 0.295280
vt 0.619336 0.295280
vt 0.616995 0.292939
vt 0.619336 0.287289
vt 0.624986 0.289629
vt 0.621627 0.305308
vt 0.623968 0.302968
vt 0.623968 0.299658
vt 0.621627 0.297318
vt 0.615977 0.299658
vt 0.618317 0.305308
vt 0.946155 0.317550
vt 0.937588 0.317550
vt 0.937588 0.283282
vt 0.946155 0.283282
vt 0.929021 0.317550
vt 0.929021 0.283282
vt 0.920454 0.317550
vt 0.920454 0.283282
vt 0.911888 0.317550
vt 0.911888 0.283282
vt 0.903321 0.317550
vt 0.903321 0.283282
vt 0.894754 0.317550
vt 0.894754 0.283282
vt 0.900257 0.254518
vt 0.923518 0.254518
vt 0.911888 0.266149
vt 0.954721 0.317550
vt 0.954721 0.283282
vt 0.963288 0.317550
vt 0.963288 0.283282
vt 0.957785 0.254518
vt 0.934524 0.254518
vt 0.946155 0.266149
vt 0.923518 0.277780
vt 0.911888 0.282597
vt 0.900257 0.277780
vt 0.895439 0.266149
vt 0.911888 0.249701
vt 0.928336 0.266149
vt 0.934524 0.277780
vt 0.946155 0.282597
vt 0.957785 0.277780
vt 0.962603 0.266149
vt 0.946155 0.249701
vt 0.929706 0.266149
vt 0.946878 0.949188
vt 0.946878 0.950563
vt 0.941378 0.950563
vt 0.941378 0.949188
vt 0.946878 0.951938
vt 0.941378 0.951938
vt 0.946878 0.953313
vt 0.941378 0.953313
vt 0.946878 0.954688
vt 0.941378 0.954688
vt 0.946878 0.956063
vt 0.941378 0.956063
vt 0.946878 0.957438
vt 0.941378 0.957438
vt 0.946284 0.963801
vt 0.949733 0.962372
vt 0.948723 0.964811
vt 0.946878 0.947813
vt 0.941378 0.947813
vt 0.946878 0.946438
vt 0.941378 0.946438
vt 0.957525 0.957466
vt 0.956096 0.960915
vt 0.958535 0.959905
vt 0.951162 0.965821
vt 0.949733 0.967250
vt 0.947713 0.967250
vt 0.946284 0.965821
vt 0.947713 0.962372
vt 0.951162 0.963801
vt 0.959546 0.962344
vt 0.960974 0.960915
vt 0.960974 0.958895
vt 0.959546 0.957466
vt 0.956096 0.958895
vt 0.957525 0.962344
vt 0.908603 0.397636
vt 0.908603 0.400146
vt 0.898563 0.400146
vt 0.898563 0.397636
vt 0.908603 0.402657
vt 0.898563 0.402657
vt 0.908603 0.405167
vt 0.898563 0.405167
vt 0.908603 0.407677
vt 0.898563 0.407677
vt 0.908603 0.410187
vt 0.898563 0.410187
vt 0.908603 0.412697
vt 0.898563 0.412697
vt 0.918734 0.422075
vt 0.925031 0.419467
vt 0.923187 0.423919
vt 0.908603 0.395126
vt 0.898563 0.395126
vt 0.908603 0.392616
vt 0.898563 0.392616
vt 0.930293 0.401566
vt 0.927684 0.407863
vt 0.932137 0.406019
vt 0.927639 0.425764
vt 0.925031 0.428372
vt 0.921342 0.428372
vt 0.918734 0.425764
vt 0.921342 0.419467
vt 0.927639 0.422075
vt 0.933981 0.410471
vt 0.936590 0.407863
vt 0.936590 0.404174
vt 0.933981 0.401566
vt 0.927684 0.404174
vt 0.930293 0.410471
vt 0.618134 0.596524
vt 0.618134 0.598312
vt 0.610981 0.598312
vt 0.610981 0.596524
vt 0.618134 0.600100
vt 0.610981 0.600100
vt 0.618134 0.601889
vt 0.610981 0.601889
vt 0.618134 0.603677
vt 0.610981 0.603677
vt 0.618134 0.605465
vt 0.610981 0.605465
vt 0.618134 0.607253
vt 0.610981 0.607253
vt 0.636522 0.615538
vt 0.641008 0.613680
vt 0.639694 0.616852
vt 0.618134 0.594736
vt 0.610981 0.594736
vt 0.618134 0.592947
vt 0.610981 0.592947
vt 0.631995 0.607294
vt 0.630137 0.611781
vt 0.633309 0.610467
vt 0.642866 0.618166
vt 0.641008 0.620024
vt 0.638380 0.620024
vt 0.636522 0.618166
vt 0.638380 0.613680
vt 0.642866 0.615538
vt 0.634623 0.613639
vt 0.636481 0.611781
vt 0.636481 0.609153
vt 0.634623 0.607294
vt 0.630137 0.609153
vt 0.631995 0.613639
vt 0.918689 0.397636
vt 0.918689 0.400146
vt 0.908648 0.400146
vt 0.908648 0.397636
vt 0.918689 0.402657
vt 0.908648 0.402657
vt 0.918689 0.405167
vt 0.908648 0.405167
vt 0.918689 0.407677
vt 0.908648 0.407677
vt 0.918689 0.410187
vt 0.908648 0.410187
vt 0.918689 0.412697
vt 0.908648 0.412697
vt 0.927684 0.422075
vt 0.933981 0.419467
vt 0.932137 0.423919
vt 0.918689 0.395126
vt 0.908648 0.395126
vt 0.918689 0.392616
vt 0.908648 0.392616
vt 0.930293 0.410516
vt 0.927684 0.416813
vt 0.932137 0.414969
vt 0.936590 0.425764
vt 0.933981 0.428372
vt 0.930293 0.428372
vt 0.927684 0.425764
vt 0.930293 0.419467
vt 0.936590 0.422075
vt 0.933981 0.419422
vt 0.936590 0.416813
vt 0.936590 0.413125
vt 0.933981 0.410516
vt 0.927684 0.413125
vt 0.930293 0.419422
vt 0.952406 0.949188
vt 0.952406 0.950563
vt 0.946906 0.950563
vt 0.946906 0.949188
vt 0.952406 0.951938
vt 0.946906 0.951938
vt 0.952406 0.953313
vt 0.946906 0.953313
vt 0.952406 0.954688
vt 0.946906 0.954688
vt 0.952406 0.956063
vt 0.946906 0.956063
vt 0.952406 0.957438
vt 0.946906 0.957438
vt 0.951190 0.963801
vt 0.954639 0.962372
vt 0.953629 0.964811
vt 0.952406 0.947813
vt 0.946906 0.947813
vt 0.952406 0.946438
vt 0.946906 0.946438
vt 0.962431 0.957466
vt 0.961002 0.960915
vt 0.963441 0.959905
vt 0.956068 0.965821
vt 0.954639 0.967250
vt 0.952619 0.967250
vt 0.951190 0.965821
vt 0.952619 0.962372
vt 0.956068 0.963801
vt 0.964452 0.962344
vt 0.965880 0.960915
vt 0.965880 0.958895
vt 0.964452 0.957466
vt 0.961002 0.958895
vt 0.962431 0.962344
vt 0.616568 0.676239
vt 0.616568 0.677444
vt 0.611746 0.677444
vt 0.611746 0.676239
vt 0.616568 0.678650
vt 0.611746 0.678650
vt 0.616568 0.679855
vt 0.611746 0.679855
vt 0.616568 0.681060
vt 0.611746 0.681060
vt 0.616568 0.682266
vt 0.611746 0.682266
vt 0.616568 0.683471
vt 0.611746 0.683471
vt 0.624140 0.703065
vt 0.627164 0.701813
vt 0.626278 0.703951
vt 0.616568 0.675034
vt 0.611746 0.675034
vt 0.616568 0.673828
vt 0.611746 0.673828
vt 0.616767 0.697500
vt 0.615514 0.700524
vt 0.617652 0.699638
vt 0.628416 0.704837
vt 0.627164 0.706089
vt 0.625393 0.706089
vt 0.624140 0.704837
vt 0.625393 0.701813
vt 0.628416 0.703065
vt 0.618538 0.701776
vt 0.619790 0.700524
vt 0.619790 0.698752
vt 0.618538 0.697500
vt 0.615514 0.698752
vt 0.616767 0.701776
vt 0.957934 0.949188
vt 0.957934 0.950563
vt 0.952434 0.950563
vt 0.952434 0.949188
vt 0.957934 0.951938
vt 0.952434 0.951938
vt 0.957934 0.953313
vt 0.952434 0.953313
vt 0.957934 0.954688
vt 0.952434 0.954688
vt 0.957934 0.956063
vt 0.952434 0.956063
vt 0.957934 0.957438
vt 0.952434 0.957438
vt 0.956096 0.963801
vt 0.959546 0.962372
vt 0.958535 0.964811
vt 0.957934 0.947813
vt 0.952434 0.947813
vt 0.957934 0.946438
vt 0.952434 0.946438
vt 0.964919 0.935410
vt 0.963490 0.938859
vt 0.965929 0.937849
vt 0.960974 0.965821
vt 0.959546 0.967250
vt 0.957525 0.967250
vt 0.956096 0.965821
vt 0.957525 0.962372
vt 0.960974 0.963801
vt 0.966939 0.940288
vt 0.968368 0.938859
vt 0.968368 0.936839
vt 0.966939 0.935410
vt 0.963490 0.936839
vt 0.964919 0.940288
vt 0.929254 0.318133
vt 0.922273 0.318133
vt 0.922273 0.290210
vt 0.929254 0.290210
vt 0.915292 0.318133
vt 0.915292 0.290210
vt 0.908312 0.318133
vt 0.908312 0.290210
vt 0.901331 0.318133
vt 0.901331 0.290210
vt 0.894350 0.318133
vt 0.894350 0.290210
vt 0.887370 0.318133
vt 0.887370 0.290210
vt 0.891854 0.266772
vt 0.910808 0.266772
vt 0.901331 0.276249
vt 0.936235 0.318133
vt 0.936235 0.290210
vt 0.943215 0.318133
vt 0.943215 0.290210
vt 0.938731 0.266772
vt 0.919776 0.266772
vt 0.929254 0.276249
vt 0.910808 0.285726
vt 0.901331 0.289652
vt 0.891854 0.285726
vt 0.887928 0.276249
vt 0.901331 0.262846
vt 0.914734 0.276249
vt 0.919776 0.285726
vt 0.929254 0.289652
vt 0.938731 0.285726
vt 0.942657 0.276249
vt 0.929254 0.262846
vt 0.915851 0.276249
vt 0.625328 0.596524
vt 0.625328 0.598312
vt 0.618175 0.598312
vt 0.618175 0.596524
vt 0.625328 0.600100
vt 0.618175 0.600100
vt 0.625328 0.601889
vt 0.618175 0.601889
vt 0.625328 0.603677
vt 0.618175 0.603677
vt 0.625328 0.605465
vt 0.618175 0.605465
vt 0.625328 0.607253
vt 0.618175 0.607253
vt 0.642907 0.615538
vt 0.647393 0.613680
vt 0.646079 0.616852
vt 0.625328 0.594736
vt 0.618175 0.594736
vt 0.625328 0.592947
vt 0.618175 0.592947
vt 0.638380 0.607294
vt 0.636522 0.611781
vt 0.639694 0.610467
vt 0.649252 0.618166
vt 0.647393 0.620024
vt 0.644765 0.620024
vt 0.642907 0.618166
vt 0.644765 0.613680
vt 0.649252 0.615538
vt 0.641008 0.613639
vt 0.642866 0.611781
vt 0.642866 0.609153
vt 0.641008 0.607294
vt 0.636522 0.609153
vt 0.638380 0.613639
vt 0.632522 0.596524
vt 0.632522 0.598312
vt 0.625369 0.598312
vt 0.625369 0.596524
vt 0.632522 0.600100
vt 0.625369 0.600100
vt 0.632522 0.601889
vt 0.625369 0.601889
vt 0.632522 0.603677
vt 0.625369 0.603677
vt 0.632522 0.605465
vt 0.625369 0.605465
vt 0.632522 0.607253
vt 0.625369 0.607253
vt 0.646143 0.594806
vt 0.650629 0.592947
vt 0.649315 0.596120
vt 0.632522 0.594736
vt 0.625369 0.594736
vt 0.632522 0.592947
vt 0.625369 0.592947
vt 0.641616 0.592947
vt 0.639757 0.597434
vt 0.642930 0.596120
vt 0.652487 0.597434
vt 0.650629 0.599292
vt 0.648001 0.599292
vt 0.646143 0.597434
vt 0.648001 0.592947
vt 0.652487 0.594806
vt 0.644243 0.599292
vt 0.646102 0.597434
vt 0.646102 0.594806
vt 0.644243 0.592947
vt 0.639757 0.594806
vt 0.641616 0.599292
vt 0.598855 0.301822
vt 0.598855 0.304075
vt 0.589846 0.304075
vt 0.589846 0.301822
vt 0.598855 0.306327
vt 0.589846 0.306327
vt 0.598855 0.308580
vt 0.589846 0.308580
vt 0.598855 0.310832
vt 0.589846 0.310832
vt 0.598855 0.313085
vt 0.589846 0.313085
vt 0.598855 0.315337
vt 0.589846 0.315337
vt 0.607946 0.323752
vt 0.613596 0.321411
vt 0.611941 0.325407
vt 0.598855 0.299570
vt 0.589846 0.299570
vt 0.598855 0.297318
vt 0.589846 0.297318
vt 0.618317 0.305349
vt 0.615977 0.310999
vt 0.619972 0.309344
vt 0.615936 0.327062
vt 0.613596 0.329402
vt 0.610286 0.329402
vt 0.607946 0.327062
vt 0.610286 0.321411
vt 0.615936 0.323752
vt 0.621627 0.313340
vt 0.623968 0.310999
vt 0.623968 0.307689
vt 0.621627 0.305349
vt 0.615977 0.307689
vt 0.618317 0.313340
vt 0.616568 0.685918
vt 0.616568 0.687124
vt 0.611746 0.687124
vt 0.611746 0.685918
vt 0.616568 0.688329
vt 0.611746 0.688329
vt 0.616568 0.689534
vt 0.611746 0.689534
vt 0.616568 0.690740
vt 0.611746 0.690740
vt 0.616568 0.691945
vt 0.611746 0.691945
vt 0.616568 0.693150
vt 0.611746 0.693150
vt 0.625776 0.675081
vt 0.628799 0.673828
vt 0.627914 0.675966
vt 0.616568 0.684713
vt 0.611746 0.684713
vt 0.616568 0.683508
vt 0.611746 0.683508
vt 0.621080 0.697500
vt 0.619827 0.700524
vt 0.621965 0.699638
vt 0.630052 0.676852
vt 0.628799 0.678104
vt 0.627028 0.678104
vt 0.625776 0.676852
vt 0.627028 0.673828
vt 0.630052 0.675081
vt 0.622851 0.701776
vt 0.624103 0.700524
vt 0.624103 0.698752
vt 0.622851 0.697500
vt 0.619827 0.698752
vt 0.621080 0.701776
vt 0.963462 0.938160
vt 0.963462 0.939535
vt 0.957962 0.939535
vt 0.957962 0.938160
vt 0.963462 0.940910
vt 0.957962 0.940910
vt 0.963462 0.942285
vt 0.957962 0.942285
vt 0.963462 0.943660
vt 0.957962 0.943660
vt 0.963462 0.945035
vt 0.957962 0.945035
vt 0.963462 0.946410
vt 0.957962 0.946410
vt 0.961002 0.963801
vt 0.964452 0.962372
vt 0.963441 0.964811
vt 0.963462 0.936785
vt 0.957962 0.936785
vt 0.963462 0.935410
vt 0.957962 0.935410
vt 0.964919 0.940316
vt 0.963490 0.943765
vt 0.965929 0.942755
vt 0.965880 0.965821
vt 0.964452 0.967250
vt 0.962431 0.967250
vt 0.961002 0.965821
vt 0.962431 0.962372
vt 0.965880 0.963801
vt 0.966939 0.945194
vt 0.968368 0.943765
vt 0.968368 0.941745
vt 0.966939 0.940316
vt 0.963490 0.941745
vt 0.964919 0.945194
vt 0.621426 0.676239
vt 0.621426 0.677444
vt 0.616605 0.677444
vt 0.616605 0.676239
vt 0.621426 0.678650
vt 0.616605 0.678650
vt 0.621426 0.679855
vt 0.616605 0.679855
vt 0.621426 0.681060
vt 0.616605 0.681060
vt 0.621426 0.682266
vt 0.616605 0.682266
vt 0.621426 0.683471
vt 0.616605 0.683471
vt 0.625776 0.679394
vt 0.628799 0.678141
vt 0.627914 0.680279
vt 0.621426 0.675034
vt 0.616605 0.675034
vt 0.621426 0.673828
vt 0.616605 0.673828
vt 0.622715 0.673828
vt 0.621463 0.676852
vt 0.623601 0.675966
vt 0.630052 0.681165
vt 0.628799 0.682417
vt 0.627028 0.682417
vt 0.625776 0.681165
vt 0.627028 0.678141
vt 0.630052 0.679394
vt 0.624486 0.678104
vt 0.625739 0.676852
vt 0.625739 0.675081
vt 0.624486 0.673828
vt 0.621463 0.675081
vt 0.622715 0.678104
vt 0.639716 0.582177
vt 0.639716 0.583965
vt 0.632563 0.583965
vt 0.632563 0.582177
vt 0.639716 0.585753
vt 0.632563 0.585753
vt 0.639716 0.587542
vt 0.632563 0.587542
vt 0.639716 0.589330
vt 0.632563 0.589330
vt 0.639716 0.591118
vt 0.632563 0.591118
vt 0.639716 0.592906
vt 0.632563 0.592906
vt 0.646143 0.601191
vt 0.650629 0.599333
vt 0.649315 0.602505
vt 0.639716 0.580389
vt 0.632563 0.580389
vt 0.639716 0.578600
vt 0.632563 0.578600
vt 0.641616 0.599333
vt 0.639757 0.603819
vt 0.642930 0.602505
vt 0.652487 0.603819
vt 0.650629 0.605677
vt 0.648001 0.605677
vt 0.646143 0.603819
vt 0.648001 0.599333
vt 0.652487 0.601191
vt 0.644243 0.605677
vt 0.646102 0.603819
vt 0.646102 0.601191
vt 0.644243 0.599333
vt 0.639757 0.601191
vt 0.641616 0.605677
vt 0.621426 0.685918
vt 0.621426 0.687124
vt 0.616605 0.687124
vt 0.616605 0.685918
vt 0.621426 0.688329
vt 0.616605 0.688329
vt 0.621426 0.689534
vt 0.616605 0.689534
vt 0.621426 0.690740
vt 0.616605 0.690740
vt 0.621426 0.691945
vt 0.616605 0.691945
vt 0.621426 0.693150
vt 0.616605 0.693150
vt 0.625776 0.683707
vt 0.628799 0.682454
vt 0.627914 0.684592
vt 0.621426 0.684713
vt 0.616605 0.684713
vt 0.621426 0.683508
vt 0.616605 0.683508
vt 0.622715 0.678141
vt 0.621463 0.681165
vt 0.623601 0.680279
vt 0.630052 0.685478
vt 0.628799 0.686730
vt 0.627028 0.686730
vt 0.625776 0.685478
vt 0.627028 0.682454
vt 0.630052 0.683707
vt 0.624486 0.682417
vt 0.625739 0.681165
vt 0.625739 0.679394
vt 0.624486 0.678141
vt 0.621463 0.679394
vt 0.622715 0.682417
vt 0.963462 0.949188
vt 0.963462 0.950563
vt 0.957962 0.950563
vt 0.957962 0.949188
vt 0.963462 0.951938
vt 0.957962 0.951938
vt 0.963462 0.953313
vt 0.957962 0.953313
vt 0.963462 0.954688
vt 0.957962 0.954688
vt 0.963462 0.956063
vt 0.957962 0.956063
vt 0.963462 0.957438
vt 0.957962 0.957438
vt 0.965908 0.963801
vt 0.969358 0.962372
vt 0.968348 0.964811
vt 0.963462 0.947813
vt 0.957962 0.947813
vt 0.963462 0.946438
vt 0.957962 0.946438
vt 0.964919 0.945222
vt 0.963490 0.948672
vt 0.965929 0.947661
vt 0.970787 0.965821
vt 0.969358 0.967250
vt 0.967337 0.967250
vt 0.965908 0.965821
vt 0.967337 0.962372
vt 0.970787 0.963801
vt 0.966939 0.950100
vt 0.968368 0.948672
vt 0.968368 0.946651
vt 0.966939 0.945222
vt 0.963490 0.946651
vt 0.964919 0.950100
vt 0.607905 0.301822
vt 0.607905 0.304075
vt 0.598896 0.304075
vt 0.598896 0.301822
vt 0.607905 0.306327
vt 0.598896 0.306327
vt 0.607905 0.308580
vt 0.598896 0.308580
vt 0.607905 0.310832
vt 0.598896 0.310832
vt 0.607905 0.313085
vt 0.598896 0.313085
vt 0.607905 0.315337
vt 0.598896 0.315337
vt 0.615977 0.323752
vt 0.621627 0.321411
vt 0.619972 0.325407
vt 0.607905 0.299570
vt 0.598896 0.299570
vt 0.607905 0.297318
vt 0.598896 0.297318
vt 0.618317 0.313380
vt 0.615977 0.319030
vt 0.619972 0.317375
vt 0.623968 0.327062
vt 0.621627 0.329402
vt 0.618317 0.329402
vt 0.615977 0.327062
vt 0.618317 0.321411
vt 0.623968 0.323752
vt 0.621627 0.321371
vt 0.623968 0.319030
vt 0.623968 0.315720
vt 0.621627 0.313380
vt 0.615977 0.315720
vt 0.618317 0.321371
vt 0.616955 0.283763
vt 0.616955 0.286015
vt 0.607946 0.286015
vt 0.607946 0.283763
vt 0.616955 0.288268
vt 0.607946 0.288268
vt 0.616955 0.290520
vt 0.607946 0.290520
vt 0.616955 0.292772
vt 0.607946 0.292772
vt 0.616955 0.295025
vt 0.607946 0.295025
vt 0.616955 0.297277
vt 0.607946 0.297277
vt 0.624008 0.299658
vt 0.629658 0.297318
vt 0.628003 0.301313
vt 0.616955 0.281510
vt 0.607946 0.281510
vt 0.616955 0.279258
vt 0.607946 0.279258
vt 0.583136 0.315377
vt 0.580796 0.321028
vt 0.584791 0.319373
vt 0.631999 0.302968
vt 0.629658 0.305308
vt 0.626348 0.305308
vt 0.624008 0.302968
vt 0.626348 0.297318
vt 0.631999 0.299658
vt 0.586446 0.323368
vt 0.588787 0.321028
vt 0.588787 0.317718
vt 0.586446 0.315377
vt 0.580796 0.317718
vt 0.583136 0.323368
vt 0.601993 0.695598
vt 0.601993 0.696803
vt 0.597172 0.696803
vt 0.597172 0.695598
vt 0.601993 0.698008
vt 0.597172 0.698008
vt 0.601993 0.699214
vt 0.597172 0.699214
vt 0.601993 0.700419
vt 0.597172 0.700419
vt 0.601993 0.701624
vt 0.597172 0.701624
vt 0.601993 0.702829
vt 0.597172 0.702829
vt 0.625776 0.688020
vt 0.628799 0.686767
vt 0.627914 0.688905
vt 0.601993 0.694392
vt 0.597172 0.694392
vt 0.601993 0.693187
vt 0.597172 0.693187
vt 0.622715 0.682454
vt 0.621463 0.685478
vt 0.623601 0.684592
vt 0.630052 0.689791
vt 0.628799 0.691043
vt 0.627028 0.691043
vt 0.625776 0.689791
vt 0.627028 0.686767
vt 0.630052 0.688020
vt 0.624486 0.686730
vt 0.625739 0.685478
vt 0.625739 0.683707
vt 0.624486 0.682454
vt 0.621463 0.683707
vt 0.622715 0.686730
vt 0.639716 0.596524
vt 0.639716 0.598312
vt 0.632563 0.598312
vt 0.632563 0.596524
vt 0.639716 0.600100
vt 0.632563 0.600100
vt 0.639716 0.601889
vt 0.632563 0.601889
vt 0.639716 0.603677
vt 0.632563 0.603677
vt 0.639716 0.605465
vt 0.632563 0.605465
vt 0.639716 0.607253
vt 0.632563 0.607253
vt 0.646951 0.580459
vt 0.651438 0.578600
vt 0.650124 0.581773
vt 0.639716 0.594736
vt 0.632563 0.594736
vt 0.639716 0.592947
vt 0.632563 0.592947
vt 0.644765 0.607294
vt 0.642907 0.611781
vt 0.646079 0.610467
vt 0.653296 0.583086
vt 0.651438 0.584945
vt 0.648810 0.584945
vt 0.646951 0.583086
vt 0.648810 0.578600
vt 0.653296 0.580459
vt 0.647393 0.613639
vt 0.649252 0.611781
vt 0.649252 0.609153
vt 0.647393 0.607294
vt 0.642907 0.609153
vt 0.644765 0.613639
vt 0.638569 0.335691
vt 0.631922 0.335691
vt 0.631922 0.309101
vt 0.638569 0.309101
vt 0.625274 0.335691
vt 0.625274 0.309101
vt 0.618627 0.335691
vt 0.618627 0.309101
vt 0.611979 0.335691
vt 0.611979 0.309101
vt 0.605331 0.335691
vt 0.605331 0.309101
vt 0.598684 0.335691
vt 0.598684 0.309101
vt 0.602954 0.286780
vt 0.621004 0.286780
vt 0.611979 0.295805
vt 0.645217 0.335691
vt 0.645217 0.309101
vt 0.651865 0.335691
vt 0.651865 0.309101
vt 0.647594 0.286780
vt 0.629544 0.286780
vt 0.638569 0.295805
vt 0.621004 0.304830
vt 0.611979 0.308569
vt 0.602954 0.304830
vt 0.599215 0.295805
vt 0.611979 0.283042
vt 0.624742 0.295805
vt 0.629544 0.304830
vt 0.638569 0.308569
vt 0.647594 0.304830
vt 0.651333 0.295805
vt 0.638569 0.283042
vt 0.625806 0.295805
vt 0.928775 0.377510
vt 0.928775 0.380020
vt 0.918734 0.380020
vt 0.918734 0.377510
vt 0.928775 0.382530
vt 0.918734 0.382530
vt 0.928775 0.385040
vt 0.918734 0.385040
vt 0.928775 0.387550
vt 0.918734 0.387550
vt 0.928775 0.390061
vt 0.918734 0.390061
vt 0.928775 0.392571
vt 0.918734 0.392571
vt 0.936634 0.395224
vt 0.942932 0.392616
vt 0.941087 0.397068
vt 0.928775 0.374999
vt 0.918734 0.374999
vt 0.928775 0.372489
vt 0.918734 0.372489
vt 0.891085 0.412742
vt 0.888477 0.419039
vt 0.892930 0.417195
vt 0.945540 0.398913
vt 0.942932 0.401521
vt 0.939243 0.401521
vt 0.936634 0.398913
vt 0.939243 0.392616
vt 0.945540 0.395224
vt 0.894774 0.421648
vt 0.897382 0.419039
vt 0.897382 0.415351
vt 0.894774 0.412742
vt 0.888477 0.415351
vt 0.891085 0.421648
vt 0.606851 0.695598
vt 0.606851 0.696803
vt 0.602030 0.696803
vt 0.602030 0.695598
vt 0.606851 0.698008
vt 0.602030 0.698008
vt 0.606851 0.699214
vt 0.602030 0.699214
vt 0.606851 0.700419
vt 0.602030 0.700419
vt 0.606851 0.701624
vt 0.602030 0.701624
vt 0.606851 0.702829
vt 0.602030 0.702829
vt 0.597172 0.704119
vt 0.600196 0.702866
vt 0.599310 0.705004
vt 0.606851 0.694392
vt 0.602030 0.694392
vt 0.606851 0.693187
vt 0.602030 0.693187
vt 0.622715 0.686767
vt 0.621463 0.689791
vt 0.623601 0.688905
vt 0.601448 0.705890
vt 0.600196 0.707142
vt 0.598425 0.707142
vt 0.597172 0.705890
vt 0.598425 0.702866
vt 0.601448 0.704119
vt 0.624486 0.691043
vt 0.625739 0.689791
vt 0.625739 0.688020
vt 0.624486 0.686767
vt 0.621463 0.688020
vt 0.622715 0.691043
vt 0.646910 0.582177
vt 0.646910 0.583965
vt 0.639757 0.583965
vt 0.639757 0.582177
vt 0.646910 0.585753
vt 0.639757 0.585753
vt 0.646910 0.587542
vt 0.639757 0.587542
vt 0.646910 0.589330
vt 0.639757 0.589330
vt 0.646910 0.591118
vt 0.639757 0.591118
vt 0.646910 0.592906
vt 0.639757 0.592906
vt 0.646951 0.586844
vt 0.651438 0.584986
vt 0.650124 0.588158
vt 0.646910 0.580389
vt 0.639757 0.580389
vt 0.646910 0.578600
vt 0.639757 0.578600
vt 0.612839 0.613680
vt 0.610981 0.618166
vt 0.614153 0.616852
vt 0.653296 0.589472
vt 0.651438 0.591330
vt 0.648810 0.591330
vt 0.646951 0.589472
vt 0.648810 0.584986
vt 0.653296 0.586844
vt 0.615467 0.620024
vt 0.617325 0.618166
vt 0.617325 0.615538
vt 0.615467 0.613680
vt 0.610981 0.615538
vt 0.612839 0.620024
s 1
f 1/1/1 33/2/2 34/3/3 3/4/4
f 3/4/4 34/3/3 35/5/5 4/6/6
f 4/6/6 35/5/5 36/7/7 2/8/8
f 38/9/9 10/10/10 12/11/11 37/12/12
f 37/12/12 12/11/11 11/13/13 39/14/14
f 39/14/14 11/13/13 9/15/15 40/16/16
f 10/10/10 38/9/9 33/2/2 1/1/1 85/17/17
f 42/18/18 18/19/19 20/20/20 41/21/21
f 41/21/21 20/20/20 19/22/22 43/23/23
f 43/23/23 19/22/22 17/24/24 44/25/25
f 46/26/26 26/27/27 28/28/28 45/29/29
f 45/29/29 28/28/28 27/30/30 47/31/31
f 47/31/31 27/30/30 25/32/32 48/33/33
f 2/8/8 36/7/7 44/25/25 17/24/24 75/34/34 77/35/35 79/36/36
f 18/19/19 42/18/18 48/33/33 25/32/32 84/37/37
f 17/24/24 19/22/22 20/20/20 18/19/19 84/37/37 83/38/38 75/34/34
f 23/39/39 24/40/40 59/41/41 57/42/42
f 26/27/27 46/26/26 40/16/16 9/15/15 80/43/43 78/44/44 76/45/45
f 6/46/46 8/47/47 34/3/3 33/2/2
f 8/47/47 7/48/48 35/5/5 34/3/3
f 7/48/48 5/49/49 36/7/7 35/5/5
f 15/50/50 13/51/51 38/9/9 37/12/12
f 16/52/52 15/50/50 37/12/12 39/14/14
f 14/53/53 16/52/52 39/14/14 40/16/16
f 13/51/51 95/54/54 89/55/54 6/46/46 33/2/2 38/9/9
f 23/56/55 21/57/56 42/18/18 41/21/21
f 24/58/57 23/56/55 41/21/21 43/23/23
f 22/59/58 24/58/57 43/23/23 44/25/25
f 31/60/59 29/61/60 46/26/26 45/29/29
f 32/62/61 31/60/59 45/29/29 47/31/31
f 30/63/62 32/62/61 47/31/31 48/33/33
f 5/49/49 130/64/63 126/65/63 22/59/58 44/25/25 36/7/7
f 21/57/56 117/66/64 30/63/62 48/33/33 42/18/18
f 29/61/60 14/53/53 40/16/16 46/26/26
f 62/67/65 61/68/66 63/69/67 64/70/68 111/71/69 121/72/70 125/73/71
f 7/74/72 8/75/73 50/76/74 51/77/75
f 24/40/40 22/78/76 60/79/77 59/41/41
f 5/80/78 7/74/72 51/77/75 52/81/79
f 29/82/80 31/83/81 61/84/66 62/85/65
f 13/86/82 15/87/83 53/88/84 54/89/85
f 31/83/81 32/90/86 63/91/67 61/84/66
f 15/87/83 16/92/87 55/93/88 53/88/84
f 32/94/86 30/95/89 64/96/68 63/97/67
f 16/92/87 14/98/90 56/99/91 55/93/88
f 22/78/76 126/100/92 122/101/93 60/79/77
f 6/102/94 89/103/95 92/104/96 101/105/97 68/106/98 114/107/99 49/108/100
f 30/95/89 117/109/101 118/110/102 73/111/103 102/112/104 66/113/105 107/114/106 70/115/107 111/116/69 64/96/68
f 21/117/108 23/39/39 57/42/42 58/118/109
f 8/75/73 6/102/94 49/108/100 50/76/74
f 14/98/90 29/82/80 62/85/65 125/119/71 71/120/110 139/121/111 67/122/112 144/123/113 74/124/114 157/125/115 56/99/91
f 75/34/34 83/38/38 82/126/116 77/35/35
f 77/35/35 82/126/116 81/127/117 79/36/36
f 79/36/36 81/127/117 85/17/17 1/1/1 3/4/4 4/6/6 2/8/8
f 85/17/17 81/127/117 80/43/43 9/15/15 11/13/13 12/11/11 10/10/10
f 82/126/116 83/38/38 76/45/45 78/44/44
f 83/38/38 84/37/37 25/32/32 27/30/30 28/28/28 26/27/27 76/45/45
f 81/127/117 82/126/116 78/44/44 80/43/43
f 74/128/114 110/129/118 153/130/119 157/131/115
f 67/132/112 113/133/120 148/134/121 144/135/113
f 71/136/110 112/137/122 138/138/123 139/139/111
f 88/140/124 124/141/125 129/142/126 116/143/127
f 86/144/128 135/145/129 132/146/130 115/147/131
f 87/148/132 147/149/133 143/150/134 119/151/135
f 90/152/136 127/153/137 120/154/138 100/155/139
f 92/156/96 155/157/140 154/158/141 101/159/97
f 92/104/96 89/103/95 95/160/142 98/161/143 108/162/144
f 93/163/145 141/164/146 140/165/147 99/166/148
f 91/167/149 131/168/150 134/169/151 103/170/152
f 98/161/143 95/160/142 13/86/82 54/89/85 109/171/153
f 97/172/154 123/173/155 128/174/156 105/175/157
f 98/176/143 150/177/158 156/178/159 108/179/144
f 96/180/160 146/181/161 145/182/162 104/183/163
f 94/184/164 137/185/165 133/186/166 106/187/167
f 68/188/98 149/189/168 151/190/169 114/191/99
f 100/192/139 120/193/138 124/141/125 88/140/124
f 99/166/148 140/165/147 147/194/133 87/195/132
f 101/159/97 154/158/141 149/189/168 68/188/98
f 103/170/152 134/169/151 135/145/129 86/144/128
f 106/187/167 133/186/166 131/196/150 91/197/149
f 108/179/144 156/178/159 155/198/140 92/199/96
f 104/183/163 145/182/162 141/200/146 93/201/145
f 105/175/157 128/174/156 127/202/137 90/203/136
f 110/129/118 148/134/121 146/181/161 96/180/160
f 113/133/120 138/138/123 137/204/165 94/205/164
f 112/206/122 121/72/70 123/173/155 97/172/154
f 109/207/153 153/130/119 150/208/158 98/209/143
f 115/147/131 132/146/130 136/210/170 65/211/171
f 119/151/135 143/150/134 142/212/172 72/213/173
f 114/191/99 151/190/169 152/214/174 52/215/79 51/216/75 50/217/74 49/218/100
f 118/110/102 117/109/101 21/117/108 58/118/109
f 116/143/127 129/142/126 122/219/93 69/220/175
f 124/141/125 120/193/138 102/221/104 73/222/103
f 123/173/155 121/72/70 111/71/69 70/223/107
f 128/174/156 123/173/155 70/223/107 107/224/106
f 129/142/126 124/141/125 73/222/103 118/225/102
f 125/73/71 121/72/70 112/206/122 71/226/110
f 122/101/93 126/100/92 130/227/92 136/228/170 69/229/175
f 120/154/138 127/153/137 66/230/105 102/231/104
f 122/219/93 129/142/126 118/225/102 58/232/109 57/233/42 59/234/41 60/235/77
f 127/202/137 128/174/156 107/224/106 66/236/105
f 136/228/170 130/227/92 5/80/78 52/81/79 152/237/174 72/238/173 142/239/172 65/240/171
f 131/196/150 133/186/166 105/241/157 90/242/136
f 132/146/130 135/145/129 88/243/124 116/244/127
f 137/204/165 138/138/123 112/137/122 97/245/154
f 134/169/151 131/168/150 90/152/136 100/155/139
f 133/186/166 137/185/165 97/246/154 105/241/157
f 136/210/170 132/146/130 116/244/127 69/247/175
f 135/145/129 134/169/151 100/155/139 88/243/124
f 139/139/111 138/138/123 113/133/120 67/132/112
f 142/212/172 143/150/134 115/147/131 65/211/171
f 140/165/147 141/164/146 91/248/149 103/249/152
f 145/182/162 146/181/161 94/205/164 106/250/167
f 143/150/134 147/149/133 86/144/128 115/147/131
f 147/194/133 140/165/147 103/249/152 86/251/128
f 144/135/113 148/134/121 110/129/118 74/128/114
f 141/200/146 145/182/162 106/250/167 91/167/149
f 146/181/161 148/134/121 113/133/120 94/205/164
f 156/178/159 150/177/158 96/252/160 104/253/163
f 152/214/174 151/190/169 119/151/135 72/213/173
f 155/198/140 156/178/159 104/253/163 93/254/145
f 150/208/158 153/130/119 110/129/118 96/180/160
f 149/189/168 154/158/141 99/255/148 87/148/132
f 151/190/169 149/189/168 87/148/132 119/151/135
f 154/158/141 155/157/140 93/201/145 99/255/148
f 157/131/115 153/130/119 109/207/153 54/256/85 53/257/84 55/258/88 56/259/91
f 163/260/176 165/261/177 164/262/178 162/263/179
f 165/261/177 167/264/180 166/265/181 164/262/178
f 167/264/180 169/266/182 168/267/183 166/265/181
f 169/266/182 171/268/184 170/269/185 168/267/183
f 171/268/184 173/270/186 172/271/187 170/269/185
f 173/270/186 159/272/188 158/273/189 172/271/187
f 169/274/182 165/275/177 174/276/190
f 161/277/191 163/260/176 162/263/179 160/278/192
f 159/279/188 161/277/191 160/278/192 158/280/189
f 164/281/178 168/282/183 175/283/193
f 161/284/191 159/285/188 173/286/186
f 173/286/186 171/287/184 169/274/182
f 169/274/182 167/288/180 165/275/177
f 165/275/177 163/289/176 161/284/191
f 161/284/191 173/286/186 174/276/190
f 172/290/187 158/291/189 160/292/192
f 160/292/192 162/293/179 164/281/178
f 164/281/178 166/294/181 168/282/183
f 168/282/183 170/295/185 172/290/187
f 172/290/187 160/292/192 175/283/193
f 174/276/190 165/275/177 161/284/191
f 174/276/190 173/286/186 169/274/182
f 175/283/193 160/292/192 164/281/178
f 175/283/193 168/282/183 172/290/187
f 181/296/194 183/297/195 182/298/196 180/299/197
f 183/297/195 185/300/198 184/301/199 182/298/196
f 185/300/198 187/302/200 186/303/201 184/301/199
f 187/302/200 189/304/202 188/305/203 186/303/201
f 189/304/202 191/306/204 190/307/205 188/305/203
f 191/306/204 177/308/206 176/309/207 190/307/205
f 187/310/200 183/311/195 192/312/208
f 179/313/209 181/296/194 180/299/197 178/314/210
f 177/315/206 179/313/209 178/314/210 176/316/207
f 182/317/196 186/318/201 193/319/211
f 179/320/209 177/321/206 191/322/204
f 191/322/204 189/323/202 187/310/200
f 187/310/200 185/324/198 183/311/195
f 183/311/195 181/325/194 179/320/209
f 179/320/209 191/322/204 192/312/208
f 190/326/205 176/327/207 178/328/210
f 178/328/210 180/329/197 182/317/196
f 182/317/196 184/330/199 186/318/201
f 186/318/201 188/331/203 190/326/205
f 190/326/205 178/328/210 193/319/211
f 192/312/208 183/311/195 179/320/209
f 192/312/208 191/322/204 187/310/200
f 193/319/211 178/328/210 182/317/196
f 193/319/211 186/318/201 190/326/205
f 199/332/212 201/333/213 200/334/214 198/335/215
f 201/333/213 203/336/216 202/337/217 200/334/214
f 203/336/216 205/338/218 204/339/219 202/337/217
f 205/338/218 207/340/220 206/341/221 204/339/219
f 207/340/220 209/342/222 208/343/223 206/341/221
f 209/342/222 195/344/224 194/345/225 208/343/223
f 205/346/218 201/347/213 210/348/226
f 197/349/227 199/332/212 198/335/215 196/350/228
f 195/351/224 197/349/227 196/350/228 194/352/225
f 200/353/214 204/354/219 211/355/229
f 197/356/227 195/357/224 209/358/222
f 209/358/222 207/359/220 205/346/218
f 205/346/218 203/360/216 201/347/213
f 201/347/213 199/361/212 197/356/227
f 197/356/227 209/358/222 210/348/226
f 208/362/223 194/363/225 196/364/228
f 196/364/228 198/365/215 200/353/214
f 200/353/214 202/366/217 204/354/219
f 204/354/219 206/367/221 208/362/223
f 208/362/223 196/364/228 211/355/229
f 210/348/226 201/347/213 197/356/227
f 210/348/226 209/358/222 205/346/218
f 211/355/229 196/364/228 200/353/214
f 211/355/229 204/354/219 208/362/223
f 217/368/230 219/369/231 218/370/232 216/371/233
f 219/369/231 221/372/234 220/373/235 218/370/232
f 221/372/234 223/374/236 222/375/237 220/373/235
f 223/374/236 225/376/238 224/377/239 222/375/237
f 225/376/238 227/378/240 226/379/241 224/377/239
f 227/378/240 213/380/242 212/381/243 226/379/241
f 223/382/236 219/383/231 228/384/244
f 215/385/245 217/368/230 216/371/233 214/386/246
f 213/387/242 215/385/245 214/386/246 212/388/243
f 218/389/232 222/390/237 229/391/247
f 215/392/245 213/393/242 227/394/240
f 227/394/240 225/395/238 223/382/236
f 223/382/236 221/396/234 219/383/231
f 219/383/231 217/397/230 215/392/245
f 215/392/245 227/394/240 228/384/244
f 226/398/241 212/399/243 214/400/246
f 214/400/246 216/401/233 218/389/232
f 218/389/232 220/402/235 222/390/237
f 222/390/237 224/403/239 226/398/241
f 226/398/241 214/400/246 229/391/247
f 228/384/244 219/383/231 215/392/245
f 228/384/244 227/394/240 223/382/236
f 229/391/247 214/400/246 218/389/232
f 229/391/247 222/390/237 226/398/241
f 235/404/248 237/405/249 236/406/250 234/407/251
f 237/405/249 239/408/252 238/409/253 236/406/250
f 239/408/252 241/410/254 240/411/255 238/409/253
f 241/410/254 243/412/256 242/413/257 240/411/255
f 243/412/256 245/414/258 244/415/259 242/413/257
f 245/414/258 231/416/260 230/417/261 244/415/259
f 241/418/254 237/419/249 246/420/262
f 233/421/263 235/404/248 234/407/251 232/422/264
f 231/423/260 233/421/263 232/422/264 230/424/261
f 236/425/250 240/426/255 247/427/265
f 233/428/263 231/429/260 245/430/258
f 245/430/258 243/431/256 241/418/254
f 241/418/254 239/432/252 237/419/249
f 237/419/249 235/433/248 233/428/263
f 233/428/263 245/430/258 246/420/262
f 244/434/259 230/435/261 232/436/264
f 232/436/264 234/437/251 236/425/250
f 236/425/250 238/438/253 240/426/255
f 240/426/255 242/439/257 244/434/259
f 244/434/259 232/436/264 247/427/265
f 246/420/262 237/419/249 233/428/263
f 246/420/262 245/430/258 241/418/254
f 247/427/265 232/436/264 236/425/250
f 247/427/265 240/426/255 244/434/259
f 253/440/212 255/441/213 254/442/214 252/443/215
f 255/441/213 257/444/216 256/445/217 254/442/214
f 257/444/216 259/446/218 258/447/219 256/445/217
f 259/446/218 261/448/220 260/449/221 258/447/219
f 261/448/220 263/450/222 262/451/223 260/449/221
f 263/450/222 249/452/224 248/453/225 262/451/223
f 259/454/218 255/455/213 264/456/226
f 251/457/227 253/440/212 252/443/215 250/458/228
f 249/459/224 251/457/227 250/458/228 248/460/225
f 254/461/214 258/462/219 265/463/229
f 251/464/227 249/465/224 263/466/222
f 263/466/222 261/467/220 259/454/218
f 259/454/218 257/468/216 255/455/213
f 255/455/213 253/469/212 251/464/227
f 251/464/227 263/466/222 264/456/226
f 262/470/223 248/471/225 250/472/228
f 250/472/228 252/473/215 254/461/214
f 254/461/214 256/474/217 258/462/219
f 258/462/219 260/475/221 262/470/223
f 262/470/223 250/472/228 265/463/229
f 264/456/226 255/455/213 251/464/227
f 264/456/226 263/466/222 259/454/218
f 265/463/229 250/472/228 254/461/214
f 265/463/229 258/462/219 262/470/223
f 271/476/212 273/477/213 272/478/214 270/479/215
f 273/477/213 275/480/216 274/481/217 272/478/214
f 275/480/216 277/482/218 276/483/219 274/481/217
f 277/482/218 279/484/220 278/485/221 276/483/219
f 279/484/220 281/486/222 280/487/223 278/485/221
f 281/486/222 267/488/224 266/489/225 280/487/223
f 277/490/218 273/491/213 282/492/226
f 269/493/227 271/476/212 270/479/215 268/494/228
f 267/495/224 269/493/227 268/494/228 266/496/225
f 272/497/214 276/498/219 283/499/229
f 269/500/227 267/501/224 281/502/222
f 281/502/222 279/503/220 277/490/218
f 277/490/218 275/504/216 273/491/213
f 273/491/213 271/505/212 269/500/227
f 269/500/227 281/502/222 282/492/226
f 280/506/223 266/507/225 268/508/228
f 268/508/228 270/509/215 272/497/214
f 272/497/214 274/510/217 276/498/219
f 276/498/219 278/511/221 280/506/223
f 280/506/223 268/508/228 283/499/229
f 282/492/226 273/491/213 269/500/227
f 282/492/226 281/502/222 277/490/218
f 283/499/229 268/508/228 272/497/214
f 283/499/229 276/498/219 280/506/223
f 289/512/266 291/513/267 290/514/268 288/515/269
f 291/513/267 293/516/270 292/517/271 290/514/268
f 293/516/270 295/518/272 294/519/273 292/517/271
f 295/518/272 297/520/274 296/521/275 294/519/273
f 297/520/274 299/522/276 298/523/277 296/521/275
f 299/522/276 285/524/278 284/525/279 298/523/277
f 295/526/272 291/527/267 300/528/280
f 287/529/281 289/512/266 288/515/269 286/530/282
f 285/531/278 287/529/281 286/530/282 284/532/279
f 290/533/268 294/534/273 301/535/283
f 287/536/281 285/537/278 299/538/276
f 299/538/276 297/539/274 295/526/272
f 295/526/272 293/540/270 291/527/267
f 291/527/267 289/541/266 287/536/281
f 287/536/281 299/538/276 300/528/280
f 298/542/277 284/543/279 286/544/282
f 286/544/282 288/545/269 290/533/268
f 290/533/268 292/546/271 294/534/273
f 294/534/273 296/547/275 298/542/277
f 298/542/277 286/544/282 301/535/283
f 300/528/280 291/527/267 287/536/281
f 300/528/280 299/538/276 295/526/272
f 301/535/283 286/544/282 290/533/268
f 301/535/283 294/534/273 298/542/277
f 307/548/284 309/549/285 308/550/286 306/551/287
f 309/549/285 311/552/288 310/553/289 308/550/286
f 311/552/288 313/554/290 312/555/291 310/553/289
f 313/554/290 315/556/292 314/557/293 312/555/291
f 315/556/292 317/558/294 316/559/295 314/557/293
f 317/558/294 303/560/296 302/561/297 316/559/295
f 313/562/290 309/563/285 318/564/298
f 305/565/299 307/548/284 306/551/287 304/566/300
f 303/567/296 305/565/299 304/566/300 302/568/297
f 308/569/286 312/570/291 319/571/301
f 305/572/299 303/573/296 317/574/294
f 317/574/294 315/575/292 313/562/290
f 313/562/290 311/576/288 309/563/285
f 309/563/285 307/577/284 305/572/299
f 305/572/299 317/574/294 318/564/298
f 316/578/295 302/579/297 304/580/300
f 304/580/300 306/581/287 308/569/286
f 308/569/286 310/582/289 312/570/291
f 312/570/291 314/583/293 316/578/295
f 316/578/295 304/580/300 319/571/301
f 318/564/298 309/563/285 305/572/299
f 318/564/298 317/574/294 313/562/290
f 319/571/301 304/580/300 308/569/286
f 319/571/301 312/570/291 316/578/295
f 325/584/302 327/585/303 326/586/304 324/587/305
f 327/585/303 329/588/306 328/589/307 326/586/304
f 329/588/306 331/590/308 330/591/309 328/589/307
f 331/590/308 333/592/310 332/593/311 330/591/309
f 333/592/310 335/594/312 334/595/313 332/593/311
f 335/594/312 321/596/314 320/597/315 334/595/313
f 331/598/308 327/599/303 336/600/316
f 323/601/317 325/584/302 324/587/305 322/602/318
f 321/603/314 323/601/317 322/602/318 320/604/315
f 326/605/304 330/606/309 337/607/319
f 323/608/317 321/609/314 335/610/312
f 335/610/312 333/611/310 331/598/308
f 331/598/308 329/612/306 327/599/303
f 327/599/303 325/613/302 323/608/317
f 323/608/317 335/610/312 336/600/316
f 334/614/313 320/615/315 322/616/318
f 322/616/318 324/617/305 326/605/304
f 326/605/304 328/618/307 330/606/309
f 330/606/309 332/619/311 334/614/313
f 334/614/313 322/616/318 337/607/319
f 336/600/316 327/599/303 323/608/317
f 336/600/316 335/610/312 331/598/308
f 337/607/319 322/616/318 326/605/304
f 337/607/319 330/606/309 334/614/313
f 343/620/266 345/621/267 344/622/268 342/623/269
f 345/621/267 347/624/270 346/625/271 344/622/268
f 347/624/270 349/626/272 348/627/273 346/625/271
f 349/626/272 351/628/274 350/629/275 348/627/273
f 351/628/274 353/630/276 352/631/277 350/629/275
f 353/630/276 339/632/278 338/633/279 352/631/277
f 349/634/272 345/635/267 354/636/280
f 341/637/281 343/620/266 342/623/269 340/638/282
f 339/639/278 341/637/281 340/638/282 338/640/279
f 344/641/268 348/642/273 355/643/283
f 341/644/281 339/645/278 353/646/276
f 353/646/276 351/647/274 349/634/272
f 349/634/272 347/648/270 345/635/267
f 345/635/267 343/649/266 341/644/281
f 341/644/281 353/646/276 354/636/280
f 352/650/277 338/651/279 340/652/282
f 340/652/282 342/653/269 344/641/268
f 344/641/268 346/654/271 348/642/273
f 348/642/273 350/655/275 352/650/277
f 352/650/277 340/652/282 355/643/283
f 354/636/280 345/635/267 341/644/281
f 354/636/280 353/646/276 349/634/272
f 355/643/283 340/652/282 344/641/268
f 355/643/283 348/642/273 352/650/277
f 361/656/266 363/657/267 362/658/268 360/659/269
f 363/657/267 365/660/270 364/661/271 362/658/268
f 365/660/270 367/662/272 366/663/273 364/661/271
f 367/662/272 369/664/274 368/665/275 366/663/273
f 369/664/274 371/666/276 370/667/277 368/665/275
f 371/666/276 357/668/278 356/669/279 370/667/277
f 367/670/272 363/671/267 372/672/280
f 359/673/281 361/656/266 360/659/269 358/674/282
f 357/675/278 359/673/281 358/674/282 356/676/279
f 362/677/268 366/678/273 373/679/283
f 359/680/281 357/681/278 371/682/276
f 371/682/276 369/683/274 367/670/272
f 367/670/272 365/684/270 363/671/267
f 363/671/267 361/685/266 359/680/281
f 359/680/281 371/682/276 372/672/280
f 370/686/277 356/687/279 358/688/282
f 358/688/282 360/689/269 362/677/268
f 362/677/268 364/690/271 366/678/273
f 366/678/273 368/691/275 370/686/277
f 370/686/277 358/688/282 373/679/283
f 372/672/280 363/671/267 359/680/281
f 372/672/280 371/682/276 367/670/272
f 373/679/283 358/688/282 362/677/268
f 373/679/283 366/678/273 370/686/277
f 379/692/266 381/693/267 380/694/268 378/695/269
f 381/693/267 383/696/270 382/697/271 380/694/268
f 383/696/270 385/698/272 384/699/273 382/697/271
f 385/698/272 387/700/274 386/701/275 384/699/273
f 387/700/274 389/702/276 388/703/277 386/701/275
f 389/702/276 375/704/278 374/705/279 388/703/277
f 385/706/272 381/707/267 390/708/280
f 377/709/281 379/692/266 378/695/269 376/710/282
f 375/711/278 377/709/281 376/710/282 374/712/279
f 380/713/268 384/714/273 391/715/283
f 377/716/281 375/717/278 389/718/276
f 389/718/276 387/719/274 385/706/272
f 385/706/272 383/720/270 381/707/267
f 381/707/267 379/721/266 377/716/281
f 377/716/281 389/718/276 390/708/280
f 388/722/277 374/723/279 376/724/282
f 376/724/282 378/725/269 380/713/268
f 380/713/268 382/726/271 384/714/273
f 384/714/273 386/727/275 388/722/277
f 388/722/277 376/724/282 391/715/283
f 390/708/280 381/707/267 377/716/281
f 390/708/280 389/718/276 385/706/272
f 391/715/283 376/724/282 380/713/268
f 391/715/283 384/714/273 388/722/277
f 397/728/266 399/729/267 398/730/268 396/731/269
f 399/729/267 401/732/270 400/733/271 398/730/268
f 401/732/270 403/734/272 402/735/273 400/733/271
f 403/734/272 405/736/274 404/737/275 402/735/273
f 405/736/274 407/738/276 406/739/277 404/737/275
f 407/738/276 393/740/278 392/741/279 406/739/277
f 403/742/272 399/743/267 408/744/280
f 395/745/281 397/728/266 396/731/269 394/746/282
f 393/747/278 395/745/281 394/746/282 392/748/279
f 398/749/268 402/750/273 409/751/283
f 395/752/281 393/753/278 407/754/276
f 407/754/276 405/755/274 403/742/272
f 403/742/272 401/756/270 399/743/267
f 399/743/267 397/757/266 395/752/281
f 395/752/281 407/754/276 408/744/280
f 406/758/277 392/759/279 394/760/282
f 394/760/282 396/761/269 398/749/268
f 398/749/268 400/762/271 402/750/273
f 402/750/273 404/763/275 406/758/277
f 406/758/277 394/760/282 409/751/283
f 408/744/280 399/743/267 395/752/281
f 408/744/280 407/754/276 403/742/272
f 409/751/283 394/760/282 398/749/268
f 409/751/283 402/750/273 406/758/277
f 415/764/320 417/765/321 416/766/322 414/767/323
f 417/765/321 419/768/324 418/769/325 416/766/322
f 419/768/324 421/770/326 420/771/327 418/769/325
f 421/770/326 423/772/328 422/773/329 420/771/327
f 423/772/328 425/774/330 424/775/331 422/773/329
f 425/774/330 411/776/332 410/777/333 424/775/331
f 421/778/326 417/779/321 426/780/334
f 413/781/335 415/764/320 414/767/323 412/782/336
f 411/783/332 413/781/335 412/782/336 410/784/333
f 416/785/322 420/786/327 427/787/337
f 413/788/335 411/789/332 425/790/330
f 425/790/330 423/791/328 421/778/326
f 421/778/326 419/792/324 417/779/321
f 417/779/321 415/793/320 413/788/335
f 413/788/335 425/790/330 426/780/334
f 424/794/331 410/795/333 412/796/336
f 412/796/336 414/797/323 416/785/322
f 416/785/322 418/798/325 420/786/327
f 420/786/327 422/799/329 424/794/331
f 424/794/331 412/796/336 427/787/337
f 426/780/334 417/779/321 413/788/335
f 426/780/334 425/790/330 421/778/326
f 427/787/337 412/796/336 416/785/322
f 427/787/337 420/786/327 424/794/331
f 433/800/338 435/801/339 434/802/340 432/803/341
f 435/801/339 437/804/342 436/805/343 434/802/340
f 437/804/342 439/806/344 438/807/345 436/805/343
f 439/806/344 441/808/346 440/809/347 438/807/345
f 441/808/346 443/810/348 442/811/349 440/809/347
f 443/810/348 429/812/350 428/813/351 442/811/349
f 439/814/344 435/815/339 444/816/352
f 431/817/353 433/800/338 432/803/341 430/818/354
f 429/819/350 431/817/353 430/818/354 428/820/351
f 434/821/340 438/822/345 445/823/355
f 431/824/353 429/825/350 443/826/348
f 443/826/348 441/827/346 439/814/344
f 439/814/344 437/828/342 435/815/339
f 435/815/339 433/829/338 431/824/353
f 431/824/353 443/826/348 444/816/352
f 442/830/349 428/831/351 430/832/354
f 430/832/354 432/833/341 434/821/340
f 434/821/340 436/834/343 438/822/345
f 438/822/345 440/835/347 442/830/349
f 442/830/349 430/832/354 445/823/355
f 444/816/352 435/815/339 431/824/353
f 444/816/352 443/826/348 439/814/344
f 445/823/355 430/832/354 434/821/340
f 445/823/355 438/822/345 442/830/349
f 451/836/356 453/837/357 452/838/358 450/839/359
f 453/837/357 455/840/360 454/841/361 452/838/358
f 455/840/360 457/842/362 456/843/363 454/841/361
f 457/842/362 459/844/364 458/845/365 456/843/363
f 459/844/364 461/846/366 460/847/367 458/845/365
f 461/846/366 447/848/368 446/849/369 460/847/367
f 457/850/362 453/851/357 462/852/370
f 449/853/371 451/836/356 450/839/359 448/854/372
f 447/855/368 449/853/371 448/854/372 446/856/369
f 452/857/358 456/858/363 463/859/373
f 449/860/371 447/861/368 461/862/366
f 461/862/366 459/863/364 457/850/362
f 457/850/362 455/864/360 453/851/357
f 453/851/357 451/865/356 449/860/371
f 449/860/371 461/862/366 462/852/370
f 460/866/367 446/867/369 448/868/372
f 448/868/372 450/869/359 452/857/358
f 452/857/358 454/870/361 456/858/363
f 456/858/363 458/871/365 460/866/367
f 460/866/367 448/868/372 463/859/373
f 462/852/370 453/851/357 449/860/371
f 462/852/370 461/862/366 457/850/362
f 463/859/373 448/868/372 452/857/358
f 463/859/373 456/858/363 460/866/367
f 469/872/338 471/873/339 470/874/340 468/875/341
f 471/873/339 473/876/342 472/877/343 470/874/340
f 473/876/342 475/878/344 474/879/345 472/877/343
f 475/878/344 477/880/346 476/881/347 474/879/345
f 477/880/346 479/882/348 478/883/349 476/881/347
f 479/882/348 465/884/350 464/885/374 478/883/349
f 475/886/344 471/887/339 480/888/352
f 467/889/353 469/872/338 468/875/341 466/890/354
f 465/891/350 467/889/353 466/890/354 464/892/374
f 470/893/340 474/894/345 481/895/355
f 467/896/353 465/897/350 479/898/348
f 479/898/348 477/899/346 475/886/344
f 475/886/344 473/900/342 471/887/339
f 471/887/339 469/901/338 467/896/353
f 467/896/353 479/898/348 480/888/352
f 478/902/349 464/903/374 466/904/354
f 466/904/354 468/905/341 470/893/340
f 470/893/340 472/906/343 474/894/345
f 474/894/345 476/907/347 478/902/349
f 478/902/349 466/904/354 481/895/355
f 480/888/352 471/887/339 467/896/353
f 480/888/352 479/898/348 475/886/344
f 481/895/355 466/904/354 470/893/340
f 481/895/355 474/894/345 478/902/349
f 487/908/338 489/909/339 488/910/340 486/911/341
f 489/909/339 491/912/342 490/913/343 488/910/340
f 491/912/342 493/914/344 492/915/345 490/913/343
f 493/914/344 495/916/346 494/917/347 492/915/345
f 495/916/346 497/918/348 496/919/349 494/917/347
f 497/918/348 483/920/350 482/921/374 496/919/349
f 493/922/344 489/923/339 498/924/352
f 485/925/353 487/908/338 486/911/341 484/926/354
f 483/927/350 485/925/353 484/926/354 482/928/374
f 488/929/340 492/930/345 499/931/355
f 485/932/353 483/933/350 497/934/348
f 497/934/348 495/935/346 493/922/344
f 493/922/344 491/936/342 489/923/339
f 489/923/339 487/937/338 485/932/353
f 485/932/353 497/934/348 498/924/352
f 496/938/349 482/939/374 484/940/354
f 484/940/354 486/941/341 488/929/340
f 488/929/340 490/942/343 492/930/345
f 492/930/345 494/943/347 496/938/349
f 496/938/349 484/940/354 499/931/355
f 498/924/352 489/923/339 485/932/353
f 498/924/352 497/934/348 493/922/344
f 499/931/355 484/940/354 488/929/340
f 499/931/355 492/930/345 496/938/349
f 505/944/338 507/945/339 506/946/340 504/947/341
f 507/945/339 509/948/342 508/949/343 506/946/340
f 509/948/342 511/950/344 510/951/345 508/949/343
f 511/950/344 513/952/346 512/953/347 510/951/345
f 513/952/346 515/954/348 514/955/349 512/953/347
f 515/954/348 501/956/350 500/957/374 514/955/349
f 511/958/344 507/959/339 516/960/352
f 503/961/353 505/944/338 504/947/341 502/962/354
f 501/963/350 503/961/353 502/962/354 500/964/374
f 506/965/340 510/966/345 517/967/355
f 503/968/353 501/969/350 515/970/348
f 515/970/348 513/971/346 511/958/344
f 511/958/344 509/972/342 507/959/339
f 507/959/339 505/973/338 503/968/353
f 503/968/353 515/970/348 516/960/352
f 514/974/349 500/975/374 502/976/354
f 502/976/354 504/977/341 506/965/340
f 506/965/340 508/978/343 510/966/345
f 510/966/345 512/979/347 514/974/349
f 514/974/349 502/976/354 517/967/355
f 516/960/352 507/959/339 503/968/353
f 516/960/352 515/970/348 511/958/344
f 517/967/355 502/976/354 506/965/340
f 517/967/355 510/966/345 514/974/349
f 523/980/338 525/981/339 524/982/340 522/983/341
f 525/981/339 527/984/342 526/985/343 524/982/340
f 527/984/342 529/986/344 528/987/345 526/985/343
f 529/986/344 531/988/346 530/989/347 528/987/345
f 531/988/346 533/990/348 532/991/349 530/989/347
f 533/990/348 519/992/350 518/993/374 532/991/349
f 529/994/344 525/995/339 534/996/352
f 521/997/353 523/980/338 522/983/341 520/998/354
f 519/999/350 521/997/353 520/998/354 518/1000/374
f 524/1001/340 528/1002/345 535/1003/355
f 521/1004/353 519/1005/350 533/1006/348
f 533/1006/348 531/1007/346 529/994/344
f 529/994/344 527/1008/342 525/995/339
f 525/995/339 523/1009/338 521/1004/353
f 521/1004/353 533/1006/348 534/996/352
f 532/1010/349 518/1011/374 520/1012/354
f 520/1012/354 522/1013/341 524/1001/340
f 524/1001/340 526/1014/343 528/1002/345
f 528/1002/345 530/1015/347 532/1010/349
f 532/1010/349 520/1012/354 535/1003/355
f 534/996/352 525/995/339 521/1004/353
f 534/996/352 533/1006/348 529/994/344
f 535/1003/355 520/1012/354 524/1001/340
f 535/1003/355 528/1002/345 532/1010/349
f 541/1016/338 543/1017/339 542/1018/340 540/1019/341
f 543/1017/339 545/1020/342 544/1021/343 542/1018/340
f 545/1020/342 547/1022/344 546/1023/345 544/1021/343
f 547/1022/344 549/1024/346 548/1025/347 546/1023/345
f 549/1024/346 551/1026/348 550/1027/349 548/1025/347
f 551/1026/348 537/1028/350 536/1029/374 550/1027/349
f 547/1030/344 543/1031/339 552/1032/352
f 539/1033/353 541/1016/338 540/1019/341 538/1034/354
f 537/1035/350 539/1033/353 538/1034/354 536/1036/374
f 542/1037/340 546/1038/345 553/1039/355
f 539/1040/353 537/1041/350 551/1042/348
f 551/1042/348 549/1043/346 547/1030/344
f 547/1030/344 545/1044/342 543/1031/339
f 543/1031/339 541/1045/338 539/1040/353
f 539/1040/353 551/1042/348 552/1032/352
f 550/1046/349 536/1047/374 538/1048/354
f 538/1048/354 540/1049/341 542/1037/340
f 542/1037/340 544/1050/343 546/1038/345
f 546/1038/345 548/1051/347 550/1046/349
f 550/1046/349 538/1048/354 553/1039/355
f 552/1032/352 543/1031/339 539/1040/353
f 552/1032/352 551/1042/348 547/1030/344
f 553/1039/355 538/1048/354 542/1037/340
f 553/1039/355 546/1038/345 550/1046/349
f 559/1052/375 561/1053/376 560/1054/377 558/1055/378
f 561/1053/376 563/1056/379 562/1057/380 560/1054/377
f 563/1056/379 565/1058/381 564/1059/382 562/1057/380
f 565/1058/381 567/1060/383 566/1061/384 564/1059/382
f 567/1060/383 569/1062/385 568/1063/386 566/1061/384
f 569/1062/385 555/1064/387 554/1065/388 568/1063/386
f 565/1066/381 561/1067/376 570/1068/389
f 557/1069/390 559/1052/375 558/1055/378 556/1070/391
f 555/1071/387 557/1069/390 556/1070/391 554/1072/388
f 560/1073/377 564/1074/382 571/1075/392
f 557/1076/390 555/1077/387 569/1078/385
f 569/1078/385 567/1079/383 565/1066/381
f 565/1066/381 563/1080/379 561/1067/376
f 561/1067/376 559/1081/375 557/1076/390
f 557/1076/390 569/1078/385 570/1068/389
f 568/1082/386 554/1083/388 556/1084/391
f 556/1084/391 558/1085/378 560/1073/377
f 560/1073/377 562/1086/380 564/1074/382
f 564/1074/382 566/1087/384 568/1082/386
f 568/1082/386 556/1084/391 571/1075/392
f 570/1068/389 561/1067/376 557/1076/390
f 570/1068/389 569/1078/385 565/1066/381
f 571/1075/392 556/1084/391 560/1073/377
f 571/1075/392 564/1074/382 568/1082/386
f 577/1088/393 579/1089/394 578/1090/395 576/1091/396
f 579/1089/394 581/1092/397 580/1093/398 578/1090/395
f 581/1092/397 583/1094/399 582/1095/400 580/1093/398
f 583/1094/399 585/1096/401 584/1097/402 582/1095/400
f 585/1096/401 587/1098/403 586/1099/404 584/1097/402
f 587/1098/403 573/1100/405 572/1101/406 586/1099/404
f 583/1102/399 579/1103/394 588/1104/407
f 575/1105/408 577/1088/393 576/1091/396 574/1106/409
f 573/1107/405 575/1105/408 574/1106/409 572/1108/406
f 578/1109/395 582/1110/400 589/1111/410
f 575/1112/408 573/1113/405 587/1114/403
f 587/1114/403 585/1115/401 583/1102/399
f 583/1102/399 581/1116/397 579/1103/394
f 579/1103/394 577/1117/393 575/1112/408
f 575/1112/408 587/1114/403 588/1104/407
f 586/1118/404 572/1119/406 574/1120/409
f 574/1120/409 576/1121/396 578/1109/395
f 578/1109/395 580/1122/398 582/1110/400
f 582/1110/400 584/1123/402 586/1118/404
f 586/1118/404 574/1120/409 589/1111/410
f 588/1104/407 579/1103/394 575/1112/408
f 588/1104/407 587/1114/403 583/1102/399
f 589/1111/410 574/1120/409 578/1109/395
f 589/1111/410 582/1110/400 586/1118/404
f 595/1124/393 597/1125/394 596/1126/395 594/1127/396
f 597/1125/394 599/1128/397 598/1129/398 596/1126/395
f 599/1128/397 601/1130/399 600/1131/400 598/1129/398
f 601/1130/399 603/1132/401 602/1133/402 600/1131/400
f 603/1132/401 605/1134/403 604/1135/404 602/1133/402
f 605/1134/403 591/1136/405 590/1137/406 604/1135/404
f 601/1138/399 597/1139/394 606/1140/407
f 593/1141/408 595/1124/393 594/1127/396 592/1142/409
f 591/1143/405 593/1141/408 592/1142/409 590/1144/406
f 596/1145/395 600/1146/400 607/1147/410
f 593/1148/408 591/1149/405 605/1150/403
f 605/1150/403 603/1151/401 601/1138/399
f 601/1138/399 599/1152/397 597/1139/394
f 597/1139/394 595/1153/393 593/1148/408
f 593/1148/408 605/1150/403 606/1140/407
f 604/1154/404 590/1155/406 592/1156/409
f 592/1156/409 594/1157/396 596/1145/395
f 596/1145/395 598/1158/398 600/1146/400
f 600/1146/400 602/1159/402 604/1154/404
f 604/1154/404 592/1156/409 607/1147/410
f 606/1140/407 597/1139/394 593/1148/408
f 606/1140/407 605/1150/403 601/1138/399
f 607/1147/410 592/1156/409 596/1145/395
f 607/1147/410 600/1146/400 604/1154/404
f 613/1160/411 615/1161/412 614/1162/413 612/1163/414
f 615/1161/412 617/1164/415 616/1165/416 614/1162/413
f 617/1164/415 619/1166/417 618/1167/418 616/1165/416
f 619/1166/417 621/1168/419 620/1169/420 618/1167/418
f 621/1168/419 623/1170/421 622/1171/422 620/1169/420
f 623/1170/421 609/1172/423 608/1173/424 622/1171/422
f 619/1174/417 615/1175/412 624/1176/425
f 611/1177/426 613/1160/411 612/1163/414 610/1178/427
f 609/1179/423 611/1177/426 610/1178/427 608/1180/424
f 614/1181/413 618/1182/418 625/1183/428
f 611/1184/426 609/1185/423 623/1186/421
f 623/1186/421 621/1187/419 619/1174/417
f 619/1174/417 617/1188/415 615/1175/412
f 615/1175/412 613/1189/411 611/1184/426
f 611/1184/426 623/1186/421 624/1176/425
f 622/1190/422 608/1191/424 610/1192/427
f 610/1192/427 612/1193/414 614/1181/413
f 614/1181/413 616/1194/416 618/1182/418
f 618/1182/418 620/1195/420 622/1190/422
f 622/1190/422 610/1192/427 625/1183/428
f 624/1176/425 615/1175/412 611/1184/426
f 624/1176/425 623/1186/421 619/1174/417
f 625/1183/428 610/1192/427 614/1181/413
f 625/1183/428 618/1182/418 622/1190/422
f 631/1196/429 633/1197/430 632/1198/431 630/1199/432
f 633/1197/430 635/1200/433 634/1201/434 632/1198/431
f 635/1200/433 637/1202/435 636/1203/436 634/1201/434
f 637/1202/435 639/1204/437 638/1205/438 636/1203/436
f 639/1204/437 641/1206/439 640/1207/440 638/1205/438
f 641/1206/439 627/1208/441 626/1209/442 640/1207/440
f 637/1210/435 633/1211/430 642/1212/443
f 629/1213/444 631/1196/429 630/1199/432 628/1214/445
f 627/1215/441 629/1213/444 628/1214/445 626/1216/442
f 632/1217/431 636/1218/436 643/1219/446
f 629/1220/444 627/1221/441 641/1222/439
f 641/1222/439 639/1223/437 637/1210/435
f 637/1210/435 635/1224/433 633/1211/430
f 633/1211/430 631/1225/429 629/1220/444
f 629/1220/444 641/1222/439 642/1212/443
f 640/1226/440 626/1227/442 628/1228/445
f 628/1228/445 630/1229/432 632/1217/431
f 632/1217/431 634/1230/434 636/1218/436
f 636/1218/436 638/1231/438 640/1226/440
f 640/1226/440 628/1228/445 643/1219/446
f 642/1212/443 633/1211/430 629/1220/444
f 642/1212/443 641/1222/439 637/1210/435
f 643/1219/446 628/1228/445 632/1217/431
f 643/1219/446 636/1218/436 640/1226/440
f 649/1232/447 651/1233/448 650/1234/449 648/1235/450
f 651/1233/448 653/1236/451 652/1237/452 650/1234/449
f 653/1236/451 655/1238/453 654/1239/454 652/1237/452
f 655/1238/453 657/1240/455 656/1241/456 654/1239/454
f 657/1240/455 659/1242/457 658/1243/458 656/1241/456
f 659/1242/457 645/1244/459 644/1245/460 658/1243/458
f 655/1246/453 651/1247/448 660/1248/461
f 647/1249/462 649/1232/447 648/1235/450 646/1250/463
f 645/1251/459 647/1249/462 646/1250/463 644/1252/460
f 650/1253/449 654/1254/454 661/1255/464
f 647/1256/462 645/1257/459 659/1258/457
f 659/1258/457 657/1259/455 655/1246/453
f 655/1246/453 653/1260/451 651/1247/448
f 651/1247/448 649/1261/447 647/1256/462
f 647/1256/462 659/1258/457 660/1248/461
f 658/1262/458 644/1263/460 646/1264/463
f 646/1264/463 648/1265/450 650/1253/449
f 650/1253/449 652/1266/452 654/1254/454
f 654/1254/454 656/1267/456 658/1262/458
f 658/1262/458 646/1264/463 661/1255/464
f 660/1248/461 651/1247/448 647/1256/462
f 660/1248/461 659/1258/457 655/1246/453
f 661/1255/464 646/1264/463 650/1253/449
f 661/1255/464 654/1254/454 658/1262/458
f 667/1268/465 669/1269/466 668/1270/467 666/1271/468
f 669/1269/466 671/1272/469 670/1273/470 668/1270/467
f 671/1272/469 673/1274/471 672/1275/472 670/1273/470
f 673/1274/471 675/1276/473 674/1277/474 672/1275/472
f 675/1276/473 677/1278/475 676/1279/476 674/1277/474
f 677/1278/475 663/1280/477 662/1281/478 676/1279/476
f 673/1282/471 669/1283/466 678/1284/479
f 665/1285/480 667/1268/465 666/1271/468 664/1286/481
f 663/1287/477 665/1285/480 664/1286/481 662/1288/478
f 668/1289/467 672/1290/472 679/1291/482
f 665/1292/480 663/1293/477 677/1294/475
f 677/1294/475 675/1295/473 673/1282/471
f 673/1282/471 671/1296/469 669/1283/466
f 669/1283/466 667/1297/465 665/1292/480
f 665/1292/480 677/1294/475 678/1284/479
f 676/1298/476 662/1299/478 664/1300/481
f 664/1300/481 666/1301/468 668/1289/467
f 668/1289/467 670/1302/470 672/1290/472
f 672/1290/472 674/1303/474 676/1298/476
f 676/1298/476 664/1300/481 679/1291/482
f 678/1284/479 669/1283/466 665/1292/480
f 678/1284/479 677/1294/475 673/1282/471
f 679/1291/482 664/1300/481 668/1289/467
f 679/1291/482 672/1290/472 676/1298/476
f 685/1304/483 687/1305/484 686/1306/485 684/1307/486
f 687/1305/484 689/1308/487 688/1309/488 686/1306/485
f 689/1308/487 691/1310/489 690/1311/490 688/1309/488
f 691/1310/489 693/1312/491 692/1313/492 690/1311/490
f 693/1312/491 695/1314/493 694/1315/494 692/1313/492
f 695/1314/493 681/1316/495 680/1317/496 694/1315/494
f 691/1318/489 687/1319/484 696/1320/497
f 683/1321/498 685/1304/483 684/1307/486 682/1322/499
f 681/1323/495 683/1321/498 682/1322/499 680/1324/496
f 686/1325/485 690/1326/490 697/1327/500
f 683/1328/498 681/1329/495 695/1330/493
f 695/1330/493 693/1331/491 691/1318/489
f 691/1318/489 689/1332/487 687/1319/484
f 687/1319/484 685/1333/483 683/1328/498
f 683/1328/498 695/1330/493 696/1320/497
f 694/1334/494 680/1335/496 682/1336/499
f 682/1336/499 684/1337/486 686/1325/485
f 686/1325/485 688/1338/488 690/1326/490
f 690/1326/490 692/1339/492 694/1334/494
f 694/1334/494 682/1336/499 697/1327/500
f 696/1320/497 687/1319/484 683/1328/498
f 696/1320/497 695/1330/493 691/1318/489
f 697/1327/500 682/1336/499 686/1325/485
f 697/1327/500 690/1326/490 694/1334/494
f 703/1340/501 705/1341/502 704/1342/503 702/1343/504
f 705/1341/502 707/1344/505 706/1345/506 704/1342/503
f 707/1344/505 709/1346/507 708/1347/508 706/1345/506
f 709/1346/507 711/1348/509 710/1349/510 708/1347/508
f 711/1348/509 713/1350/511 712/1351/512 710/1349/510
f 713/1350/511 699/1352/513 698/1353/514 712/1351/512
f 709/1354/507 705/1355/502 714/1356/515
f 701/1357/516 703/1340/501 702/1343/504 700/1358/517
f 699/1359/513 701/1357/516 700/1358/517 698/1360/514
f 704/1361/503 708/1362/508 715/1363/518
f 701/1364/516 699/1365/513 713/1366/511
f 713/1366/511 711/1367/509 709/1354/507
f 709/1354/507 707/1368/505 705/1355/502
f 705/1355/502 703/1369/501 701/1364/516
f 701/1364/516 713/1366/511 714/1356/515
f 712/1370/512 698/1371/514 700/1372/517
f 700/1372/517 702/1373/504 704/1361/503
f 704/1361/503 706/1374/506 708/1362/508
f 708/1362/508 710/1375/510 712/1370/512
f 712/1370/512 700/1372/517 715/1363/518
f 714/1356/515 705/1355/502 701/1364/516
f 714/1356/515 713/1366/511 709/1354/507
f 715/1363/518 700/1372/517 704/1361/503
f 715/1363/518 708/1362/508 712/1370/512
f 721/1376/519 723/1377/520 722/1378/521 720/1379/522
f 723/1377/520 725/1380/523 724/1381/524 722/1378/521
f 725/1380/523 727/1382/525 726/1383/526 724/1381/524
f 727/1382/525 729/1384/527 728/1385/528 726/1383/526
f 729/1384/527 731/1386/529 730/1387/530 728/1385/528
f 731/1386/529 717/1388/531 716/1389/532 730/1387/530
f 727/1390/525 723/1391/520 732/1392/533
f 719/1393/534 721/1376/519 720/1379/522 718/1394/535
f 717/1395/531 719/1393/534 718/1394/535 716/1396/532
f 722/1397/521 726/1398/526 733/1399/536
f 719/1400/534 717/1401/531 731/1402/529
f 731/1402/529 729/1403/527 727/1390/525
f 727/1390/525 725/1404/523 723/1391/520
f 723/1391/520 721/1405/519 719/1400/534
f 719/1400/534 731/1402/529 732/1392/533
f 730/1406/530 716/1407/532 718/1408/535
f 718/1408/535 720/1409/522 722/1397/521
f 722/1397/521 724/1410/524 726/1398/526
f 726/1398/526 728/1411/528 730/1406/530
f 730/1406/530 718/1408/535 733/1399/536
f 732/1392/533 723/1391/520 719/1400/534
f 732/1392/533 731/1402/529 727/1390/525
f 733/1399/536 718/1408/535 722/1397/521
f 733/1399/536 726/1398/526 730/1406/530
f 739/1412/519 741/1413/520 740/1414/521 738/1415/522
f 741/1413/520 743/1416/523 742/1417/524 740/1414/521
f 743/1416/523 745/1418/525 744/1419/526 742/1417/524
f 745/1418/525 747/1420/527 746/1421/528 744/1419/526
f 747/1420/527 749/1422/537 748/1423/530 746/1421/528
f 749/1422/537 735/1424/531 734/1425/532 748/1423/530
f 745/1426/525 741/1427/520 750/1428/533
f 737/1429/534 739/1412/519 738/1415/522 736/1430/535
f 735/1431/531 737/1429/534 736/1430/535 734/1432/532
f 740/1433/521 744/1434/526 751/1435/536
f 737/1436/534 735/1437/531 749/1438/537
f 749/1438/537 747/1439/527 745/1426/525
f 745/1426/525 743/1440/523 741/1427/520
f 741/1427/520 739/1441/519 737/1436/534
f 737/1436/534 749/1438/537 750/1428/533
f 748/1442/530 734/1443/532 736/1444/535
f 736/1444/535 738/1445/522 740/1433/521
f 740/1433/521 742/1446/524 744/1434/526
f 744/1434/526 746/1447/528 748/1442/530
f 748/1442/530 736/1444/535 751/1435/536
f 750/1428/533 741/1427/520 737/1436/534
f 750/1428/533 749/1438/537 745/1426/525
f 751/1435/536 736/1444/535 740/1433/521
f 751/1435/536 744/1434/526 748/1442/530
f 757/1448/538 759/1449/539 758/1450/540 756/1451/541
f 759/1449/539 761/1452/542 760/1453/543 758/1450/540
f 761/1452/542 763/1454/544 762/1455/545 760/1453/543
f 763/1454/544 765/1456/546 764/1457/547 762/1455/545
f 765/1456/546 767/1458/548 766/1459/549 764/1457/547
f 767/1458/548 753/1460/550 752/1461/551 766/1459/549
f 763/1462/544 759/1463/539 768/1464/552
f 755/1465/553 757/1448/538 756/1451/541 754/1466/554
f 753/1467/550 755/1465/553 754/1466/554 752/1468/551
f 758/1469/540 762/1470/545 769/1471/555
f 755/1472/553 753/1473/550 767/1474/548
f 767/1474/548 765/1475/546 763/1462/544
f 763/1462/544 761/1476/542 759/1463/539
f 759/1463/539 757/1477/538 755/1472/553
f 755/1472/553 767/1474/548 768/1464/552
f 766/1478/549 752/1479/551 754/1480/554
f 754/1480/554 756/1481/541 758/1469/540
f 758/1469/540 760/1482/543 762/1470/545
f 762/1470/545 764/1483/547 766/1478/549
f 766/1478/549 754/1480/554 769/1471/555
f 768/1464/552 759/1463/539 755/1472/553
f 768/1464/552 767/1474/548 763/1462/544
f 769/1471/555 754/1480/554 758/1469/540
f 769/1471/555 762/1470/545 766/1478/549
f 775/1484/556 777/1485/557 776/1486/558 774/1487/559
f 777/1485/557 779/1488/560 778/1489/561 776/1486/558
f 779/1488/560 781/1490/562 780/1491/563 778/1489/561
f 781/1490/562 783/1492/564 782/1493/565 780/1491/563
f 783/1492/564 785/1494/566 784/1495/567 782/1493/565
f 785/1494/566 771/1496/568 770/1497/569 784/1495/567
f 781/1498/562 777/1499/557 786/1500/570
f 773/1501/571 775/1484/556 774/1487/559 772/1502/572
f 771/1503/568 773/1501/571 772/1502/572 770/1504/569
f 776/1505/558 780/1506/563 787/1507/573
f 773/1508/571 771/1509/568 785/1510/566
f 785/1510/566 783/1511/564 781/1498/562
f 781/1498/562 779/1512/560 777/1499/557
f 777/1499/557 775/1513/556 773/1508/571
f 773/1508/571 785/1510/566 786/1500/570
f 784/1514/567 770/1515/569 772/1516/572
f 772/1516/572 774/1517/559 776/1505/558
f 776/1505/558 778/1518/561 780/1506/563
f 780/1506/563 782/1519/565 784/1514/567
f 784/1514/567 772/1516/572 787/1507/573
f 786/1500/570 777/1499/557 773/1508/571
f 786/1500/570 785/1510/566 781/1498/562
f 787/1507/573 772/1516/572 776/1505/558
f 787/1507/573 780/1506/563 784/1514/567
f 793/1520/574 795/1521/575 794/1522/576 792/1523/577
f 795/1521/575 797/1524/578 796/1525/579 794/1522/576
f 797/1524/578 799/1526/580 798/1527/581 796/1525/579
f 799/1526/580 801/1528/582 800/1529/583 798/1527/581
f 801/1528/582 803/1530/584 802/1531/585 800/1529/583
f 803/1530/584 789/1532/586 788/1533/587 802/1531/585
f 799/1534/580 795/1535/575 804/1536/588
f 791/1537/589 793/1520/574 792/1523/577 790/1538/590
f 789/1539/586 791/1537/589 790/1538/590 788/1540/587
f 794/1541/576 798/1542/581 805/1543/591
f 791/1544/589 789/1545/586 803/1546/584
f 803/1546/584 801/1547/582 799/1534/580
f 799/1534/580 797/1548/578 795/1535/575
f 795/1535/575 793/1549/574 791/1544/589
f 791/1544/589 803/1546/584 804/1536/588
f 802/1550/585 788/1551/587 790/1552/590
f 790/1552/590 792/1553/577 794/1541/576
f 794/1541/576 796/1554/579 798/1542/581
f 798/1542/581 800/1555/583 802/1550/585
f 802/1550/585 790/1552/590 805/1543/591
f 804/1536/588 795/1535/575 791/1544/589
f 804/1536/588 803/1546/584 799/1534/580
f 805/1543/591 790/1552/590 794/1541/576
f 805/1543/591 798/1542/581 802/1550/585
f 811/1556/592 813/1557/593 812/1558/594 810/1559/595
f 813/1557/593 815/1560/596 814/1561/597 812/1558/594
f 815/1560/596 817/1562/598 816/1563/599 814/1561/597
f 817/1562/598 819/1564/600 818/1565/601 816/1563/599
f 819/1564/600 821/1566/602 820/1567/603 818/1565/601
f 821/1566/602 807/1568/604 806/1569/605 820/1567/603
f 817/1570/598 813/1571/593 822/1572/606
f 809/1573/607 811/1556/592 810/1559/595 808/1574/608
f 807/1575/604 809/1573/607 808/1574/608 806/1576/605
f 812/1577/594 816/1578/599 823/1579/609
f 809/1580/607 807/1581/604 821/1582/602
f 821/1582/602 819/1583/600 817/1570/598
f 817/1570/598 815/1584/596 813/1571/593
f 813/1571/593 811/1585/592 809/1580/607
f 809/1580/607 821/1582/602 822/1572/606
f 820/1586/603 806/1587/605 808/1588/608
f 808/1588/608 810/1589/595 812/1577/594
f 812/1577/594 814/1590/597 816/1578/599
f 816/1578/599 818/1591/601 820/1586/603
f 820/1586/603 808/1588/608 823/1579/609
f 822/1572/606 813/1571/593 809/1580/607
f 822/1572/606 821/1582/602 817/1570/598
f 823/1579/609 808/1588/608 812/1577/594
f 823/1579/609 816/1578/599 820/1586/603
f 829/1592/610 831/1593/611 830/1594/612 828/1595/613
f 831/1593/611 833/1596/614 832/1597/615 830/1594/612
f 833/1596/614 835/1598/616 834/1599/617 832/1597/615
f 835/1598/616 837/1600/618 836/1601/619 834/1599/617
f 837/1600/618 839/1602/620 838/1603/621 836/1601/619
f 839/1602/620 825/1604/622 824/1605/623 838/1603/621
f 835/1606/616 831/1607/611 840/1608/624
f 827/1609/625 829/1592/610 828/1595/613 826/1610/626
f 825/1611/622 827/1609/625 826/1610/626 824/1612/623
f 830/1613/612 834/1614/617 841/1615/627
f 827/1616/625 825/1617/622 839/1618/620
f 839/1618/620 837/1619/618 835/1606/616
f 835/1606/616 833/1620/614 831/1607/611
f 831/1607/611 829/1621/610 827/1616/625
f 827/1616/625 839/1618/620 840/1608/624
f 838/1622/621 824/1623/623 826/1624/626
f 826/1624/626 828/1625/613 830/1613/612
f 830/1613/612 832/1626/615 834/1614/617
f 834/1614/617 836/1627/619 838/1622/621
f 838/1622/621 826/1624/626 841/1615/627
f 840/1608/624 831/1607/611 827/1616/625
f 840/1608/624 839/1618/620 835/1606/616
f 841/1615/627 826/1624/626 830/1613/612
f 841/1615/627 834/1614/617 838/1622/621
f 847/1628/628 849/1629/629 848/1630/630 846/1631/631
f 849/1629/629 851/1632/632 850/1633/633 848/1630/630
f 851/1632/632 853/1634/634 852/1635/635 850/1633/633
f 853/1634/634 855/1636/636 854/1637/637 852/1635/635
f 855/1636/636 857/1638/638 856/1639/639 854/1637/637
f 857/1638/638 843/1640/640 842/1641/641 856/1639/639
f 853/1642/634 849/1643/629 858/1644/642
f 845/1645/643 847/1628/628 846/1631/631 844/1646/644
f 843/1647/640 845/1645/643 844/1646/644 842/1648/641
f 848/1649/630 852/1650/635 859/1651/645
f 845/1652/643 843/1653/640 857/1654/638
f 857/1654/638 855/1655/636 853/1642/634
f 853/1642/634 851/1656/632 849/1643/629
f 849/1643/629 847/1657/628 845/1652/643
f 845/1652/643 857/1654/638 858/1644/642
f 856/1658/639 842/1659/641 844/1660/644
f 844/1660/644 846/1661/631 848/1649/630
f 848/1649/630 850/1662/633 852/1650/635
f 852/1650/635 854/1663/637 856/1658/639
f 856/1658/639 844/1660/644 859/1651/645
f 858/1644/642 849/1643/629 845/1652/643
f 858/1644/642 857/1654/638 853/1642/634
f 859/1651/645 844/1660/644 848/1649/630
f 859/1651/645 852/1650/635 856/1658/639
f 865/1664/646 867/1665/647 866/1666/648 864/1667/649
f 867/1665/647 869/1668/650 868/1669/651 866/1666/648
f 869/1668/650 871/1670/652 870/1671/653 868/1669/651
f 871/1670/652 873/1672/654 872/1673/655 870/1671/653
f 873/1672/654 875/1674/656 874/1675/657 872/1673/655
f 875/1674/656 861/1676/658 860/1677/659 874/1675/657
f 871/1678/652 867/1679/647 876/1680/660
f 863/1681/661 865/1664/646 864/1667/649 862/1682/662
f 861/1683/658 863/1681/661 862/1682/662 860/1684/659
f 866/1685/648 870/1686/653 877/1687/663
f 863/1688/661 861/1689/658 875/1690/656
f 875/1690/656 873/1691/654 871/1678/652
f 871/1678/652 869/1692/650 867/1679/647
f 867/1679/647 865/1693/646 863/1688/661
f 863/1688/661 875/1690/656 876/1680/660
f 874/1694/657 860/1695/659 862/1696/662
f 862/1696/662 864/1697/649 866/1685/648
f 866/1685/648 868/1698/651 870/1686/653
f 870/1686/653 872/1699/655 874/1694/657
f 874/1694/657 862/1696/662 877/1687/663
f 876/1680/660 867/1679/647 863/1688/661
f 876/1680/660 875/1690/656 871/1678/652
f 877/1687/663 862/1696/662 866/1685/648
f 877/1687/663 870/1686/653 874/1694/657
f 883/1700/664 885/1701/665 884/1702/666 882/1703/667
f 885/1701/665 887/1704/668 886/1705/669 884/1702/666
f 887/1704/668 889/1706/670 888/1707/671 886/1705/669
f 889/1706/670 891/1708/672 890/1709/673 888/1707/671
f 891/1708/672 893/1710/674 892/1711/675 890/1709/673
f 893/1710/674 879/1712/676 878/1713/677 892/1711/675
f 889/1714/670 885/1715/665 894/1716/678
f 881/1717/679 883/1700/664 882/1703/667 880/1718/680
f 879/1719/676 881/1717/679 880/1718/680 878/1720/677
f 884/1721/666 888/1722/671 895/1723/681
f 881/1724/679 879/1725/676 893/1726/674
f 893/1726/674 891/1727/672 889/1714/670
f 889/1714/670 887/1728/668 885/1715/665
f 885/1715/665 883/1729/664 881/1724/679
f 881/1724/679 893/1726/674 894/1716/678
f 892/1730/675 878/1731/677 880/1732/680
f 880/1732/680 882/1733/667 884/1721/666
f 884/1721/666 886/1734/669 888/1722/671
f 888/1722/671 890/1735/673 892/1730/675
f 892/1730/675 880/1732/680 895/1723/681
f 894/1716/678 885/1715/665 881/1724/679
f 894/1716/678 893/1726/674 889/1714/670
f 895/1723/681 880/1732/680 884/1721/666
f 895/1723/681 888/1722/671 892/1730/675
f 901/1736/682 903/1737/683 902/1738/684 900/1739/685
f 903/1737/683 905/1740/686 904/1741/687 902/1738/684
f 905/1740/686 907/1742/688 906/1743/689 904/1741/687
f 907/1742/688 909/1744/690 908/1745/691 906/1743/689
f 909/1744/690 911/1746/692 910/1747/693 908/1745/691
f 911/1746/692 897/1748/694 896/1749/695 910/1747/693
f 907/1750/688 903/1751/683 912/1752/696
f 899/1753/697 901/1736/682 900/1739/685 898/1754/698
f 897/1755/694 899/1753/697 898/1754/698 896/1756/695
f 902/1757/684 906/1758/689 913/1759/699
f 899/1760/697 897/1761/694 911/1762/692
f 911/1762/692 909/1763/690 907/1750/688
f 907/1750/688 905/1764/686 903/1751/683
f 903/1751/683 901/1765/682 899/1760/697
f 899/1760/697 911/1762/692 912/1752/696
f 910/1766/693 896/1767/695 898/1768/698
f 898/1768/698 900/1769/685 902/1757/684
f 902/1757/684 904/1770/687 906/1758/689
f 906/1758/689 908/1771/691 910/1766/693
f 910/1766/693 898/1768/698 913/1759/699
f 912/1752/696 903/1751/683 899/1760/697
f 912/1752/696 911/1762/692 907/1750/688
f 913/1759/699 898/1768/698 902/1757/684
f 913/1759/699 906/1758/689 910/1766/693
f 919/1772/700 921/1773/701 920/1774/702 918/1775/703
f 921/1773/701 923/1776/704 922/1777/705 920/1774/702
f 923/1776/704 925/1778/706 924/1779/707 922/1777/705
f 925/1778/706 927/1780/708 926/1781/709 924/1779/707
f 927/1780/708 929/1782/710 928/1783/711 926/1781/709
f 929/1782/710 915/1784/712 914/1785/713 928/1783/711
f 925/1786/706 921/1787/701 930/1788/714
f 917/1789/715 919/1772/700 918/1775/703 916/1790/716
f 915/1791/712 917/1789/715 916/1790/716 914/1792/713
f 920/1793/702 924/1794/707 931/1795/717
f 917/1796/715 915/1797/712 929/1798/710
f 929/1798/710 927/1799/708 925/1786/706
f 925/1786/706 923/1800/704 921/1787/701
f 921/1787/701 919/1801/700 917/1796/715
f 917/1796/715 929/1798/710 930/1788/714
f 928/1802/711 914/1803/713 916/1804/716
f 916/1804/716 918/1805/703 920/1793/702
f 920/1793/702 922/1806/705 924/1794/707
f 924/1794/707 926/1807/709 928/1802/711
f 928/1802/711 916/1804/716 931/1795/717
f 930/1788/714 921/1787/701 917/1796/715
f 930/1788/714 929/1798/710 925/1786/706
f 931/1795/717 916/1804/716 920/1793/702
f 931/1795/717 924/1794/707 928/1802/711
f 937/836/718 939/837/719 938/838/720 936/839/721
f 939/837/719 941/840/722 940/841/723 938/838/720
f 941/840/722 943/842/724 942/843/725 940/841/723
f 943/842/724 945/844/726 944/845/727 942/843/725
f 945/844/726 947/846/728 946/847/729 944/845/727
f 947/846/728 933/848/730 932/849/731 946/847/729
f 943/850/724 939/851/719 948/852/732
f 935/853/733 937/836/718 936/839/721 934/854/734
f 933/855/730 935/853/733 934/854/734 932/856/731
f 938/857/720 942/858/725 949/859/735
f 935/860/733 933/861/730 947/862/728
f 947/862/728 945/863/726 943/850/724
f 943/850/724 941/864/722 939/851/719
f 939/851/719 937/865/718 935/860/733
f 935/860/733 947/862/728 948/852/732
f 946/866/729 932/867/731 934/868/734
f 934/868/734 936/869/721 938/857/720
f 938/857/720 940/870/723 942/858/725
f 942/858/725 944/871/727 946/866/729
f 946/866/729 934/868/734 949/859/735
f 948/852/732 939/851/719 935/860/733
f 948/852/732 947/862/728 943/850/724
f 949/859/735 934/868/734 938/857/720
f 949/859/735 942/858/725 946/866/729
f 955/1808/736 957/1809/737 956/1810/738 954/1811/739
f 957/1809/737 959/1812/740 958/1813/741 956/1810/738
f 959/1812/740 961/1814/742 960/1815/743 958/1813/741
f 961/1814/742 963/1816/744 962/1817/745 960/1815/743
f 963/1816/744 965/1818/746 964/1819/747 962/1817/745
f 965/1818/746 951/1820/748 950/1821/749 964/1819/747
f 961/1822/742 957/1823/737 966/1824/750
f 953/1825/751 955/1808/736 954/1811/739 952/1826/752
f 951/1827/748 953/1825/751 952/1826/752 950/1828/749
f 956/1829/738 960/1830/743 967/1831/753
f 953/1832/751 951/1833/748 965/1834/746
f 965/1834/746 963/1835/744 961/1822/742
f 961/1822/742 959/1836/740 957/1823/737
f 957/1823/737 955/1837/736 953/1832/751
f 953/1832/751 965/1834/746 966/1824/750
f 964/1838/747 950/1839/749 952/1840/752
f 952/1840/752 954/1841/739 956/1829/738
f 956/1829/738 958/1842/741 960/1830/743
f 960/1830/743 962/1843/745 964/1838/747
f 964/1838/747 952/1840/752 967/1831/753
f 966/1824/750 957/1823/737 953/1832/751
f 966/1824/750 965/1834/746 961/1822/742
f 967/1831/753 952/1840/752 956/1829/738
f 967/1831/753 960/1830/743 964/1838/747
f 973/1844/754 975/1845/755 974/1846/756 972/1847/757
f 975/1845/755 977/1848/758 976/1849/759 974/1846/756
f 977/1848/758 979/1850/760 978/1851/761 976/1849/759
f 979/1850/760 981/1852/762 980/1853/763 978/1851/761
f 981/1852/762 983/1854/764 982/1855/765 980/1853/763
f 983/1854/764 969/1856/766 968/1857/767 982/1855/765
f 979/1858/760 975/1859/755 984/1860/768
f 971/1861/769 973/1844/754 972/1847/757 970/1862/770
f 969/1863/766 971/1861/769 970/1862/770 968/1864/767
f 974/1865/756 978/1866/761 985/1867/771
f 971/1868/769 969/1869/766 983/1870/764
f 983/1870/764 981/1871/762 979/1858/760
f 979/1858/760 977/1872/758 975/1859/755
f 975/1859/755 973/1873/754 971/1868/769
f 971/1868/769 983/1870/764 984/1860/768
f 982/1874/765 968/1875/767 970/1876/770
f 970/1876/770 972/1877/757 974/1865/756
f 974/1865/756 976/1878/759 978/1866/761
f 978/1866/761 980/1879/763 982/1874/765
f 982/1874/765 970/1876/770 985/1867/771
f 984/1860/768 975/1859/755 971/1868/769
f 984/1860/768 983/1870/764 979/1858/760
f 985/1867/771 970/1876/770 974/1865/756
f 985/1867/771 978/1866/761 982/1874/765
f 991/1880/772 993/1881/773 992/1882/774 990/1883/775
f 993/1881/773 995/1884/776 994/1885/777 992/1882/774
f 995/1884/776 997/1886/778 996/1887/779 994/1885/777
f 997/1886/778 999/1888/780 998/1889/781 996/1887/779
f 999/1888/780 1001/1890/782 1000/1891/783 998/1889/781
f 1001/1890/782 987/1892/784 986/1893/785 1000/1891/783
f 997/1894/778 993/1895/773 1002/1896/786
f 989/1897/787 991/1880/772 990/1883/775 988/1898/788
f 987/1899/784 989/1897/787 988/1898/788 986/1900/785
f 992/1901/774 996/1902/779 1003/1903/789
f 989/1904/787 987/1905/784 1001/1906/782
f 1001/1906/782 999/1907/780 997/1894/778
f 997/1894/778 995/1908/776 993/1895/773
f 993/1895/773 991/1909/772 989/1904/787
f 989/1904/787 1001/1906/782 1002/1896/786
f 1000/1910/783 986/1911/785 988/1912/788
f 988/1912/788 990/1913/775 992/1901/774
f 992/1901/774 994/1914/777 996/1902/779
f 996/1902/779 998/1915/781 1000/1910/783
f 1000/1910/783 988/1912/788 1003/1903/789
f 1002/1896/786 993/1895/773 989/1904/787
f 1002/1896/786 1001/1906/782 997/1894/778
f 1003/1903/789 988/1912/788 992/1901/774
f 1003/1903/789 996/1902/779 1000/1910/783
f 1009/1916/790 1011/1917/791 1010/1918/792 1008/1919/793
f 1011/1917/791 1013/1920/794 1012/1921/795 1010/1918/792
f 1013/1920/794 1015/1922/796 1014/1923/797 1012/1921/795
f 1015/1922/796 1017/1924/798 1016/1925/799 1014/1923/797
f 1017/1924/798 1019/1926/800 1018/1927/801 1016/1925/799
f 1019/1926/800 1005/1928/802 1004/1929/803 1018/1927/801
f 1015/1930/796 1011/1931/791 1020/1932/804
f 1007/1933/805 1009/1916/790 1008/1919/793 1006/1934/806
f 1005/1935/802 1007/1933/805 1006/1934/806 1004/1936/803
f 1010/1937/792 1014/1938/797 1021/1939/807
f 1007/1940/805 1005/1941/802 1019/1942/800
f 1019/1942/800 1017/1943/798 1015/1930/796
f 1015/1930/796 1013/1944/794 1011/1931/791
f 1011/1931/791 1009/1945/790 1007/1940/805
f 1007/1940/805 1019/1942/800 1020/1932/804
f 1018/1946/801 1004/1947/803 1006/1948/806
f 1006/1948/806 1008/1949/793 1010/1937/792
f 1010/1937/792 1012/1950/795 1014/1938/797
f 1014/1938/797 1016/1951/799 1018/1946/801
f 1018/1946/801 1006/1948/806 1021/1939/807
f 1020/1932/804 1011/1931/791 1007/1940/805
f 1020/1932/804 1019/1942/800 1015/1930/796
f 1021/1939/807 1006/1948/806 1010/1937/792
f 1021/1939/807 1014/1938/797 1018/1946/801
f 1027/1952/808 1029/1953/809 1028/1954/810 1026/1955/811
f 1029/1953/809 1031/1956/812 1030/1957/813 1028/1954/810
f 1031/1956/812 1033/1958/814 1032/1959/815 1030/1957/813
f 1033/1958/814 1035/1960/816 1034/1961/817 1032/1959/815
f 1035/1960/816 1037/1962/818 1036/1963/819 1034/1961/817
f 1037/1962/818 1023/1964/820 1022/1965/821 1036/1963/819
f 1033/1966/814 1029/1967/809 1038/1968/822
f 1025/1969/823 1027/1952/808 1026/1955/811 1024/1970/824
f 1023/1971/820 1025/1969/823 1024/1970/824 1022/1972/821
f 1028/1973/810 1032/1974/815 1039/1975/825
f 1025/1976/823 1023/1977/820 1037/1978/818
f 1037/1978/818 1035/1979/816 1033/1966/814
f 1033/1966/814 1031/1980/812 1029/1967/809
f 1029/1967/809 1027/1981/808 1025/1976/823
f 1025/1976/823 1037/1978/818 1038/1968/822
f 1036/1982/819 1022/1983/821 1024/1984/824
f 1024/1984/824 1026/1985/811 1028/1973/810
f 1028/1973/810 1030/1986/813 1032/1974/815
f 1032/1974/815 1034/1987/817 1036/1982/819
f 1036/1982/819 1024/1984/824 1039/1975/825
f 1038/1968/822 1029/1967/809 1025/1976/823
f 1038/1968/822 1037/1978/818 1033/1966/814
f 1039/1975/825 1024/1984/824 1028/1973/810
f 1039/1975/825 1032/1974/815 1036/1982/819
f 1045/1988/826 1047/1989/827 1046/1990/828 1044/1991/829
f 1047/1989/827 1049/1992/830 1048/1993/831 1046/1990/828
f 1049/1992/830 1051/1994/832 1050/1995/833 1048/1993/831
f 1051/1994/832 1053/1996/834 1052/1997/835 1050/1995/833
f 1053/1996/834 1055/1998/836 1054/1999/837 1052/1997/835
f 1055/1998/836 1041/2000/838 1040/2001/839 1054/1999/837
f 1051/2002/832 1047/2003/827 1056/2004/840
f 1043/2005/841 1045/1988/826 1044/1991/829 1042/2006/842
f 1041/2007/838 1043/2005/841 1042/2006/842 1040/2008/839
f 1046/2009/828 1050/2010/833 1057/2011/843
f 1043/2012/841 1041/2013/838 1055/2014/836
f 1055/2014/836 1053/2015/834 1051/2002/832
f 1051/2002/832 1049/2016/830 1047/2003/827
f 1047/2003/827 1045/2017/826 1043/2012/841
f 1043/2012/841 1055/2014/836 1056/2004/840
f 1054/2018/837 1040/2019/839 1042/2020/842
f 1042/2020/842 1044/2021/829 1046/2009/828
f 1046/2009/828 1048/2022/831 1050/2010/833
f 1050/2010/833 1052/2023/835 1054/2018/837
f 1054/2018/837 1042/2020/842 1057/2011/843
f 1056/2004/840 1047/2003/827 1043/2012/841
f 1056/2004/840 1055/2014/836 1051/2002/832
f 1057/2011/843 1042/2020/842 1046/2009/828
f 1057/2011/843 1050/2010/833 1054/2018/837
f 1063/2024/844 1065/2025/845 1064/2026/846 1062/2027/847
f 1065/2025/845 1067/2028/848 1066/2029/849 1064/2026/846
f 1067/2028/848 1069/2030/850 1068/2031/851 1066/2029/849
f 1069/2030/850 1071/2032/852 1070/2033/853 1068/2031/851
f 1071/2032/852 1073/2034/854 1072/2035/855 1070/2033/853
f 1073/2034/854 1059/2036/856 1058/2037/857 1072/2035/855
f 1069/2038/850 1065/2039/845 1074/2040/858
f 1061/2041/859 1063/2024/844 1062/2027/847 1060/2042/860
f 1059/2043/856 1061/2041/859 1060/2042/860 1058/2044/857
f 1064/2045/846 1068/2046/851 1075/2047/861
f 1061/2048/859 1059/2049/856 1073/2050/854
f 1073/2050/854 1071/2051/852 1069/2038/850
f 1069/2038/850 1067/2052/848 1065/2039/845
f 1065/2039/845 1063/2053/844 1061/2048/859
f 1061/2048/859 1073/2050/854 1074/2040/858
f 1072/2054/855 1058/2055/857 1060/2056/860
f 1060/2056/860 1062/2057/847 1064/2045/846
f 1064/2045/846 1066/2058/849 1068/2046/851
f 1068/2046/851 1070/2059/853 1072/2054/855
f 1072/2054/855 1060/2056/860 1075/2047/861
f 1074/2040/858 1065/2039/845 1061/2048/859
f 1074/2040/858 1073/2050/854 1069/2038/850
f 1075/2047/861 1060/2056/860 1064/2045/846
f 1075/2047/861 1068/2046/851 1072/2054/855
