# Blender 5.0.0
# www.blender.org
o Walls_-_First_Floor
v -5.038364 0.000000 -0.138585
v -24.878643 0.000000 1.929360
v -5.025323 0.000000 1.821301
v 5.005421 0.000000 -0.146058
v 4.984770 0.000000 1.647658
v -24.878643 8.062303 1.929360
v -5.025323 8.062303 1.821301
v -5.038364 8.062303 -0.138585
v 4.984770 8.062303 1.678050
v 5.005421 8.062303 -0.146058
v 24.762333 0.000000 -40.089886
v 24.811789 0.000000 1.662058
v 24.762333 8.062303 -40.089886
v -24.976446 0.000000 -37.836540
v -24.976446 8.062303 -37.836540
v -5.172393 0.000000 -24.810169
v -4.922395 0.000000 -24.811199
v -5.090234 0.000000 -4.838075
v -4.840237 0.000000 -4.839103
v -5.172393 8.062303 -24.810169
v -4.922395 8.062303 -24.811199
v -4.840237 8.062303 -4.839103
v -5.090234 8.062303 -4.838075
v 1.575603 0.000000 -24.979506
v 1.822615 0.000000 -24.931644
v 1.610995 0.000000 -15.601258
v 1.860993 0.000000 -15.602286
v 6.622247 0.000000 -25.042046
v 6.622247 8.062303 -25.042046
v 6.505200 0.000000 -5.077749
v 6.755198 0.000000 -5.078778
v 1.860993 8.062303 -15.602286
v 1.610995 8.062303 -15.601258
v 6.505200 8.062303 -5.077749
v 6.755198 8.062303 -5.078778
v 1.822615 8.062303 -24.931644
v 1.575603 8.062303 -24.979506
v 19.085220 0.000000 -21.360666
v 19.085220 0.000000 -21.610666
v 24.871567 0.000000 -21.360666
v 24.871567 0.000000 -21.610666
v 6.646654 0.000000 -21.309498
v 6.646654 0.000000 -21.559498
v 14.146656 0.000000 -21.309498
v 14.146656 0.000000 -21.559498
v 19.085220 8.062303 -21.360666
v 19.085220 8.062303 -21.610666
v 24.871567 8.062303 -21.610666
v 24.871567 8.062303 -21.360666
v 6.646654 8.062303 -21.309498
v 6.646654 8.062303 -21.559498
v 14.146656 8.062303 -21.559498
v 14.146656 8.062303 -21.309498
v 19.807226 0.000000 -40.083248
v 20.057224 0.000000 -40.084274
v 19.861584 0.000000 -26.869415
v 20.111582 0.000000 -26.870441
v 19.807226 8.062303 -40.083248
v 20.057224 8.062303 -40.084274
v 20.111582 8.062303 -26.870441
v 19.861584 8.062303 -26.869415
v -5.121251 0.000000 -37.769337
v -5.315041 0.000000 -40.069435
v -5.065316 0.000000 -40.181171
v -5.297863 0.000000 -35.937691
v -5.047864 0.000000 -35.938721
v -5.047864 8.062303 -35.938721
v -5.297863 8.062303 -35.937691
v -5.121251 8.062303 -37.769337
v -5.065316 8.062303 -40.134007
v -5.315041 8.062303 -40.045853
v 1.833782 0.642155 -5.181848
v 1.833782 2.604801 -5.181848
v 1.833782 0.850033 -5.181848
v 1.829789 0.850033 -5.201969
v 1.829955 0.642155 -5.161695
v 1.829955 2.604801 -5.161695
v 1.818585 0.850033 -5.218995
v 1.801875 0.850033 -5.230333
v 1.818891 0.642155 -5.144578
v 1.818891 2.604801 -5.144578
v 1.782202 0.850033 -5.234258
v 1.762563 0.850033 -5.230172
v 1.802275 0.642155 -5.133102
v 1.802275 2.604801 -5.133102
v 1.745947 0.850033 -5.218696
v 1.734883 0.850033 -5.201579
v 1.782635 0.642155 -5.129015
v 1.782635 2.604801 -5.129015
v 1.731056 0.850033 -5.181426
v 1.735049 0.850033 -5.161304
v 1.762963 0.642155 -5.132940
v 1.762963 2.604801 -5.132940
v 1.746253 0.850033 -5.144279
v 1.762963 0.850033 -5.132940
v 1.746253 0.642155 -5.144279
v 1.746253 2.604801 -5.144279
v 1.782635 0.850033 -5.129015
v 1.802275 0.850033 -5.133102
v 1.735049 0.642155 -5.161304
v 1.735049 2.604801 -5.161304
v 1.818891 0.850033 -5.144578
v 1.829955 0.850033 -5.161695
v 1.731056 0.642155 -5.181426
v 1.731056 2.604801 -5.181426
v 1.829789 2.380776 -5.201969
v 1.818585 2.380776 -5.218995
v 1.734883 0.642155 -5.201579
v 1.734883 2.604801 -5.201579
v 1.801875 2.380776 -5.230333
v 1.782202 2.380776 -5.234258
v 1.745947 0.642155 -5.218696
v 1.745947 2.604801 -5.218696
v 1.762563 2.380776 -5.230172
v 1.745947 2.380776 -5.218696
v 1.762563 0.642155 -5.230172
v 1.762563 2.604801 -5.230172
v 1.734883 2.380776 -5.201579
v 1.731056 2.380776 -5.181426
v 1.782202 0.642155 -5.234258
v 1.782202 2.604801 -5.234258
v 1.735049 2.380776 -5.161304
v 1.746253 2.380776 -5.144279
v 1.801875 0.642155 -5.230333
v 1.801875 2.604801 -5.230333
v 1.762963 2.380776 -5.132940
v 1.782635 2.380776 -5.129015
v 1.818585 0.642155 -5.218995
v 1.818585 2.604801 -5.218995
v 1.802275 2.380776 -5.133102
v 1.818891 2.380776 -5.144578
v 1.829789 0.642155 -5.201969
v 1.829789 2.604801 -5.201969
v 1.829955 2.380776 -5.161695
v 1.833782 2.380776 -5.181848
v 1.714657 2.460657 -4.930151
v 1.687116 2.609994 -4.865960
v 1.850738 2.460657 -4.926608
v 1.878024 2.609994 -4.868985
v 1.811984 7.957752 -15.857983
v 1.663662 7.957752 -15.857111
v 1.611733 8.062744 -15.601389
v 1.862068 8.062744 -15.602261
v 1.820241 5.875053 -15.004341
v 1.817423 5.875053 -14.989500
v 1.809275 5.875053 -14.976894
v 1.797039 5.875053 -14.968444
v 1.782576 5.875053 -14.965435
v 1.768089 5.875053 -14.968325
v 1.755783 5.875053 -14.976675
v 1.747532 5.875053 -14.989213
v 1.744592 5.875053 -15.004030
v 1.747410 5.875053 -15.018871
v 1.755558 5.875053 -15.031477
v 1.767794 5.875053 -15.039927
v 1.782257 5.875053 -15.042937
v 1.796744 5.875053 -15.040047
v 1.809050 5.875053 -15.031697
v 1.817301 5.875053 -15.019159
v 1.817423 7.322222 -14.989500
v 1.820241 7.322222 -15.004341
v 1.809275 7.322222 -14.976894
v 1.797039 7.322222 -14.968444
v 1.782576 7.322222 -14.965435
v 1.768089 7.322222 -14.968325
v 1.755783 7.322222 -14.976675
v 1.747532 7.322222 -14.989213
v 1.744592 7.322222 -15.004030
v 1.747410 7.322222 -15.018871
v 1.755558 7.322222 -15.031477
v 1.767794 7.322222 -15.039927
v 1.782257 7.322222 -15.042937
v 1.796744 7.322222 -15.040047
v 1.809050 7.322222 -15.031697
v 1.817301 7.322222 -15.019159
v 1.833782 7.371744 -15.004398
v 1.829955 7.371744 -14.984244
v 1.829789 7.595770 -15.024519
v 1.829789 5.633124 -15.024519
v 1.818891 7.371744 -14.967128
v 1.802275 7.371744 -14.955652
v 1.818585 7.595770 -15.041545
v 1.818585 5.633124 -15.041545
v 1.782635 7.371744 -14.951566
v 1.762963 7.371744 -14.955490
v 1.801875 7.595770 -15.052883
v 1.801875 5.633124 -15.052883
v 1.746253 7.371744 -14.966828
v 1.735049 7.371744 -14.983854
v 1.782202 7.595770 -15.056808
v 1.782202 5.633124 -15.056808
v 1.731056 7.371744 -15.003976
v 1.734883 7.371744 -15.024129
v 1.762563 7.595770 -15.052722
v 1.762563 5.633124 -15.052722
v 1.745947 7.371744 -15.041246
v 1.762563 7.371744 -15.052722
v 1.745947 7.595770 -15.041246
v 1.745947 5.633124 -15.041246
v 1.782202 7.371744 -15.056808
v 1.801875 7.371744 -15.052883
v 1.734883 7.595770 -15.024129
v 1.734883 5.633124 -15.024129
v 1.818585 7.371744 -15.041545
v 1.829789 7.371744 -15.024519
v 1.731056 7.595770 -15.003976
v 1.731056 5.633124 -15.003976
v 1.829955 5.841002 -14.984244
v 1.818891 5.841002 -14.967128
v 1.735049 7.595770 -14.983854
v 1.735049 5.633124 -14.983854
v 1.802275 5.841002 -14.955652
v 1.782635 5.841002 -14.951566
v 1.746253 7.595770 -14.966828
v 1.746253 5.633124 -14.966828
v 1.762963 5.841002 -14.955490
v 1.746253 5.841002 -14.966828
v 1.762963 7.595770 -14.955490
v 1.762963 5.633124 -14.955490
v 1.735049 5.841002 -14.983854
v 1.731056 5.841002 -15.003976
v 1.782635 7.595770 -14.951566
v 1.782635 5.633124 -14.951566
v 1.734883 5.841002 -15.024129
v 1.745947 5.841002 -15.041246
v 1.802275 7.595770 -14.955652
v 1.802275 5.633124 -14.955652
v 1.762563 5.841002 -15.052722
v 1.782202 5.841002 -15.056808
v 1.818891 7.595770 -14.967128
v 1.818891 5.633124 -14.967128
v 1.801875 5.841002 -15.052883
v 1.818585 5.841002 -15.041545
v 1.829955 7.595770 -14.984244
v 1.829955 5.633124 -14.984244
v 1.829789 5.841002 -15.024519
v 1.833782 5.841002 -15.004398
v 1.833782 7.595770 -15.004398
v 1.833782 5.633124 -15.004398
v 1.833782 5.308781 -14.379499
v 1.833782 7.271426 -14.379499
v 1.833782 5.516658 -14.379499
v 1.829789 5.516658 -14.399621
v 1.829955 5.308781 -14.359346
v 1.829955 7.271426 -14.359346
v 1.818585 5.516658 -14.416647
v 1.801875 5.516658 -14.427985
v 1.818891 5.308781 -14.342229
v 1.818891 7.271426 -14.342229
v 1.782202 5.516658 -14.431910
v 1.762563 5.516658 -14.427823
v 1.802275 5.308781 -14.330753
v 1.802275 7.271426 -14.330753
v 1.745947 5.516658 -14.416348
v 1.734883 5.516658 -14.399231
v 1.782635 5.308781 -14.326667
v 1.782635 7.271426 -14.326667
v 1.731056 5.516658 -14.379077
v 1.735049 5.516658 -14.358956
v 1.762963 5.308781 -14.330592
v 1.762963 7.271426 -14.330592
v 1.746253 5.516658 -14.341930
v 1.762963 5.516658 -14.330592
v 1.746253 5.308781 -14.341930
v 1.746253 7.271426 -14.341930
v 1.782635 5.516658 -14.326667
v 1.802275 5.516658 -14.330753
v 1.735049 5.308781 -14.358956
v 1.735049 7.271426 -14.358956
v 1.818891 5.516658 -14.342229
v 1.829955 5.516658 -14.359346
v 1.731056 5.308781 -14.379077
v 1.731056 7.271426 -14.379077
v 1.829789 7.047400 -14.399621
v 1.818585 7.047400 -14.416647
v 1.734883 5.308781 -14.399231
v 1.734883 7.271426 -14.399231
v 1.801875 7.047400 -14.427985
v 1.782202 7.047400 -14.431910
v 1.745947 5.308781 -14.416348
v 1.745947 7.271426 -14.416348
v 1.762563 7.047400 -14.427823
v 1.745947 7.047400 -14.416348
v 1.762563 5.308781 -14.427823
v 1.762563 7.271426 -14.427823
v 1.734883 7.047400 -14.399231
v 1.731056 7.047400 -14.379077
v 1.782202 5.308781 -14.431910
v 1.782202 7.271426 -14.431910
v 1.735049 7.047400 -14.358956
v 1.746253 7.047400 -14.341930
v 1.801875 5.308781 -14.427985
v 1.801875 7.271426 -14.427985
v 1.762963 7.047400 -14.330592
v 1.782635 7.047400 -14.326667
v 1.818585 5.308781 -14.416647
v 1.818585 7.271426 -14.416647
v 1.802275 7.047400 -14.330753
v 1.818891 7.047400 -14.342229
v 1.829789 5.308781 -14.399621
v 1.829789 7.271426 -14.399621
v 1.829955 7.047400 -14.359346
v 1.833782 7.047400 -14.379499
v 1.817301 6.997878 -14.394260
v 1.809050 6.997878 -14.406798
v 1.796744 6.997878 -14.415149
v 1.782257 6.997878 -14.418038
v 1.767794 6.997878 -14.415030
v 1.755558 6.997878 -14.406578
v 1.747410 6.997878 -14.393973
v 1.744592 6.997878 -14.379132
v 1.747532 6.997878 -14.364314
v 1.755783 6.997878 -14.351776
v 1.768089 6.997878 -14.343427
v 1.782576 6.997878 -14.340536
v 1.797039 6.997878 -14.343546
v 1.809275 6.997878 -14.351996
v 1.820241 6.997878 -14.379443
v 1.817423 6.997878 -14.364602
v 1.817301 5.550710 -14.394260
v 1.809050 5.550710 -14.406798
v 1.796744 5.550710 -14.415149
v 1.782257 5.550710 -14.418038
v 1.767794 5.550710 -14.415030
v 1.755558 5.550710 -14.406578
v 1.747410 5.550710 -14.393973
v 1.744592 5.550710 -14.379132
v 1.747532 5.550710 -14.364314
v 1.755783 5.550710 -14.351776
v 1.768089 5.550710 -14.343427
v 1.782576 5.550710 -14.340536
v 1.797039 5.550710 -14.343546
v 1.809275 5.550710 -14.351996
v 1.817423 5.550710 -14.364602
v 1.820241 5.550710 -14.379443
v 1.820241 4.360815 -12.030392
v 1.817423 4.360815 -12.015551
v 1.809275 4.360815 -12.002945
v 1.797039 4.360815 -11.994494
v 1.782576 4.360815 -11.991485
v 1.768089 4.360815 -11.994375
v 1.755783 4.360815 -12.002725
v 1.747532 4.360815 -12.015263
v 1.744592 4.360815 -12.030081
v 1.747410 4.360815 -12.044922
v 1.755558 4.360815 -12.057527
v 1.767794 4.360815 -12.065978
v 1.782257 4.360815 -12.068987
v 1.796744 4.360815 -12.066097
v 1.809050 4.360815 -12.057747
v 1.817301 4.360815 -12.045209
v 1.817423 5.807983 -12.015551
v 1.820241 5.807983 -12.030392
v 1.809275 5.807983 -12.002945
v 1.797039 5.807983 -11.994494
v 1.782576 5.807983 -11.991485
v 1.768089 5.807983 -11.994375
v 1.755783 5.807983 -12.002725
v 1.747532 5.807983 -12.015263
v 1.744592 5.807983 -12.030081
v 1.747410 5.807983 -12.044922
v 1.755558 5.807983 -12.057527
v 1.767794 5.807983 -12.065978
v 1.782257 5.807983 -12.068987
v 1.796744 5.807983 -12.066097
v 1.809050 5.807983 -12.057747
v 1.817301 5.807983 -12.045209
v 1.833782 4.395051 -12.542192
v 1.833782 6.357697 -12.542192
v 1.833782 4.602929 -12.542192
v 1.829789 4.602929 -12.562313
v 1.829955 4.395051 -12.522038
v 1.829955 6.357697 -12.522038
v 1.818585 4.602929 -12.579339
v 1.801875 4.602929 -12.590677
v 1.818891 4.395051 -12.504922
v 1.818891 6.357697 -12.504922
v 1.782202 4.602929 -12.594603
v 1.762563 4.602929 -12.590516
v 1.802275 4.395051 -12.493446
v 1.802275 6.357697 -12.493446
v 1.745947 4.602929 -12.579041
v 1.734883 4.602929 -12.561923
v 1.782635 4.395051 -12.489360
v 1.782635 6.357697 -12.489360
v 1.731056 4.602929 -12.541770
v 1.735049 4.602929 -12.521648
v 1.762963 4.395051 -12.493284
v 1.762963 6.357697 -12.493284
v 1.746253 4.602929 -12.504622
v 1.762963 4.602929 -12.493284
v 1.746253 4.395051 -12.504622
v 1.746253 6.357697 -12.504622
v 1.782635 4.602929 -12.489360
v 1.802275 4.602929 -12.493446
v 1.735049 4.395051 -12.521648
v 1.735049 6.357697 -12.521648
v 1.818891 4.602929 -12.504922
v 1.829955 4.602929 -12.522038
v 1.731056 4.395051 -12.541770
v 1.731056 6.357697 -12.541770
v 1.829789 6.133671 -12.562313
v 1.818585 6.133671 -12.579339
v 1.734883 4.395051 -12.561923
v 1.734883 6.357697 -12.561923
v 1.801875 6.133671 -12.590677
v 1.782202 6.133671 -12.594603
v 1.745947 4.395051 -12.579041
v 1.745947 6.357697 -12.579041
v 1.762563 6.133671 -12.590516
v 1.745947 6.133671 -12.579041
v 1.762563 4.395051 -12.590516
v 1.762563 6.357697 -12.590516
v 1.734883 6.133671 -12.561923
v 1.731056 6.133671 -12.541770
v 1.782202 4.395051 -12.594603
v 1.782202 6.357697 -12.594603
v 1.735049 6.133671 -12.521648
v 1.746253 6.133671 -12.504622
v 1.801875 4.395051 -12.590677
v 1.801875 6.357697 -12.590677
v 1.762963 6.133671 -12.493284
v 1.782635 6.133671 -12.489360
v 1.818585 4.395051 -12.579339
v 1.818585 6.357697 -12.579339
v 1.802275 6.133671 -12.493446
v 1.818891 6.133671 -12.504922
v 1.829789 4.395051 -12.562313
v 1.829789 6.357697 -12.562313
v 1.829955 6.133671 -12.522038
v 1.833782 6.133671 -12.542192
v 1.817301 6.084148 -12.556953
v 1.809050 6.084148 -12.569491
v 1.796744 6.084148 -12.577841
v 1.782257 6.084148 -12.580731
v 1.767794 6.084148 -12.577722
v 1.755558 6.084148 -12.569271
v 1.747410 6.084148 -12.556665
v 1.744592 6.084148 -12.541824
v 1.747532 6.084148 -12.527007
v 1.755783 6.084148 -12.514469
v 1.768089 6.084148 -12.506119
v 1.782576 6.084148 -12.503229
v 1.797039 6.084148 -12.506238
v 1.809275 6.084148 -12.514688
v 1.820241 6.084148 -12.542135
v 1.817423 6.084148 -12.527294
v 1.817301 4.636980 -12.556953
v 1.809050 4.636980 -12.569491
v 1.796744 4.636980 -12.577841
v 1.782257 4.636980 -12.580731
v 1.767794 4.636980 -12.577722
v 1.755558 4.636980 -12.569271
v 1.747410 4.636980 -12.556665
v 1.744592 4.636980 -12.541824
v 1.747532 4.636980 -12.527007
v 1.755783 4.636980 -12.514469
v 1.768089 4.636980 -12.506119
v 1.782576 4.636980 -12.503229
v 1.797039 4.636980 -12.506238
v 1.809275 4.636980 -12.514688
v 1.817423 4.636980 -12.527294
v 1.820241 4.636980 -12.542135
v 1.820241 4.883448 -13.065065
v 1.817423 4.883448 -13.050224
v 1.809275 4.883448 -13.037619
v 1.797039 4.883448 -13.029168
v 1.782576 4.883448 -13.026158
v 1.768089 4.883448 -13.029049
v 1.755783 4.883448 -13.037398
v 1.747532 4.883448 -13.049936
v 1.744592 4.883448 -13.064754
v 1.747410 4.883448 -13.079596
v 1.755558 4.883448 -13.092200
v 1.767794 4.883448 -13.100652
v 1.782257 4.883448 -13.103661
v 1.796744 4.883448 -13.100771
v 1.809050 4.883448 -13.092421
v 1.817301 4.883448 -13.079883
v 1.817423 6.330616 -13.050224
v 1.820241 6.330616 -13.065065
v 1.809275 6.330616 -13.037619
v 1.797039 6.330616 -13.029168
v 1.782576 6.330616 -13.026158
v 1.768089 6.330616 -13.029049
v 1.755783 6.330616 -13.037398
v 1.747532 6.330616 -13.049936
v 1.744592 6.330616 -13.064754
v 1.747410 6.330616 -13.079596
v 1.755558 6.330616 -13.092200
v 1.767794 6.330616 -13.100652
v 1.782257 6.330616 -13.103661
v 1.796744 6.330616 -13.100771
v 1.809050 6.330616 -13.092421
v 1.817301 6.330616 -13.079883
v 1.833782 6.380138 -13.065122
v 1.829955 6.380138 -13.044969
v 1.829789 6.604164 -13.085243
v 1.829789 4.641519 -13.085243
v 1.818891 6.380138 -13.027851
v 1.802275 6.380138 -13.016376
v 1.818585 6.604164 -13.102269
v 1.818585 4.641519 -13.102269
v 1.782635 6.380138 -13.012289
v 1.762963 6.380138 -13.016214
v 1.801875 6.604164 -13.113607
v 1.801875 4.641519 -13.113607
v 1.746253 6.380138 -13.027553
v 1.735049 6.380138 -13.044579
v 1.782202 6.604164 -13.117532
v 1.782202 4.641519 -13.117532
v 1.731056 6.380138 -13.064699
v 1.734883 6.380138 -13.084853
v 1.762563 6.604164 -13.113445
v 1.762563 4.641519 -13.113445
v 1.745947 6.380138 -13.101970
v 1.762563 6.380138 -13.113445
v 1.745947 6.604164 -13.101970
v 1.745947 4.641519 -13.101970
v 1.782202 6.380138 -13.117532
v 1.801875 6.380138 -13.113607
v 1.734883 6.604164 -13.084853
v 1.734883 4.641519 -13.084853
v 1.818585 6.380138 -13.102269
v 1.829789 6.380138 -13.085243
v 1.731056 6.604164 -13.064699
v 1.731056 4.641519 -13.064699
v 1.829955 4.849396 -13.044969
v 1.818891 4.849396 -13.027851
v 1.735049 6.604164 -13.044579
v 1.735049 4.641519 -13.044579
v 1.802275 4.849396 -13.016376
v 1.782635 4.849396 -13.012289
v 1.746253 6.604164 -13.027553
v 1.746253 4.641519 -13.027553
v 1.762963 4.849396 -13.016214
v 1.746253 4.849396 -13.027553
v 1.762963 6.604164 -13.016214
v 1.762963 4.641519 -13.016214
v 1.735049 4.849396 -13.044579
v 1.731056 4.849396 -13.064699
v 1.782635 6.604164 -13.012289
v 1.782635 4.641519 -13.012289
v 1.734883 4.849396 -13.084853
v 1.745947 4.849396 -13.101970
v 1.802275 6.604164 -13.016376
v 1.802275 4.641519 -13.016376
v 1.762563 4.849396 -13.113445
v 1.782202 4.849396 -13.117532
v 1.818891 6.604164 -13.027851
v 1.818891 4.641519 -13.027851
v 1.801875 4.849396 -13.113607
v 1.818585 4.849396 -13.102269
v 1.829955 6.604164 -13.044969
v 1.829955 4.641519 -13.044969
v 1.829789 4.849396 -13.085243
v 1.833782 4.849396 -13.065122
v 1.833782 6.604164 -13.065122
v 1.833782 4.641519 -13.065122
v 1.833782 4.965862 -13.690021
v 1.833782 6.928508 -13.690021
v 1.833782 5.173739 -13.690021
v 1.829789 5.173739 -13.710141
v 1.829955 4.965862 -13.669867
v 1.829955 6.928508 -13.669867
v 1.818585 5.173739 -13.727167
v 1.801875 5.173739 -13.738505
v 1.818891 4.965862 -13.652750
v 1.818891 6.928508 -13.652750
v 1.782202 5.173739 -13.742431
v 1.762563 5.173739 -13.738344
v 1.802275 4.965862 -13.641274
v 1.802275 6.928508 -13.641274
v 1.745947 5.173739 -13.726869
v 1.734883 5.173739 -13.709751
v 1.782635 4.965862 -13.637188
v 1.782635 6.928508 -13.637188
v 1.731056 5.173739 -13.689598
v 1.735049 5.173739 -13.669477
v 1.762963 4.965862 -13.641112
v 1.762963 6.928508 -13.641112
v 1.746253 5.173739 -13.652451
v 1.762963 5.173739 -13.641112
v 1.746253 4.965862 -13.652451
v 1.746253 6.928508 -13.652451
v 1.782635 5.173739 -13.637188
v 1.802275 5.173739 -13.641274
v 1.735049 4.965862 -13.669477
v 1.735049 6.928508 -13.669477
v 1.818891 5.173739 -13.652750
v 1.829955 5.173739 -13.669867
v 1.731056 4.965862 -13.689598
v 1.731056 6.928508 -13.689598
v 1.829789 6.704482 -13.710141
v 1.818585 6.704482 -13.727167
v 1.734883 4.965862 -13.709751
v 1.734883 6.928508 -13.709751
v 1.801875 6.704482 -13.738505
v 1.782202 6.704482 -13.742431
v 1.745947 4.965862 -13.726869
v 1.745947 6.928508 -13.726869
v 1.762563 6.704482 -13.738344
v 1.745947 6.704482 -13.726869
v 1.762563 4.965862 -13.738344
v 1.762563 6.928508 -13.738344
v 1.734883 6.704482 -13.709751
v 1.731056 6.704482 -13.689598
v 1.782202 4.965862 -13.742431
v 1.782202 6.928508 -13.742431
v 1.735049 6.704482 -13.669477
v 1.746253 6.704482 -13.652451
v 1.801875 4.965862 -13.738505
v 1.801875 6.928508 -13.738505
v 1.762963 6.704482 -13.641112
v 1.782635 6.704482 -13.637188
v 1.818585 4.965862 -13.727167
v 1.818585 6.928508 -13.727167
v 1.802275 6.704482 -13.641274
v 1.818891 6.704482 -13.652750
v 1.829789 4.965862 -13.710141
v 1.829789 6.928508 -13.710141
v 1.829955 6.704482 -13.669867
v 1.833782 6.704482 -13.690021
v 1.817301 6.654960 -13.704782
v 1.809050 6.654960 -13.717319
v 1.796744 6.654960 -13.725669
v 1.782257 6.654960 -13.728559
v 1.767794 6.654960 -13.725550
v 1.755558 6.654960 -13.717099
v 1.747410 6.654960 -13.704494
v 1.744592 6.654960 -13.689652
v 1.747532 6.654960 -13.674835
v 1.755783 6.654960 -13.662297
v 1.768089 6.654960 -13.653947
v 1.782576 6.654960 -13.651057
v 1.797039 6.654960 -13.654066
v 1.809275 6.654960 -13.662517
v 1.820241 6.654960 -13.689963
v 1.817423 6.654960 -13.675122
v 1.817301 5.207791 -13.704782
v 1.809050 5.207791 -13.717319
v 1.796744 5.207791 -13.725669
v 1.782257 5.207791 -13.728559
v 1.767794 5.207791 -13.725550
v 1.755558 5.207791 -13.717099
v 1.747410 5.207791 -13.704494
v 1.744592 5.207791 -13.689652
v 1.747532 5.207791 -13.674835
v 1.755783 5.207791 -13.662297
v 1.768089 5.207791 -13.653947
v 1.782576 5.207791 -13.651057
v 1.797039 5.207791 -13.654066
v 1.809275 5.207791 -13.662517
v 1.817423 5.207791 -13.675122
v 1.820241 5.207791 -13.689963
v 1.833782 5.857507 -12.030448
v 1.829955 5.857507 -12.010295
v 1.829789 6.081532 -12.050570
v 1.829789 4.118886 -12.050570
v 1.818891 5.857507 -11.993177
v 1.802275 5.857507 -11.981702
v 1.818585 6.081532 -12.067595
v 1.818585 4.118886 -12.067595
v 1.782635 5.857507 -11.977615
v 1.762963 5.857507 -11.981541
v 1.801875 6.081532 -12.078934
v 1.801875 4.118886 -12.078934
v 1.746253 5.857507 -11.992879
v 1.735049 5.857507 -12.009905
v 1.782202 6.081532 -12.082858
v 1.782202 4.118886 -12.082858
v 1.731056 5.857507 -12.030025
v 1.734883 5.857507 -12.050179
v 1.762563 6.081532 -12.078772
v 1.762563 4.118886 -12.078772
v 1.745947 5.857507 -12.067296
v 1.762563 5.857507 -12.078772
v 1.745947 6.081532 -12.067296
v 1.745947 4.118886 -12.067296
v 1.782202 5.857507 -12.082858
v 1.801875 5.857507 -12.078934
v 1.734883 6.081532 -12.050179
v 1.734883 4.118886 -12.050179
v 1.818585 5.857507 -12.067595
v 1.829789 5.857507 -12.050570
v 1.731056 6.081532 -12.030025
v 1.731056 4.118886 -12.030025
v 1.829955 4.326763 -12.010295
v 1.818891 4.326763 -11.993177
v 1.735049 6.081532 -12.009905
v 1.735049 4.118886 -12.009905
v 1.802275 4.326763 -11.981702
v 1.782635 4.326763 -11.977615
v 1.746253 6.081532 -11.992879
v 1.746253 4.118886 -11.992879
v 1.762963 4.326763 -11.981541
v 1.746253 4.326763 -11.992879
v 1.762963 6.081532 -11.981541
v 1.762963 4.118886 -11.981541
v 1.735049 4.326763 -12.009905
v 1.731056 4.326763 -12.030025
v 1.782635 6.081532 -11.977615
v 1.782635 4.118886 -11.977615
v 1.734883 4.326763 -12.050179
v 1.745947 4.326763 -12.067296
v 1.802275 6.081532 -11.981702
v 1.802275 4.118886 -11.981702
v 1.762563 4.326763 -12.078772
v 1.782202 4.326763 -12.082858
v 1.818891 6.081532 -11.993177
v 1.818891 4.118886 -11.993177
v 1.801875 4.326763 -12.078934
v 1.818585 4.326763 -12.067595
v 1.829955 6.081532 -12.010295
v 1.829955 4.118886 -12.010295
v 1.829789 4.326763 -12.050570
v 1.833782 4.326763 -12.030448
v 1.833782 6.081532 -12.030448
v 1.833782 4.118886 -12.030448
v 1.833782 2.938438 -9.702898
v 1.833782 4.901084 -9.702898
v 1.833782 3.146316 -9.702898
v 1.829789 3.146316 -9.723020
v 1.829955 2.938438 -9.682745
v 1.829955 4.901084 -9.682745
v 1.818585 3.146316 -9.740046
v 1.801875 3.146316 -9.751384
v 1.818891 2.938438 -9.665627
v 1.818891 4.901084 -9.665627
v 1.782202 3.146316 -9.755308
v 1.762563 3.146316 -9.751222
v 1.802275 2.938438 -9.654152
v 1.802275 4.901084 -9.654152
v 1.745947 3.146316 -9.739746
v 1.734883 3.146316 -9.722630
v 1.782635 2.938438 -9.650065
v 1.782635 4.901084 -9.650065
v 1.731056 3.146316 -9.702476
v 1.735049 3.146316 -9.682355
v 1.762963 2.938438 -9.653991
v 1.762963 4.901084 -9.653991
v 1.746253 3.146316 -9.665329
v 1.762963 3.146316 -9.653991
v 1.746253 2.938438 -9.665329
v 1.746253 4.901084 -9.665329
v 1.782635 3.146316 -9.650065
v 1.802275 3.146316 -9.654152
v 1.735049 2.938438 -9.682355
v 1.735049 4.901084 -9.682355
v 1.818891 3.146316 -9.665627
v 1.829955 3.146316 -9.682745
v 1.731056 2.938438 -9.702476
v 1.731056 4.901084 -9.702476
v 1.829789 4.677059 -9.723020
v 1.818585 4.677059 -9.740046
v 1.734883 2.938438 -9.722630
v 1.734883 4.901084 -9.722630
v 1.801875 4.677059 -9.751384
v 1.782202 4.677059 -9.755308
v 1.745947 2.938438 -9.739746
v 1.745947 4.901084 -9.739746
v 1.762563 4.677059 -9.751222
v 1.745947 4.677059 -9.739746
v 1.762563 2.938438 -9.751222
v 1.762563 4.901084 -9.751222
v 1.734883 4.677059 -9.722630
v 1.731056 4.677059 -9.702476
v 1.782202 2.938438 -9.755308
v 1.782202 4.901084 -9.755308
v 1.735049 4.677059 -9.682355
v 1.746253 4.677059 -9.665329
v 1.801875 2.938438 -9.751384
v 1.801875 4.901084 -9.751384
v 1.762963 4.677059 -9.653991
v 1.782635 4.677059 -9.650065
v 1.818585 2.938438 -9.740046
v 1.818585 4.901084 -9.740046
v 1.802275 4.677059 -9.654152
v 1.818891 4.677059 -9.665627
v 1.829789 2.938438 -9.723020
v 1.829789 4.901084 -9.723020
v 1.829955 4.677059 -9.682745
v 1.833782 4.677059 -9.702898
v 1.820241 4.027344 -11.362413
v 1.817423 4.027344 -11.347572
v 1.809275 4.027344 -11.334967
v 1.797039 4.027344 -11.326516
v 1.782576 4.027344 -11.323507
v 1.768089 4.027344 -11.326397
v 1.755783 4.027344 -11.334747
v 1.747532 4.027344 -11.347285
v 1.744592 4.027344 -11.362103
v 1.747410 4.027344 -11.376944
v 1.755558 4.027344 -11.389549
v 1.767794 4.027344 -11.398000
v 1.782257 4.027344 -11.401010
v 1.796744 4.027344 -11.398119
v 1.809050 4.027344 -11.389770
v 1.817301 4.027344 -11.377232
v 1.817423 5.474512 -11.347572
v 1.820241 5.474512 -11.362413
v 1.809275 5.474512 -11.334967
v 1.797039 5.474512 -11.326516
v 1.782576 5.474512 -11.323507
v 1.768089 5.474512 -11.326397
v 1.755783 5.474512 -11.334747
v 1.747532 5.474512 -11.347285
v 1.744592 5.474512 -11.362103
v 1.747410 5.474512 -11.376944
v 1.755558 5.474512 -11.389549
v 1.767794 5.474512 -11.398000
v 1.782257 5.474512 -11.401010
v 1.796744 5.474512 -11.398119
v 1.809050 5.474512 -11.389770
v 1.817301 5.474512 -11.377232
v 1.833782 5.524035 -11.362471
v 1.829955 5.524035 -11.342317
v 1.829789 5.748060 -11.382591
v 1.829789 3.785414 -11.382591
v 1.818891 5.524035 -11.325200
v 1.802275 5.524035 -11.313725
v 1.818585 5.748060 -11.399617
v 1.818585 3.785414 -11.399617
v 1.782635 5.524035 -11.309638
v 1.762963 5.524035 -11.313562
v 1.801875 5.748060 -11.410955
v 1.801875 3.785414 -11.410955
v 1.746253 5.524035 -11.324901
v 1.735049 5.524035 -11.341927
v 1.782202 5.748060 -11.414881
v 1.782202 3.785414 -11.414881
v 1.731056 5.524035 -11.362048
v 1.734883 5.524035 -11.382201
v 1.762563 5.748060 -11.410794
v 1.762563 3.785414 -11.410794
v 1.745947 5.524035 -11.399319
v 1.762563 5.524035 -11.410794
v 1.745947 5.748060 -11.399319
v 1.745947 3.785414 -11.399319
v 1.782202 5.524035 -11.414881
v 1.801875 5.524035 -11.410955
v 1.734883 5.748060 -11.382201
v 1.734883 3.785414 -11.382201
v 1.818585 5.524035 -11.399617
v 1.829789 5.524035 -11.382591
v 1.731056 5.748060 -11.362048
v 1.731056 3.785414 -11.362048
v 1.829955 3.993292 -11.342317
v 1.818891 3.993292 -11.325200
v 1.735049 5.748060 -11.341927
v 1.735049 3.785414 -11.341927
v 1.802275 3.993292 -11.313725
v 1.782635 3.993292 -11.309638
v 1.746253 5.748060 -11.324901
v 1.746253 3.785414 -11.324901
v 1.762963 3.993292 -11.313562
v 1.746253 3.993292 -11.324901
v 1.762963 5.748060 -11.313562
v 1.762963 3.785414 -11.313562
v 1.735049 3.993292 -11.341927
v 1.731056 3.993292 -11.362048
v 1.782635 5.748060 -11.309638
v 1.782635 3.785414 -11.309638
v 1.734883 3.993292 -11.382201
v 1.745947 3.993292 -11.399319
v 1.802275 5.748060 -11.313725
v 1.802275 3.785414 -11.313725
v 1.762563 3.993292 -11.410794
v 1.782202 3.993292 -11.414881
v 1.818891 5.748060 -11.325200
v 1.818891 3.785414 -11.325200
v 1.801875 3.993292 -11.410955
v 1.818585 3.993292 -11.399617
v 1.829955 5.748060 -11.342317
v 1.829955 3.785414 -11.342317
v 1.829789 3.993292 -11.382591
v 1.833782 3.993292 -11.362471
v 1.833782 5.748060 -11.362471
v 1.833782 3.785414 -11.362471
v 1.833782 3.461071 -10.737572
v 1.833782 5.423717 -10.737572
v 1.833782 3.668948 -10.737572
v 1.829789 3.668948 -10.757693
v 1.829955 3.461071 -10.717419
v 1.829955 5.423717 -10.717419
v 1.818585 3.668948 -10.774719
v 1.801875 3.668948 -10.786057
v 1.818891 3.461071 -10.700301
v 1.818891 5.423717 -10.700301
v 1.782202 3.668948 -10.789982
v 1.762563 3.668948 -10.785895
v 1.802275 3.461071 -10.688826
v 1.802275 5.423717 -10.688826
v 1.745947 3.668948 -10.774420
v 1.734883 3.668948 -10.757303
v 1.782635 3.461071 -10.684739
v 1.782635 5.423717 -10.684739
v 1.731056 3.668948 -10.737149
v 1.735049 3.668948 -10.717029
v 1.762963 3.461071 -10.688664
v 1.762963 5.423717 -10.688664
v 1.746253 3.668948 -10.700003
v 1.762963 3.668948 -10.688664
v 1.746253 3.461071 -10.700003
v 1.746253 5.423717 -10.700003
v 1.782635 3.668948 -10.684739
v 1.802275 3.668948 -10.688826
v 1.735049 3.461071 -10.717029
v 1.735049 5.423717 -10.717029
v 1.818891 3.668948 -10.700301
v 1.829955 3.668948 -10.717419
v 1.731056 3.461071 -10.737149
v 1.731056 5.423717 -10.737149
v 1.829789 5.199691 -10.757693
v 1.818585 5.199691 -10.774719
v 1.734883 3.461071 -10.757303
v 1.734883 5.423717 -10.757303
v 1.801875 5.199691 -10.786057
v 1.782202 5.199691 -10.789982
v 1.745947 3.461071 -10.774420
v 1.745947 5.423717 -10.774420
v 1.762563 5.199691 -10.785895
v 1.745947 5.199691 -10.774420
v 1.762563 3.461071 -10.785895
v 1.762563 5.423717 -10.785895
v 1.734883 5.199691 -10.757303
v 1.731056 5.199691 -10.737149
v 1.782202 3.461071 -10.789982
v 1.782202 5.423717 -10.789982
v 1.735049 5.199691 -10.717029
v 1.746253 5.199691 -10.700003
v 1.801875 3.461071 -10.786057
v 1.801875 5.423717 -10.786057
v 1.762963 5.199691 -10.688664
v 1.782635 5.199691 -10.684739
v 1.818585 3.461071 -10.774719
v 1.818585 5.423717 -10.774719
v 1.802275 5.199691 -10.688826
v 1.818891 5.199691 -10.700301
v 1.829789 3.461071 -10.757693
v 1.829789 5.423717 -10.757693
v 1.829955 5.199691 -10.717419
v 1.833782 5.199691 -10.737572
v 1.817301 5.150168 -10.752333
v 1.809050 5.150168 -10.764871
v 1.796744 5.150168 -10.773221
v 1.782257 5.150168 -10.776111
v 1.767794 5.150168 -10.773102
v 1.755558 5.150168 -10.764650
v 1.747410 5.150168 -10.752046
v 1.744592 5.150168 -10.737205
v 1.747532 5.150168 -10.722386
v 1.755783 5.150168 -10.709848
v 1.768089 5.150168 -10.701499
v 1.782576 5.150168 -10.698608
v 1.797039 5.150168 -10.701618
v 1.809275 5.150168 -10.710069
v 1.820241 5.150168 -10.737515
v 1.817423 5.150168 -10.722674
v 1.817301 3.703000 -10.752333
v 1.809050 3.703000 -10.764871
v 1.796744 3.703000 -10.773221
v 1.782257 3.703000 -10.776111
v 1.767794 3.703000 -10.773102
v 1.755558 3.703000 -10.764650
v 1.747410 3.703000 -10.752046
v 1.744592 3.703000 -10.737205
v 1.747532 3.703000 -10.722386
v 1.755783 3.703000 -10.709848
v 1.768089 3.703000 -10.701499
v 1.782576 3.703000 -10.698608
v 1.797039 3.703000 -10.701618
v 1.809275 3.703000 -10.710069
v 1.817423 3.703000 -10.722674
v 1.820241 3.703000 -10.737515
v 1.820241 3.456532 -10.214585
v 1.817423 3.456532 -10.199744
v 1.809275 3.456532 -10.187139
v 1.797039 3.456532 -10.178688
v 1.782576 3.456532 -10.175679
v 1.768089 3.456532 -10.178569
v 1.755783 3.456532 -10.186919
v 1.747532 3.456532 -10.199457
v 1.744592 3.456532 -10.214274
v 1.747410 3.456532 -10.229115
v 1.755558 3.456532 -10.241721
v 1.767794 3.456532 -10.250172
v 1.782257 3.456532 -10.253181
v 1.796744 3.456532 -10.250291
v 1.809050 3.456532 -10.241941
v 1.817301 3.456532 -10.229403
v 1.817423 4.903701 -10.199744
v 1.820241 4.903701 -10.214585
v 1.809275 4.903701 -10.187139
v 1.797039 4.903701 -10.178688
v 1.782576 4.903701 -10.175679
v 1.768089 4.903701 -10.178569
v 1.755783 4.903701 -10.186919
v 1.747532 4.903701 -10.199457
v 1.744592 4.903701 -10.214274
v 1.747410 4.903701 -10.229115
v 1.755558 4.903701 -10.241721
v 1.767794 4.903701 -10.250172
v 1.782257 4.903701 -10.253181
v 1.796744 4.903701 -10.250291
v 1.809050 4.903701 -10.241941
v 1.817301 4.903701 -10.229403
v 1.833782 4.953224 -10.214643
v 1.829955 4.953224 -10.194489
v 1.829789 5.177249 -10.234763
v 1.829789 3.214603 -10.234763
v 1.818891 4.953224 -10.177372
v 1.802275 4.953224 -10.165896
v 1.818585 5.177249 -10.251789
v 1.818585 3.214603 -10.251789
v 1.782635 4.953224 -10.161810
v 1.762963 4.953224 -10.165734
v 1.801875 5.177249 -10.263127
v 1.801875 3.214603 -10.263127
v 1.746253 4.953224 -10.177073
v 1.735049 4.953224 -10.194098
v 1.782202 5.177249 -10.267053
v 1.782202 3.214603 -10.267053
v 1.731056 4.953224 -10.214220
v 1.734883 4.953224 -10.234373
v 1.762563 5.177249 -10.262966
v 1.762563 3.214603 -10.262966
v 1.745947 4.953224 -10.251491
v 1.762563 4.953224 -10.262966
v 1.745947 5.177249 -10.251491
v 1.745947 3.214603 -10.251491
v 1.782202 4.953224 -10.267053
v 1.801875 4.953224 -10.263127
v 1.734883 5.177249 -10.234373
v 1.734883 3.214603 -10.234373
v 1.818585 4.953224 -10.251789
v 1.829789 4.953224 -10.234763
v 1.731056 5.177249 -10.214220
v 1.731056 3.214603 -10.214220
v 1.829955 3.422481 -10.194489
v 1.818891 3.422481 -10.177372
v 1.735049 5.177249 -10.194098
v 1.735049 3.214603 -10.194098
v 1.802275 3.422481 -10.165896
v 1.782635 3.422481 -10.161810
v 1.746253 5.177249 -10.177073
v 1.746253 3.214603 -10.177073
v 1.762963 3.422481 -10.165734
v 1.746253 3.422481 -10.177073
v 1.762963 5.177249 -10.165734
v 1.762963 3.214603 -10.165734
v 1.735049 3.422481 -10.194098
v 1.731056 3.422481 -10.214220
v 1.782635 5.177249 -10.161810
v 1.782635 3.214603 -10.161810
v 1.734883 3.422481 -10.234373
v 1.745947 3.422481 -10.251491
v 1.802275 5.177249 -10.165896
v 1.802275 3.214603 -10.165896
v 1.762563 3.422481 -10.262966
v 1.782202 3.422481 -10.267053
v 1.818891 5.177249 -10.177372
v 1.818891 3.214603 -10.177372
v 1.801875 3.422481 -10.263127
v 1.818585 3.422481 -10.251789
v 1.829955 5.177249 -10.194489
v 1.829955 3.214603 -10.194489
v 1.829789 3.422481 -10.234763
v 1.833782 3.422481 -10.214643
v 1.833782 5.177249 -10.214643
v 1.833782 3.214603 -10.214643
v 1.817301 4.627536 -9.717659
v 1.809050 4.627536 -9.730197
v 1.796744 4.627536 -9.738547
v 1.782257 4.627536 -9.741437
v 1.767794 4.627536 -9.738428
v 1.755558 4.627536 -9.729977
v 1.747410 4.627536 -9.717372
v 1.744592 4.627536 -9.702531
v 1.747532 4.627536 -9.687713
v 1.755783 4.627536 -9.675175
v 1.768089 4.627536 -9.666825
v 1.782576 4.627536 -9.663935
v 1.797039 4.627536 -9.666945
v 1.809275 4.627536 -9.675395
v 1.820241 4.627536 -9.702842
v 1.817423 4.627536 -9.688001
v 1.817301 3.180367 -9.717659
v 1.809050 3.180367 -9.730197
v 1.796744 3.180367 -9.738547
v 1.782257 3.180367 -9.741437
v 1.767794 3.180367 -9.738428
v 1.755558 3.180367 -9.729977
v 1.747410 3.180367 -9.717372
v 1.744592 3.180367 -9.702531
v 1.747532 3.180367 -9.687713
v 1.755783 3.180367 -9.675175
v 1.768089 3.180367 -9.666825
v 1.782576 3.180367 -9.663935
v 1.797039 3.180367 -9.666945
v 1.809275 3.180367 -9.675395
v 1.817423 3.180367 -9.688001
v 1.820241 3.180367 -9.702842
v 1.820241 2.020871 -7.451410
v 1.817423 2.020871 -7.436569
v 1.809275 2.020871 -7.423964
v 1.797039 2.020871 -7.415513
v 1.782576 2.020871 -7.412503
v 1.768089 2.020871 -7.415394
v 1.755783 2.020871 -7.423743
v 1.747532 2.020871 -7.436281
v 1.744592 2.020871 -7.451099
v 1.747410 2.020871 -7.465940
v 1.755558 2.020871 -7.478545
v 1.767794 2.020871 -7.486997
v 1.782257 2.020871 -7.490005
v 1.796744 2.020871 -7.487116
v 1.809050 2.020871 -7.478765
v 1.817301 2.020871 -7.466228
v 1.817423 3.468040 -7.436569
v 1.820241 3.468040 -7.451410
v 1.809275 3.468040 -7.423964
v 1.797039 3.468040 -7.415513
v 1.782576 3.468040 -7.412503
v 1.768089 3.468040 -7.415394
v 1.755783 3.468040 -7.423743
v 1.747532 3.468040 -7.436281
v 1.744592 3.468040 -7.451099
v 1.747410 3.468040 -7.465940
v 1.755558 3.468040 -7.478545
v 1.767794 3.468040 -7.486997
v 1.782257 3.468040 -7.490005
v 1.796744 3.468040 -7.487116
v 1.809050 3.468040 -7.478765
v 1.817301 3.468040 -7.466228
v 1.833782 2.055107 -7.963211
v 1.833782 4.017753 -7.963211
v 1.833782 2.262985 -7.963211
v 1.829789 2.262985 -7.983332
v 1.829955 2.055107 -7.943057
v 1.829955 4.017753 -7.943057
v 1.818585 2.262985 -8.000358
v 1.801875 2.262985 -8.011696
v 1.818891 2.055107 -7.925941
v 1.818891 4.017753 -7.925941
v 1.782202 2.262985 -8.015621
v 1.762563 2.262985 -8.011535
v 1.802275 2.055107 -7.914465
v 1.802275 4.017753 -7.914465
v 1.745947 2.262985 -8.000059
v 1.734883 2.262985 -7.982942
v 1.782635 2.055107 -7.910378
v 1.782635 4.017753 -7.910378
v 1.731056 2.262985 -7.962789
v 1.735049 2.262985 -7.942667
v 1.762963 2.055107 -7.914303
v 1.762963 4.017753 -7.914303
v 1.746253 2.262985 -7.925641
v 1.762963 2.262985 -7.914303
v 1.746253 2.055107 -7.925641
v 1.746253 4.017753 -7.925641
v 1.782635 2.262985 -7.910378
v 1.802275 2.262985 -7.914465
v 1.735049 2.055107 -7.942667
v 1.735049 4.017753 -7.942667
v 1.818891 2.262985 -7.925941
v 1.829955 2.262985 -7.943057
v 1.731056 2.055107 -7.962789
v 1.731056 4.017753 -7.962789
v 1.829789 3.793728 -7.983332
v 1.818585 3.793728 -8.000358
v 1.734883 2.055107 -7.982942
v 1.734883 4.017753 -7.982942
v 1.801875 3.793728 -8.011696
v 1.782202 3.793728 -8.015621
v 1.745947 2.055107 -8.000059
v 1.745947 4.017753 -8.000059
v 1.762563 3.793728 -8.011535
v 1.745947 3.793728 -8.000059
v 1.762563 2.055107 -8.011535
v 1.762563 4.017753 -8.011535
v 1.734883 3.793728 -7.982942
v 1.731056 3.793728 -7.962789
v 1.782202 2.055107 -8.015621
v 1.782202 4.017753 -8.015621
v 1.735049 3.793728 -7.942667
v 1.746253 3.793728 -7.925641
v 1.801875 2.055107 -8.011696
v 1.801875 4.017753 -8.011696
v 1.762963 3.793728 -7.914303
v 1.782635 3.793728 -7.910378
v 1.818585 2.055107 -8.000358
v 1.818585 4.017753 -8.000358
v 1.802275 3.793728 -7.914465
v 1.818891 3.793728 -7.925941
v 1.829789 2.055107 -7.983332
v 1.829789 4.017753 -7.983332
v 1.829955 3.793728 -7.943057
v 1.833782 3.793728 -7.963211
v 1.817301 3.744205 -7.977972
v 1.809050 3.744205 -7.990510
v 1.796744 3.744205 -7.998859
v 1.782257 3.744205 -8.001750
v 1.767794 3.744205 -7.998740
v 1.755558 3.744205 -7.990290
v 1.747410 3.744205 -7.977684
v 1.744592 3.744205 -7.962843
v 1.747532 3.744205 -7.948026
v 1.755783 3.744205 -7.935488
v 1.768089 3.744205 -7.927137
v 1.782576 3.744205 -7.924248
v 1.797039 3.744205 -7.927257
v 1.809275 3.744205 -7.935707
v 1.820241 3.744205 -7.963154
v 1.817423 3.744205 -7.948313
v 1.817301 2.297036 -7.977972
v 1.809050 2.297036 -7.990510
v 1.796744 2.297036 -7.998859
v 1.782257 2.297036 -8.001750
v 1.767794 2.297036 -7.998740
v 1.755558 2.297036 -7.990290
v 1.747410 2.297036 -7.977684
v 1.744592 2.297036 -7.962843
v 1.747532 2.297036 -7.948026
v 1.755783 2.297036 -7.935488
v 1.768089 2.297036 -7.927137
v 1.782576 2.297036 -7.924248
v 1.797039 2.297036 -7.927257
v 1.809275 2.297036 -7.935707
v 1.817423 2.297036 -7.948313
v 1.820241 2.297036 -7.963154
v 1.820241 2.543504 -8.486084
v 1.817423 2.543504 -8.471243
v 1.809275 2.543504 -8.458637
v 1.797039 2.543504 -8.450187
v 1.782576 2.543504 -8.447177
v 1.768089 2.543504 -8.450068
v 1.755783 2.543504 -8.458417
v 1.747532 2.543504 -8.470955
v 1.744592 2.543504 -8.485773
v 1.747410 2.543504 -8.500614
v 1.755558 2.543504 -8.513219
v 1.767794 2.543504 -8.521670
v 1.782257 2.543504 -8.524679
v 1.796744 2.543504 -8.521790
v 1.809050 2.543504 -8.513439
v 1.817301 2.543504 -8.500901
v 1.817423 3.990672 -8.471243
v 1.820241 3.990672 -8.486084
v 1.809275 3.990672 -8.458637
v 1.797039 3.990672 -8.450187
v 1.782576 3.990672 -8.447177
v 1.768089 3.990672 -8.450068
v 1.755783 3.990672 -8.458417
v 1.747532 3.990672 -8.470955
v 1.744592 3.990672 -8.485773
v 1.747410 3.990672 -8.500614
v 1.755558 3.990672 -8.513219
v 1.767794 3.990672 -8.521670
v 1.782257 3.990672 -8.524679
v 1.796744 3.990672 -8.521790
v 1.809050 3.990672 -8.513439
v 1.817301 3.990672 -8.500901
v 1.833782 4.040195 -8.486140
v 1.829955 4.040195 -8.465987
v 1.829789 4.264221 -8.506262
v 1.829789 2.301575 -8.506262
v 1.818891 4.040195 -8.448870
v 1.802275 4.040195 -8.437394
v 1.818585 4.264221 -8.523288
v 1.818585 2.301575 -8.523288
v 1.782635 4.040195 -8.433308
v 1.762963 4.040195 -8.437233
v 1.801875 4.264221 -8.534626
v 1.801875 2.301575 -8.534626
v 1.746253 4.040195 -8.448571
v 1.735049 4.040195 -8.465597
v 1.782202 4.264221 -8.538550
v 1.782202 2.301575 -8.538550
v 1.731056 4.040195 -8.485718
v 1.734883 4.040195 -8.505872
v 1.762563 4.264221 -8.534464
v 1.762563 2.301575 -8.534464
v 1.745947 4.040195 -8.522988
v 1.762563 4.040195 -8.534464
v 1.745947 4.264221 -8.522988
v 1.745947 2.301575 -8.522988
v 1.782202 4.040195 -8.538550
v 1.801875 4.040195 -8.534626
v 1.734883 4.264221 -8.505872
v 1.734883 2.301575 -8.505872
v 1.818585 4.040195 -8.523288
v 1.829789 4.040195 -8.506262
v 1.731056 4.264221 -8.485718
v 1.731056 2.301575 -8.485718
v 1.829955 2.509452 -8.465987
v 1.818891 2.509452 -8.448870
v 1.735049 4.264221 -8.465597
v 1.735049 2.301575 -8.465597
v 1.802275 2.509452 -8.437394
v 1.782635 2.509452 -8.433308
v 1.746253 4.264221 -8.448571
v 1.746253 2.301575 -8.448571
v 1.762963 2.509452 -8.437233
v 1.746253 2.509452 -8.448571
v 1.762963 4.264221 -8.437233
v 1.762963 2.301575 -8.437233
v 1.735049 2.509452 -8.465597
v 1.731056 2.509452 -8.485718
v 1.782635 4.264221 -8.433308
v 1.782635 2.301575 -8.433308
v 1.734883 2.509452 -8.505872
v 1.745947 2.509452 -8.522988
v 1.802275 4.264221 -8.437394
v 1.802275 2.301575 -8.437394
v 1.762563 2.509452 -8.534464
v 1.782202 2.509452 -8.538550
v 1.818891 4.264221 -8.448870
v 1.818891 2.301575 -8.448870
v 1.801875 2.509452 -8.534626
v 1.818585 2.509452 -8.523288
v 1.829955 4.264221 -8.465987
v 1.829955 2.301575 -8.465987
v 1.829789 2.509452 -8.506262
v 1.833782 2.509452 -8.486140
v 1.833782 4.264221 -8.486140
v 1.833782 2.301575 -8.486140
v 1.833782 2.625918 -9.111039
v 1.833782 4.588564 -9.111039
v 1.833782 2.833796 -9.111039
v 1.829789 2.833796 -9.131160
v 1.829955 2.625918 -9.090885
v 1.829955 4.588564 -9.090885
v 1.818585 2.833796 -9.148186
v 1.801875 2.833796 -9.159524
v 1.818891 2.625918 -9.073769
v 1.818891 4.588564 -9.073769
v 1.782202 2.833796 -9.163449
v 1.762563 2.833796 -9.159363
v 1.802275 2.625918 -9.062293
v 1.802275 4.588564 -9.062293
v 1.745947 2.833796 -9.147887
v 1.734883 2.833796 -9.130770
v 1.782635 2.625918 -9.058207
v 1.782635 4.588564 -9.058207
v 1.731056 2.833796 -9.110617
v 1.735049 2.833796 -9.090495
v 1.762963 2.625918 -9.062131
v 1.762963 4.588564 -9.062131
v 1.746253 2.833796 -9.073469
v 1.762963 2.833796 -9.062131
v 1.746253 2.625918 -9.073469
v 1.746253 4.588564 -9.073469
v 1.782635 2.833796 -9.058207
v 1.802275 2.833796 -9.062293
v 1.735049 2.625918 -9.090495
v 1.735049 4.588564 -9.090495
v 1.818891 2.833796 -9.073769
v 1.829955 2.833796 -9.090885
v 1.731056 2.625918 -9.110617
v 1.731056 4.588564 -9.110617
v 1.829789 4.364539 -9.131160
v 1.818585 4.364539 -9.148186
v 1.734883 2.625918 -9.130770
v 1.734883 4.588564 -9.130770
v 1.801875 4.364539 -9.159524
v 1.782202 4.364539 -9.163449
v 1.745947 2.625918 -9.147887
v 1.745947 4.588564 -9.147887
v 1.762563 4.364539 -9.159363
v 1.745947 4.364539 -9.147887
v 1.762563 2.625918 -9.159363
v 1.762563 4.588564 -9.159363
v 1.734883 4.364539 -9.130770
v 1.731056 4.364539 -9.110617
v 1.782202 2.625918 -9.163449
v 1.782202 4.588564 -9.163449
v 1.735049 4.364539 -9.090495
v 1.746253 4.364539 -9.073469
v 1.801875 2.625918 -9.159524
v 1.801875 4.588564 -9.159524
v 1.762963 4.364539 -9.062131
v 1.782635 4.364539 -9.058207
v 1.818585 2.625918 -9.148186
v 1.818585 4.588564 -9.148186
v 1.802275 4.364539 -9.062293
v 1.818891 4.364539 -9.073769
v 1.829789 2.625918 -9.131160
v 1.829789 4.588564 -9.131160
v 1.829955 4.364539 -9.090885
v 1.833782 4.364539 -9.111039
v 1.817301 4.315016 -9.125800
v 1.809050 4.315016 -9.138338
v 1.796744 4.315016 -9.146688
v 1.782257 4.315016 -9.149578
v 1.767794 4.315016 -9.146568
v 1.755558 4.315016 -9.138118
v 1.747410 4.315016 -9.125512
v 1.744592 4.315016 -9.110671
v 1.747532 4.315016 -9.095854
v 1.755783 4.315016 -9.083316
v 1.768089 4.315016 -9.074965
v 1.782576 4.315016 -9.072076
v 1.797039 4.315016 -9.075085
v 1.809275 4.315016 -9.083535
v 1.820241 4.315016 -9.110982
v 1.817423 4.315016 -9.096141
v 1.817301 2.867848 -9.125800
v 1.809050 2.867848 -9.138338
v 1.796744 2.867848 -9.146688
v 1.782257 2.867848 -9.149578
v 1.767794 2.867848 -9.146568
v 1.755558 2.867848 -9.138118
v 1.747410 2.867848 -9.125512
v 1.744592 2.867848 -9.110671
v 1.747532 2.867848 -9.095854
v 1.755783 2.867848 -9.083316
v 1.768089 2.867848 -9.074965
v 1.782576 2.867848 -9.072076
v 1.797039 2.867848 -9.075085
v 1.809275 2.867848 -9.083535
v 1.817423 2.867848 -9.096141
v 1.820241 2.867848 -9.110982
v 1.833782 3.517563 -7.451467
v 1.829955 3.517563 -7.431314
v 1.829789 3.741588 -7.471588
v 1.829789 1.778942 -7.471588
v 1.818891 3.517563 -7.414196
v 1.802275 3.517563 -7.402720
v 1.818585 3.741588 -7.488614
v 1.818585 1.778942 -7.488614
v 1.782635 3.517563 -7.398634
v 1.762963 3.517563 -7.402559
v 1.801875 3.741588 -7.499952
v 1.801875 1.778942 -7.499952
v 1.746253 3.517563 -7.413898
v 1.735049 3.517563 -7.430923
v 1.782202 3.741588 -7.503877
v 1.782202 1.778942 -7.503877
v 1.731056 3.517563 -7.451044
v 1.734883 3.517563 -7.471198
v 1.762563 3.741588 -7.499790
v 1.762563 1.778942 -7.499790
v 1.745947 3.517563 -7.488315
v 1.762563 3.517563 -7.499790
v 1.745947 3.741588 -7.488315
v 1.745947 1.778942 -7.488315
v 1.782202 3.517563 -7.503877
v 1.801875 3.517563 -7.499952
v 1.734883 3.741588 -7.471198
v 1.734883 1.778942 -7.471198
v 1.818585 3.517563 -7.488614
v 1.829789 3.517563 -7.471588
v 1.731056 3.741588 -7.451044
v 1.731056 1.778942 -7.451044
v 1.829955 1.986820 -7.431314
v 1.818891 1.986820 -7.414196
v 1.735049 3.741588 -7.430923
v 1.735049 1.778942 -7.430923
v 1.802275 1.986820 -7.402720
v 1.782635 1.986820 -7.398634
v 1.746253 3.741588 -7.413898
v 1.746253 1.778942 -7.413898
v 1.762963 1.986820 -7.402559
v 1.746253 1.986820 -7.413898
v 1.762963 3.741588 -7.402559
v 1.762963 1.778942 -7.402559
v 1.735049 1.986820 -7.430923
v 1.731056 1.986820 -7.451044
v 1.782635 3.741588 -7.398634
v 1.782635 1.778942 -7.398634
v 1.734883 1.986820 -7.471198
v 1.745947 1.986820 -7.488315
v 1.802275 3.741588 -7.402720
v 1.802275 1.778942 -7.402720
v 1.762563 1.986820 -7.499790
v 1.782202 1.986820 -7.503877
v 1.818891 3.741588 -7.414196
v 1.818891 1.778942 -7.414196
v 1.801875 1.986820 -7.499952
v 1.818585 1.986820 -7.488614
v 1.829955 3.741588 -7.431314
v 1.829955 1.778942 -7.431314
v 1.829789 1.986820 -7.471588
v 1.833782 1.986820 -7.451467
v 1.833782 3.741588 -7.451467
v 1.833782 1.778942 -7.451467
v 1.820241 1.731061 -6.841363
v 1.817423 1.731061 -6.826522
v 1.809275 1.731061 -6.813917
v 1.797039 1.731061 -6.805466
v 1.782576 1.731061 -6.802457
v 1.768089 1.731061 -6.805347
v 1.755783 1.731061 -6.813697
v 1.747532 1.731061 -6.826235
v 1.744592 1.731061 -6.841053
v 1.747410 1.731061 -6.855894
v 1.755558 1.731061 -6.868499
v 1.767794 1.731061 -6.876950
v 1.782257 1.731061 -6.879959
v 1.796744 1.731061 -6.877069
v 1.809050 1.731061 -6.868719
v 1.817301 1.731061 -6.856181
v 1.817423 3.178229 -6.826522
v 1.820241 3.178229 -6.841363
v 1.809275 3.178229 -6.813917
v 1.797039 3.178229 -6.805466
v 1.782576 3.178229 -6.802457
v 1.768089 3.178229 -6.805347
v 1.755783 3.178229 -6.813697
v 1.747532 3.178229 -6.826235
v 1.744592 3.178229 -6.841053
v 1.747410 3.178229 -6.855894
v 1.755558 3.178229 -6.868499
v 1.767794 3.178229 -6.876950
v 1.782257 3.178229 -6.879959
v 1.796744 3.178229 -6.877069
v 1.809050 3.178229 -6.868719
v 1.817301 3.178229 -6.856181
v 1.833782 3.227752 -6.841420
v 1.829955 3.227752 -6.821267
v 1.829789 3.451777 -6.861541
v 1.829789 1.489131 -6.861541
v 1.818891 3.227752 -6.804150
v 1.802275 3.227752 -6.792674
v 1.818585 3.451777 -6.878567
v 1.818585 1.489131 -6.878567
v 1.782635 3.227752 -6.788588
v 1.762963 3.227752 -6.792512
v 1.801875 3.451777 -6.889905
v 1.801875 1.489131 -6.889905
v 1.746253 3.227752 -6.803851
v 1.735049 3.227752 -6.820877
v 1.782202 3.451777 -6.893830
v 1.782202 1.489131 -6.893830
v 1.731056 3.227752 -6.840998
v 1.734883 3.227752 -6.861151
v 1.762563 3.451777 -6.889744
v 1.762563 1.489131 -6.889744
v 1.745947 3.227752 -6.878268
v 1.762563 3.227752 -6.889744
v 1.745947 3.451777 -6.878268
v 1.745947 1.489131 -6.878268
v 1.782202 3.227752 -6.893830
v 1.801875 3.227752 -6.889905
v 1.734883 3.451777 -6.861151
v 1.734883 1.489131 -6.861151
v 1.818585 3.227752 -6.878567
v 1.829789 3.227752 -6.861541
v 1.731056 3.451777 -6.840998
v 1.731056 1.489131 -6.840998
v 1.829955 1.697009 -6.821267
v 1.818891 1.697009 -6.804150
v 1.735049 3.451777 -6.820877
v 1.735049 1.489131 -6.820877
v 1.802275 1.697009 -6.792674
v 1.782635 1.697009 -6.788588
v 1.746253 3.451777 -6.803851
v 1.746253 1.489131 -6.803851
v 1.762963 1.697009 -6.792512
v 1.746253 1.697009 -6.803851
v 1.762963 3.451777 -6.792512
v 1.762963 1.489131 -6.792512
v 1.735049 1.697009 -6.820877
v 1.731056 1.697009 -6.840998
v 1.782635 3.451777 -6.788588
v 1.782635 1.489131 -6.788588
v 1.734883 1.697009 -6.861151
v 1.745947 1.697009 -6.878268
v 1.802275 3.451777 -6.792674
v 1.802275 1.489131 -6.792674
v 1.762563 1.697009 -6.889744
v 1.782202 1.697009 -6.893830
v 1.818891 3.451777 -6.804150
v 1.818891 1.489131 -6.804150
v 1.801875 1.697009 -6.889905
v 1.818585 1.697009 -6.878567
v 1.829955 3.451777 -6.821267
v 1.829955 1.489131 -6.821267
v 1.829789 1.697009 -6.861541
v 1.833782 1.697009 -6.841420
v 1.833782 3.451777 -6.841420
v 1.833782 1.489131 -6.841420
v 1.833782 1.164787 -6.216522
v 1.833782 3.127434 -6.216522
v 1.833782 1.372665 -6.216522
v 1.829789 1.372665 -6.236643
v 1.829955 1.164787 -6.196368
v 1.829955 3.127434 -6.196368
v 1.818585 1.372665 -6.253669
v 1.801875 1.372665 -6.265007
v 1.818891 1.164787 -6.179251
v 1.818891 3.127434 -6.179251
v 1.782202 1.372665 -6.268932
v 1.762563 1.372665 -6.264845
v 1.802275 1.164787 -6.167776
v 1.802275 3.127434 -6.167776
v 1.745947 1.372665 -6.253370
v 1.734883 1.372665 -6.236253
v 1.782635 1.164787 -6.163689
v 1.782635 3.127434 -6.163689
v 1.731056 1.372665 -6.216099
v 1.735049 1.372665 -6.195978
v 1.762963 1.164787 -6.167614
v 1.762963 3.127434 -6.167614
v 1.746253 1.372665 -6.178952
v 1.762963 1.372665 -6.167614
v 1.746253 1.164787 -6.178952
v 1.746253 3.127434 -6.178952
v 1.782635 1.372665 -6.163689
v 1.802275 1.372665 -6.167776
v 1.735049 1.164787 -6.195978
v 1.735049 3.127434 -6.195978
v 1.818891 1.372665 -6.179251
v 1.829955 1.372665 -6.196368
v 1.731056 1.164787 -6.216099
v 1.731056 3.127434 -6.216099
v 1.829789 2.903408 -6.236643
v 1.818585 2.903408 -6.253669
v 1.734883 1.164787 -6.236253
v 1.734883 3.127434 -6.236253
v 1.801875 2.903408 -6.265007
v 1.782202 2.903408 -6.268932
v 1.745947 1.164787 -6.253370
v 1.745947 3.127434 -6.253370
v 1.762563 2.903408 -6.264845
v 1.745947 2.903408 -6.253370
v 1.762563 1.164787 -6.264845
v 1.762563 3.127434 -6.264845
v 1.734883 2.903408 -6.236253
v 1.731056 2.903408 -6.216099
v 1.782202 1.164787 -6.268932
v 1.782202 3.127434 -6.268932
v 1.735049 2.903408 -6.195978
v 1.746253 2.903408 -6.178952
v 1.801875 1.164787 -6.265007
v 1.801875 3.127434 -6.265007
v 1.762963 2.903408 -6.167614
v 1.782635 2.903408 -6.163689
v 1.818585 1.164787 -6.253669
v 1.818585 3.127434 -6.253669
v 1.802275 2.903408 -6.167776
v 1.818891 2.903408 -6.179251
v 1.829789 1.164787 -6.236643
v 1.829789 3.127434 -6.236643
v 1.829955 2.903408 -6.196368
v 1.833782 2.903408 -6.216522
v 1.817301 2.853885 -6.231283
v 1.809050 2.853885 -6.243821
v 1.796744 2.853885 -6.252171
v 1.782257 2.853885 -6.255061
v 1.767794 2.853885 -6.252051
v 1.755558 2.853885 -6.243600
v 1.747410 2.853885 -6.230995
v 1.744592 2.853885 -6.216154
v 1.747532 2.853885 -6.201336
v 1.755783 2.853885 -6.188798
v 1.768089 2.853885 -6.180449
v 1.782576 2.853885 -6.177558
v 1.797039 2.853885 -6.180568
v 1.809275 2.853885 -6.189018
v 1.820241 2.853885 -6.216465
v 1.817423 2.853885 -6.201624
v 1.817301 1.406717 -6.231283
v 1.809050 1.406717 -6.243821
v 1.796744 1.406717 -6.252171
v 1.782257 1.406717 -6.255061
v 1.767794 1.406717 -6.252051
v 1.755558 1.406717 -6.243600
v 1.747410 1.406717 -6.230995
v 1.744592 1.406717 -6.216154
v 1.747532 1.406717 -6.201336
v 1.755783 1.406717 -6.188798
v 1.768089 1.406717 -6.180449
v 1.782576 1.406717 -6.177558
v 1.797039 1.406717 -6.180568
v 1.809275 1.406717 -6.189018
v 1.817423 1.406717 -6.201624
v 1.820241 1.406717 -6.216465
v 1.820241 1.160249 -5.693535
v 1.817423 1.160249 -5.678694
v 1.809275 1.160249 -5.666089
v 1.797039 1.160249 -5.657638
v 1.782576 1.160249 -5.654629
v 1.768089 1.160249 -5.657519
v 1.755783 1.160249 -5.665869
v 1.747532 1.160249 -5.678407
v 1.744592 1.160249 -5.693224
v 1.747410 1.160249 -5.708066
v 1.755558 1.160249 -5.720671
v 1.767794 1.160249 -5.729122
v 1.782257 1.160249 -5.732131
v 1.796744 1.160249 -5.729241
v 1.809050 1.160249 -5.720891
v 1.817301 1.160249 -5.708353
v 1.817423 2.607417 -5.678694
v 1.820241 2.607417 -5.693535
v 1.809275 2.607417 -5.666089
v 1.797039 2.607417 -5.657638
v 1.782576 2.607417 -5.654629
v 1.768089 2.607417 -5.657519
v 1.755783 2.607417 -5.665869
v 1.747532 2.607417 -5.678407
v 1.744592 2.607417 -5.693224
v 1.747410 2.607417 -5.708066
v 1.755558 2.607417 -5.720671
v 1.767794 2.607417 -5.729122
v 1.782257 2.607417 -5.732131
v 1.796744 2.607417 -5.729241
v 1.809050 2.607417 -5.720891
v 1.817301 2.607417 -5.708353
v 1.833782 2.656940 -5.693592
v 1.829955 2.656940 -5.673439
v 1.829789 2.880966 -5.713713
v 1.829789 0.918320 -5.713713
v 1.818891 2.656940 -5.656322
v 1.802275 2.656940 -5.644846
v 1.818585 2.880966 -5.730739
v 1.818585 0.918320 -5.730739
v 1.782635 2.656940 -5.640759
v 1.762963 2.656940 -5.644684
v 1.801875 2.880966 -5.742077
v 1.801875 0.918320 -5.742077
v 1.746253 2.656940 -5.656023
v 1.735049 2.656940 -5.673048
v 1.782202 2.880966 -5.746002
v 1.782202 0.918320 -5.746002
v 1.731056 2.656940 -5.693170
v 1.734883 2.656940 -5.713323
v 1.762563 2.880966 -5.741916
v 1.762563 0.918320 -5.741916
v 1.745947 2.656940 -5.730440
v 1.762563 2.656940 -5.741916
v 1.745947 2.880966 -5.730440
v 1.745947 0.918320 -5.730440
v 1.782202 2.656940 -5.746002
v 1.801875 2.656940 -5.742077
v 1.734883 2.880966 -5.713323
v 1.734883 0.918320 -5.713323
v 1.818585 2.656940 -5.730739
v 1.829789 2.656940 -5.713713
v 1.731056 2.880966 -5.693170
v 1.731056 0.918320 -5.693170
v 1.829955 1.126198 -5.673439
v 1.818891 1.126198 -5.656322
v 1.735049 2.880966 -5.673048
v 1.735049 0.918320 -5.673048
v 1.802275 1.126198 -5.644846
v 1.782635 1.126198 -5.640759
v 1.746253 2.880966 -5.656023
v 1.746253 0.918320 -5.656023
v 1.762963 1.126198 -5.644684
v 1.746253 1.126198 -5.656023
v 1.762963 2.880966 -5.644684
v 1.762963 0.918320 -5.644684
v 1.735049 1.126198 -5.673048
v 1.731056 1.126198 -5.693170
v 1.782635 2.880966 -5.640759
v 1.782635 0.918320 -5.640759
v 1.734883 1.126198 -5.713323
v 1.745947 1.126198 -5.730440
v 1.802275 2.880966 -5.644846
v 1.802275 0.918320 -5.644846
v 1.762563 1.126198 -5.741916
v 1.782202 1.126198 -5.746002
v 1.818891 2.880966 -5.656322
v 1.818891 0.918320 -5.656322
v 1.801875 1.126198 -5.742077
v 1.818585 1.126198 -5.730739
v 1.829955 2.880966 -5.673439
v 1.829955 0.918320 -5.673439
v 1.829789 1.126198 -5.713713
v 1.833782 1.126198 -5.693592
v 1.833782 2.880966 -5.693592
v 1.833782 0.918320 -5.693592
v 1.837132 2.554970 -4.896882
v 1.722078 2.554970 -4.898273
v 1.640668 8.033057 -15.673697
v 1.827390 8.033057 -15.674568
v 1.856502 2.456283 -5.005153
v 1.914652 2.649984 -4.904921
v 1.664318 2.649984 -4.904049
v 1.708181 2.456283 -5.004282
v 1.879974 2.595213 -4.933262
v 1.693253 2.595213 -4.932391
v 1.817301 2.331253 -5.196609
v 1.809050 2.331253 -5.209147
v 1.796744 2.331253 -5.217497
v 1.782257 2.331253 -5.220387
v 1.767794 2.331253 -5.217378
v 1.755558 2.331253 -5.208927
v 1.747410 2.331253 -5.196321
v 1.744592 2.331253 -5.181480
v 1.747532 2.331253 -5.166663
v 1.755783 2.331253 -5.154125
v 1.768089 2.331253 -5.145775
v 1.782576 2.331253 -5.142885
v 1.797039 2.331253 -5.145894
v 1.809275 2.331253 -5.154345
v 1.820241 2.331253 -5.181791
v 1.817423 2.331253 -5.166950
v 1.817301 0.884084 -5.196609
v 1.809050 0.884084 -5.209147
v 1.796744 0.884084 -5.217497
v 1.782257 0.884084 -5.220387
v 1.767794 0.884084 -5.217378
v 1.755558 0.884084 -5.208927
v 1.747410 0.884084 -5.196321
v 1.744592 0.884084 -5.181480
v 1.747532 0.884084 -5.166663
v 1.755783 0.884084 -5.154125
v 1.768089 0.884084 -5.145775
v 1.782576 0.884084 -5.142885
v 1.797039 0.884084 -5.145894
v 1.809275 0.884084 -5.154345
v 1.817423 0.884084 -5.166950
v 1.820241 0.884084 -5.181791
v 24.715366 0.000000 -21.458420
v 24.715366 8.062303 -21.458420
v 19.978714 0.000000 -39.958733
v 19.978714 8.062303 -39.958733
v 6.437896 0.000000 -21.438896
v 6.687894 0.000000 -21.439924
v 6.437896 8.062303 -21.438896
v 6.687894 8.062303 -21.439924
v 4.993567 0.000000 1.666407
v 24.831045 0.000000 1.639925
v 24.831045 8.062303 1.639925
v 24.692406 8.062303 -27.039982
v 24.692406 0.000000 -27.039982
v 1.608226 0.000000 -15.630319
v 1.858224 0.000000 -15.631474
v 1.646603 0.000000 -4.998636
v 1.896601 0.000000 -4.999789
v 1.646603 0.676629 -4.998636
v 1.896601 0.676629 -4.999789
v 1.858224 6.007036 -15.631474
v 1.608226 6.007036 -15.630319
vn -1.0000 0.0012 0.0050
vn -0.0054 -0.0000 -1.0000
vn -1.0000 -0.0000 0.0067
vn 0.5683 -0.0000 0.8228
vn 1.0000 -0.0000 -0.0025
vn 1.0000 -0.0000 -0.0041
vn 0.0041 -0.0000 1.0000
vn -1.0000 -0.0000 0.0041
vn 0.0021 0.8939 0.4482
vn -1.0000 -0.0000 0.0038
vn -0.0000 -0.0000 -1.0000
vn -0.0000 -0.0000 1.0000
vn 1.0000 -0.0000 -0.0000
vn -1.0000 -0.0000 -0.0000
vn -0.0124 -0.0000 -0.9999
vn -0.0034 -0.0000 1.0000
vn -0.0039 -0.0015 1.0000
vn -1.0000 -0.0000 0.0042
vn -0.0041 -0.0000 -1.0000
vn 0.8398 -0.0000 0.5428
vn 0.9152 0.3637 0.1738
vn 0.2037 -0.0000 0.9790
vn -0.1957 -0.0000 0.9807
vn -0.5615 -0.0000 0.8275
vn -0.8353 -0.0000 0.5497
vn -0.9809 -0.0000 0.1946
vn -0.9824 -0.0000 -0.1866
vn -0.8398 -0.0000 -0.5428
vn -0.5683 -0.0000 -0.8228
vn -0.2037 -0.0000 -0.9790
vn 0.1957 -0.0000 -0.9807
vn 0.5615 -0.0000 -0.8275
vn 0.8353 -0.0000 -0.5497
vn 0.9809 -0.0000 -0.1946
vn 0.9824 -0.0000 0.1866
vn -0.1956 -0.0000 0.9807
vn -0.8354 -0.0000 0.5497
vn 0.8354 -0.0000 -0.5497
vn 0.9137 0.3637 -0.1813
vn 0.7775 0.3657 -0.5117
vn 0.5219 0.3686 -0.7692
vn 0.1817 0.3707 -0.9108
vn -0.1892 0.3707 -0.9093
vn -0.5283 0.3686 -0.7649
vn -0.7817 0.3656 -0.5053
vn 0.0047 -0.4802 0.8772
vn 0.0016 0.8923 0.4515
vn -0.9922 -0.1128 -0.0527
vn 0.9923 -0.1090 -0.0597
vn -0.0015 0.9251 -0.3797
vn -0.9152 0.3635 -0.1738
vn -0.9138 0.3635 0.1813
vn -0.7775 0.3656 0.5117
vn -0.5220 0.3685 0.7693
vn -0.1817 0.3707 0.9108
vn 0.1892 0.3707 0.9093
vn 0.5283 0.3686 0.7649
vn 0.7817 0.3657 0.5052
vn 0.8108 -0.2608 0.5241
vn 0.5483 -0.2630 0.7939
vn 0.1964 -0.2646 0.9441
vn -0.1886 -0.2646 0.9457
vn -0.5417 -0.2630 0.7984
vn -0.8065 -0.2607 0.5307
vn -0.9474 -0.2592 0.1880
vn -0.9489 -0.2592 -0.1802
vn -0.8108 -0.2607 -0.5241
vn -0.5483 -0.2630 -0.7939
vn -0.1965 -0.2647 -0.9441
vn 0.1887 -0.2647 -0.9457
vn 0.5417 -0.2630 -0.7984
vn 0.8064 -0.2608 -0.5307
vn 0.9473 -0.2593 -0.1880
vn 0.9489 -0.2592 0.1802
vn 0.5683 -0.0000 0.8229
vn 0.1956 -0.0000 -0.9807
vn -0.8398 -0.0000 -0.5429
vn -0.9824 -0.0000 -0.1865
vn 0.9152 0.3636 0.1738
vn 0.9473 -0.2592 -0.1880
vn 0.5417 -0.2631 -0.7983
vn -0.9489 -0.2591 -0.1802
vn 0.7817 0.3656 0.5053
vn -0.5220 0.3685 0.7692
vn 0.7775 0.3657 -0.5116
vn 0.9137 0.3636 -0.1813
vn 0.8398 -0.0000 0.5429
vn -0.5283 0.3685 -0.7649
vn 0.5282 0.3686 0.7649
vn 0.8108 -0.2608 0.5240
vn 0.5482 -0.2631 0.7939
vn 0.1965 -0.2647 0.9441
vn -0.1887 -0.2646 0.9457
vn -0.5417 -0.2629 0.7984
vn -0.1964 -0.2647 -0.9441
vn 0.1886 -0.2647 -0.9457
vn -0.5683 -0.0000 -0.8229
vn -0.9474 -0.2591 0.1880
vn -0.1817 0.3706 0.9108
vn -0.9152 0.3636 -0.1738
vn 0.1817 0.3708 -0.9108
vn 0.9824 -0.0000 0.1865
vn 0.1965 -0.2646 0.9441
vn -0.1964 -0.2646 -0.9441
vn 0.7817 0.3657 0.5053
vn 0.5417 -0.2631 -0.7984
vn 0.9489 -0.2593 0.1802
vn -0.5219 0.3685 0.7693
vn -0.7775 0.3655 0.5117
vn 0.5283 0.3685 0.7649
vn 0.5482 -0.2630 0.7939
vn 0.1964 -0.2647 0.9441
vn -0.0027 -0.8919 -0.4521
vn -0.0020 0.9250 -0.3798
vn 0.8679 -0.4414 -0.2277
vn -0.9012 -0.3885 -0.1922
vn -0.0187 -0.3110 0.9502
vn -0.8549 -0.5175 0.0362
vn 0.7710 -0.6151 0.1648
vn -0.0005 -0.9984 0.0572
vn 0.9246 -0.1844 0.3335
vn -0.9537 -0.1473 0.2622
vn 0.0065 0.6786 0.7344
vn 0.1892 0.3708 0.9093
vn 0.5483 -0.2631 0.7939
vn 0.5220 0.3686 -0.7692
vn 0.7817 0.3656 0.5052
vn 0.5417 -0.2630 -0.7983
vn 0.0274 -0.0000 0.9996
vn 0.9998 -0.0000 -0.0182
vn -0.0016 0.0007 -1.0000
vn -0.0007 -0.0000 -1.0000
vn 0.9999 -0.0000 0.0114
vn -1.0000 -0.0000 -0.0054
vn 1.0000 -0.0000 -0.0036
vn 0.0046 -0.0000 1.0000
vn -1.0000 -0.0000 0.0036
vt 0.990081 -0.000317
vt 0.990081 0.286822
vt 0.013064 0.286822
vt 0.013064 -0.000317
vt 0.991013 -0.001141
vt 0.232514 0.298950
vt 0.232514 0.460517
vt 0.123442 0.460517
vt 0.123442 0.298950
vt 0.771458 0.298950
vt 0.771458 0.460517
vt 0.619896 0.460517
vt 0.619896 0.298950
vt 0.905249 0.796616
vt 0.900091 0.796616
vt 0.900091 0.791906
vt 0.905249 0.791906
vt 0.118792 0.298950
vt 0.118792 0.460517
vt 0.006499 0.460517
vt 0.006499 0.298950
vt 0.146772 0.645718
vt 0.146772 0.799625
vt 0.010286 0.799625
vt 0.010286 0.645718
vt 0.008578 0.799625
vt 0.008578 0.645718
vt 0.342702 0.298950
vt 0.342702 0.460517
vt 0.238508 0.460517
vt 0.238508 0.298950
vt 0.978184 0.650106
vt 0.978184 0.711478
vt 0.928160 0.711478
vt 0.928160 0.650106
vt 0.949533 0.703941
vt 0.380126 0.645881
vt 0.500000 0.750000
vt 0.949533 0.769525
vt 0.148278 0.714380
vt 0.148278 0.661344
vt 0.249794 0.661344
vt 0.249794 0.714380
vt 0.441053 0.645718
vt 0.441053 0.799625
vt 0.439345 0.799625
vt 0.439345 0.645718
vt 0.308720 0.645718
vt 0.308720 0.799625
vt 0.244965 0.799625
vt 0.244965 0.645718
vt 0.197207 0.473391
vt 0.197207 0.630396
vt 0.104869 0.630396
vt 0.104869 0.473391
vt 0.634790 0.000650
vt 0.634790 0.285075
vt 0.384658 0.285075
vt 0.384658 0.000650
vt 0.102235 0.473391
vt 0.102235 0.630396
vt 0.004150 0.630396
vt 0.004150 0.473391
vt 0.818332 0.472981
vt 0.818332 0.633316
vt 0.789087 0.633316
vt 0.789087 0.472981
vt 0.682353 0.004701
vt 0.682353 0.281024
vt 0.363504 0.281024
vt 0.363504 0.004701
vt 0.789019 0.472981
vt 0.789019 0.633316
vt 0.759774 0.633316
vt 0.759774 0.472981
vt 0.526294 0.473391
vt 0.526294 0.630396
vt 0.448316 0.630396
vt 0.448316 0.473391
vt 0.160105 0.826501
vt 0.160105 0.989973
vt 0.009985 0.989973
vt 0.009985 0.826501
vt 0.821309 0.473244
vt 0.821309 0.628329
vt 0.792063 0.628329
vt 0.792063 0.473244
vt 0.449163 0.473391
vt 0.449163 0.630396
vt 0.339068 0.630396
vt 0.339068 0.473391
vt 0.462924 0.298950
vt 0.462924 0.460517
vt 0.346561 0.460517
vt 0.346561 0.298950
vt 0.698677 0.473391
vt 0.698677 0.630396
vt 0.585217 0.630396
vt 0.585217 0.473391
vt 0.251943 0.473391
vt 0.251341 0.630396
vt 0.197802 0.630396
vt 0.197802 0.473391
vt 0.776788 0.473267
vt 0.776788 0.637365
vt 0.650984 0.637365
vt 0.650984 0.473267
vt 0.465380 0.298950
vt 0.616943 0.298950
vt 0.616943 0.460517
vt 0.465380 0.460517
vt 0.148481 0.645686
vt 0.148481 0.799625
vt 0.900091 0.759722
vt 0.894933 0.759722
vt 0.894933 0.755351
vt 0.900091 0.755351
vt 0.910407 0.796616
vt 0.910407 0.791906
vt 0.889775 0.759722
vt 0.889775 0.755351
vt 0.894933 0.796616
vt 0.894933 0.791906
vt 0.884616 0.759722
vt 0.884616 0.755351
vt 0.889775 0.796616
vt 0.889775 0.791906
vt 0.879458 0.759722
vt 0.879458 0.755351
vt 0.884616 0.796616
vt 0.884616 0.791906
vt 0.874300 0.759722
vt 0.874300 0.755351
vt 0.879458 0.796616
vt 0.879458 0.791906
vt 0.869142 0.759722
vt 0.869142 0.755351
vt 0.874300 0.796616
vt 0.874300 0.791906
vt 0.863984 0.759722
vt 0.863984 0.755351
vt 0.869142 0.796616
vt 0.869142 0.791906
vt 0.858826 0.759722
vt 0.858826 0.755351
vt 0.863984 0.796616
vt 0.863984 0.791906
vt 0.853667 0.759722
vt 0.853667 0.755351
vt 0.858826 0.796616
vt 0.858826 0.791906
vt 0.848509 0.759722
vt 0.848509 0.755351
vt 0.853667 0.796616
vt 0.853667 0.791906
vt 0.843351 0.759722
vt 0.843351 0.755351
vt 0.848509 0.796616
vt 0.848509 0.791906
vt 0.838193 0.759722
vt 0.838193 0.755351
vt 0.843351 0.796616
vt 0.843351 0.791906
vt 0.833035 0.759722
vt 0.833035 0.755351
vt 0.838193 0.796616
vt 0.838193 0.791906
vt 0.915565 0.796616
vt 0.915565 0.791906
vt 0.833035 0.796616
vt 0.833035 0.791906
vt 0.915565 0.759722
vt 0.910407 0.759722
vt 0.910407 0.755351
vt 0.915565 0.755351
vt 0.838193 0.761846
vt 0.833035 0.761846
vt 0.843351 0.761846
vt 0.848509 0.761846
vt 0.853667 0.761846
vt 0.858826 0.761846
vt 0.863984 0.761846
vt 0.869142 0.761846
vt 0.057795 0.745665
vt 0.062209 0.745665
vt 0.062209 0.761274
vt 0.057795 0.761274
vt 0.062365 0.745665
vt 0.077817 0.745665
vt 0.077817 0.761274
vt 0.062365 0.761274
vt 0.057795 0.761430
vt 0.057795 0.776882
vt 0.046600 0.776882
vt 0.046600 0.761430
vt 0.057795 0.745509
vt 0.046600 0.745509
vt 0.046600 0.730057
vt 0.057795 0.730057
vt 0.057795 0.714448
vt 0.062209 0.714448
vt 0.062209 0.730057
vt 0.874300 0.761846
vt 0.879458 0.761846
vt 0.884616 0.761846
vt 0.889775 0.761846
vt 0.894933 0.761846
vt 0.900091 0.761846
vt 0.905249 0.761846
vt 0.905249 0.759722
vt 0.910407 0.761846
vt 0.905249 0.789714
vt 0.910407 0.789714
vt 0.900091 0.789714
vt 0.894933 0.789714
vt 0.889775 0.789714
vt 0.884616 0.789714
vt 0.879458 0.789714
vt 0.874300 0.789714
vt 0.869142 0.789714
vt 0.863984 0.789714
vt 0.858826 0.789714
vt 0.853667 0.789714
vt 0.848509 0.789714
vt 0.843351 0.789714
vt 0.838193 0.789714
vt 0.833035 0.789714
vt 0.915565 0.789714
vt 0.915565 0.761846
vt 0.835520 0.733629
vt 0.832526 0.733629
vt 0.832526 0.730895
vt 0.835520 0.730895
vt 0.880426 0.733629
vt 0.877433 0.733629
vt 0.877433 0.730895
vt 0.880426 0.730895
vt 0.838514 0.733629
vt 0.838514 0.730895
vt 0.835520 0.712216
vt 0.832526 0.712216
vt 0.832526 0.709679
vt 0.835520 0.709679
vt 0.841507 0.733629
vt 0.841507 0.730895
vt 0.838514 0.712216
vt 0.838514 0.709679
vt 0.844501 0.733629
vt 0.844501 0.730895
vt 0.841507 0.712216
vt 0.841507 0.709679
vt 0.847495 0.733629
vt 0.847495 0.730895
vt 0.844501 0.712216
vt 0.844501 0.709679
vt 0.850489 0.733629
vt 0.850489 0.730895
vt 0.847495 0.712216
vt 0.847495 0.709679
vt 0.853483 0.733629
vt 0.853483 0.730895
vt 0.850489 0.712216
vt 0.850489 0.709679
vt 0.856476 0.733629
vt 0.856476 0.730895
vt 0.853483 0.712216
vt 0.853483 0.709679
vt 0.859470 0.733629
vt 0.859470 0.730895
vt 0.856476 0.712216
vt 0.856476 0.709679
vt 0.862464 0.733629
vt 0.862464 0.730895
vt 0.859470 0.712216
vt 0.859470 0.709679
vt 0.865458 0.733629
vt 0.865458 0.730895
vt 0.862464 0.712216
vt 0.862464 0.709679
vt 0.868451 0.733629
vt 0.868451 0.730895
vt 0.865458 0.712216
vt 0.865458 0.709679
vt 0.871445 0.733629
vt 0.871445 0.730895
vt 0.868451 0.712216
vt 0.868451 0.709679
vt 0.874439 0.733629
vt 0.874439 0.730895
vt 0.871445 0.712216
vt 0.871445 0.709679
vt 0.874439 0.712216
vt 0.874439 0.709679
vt 0.880426 0.713449
vt 0.877433 0.713449
vt 0.877433 0.712216
vt 0.880426 0.712216
vt 0.877433 0.709679
vt 0.766668 0.771988
vt 0.763902 0.771988
vt 0.763902 0.769644
vt 0.766668 0.769644
vt 0.769434 0.773127
vt 0.766668 0.773127
vt 0.769434 0.771988
vt 0.761136 0.771988
vt 0.761136 0.769644
vt 0.766668 0.791772
vt 0.763902 0.791772
vt 0.763902 0.789247
vt 0.766668 0.789247
vt 0.758370 0.771988
vt 0.758370 0.769644
vt 0.761136 0.791772
vt 0.761136 0.789247
vt 0.755604 0.771988
vt 0.755604 0.769644
vt 0.758370 0.791772
vt 0.758370 0.789247
vt 0.752838 0.771988
vt 0.752838 0.769644
vt 0.755604 0.791772
vt 0.755604 0.789247
vt 0.750072 0.771988
vt 0.750072 0.769644
vt 0.752838 0.791772
vt 0.752838 0.789247
vt 0.747305 0.771988
vt 0.747305 0.769644
vt 0.750072 0.791772
vt 0.750072 0.789247
vt 0.744539 0.771988
vt 0.744539 0.769644
vt 0.747305 0.791772
vt 0.747305 0.789247
vt 0.741773 0.771988
vt 0.741773 0.769644
vt 0.744539 0.791772
vt 0.744539 0.789247
vt 0.739007 0.771988
vt 0.739007 0.769644
vt 0.741773 0.791772
vt 0.741773 0.789247
vt 0.736241 0.771988
vt 0.736241 0.769644
vt 0.739007 0.791772
vt 0.739007 0.789247
vt 0.733475 0.771988
vt 0.733475 0.769644
vt 0.736241 0.791772
vt 0.736241 0.789247
vt 0.730709 0.771988
vt 0.730709 0.769644
vt 0.733475 0.791772
vt 0.733475 0.789247
vt 0.727943 0.771988
vt 0.727943 0.769644
vt 0.730709 0.791772
vt 0.730709 0.789247
vt 0.725177 0.771988
vt 0.725177 0.769644
vt 0.727943 0.791772
vt 0.727943 0.789247
vt 0.769434 0.791772
vt 0.769434 0.789247
vt 0.725177 0.791772
vt 0.725177 0.789247
vt 0.980187 0.683835
vt 0.977534 0.683835
vt 0.977534 0.669501
vt 0.980187 0.669501
vt 0.940392 0.683835
vt 0.937739 0.683835
vt 0.937739 0.669501
vt 0.940392 0.669501
vt 0.943045 0.683835
vt 0.943045 0.669501
vt 0.945698 0.683835
vt 0.945698 0.669501
vt 0.948351 0.683835
vt 0.948351 0.669501
vt 0.951004 0.683835
vt 0.951004 0.669501
vt 0.953657 0.683835
vt 0.953657 0.669501
vt 0.956310 0.683835
vt 0.956310 0.669501
vt 0.958963 0.683835
vt 0.958963 0.669501
vt 0.961616 0.683835
vt 0.961616 0.669501
vt 0.964269 0.683835
vt 0.964269 0.669501
vt 0.966922 0.683835
vt 0.966922 0.669501
vt 0.969575 0.683835
vt 0.969575 0.669501
vt 0.972228 0.683835
vt 0.972228 0.669501
vt 0.974881 0.683835
vt 0.974881 0.669501
vt 0.980187 0.684962
vt 0.977534 0.684962
vt 0.940392 0.684962
vt 0.937739 0.684962
vt 0.943045 0.684962
vt 0.945698 0.684962
vt 0.948351 0.684962
vt 0.951004 0.684962
vt 0.953657 0.684962
vt 0.956310 0.684962
vt 0.958963 0.684962
vt 0.961616 0.684962
vt 0.964269 0.684962
vt 0.966922 0.684962
vt 0.969575 0.684962
vt 0.972228 0.684962
vt 0.974881 0.684962
vt 0.974881 0.668409
vt 0.977534 0.668409
vt 0.972228 0.668409
vt 0.969575 0.668409
vt 0.966922 0.668409
vt 0.964269 0.668409
vt 0.961616 0.668409
vt 0.958963 0.668409
vt 0.956310 0.668409
vt 0.953657 0.668409
vt 0.951004 0.668409
vt 0.948351 0.668409
vt 0.945698 0.668409
vt 0.943045 0.668409
vt 0.940392 0.668409
vt 0.937739 0.668409
vt 0.980187 0.668409
vt 0.977534 0.666161
vt 0.980187 0.666161
vt 0.940392 0.687385
vt 0.937739 0.687385
vt 0.980187 0.687385
vt 0.977534 0.687385
vt 0.943045 0.687385
vt 0.937739 0.666161
vt 0.940392 0.666161
vt 0.945698 0.687385
vt 0.943045 0.666161
vt 0.948351 0.687385
vt 0.945698 0.666161
vt 0.951004 0.687385
vt 0.948351 0.666161
vt 0.953657 0.687385
vt 0.951004 0.666161
vt 0.956310 0.687385
vt 0.953657 0.666161
vt 0.958963 0.687385
vt 0.956310 0.666161
vt 0.961616 0.687385
vt 0.958963 0.666161
vt 0.964269 0.687385
vt 0.961616 0.666161
vt 0.966922 0.687385
vt 0.964269 0.666161
vt 0.969575 0.687385
vt 0.966922 0.666161
vt 0.972228 0.687385
vt 0.969575 0.666161
vt 0.974881 0.687385
vt 0.972228 0.666161
vt 0.974881 0.666161
vt 0.970329 0.673723
vt 0.967114 0.673723
vt 0.967114 0.670999
vt 0.970329 0.670999
vt 0.973544 0.675047
vt 0.970329 0.675047
vt 0.973544 0.673723
vt 0.963899 0.673723
vt 0.963899 0.670999
vt 0.970329 0.696719
vt 0.967114 0.696719
vt 0.967114 0.693784
vt 0.970329 0.693784
vt 0.960684 0.673723
vt 0.960684 0.670999
vt 0.963899 0.696719
vt 0.963899 0.693784
vt 0.957469 0.673723
vt 0.957469 0.670999
vt 0.960684 0.696719
vt 0.960684 0.693784
vt 0.954253 0.673723
vt 0.954253 0.670999
vt 0.957469 0.696719
vt 0.957469 0.693784
vt 0.951038 0.673723
vt 0.951038 0.670999
vt 0.954253 0.696719
vt 0.954253 0.693784
vt 0.947823 0.673723
vt 0.947823 0.670999
vt 0.951038 0.696719
vt 0.951038 0.693784
vt 0.944608 0.673723
vt 0.944608 0.670999
vt 0.947823 0.696719
vt 0.947823 0.693784
vt 0.941393 0.673723
vt 0.941393 0.670999
vt 0.944608 0.696719
vt 0.944608 0.693784
vt 0.938178 0.673723
vt 0.938178 0.670999
vt 0.941393 0.696719
vt 0.941393 0.693784
vt 0.934963 0.673723
vt 0.934963 0.670999
vt 0.938178 0.696719
vt 0.938178 0.693784
vt 0.931748 0.673723
vt 0.931748 0.670999
vt 0.934963 0.696719
vt 0.934963 0.693784
vt 0.928533 0.673723
vt 0.928533 0.670999
vt 0.931748 0.696719
vt 0.931748 0.693784
vt 0.925318 0.673723
vt 0.925318 0.670999
vt 0.928533 0.696719
vt 0.928533 0.693784
vt 0.922103 0.673723
vt 0.922103 0.670999
vt 0.925318 0.696719
vt 0.925318 0.693784
vt 0.973544 0.696719
vt 0.973544 0.693784
vt 0.922103 0.696719
vt 0.922103 0.693784
vt 0.973544 0.670999
vt 0.925318 0.675047
vt 0.922103 0.675047
vt 0.928533 0.675047
vt 0.931748 0.675047
vt 0.934963 0.675047
vt 0.938178 0.675047
vt 0.941393 0.675047
vt 0.944608 0.675047
vt 0.947823 0.675047
vt 0.951038 0.675047
vt 0.954253 0.675047
vt 0.957469 0.675047
vt 0.960684 0.675047
vt 0.963899 0.675047
vt 0.967114 0.675047
vt 0.967114 0.692417
vt 0.970329 0.692417
vt 0.963899 0.692417
vt 0.960684 0.692417
vt 0.957469 0.692417
vt 0.954253 0.692417
vt 0.951038 0.692417
vt 0.947823 0.692417
vt 0.944608 0.692417
vt 0.941393 0.692417
vt 0.938178 0.692417
vt 0.934963 0.692417
vt 0.931748 0.692417
vt 0.928533 0.692417
vt 0.925318 0.692417
vt 0.922103 0.692417
vt 0.973544 0.692417
vt 0.900071 0.684003
vt 0.898242 0.684003
vt 0.898242 0.674122
vt 0.900071 0.674122
vt 0.872638 0.684003
vt 0.870809 0.684003
vt 0.870809 0.674122
vt 0.872638 0.674122
vt 0.874467 0.684003
vt 0.874467 0.674122
vt 0.876296 0.684003
vt 0.876296 0.674122
vt 0.878124 0.684003
vt 0.878124 0.674122
vt 0.879953 0.684003
vt 0.879953 0.674122
vt 0.881782 0.684003
vt 0.881782 0.674122
vt 0.883611 0.684003
vt 0.883611 0.674122
vt 0.885440 0.684003
vt 0.885440 0.674122
vt 0.887269 0.684003
vt 0.887269 0.674122
vt 0.889098 0.684003
vt 0.889098 0.674122
vt 0.890927 0.684003
vt 0.890927 0.674122
vt 0.892755 0.684003
vt 0.892755 0.674122
vt 0.894584 0.684003
vt 0.894584 0.674122
vt 0.896413 0.684003
vt 0.896413 0.674122
vt 0.900071 0.684780
vt 0.898242 0.684780
vt 0.872638 0.684780
vt 0.870809 0.684780
vt 0.874467 0.684780
vt 0.876296 0.684780
vt 0.878124 0.684780
vt 0.879953 0.684780
vt 0.881782 0.684780
vt 0.883611 0.684780
vt 0.885440 0.684780
vt 0.887269 0.684780
vt 0.889098 0.684780
vt 0.890927 0.684780
vt 0.892755 0.684780
vt 0.894584 0.684780
vt 0.896413 0.684780
vt 0.896413 0.673369
vt 0.898242 0.673369
vt 0.894584 0.673369
vt 0.892755 0.673369
vt 0.890927 0.673369
vt 0.889098 0.673369
vt 0.887269 0.673369
vt 0.885440 0.673369
vt 0.883611 0.673369
vt 0.881782 0.673369
vt 0.879953 0.673369
vt 0.878124 0.673369
vt 0.876296 0.673369
vt 0.874467 0.673369
vt 0.872638 0.673369
vt 0.870809 0.673369
vt 0.900071 0.673369
vt 0.898242 0.671819
vt 0.900071 0.671819
vt 0.872638 0.686450
vt 0.870809 0.686450
vt 0.900071 0.686450
vt 0.898242 0.686450
vt 0.874467 0.686450
vt 0.870809 0.671819
vt 0.872638 0.671819
vt 0.876296 0.686450
vt 0.874467 0.671819
vt 0.878124 0.686450
vt 0.876296 0.671819
vt 0.879953 0.686450
vt 0.878124 0.671819
vt 0.881782 0.686450
vt 0.879953 0.671819
vt 0.883611 0.686450
vt 0.881782 0.671819
vt 0.885440 0.686450
vt 0.883611 0.671819
vt 0.887269 0.686450
vt 0.885440 0.671819
vt 0.889098 0.686450
vt 0.887269 0.671819
vt 0.890927 0.686450
vt 0.889098 0.671819
vt 0.892755 0.686450
vt 0.890927 0.671819
vt 0.894584 0.686450
vt 0.892755 0.671819
vt 0.896413 0.686450
vt 0.894584 0.671819
vt 0.896413 0.671819
vt 0.769434 0.769644
vt 0.727943 0.773127
vt 0.725177 0.773127
vt 0.730709 0.773127
vt 0.733475 0.773127
vt 0.736241 0.773127
vt 0.739007 0.773127
vt 0.741773 0.773127
vt 0.744539 0.773127
vt 0.747305 0.773127
vt 0.750072 0.773127
vt 0.752838 0.773127
vt 0.755604 0.773127
vt 0.758370 0.773127
vt 0.761136 0.773127
vt 0.763902 0.773127
vt 0.763902 0.788071
vt 0.766668 0.788071
vt 0.761136 0.788071
vt 0.758370 0.788071
vt 0.755604 0.788071
vt 0.752838 0.788071
vt 0.750072 0.788071
vt 0.747305 0.788071
vt 0.744539 0.788071
vt 0.741773 0.788071
vt 0.739007 0.788071
vt 0.736241 0.788071
vt 0.733475 0.788071
vt 0.730709 0.788071
vt 0.727943 0.788071
vt 0.725177 0.788071
vt 0.769434 0.788071
vt 0.653064 0.688550
vt 0.649527 0.688550
vt 0.649527 0.669440
vt 0.653064 0.669440
vt 0.600007 0.688550
vt 0.596469 0.688550
vt 0.596469 0.669440
vt 0.600007 0.669440
vt 0.603544 0.688550
vt 0.603544 0.669440
vt 0.607081 0.688550
vt 0.607081 0.669440
vt 0.610618 0.688550
vt 0.610618 0.669440
vt 0.614155 0.688550
vt 0.614155 0.669440
vt 0.617692 0.688550
vt 0.617692 0.669440
vt 0.621230 0.688550
vt 0.621230 0.669440
vt 0.624767 0.688550
vt 0.624767 0.669440
vt 0.628304 0.688550
vt 0.628304 0.669440
vt 0.631841 0.688550
vt 0.631841 0.669440
vt 0.635378 0.688550
vt 0.635378 0.669440
vt 0.638915 0.688550
vt 0.638915 0.669440
vt 0.642452 0.688550
vt 0.642452 0.669440
vt 0.645990 0.688550
vt 0.645990 0.669440
vt 0.653064 0.690054
vt 0.649527 0.690054
vt 0.600007 0.690054
vt 0.596469 0.690054
vt 0.603544 0.690054
vt 0.607081 0.690054
vt 0.610618 0.690054
vt 0.614155 0.690054
vt 0.617692 0.690054
vt 0.621230 0.690054
vt 0.624767 0.690054
vt 0.628304 0.690054
vt 0.631841 0.690054
vt 0.635378 0.690054
vt 0.638915 0.690054
vt 0.642452 0.690054
vt 0.645990 0.690054
vt 0.645990 0.667984
vt 0.649527 0.667984
vt 0.642452 0.667984
vt 0.638915 0.667984
vt 0.635378 0.667984
vt 0.631841 0.667983
vt 0.628304 0.667984
vt 0.624767 0.667984
vt 0.621230 0.667983
vt 0.617692 0.667983
vt 0.614155 0.667984
vt 0.610618 0.667984
vt 0.607081 0.667984
vt 0.603544 0.667984
vt 0.600007 0.667984
vt 0.596469 0.667984
vt 0.653064 0.667984
vt 0.649527 0.664986
vt 0.653064 0.664986
vt 0.802912 0.671567
vt 0.797514 0.671567
vt 0.797514 0.666994
vt 0.802912 0.666994
vt 0.808309 0.673790
vt 0.802912 0.673790
vt 0.808309 0.671567
vt 0.792117 0.671567
vt 0.792117 0.666994
vt 0.802912 0.710174
vt 0.797514 0.710174
vt 0.797514 0.705245
vt 0.802912 0.705245
vt 0.786719 0.671567
vt 0.786719 0.666994
vt 0.792117 0.710174
vt 0.792117 0.705245
vt 0.781322 0.671567
vt 0.781322 0.666994
vt 0.786719 0.710174
vt 0.786719 0.705245
vt 0.775924 0.671567
vt 0.775924 0.666994
vt 0.781322 0.710174
vt 0.781322 0.705245
vt 0.770527 0.671567
vt 0.770527 0.666994
vt 0.775924 0.710174
vt 0.775924 0.705245
vt 0.765129 0.671567
vt 0.765129 0.666994
vt 0.770527 0.710174
vt 0.770527 0.705245
vt 0.759732 0.671567
vt 0.759732 0.666994
vt 0.765129 0.710174
vt 0.765129 0.705245
vt 0.754334 0.671567
vt 0.754334 0.666994
vt 0.759732 0.710174
vt 0.759732 0.705245
vt 0.748937 0.671567
vt 0.748937 0.666994
vt 0.754334 0.710174
vt 0.754334 0.705245
vt 0.743539 0.671567
vt 0.743539 0.666994
vt 0.748937 0.710174
vt 0.748937 0.705245
vt 0.738142 0.671567
vt 0.738142 0.666994
vt 0.743539 0.710174
vt 0.743539 0.705245
vt 0.732744 0.671567
vt 0.732744 0.666994
vt 0.738142 0.710174
vt 0.738142 0.705245
vt 0.727347 0.671567
vt 0.727347 0.666994
vt 0.732744 0.710174
vt 0.732744 0.705245
vt 0.721949 0.671567
vt 0.721949 0.666994
vt 0.727347 0.710174
vt 0.727347 0.705245
vt 0.808309 0.710174
vt 0.808309 0.705245
vt 0.721949 0.710174
vt 0.721949 0.705245
vt 0.808309 0.666994
vt 0.727347 0.673790
vt 0.721949 0.673790
vt 0.732744 0.673790
vt 0.738142 0.673790
vt 0.743539 0.673790
vt 0.748937 0.673790
vt 0.754334 0.673790
vt 0.759732 0.673790
vt 0.765129 0.673790
vt 0.770527 0.673790
vt 0.775924 0.673790
vt 0.781322 0.673790
vt 0.786719 0.673790
vt 0.792117 0.673790
vt 0.797514 0.673790
vt 0.797514 0.702951
vt 0.802912 0.702951
vt 0.792117 0.702951
vt 0.786719 0.702951
vt 0.781322 0.702951
vt 0.775924 0.702951
vt 0.770527 0.702951
vt 0.765129 0.702951
vt 0.759732 0.702951
vt 0.754334 0.702951
vt 0.748937 0.702951
vt 0.743539 0.702951
vt 0.738142 0.702951
vt 0.732744 0.702951
vt 0.727347 0.702951
vt 0.721949 0.702951
vt 0.808309 0.702951
vt 0.556253 0.789926
vt 0.553677 0.789926
vt 0.553677 0.776011
vt 0.556253 0.776011
vt 0.517618 0.789926
vt 0.515043 0.789926
vt 0.515043 0.776011
vt 0.517618 0.776011
vt 0.520194 0.789926
vt 0.520194 0.776011
vt 0.522770 0.789926
vt 0.522770 0.776011
vt 0.525345 0.789926
vt 0.525345 0.776011
vt 0.527921 0.789926
vt 0.527921 0.776011
vt 0.530496 0.789926
vt 0.530496 0.776011
vt 0.533072 0.789926
vt 0.533072 0.776011
vt 0.535648 0.789926
vt 0.535648 0.776011
vt 0.538223 0.789926
vt 0.538223 0.776011
vt 0.540799 0.789926
vt 0.540799 0.776011
vt 0.543374 0.789926
vt 0.543374 0.776011
vt 0.545950 0.789926
vt 0.545950 0.776011
vt 0.548526 0.789926
vt 0.548526 0.776011
vt 0.551101 0.789926
vt 0.551101 0.776011
vt 0.556253 0.791021
vt 0.553677 0.791021
vt 0.517618 0.791021
vt 0.515043 0.791021
vt 0.520194 0.791021
vt 0.522770 0.791021
vt 0.525345 0.791021
vt 0.527921 0.791021
vt 0.530496 0.791021
vt 0.533072 0.791021
vt 0.535648 0.791021
vt 0.538223 0.791021
vt 0.540799 0.791021
vt 0.543374 0.791021
vt 0.545950 0.791021
vt 0.548526 0.791021
vt 0.551101 0.791021
vt 0.551101 0.774950
vt 0.553677 0.774950
vt 0.548526 0.774950
vt 0.545950 0.774950
vt 0.543374 0.774950
vt 0.540799 0.774950
vt 0.538223 0.774950
vt 0.535648 0.774950
vt 0.533072 0.774950
vt 0.530496 0.774950
vt 0.527921 0.774950
vt 0.525345 0.774950
vt 0.522770 0.774950
vt 0.520194 0.774950
vt 0.517618 0.774950
vt 0.515043 0.774950
vt 0.556253 0.774950
vt 0.553677 0.772768
vt 0.556253 0.772768
vt 0.517618 0.793373
vt 0.515043 0.793373
vt 0.556253 0.793373
vt 0.553677 0.793373
vt 0.520194 0.793373
vt 0.515043 0.772768
vt 0.517618 0.772768
vt 0.522770 0.793373
vt 0.520194 0.772768
vt 0.525345 0.793373
vt 0.522770 0.772768
vt 0.527921 0.793373
vt 0.525345 0.772768
vt 0.530496 0.793373
vt 0.527921 0.772768
vt 0.533072 0.793373
vt 0.530496 0.772768
vt 0.535648 0.793373
vt 0.533072 0.772768
vt 0.538223 0.793373
vt 0.535648 0.772768
vt 0.540799 0.793373
vt 0.538223 0.772768
vt 0.543374 0.793373
vt 0.540799 0.772768
vt 0.545950 0.793373
vt 0.543374 0.772768
vt 0.548526 0.793373
vt 0.545950 0.772768
vt 0.551101 0.793373
vt 0.548526 0.772768
vt 0.551101 0.772768
vt 0.741252 0.670176
vt 0.737661 0.670176
vt 0.737661 0.667133
vt 0.741252 0.667133
vt 0.744843 0.671654
vt 0.741252 0.671654
vt 0.744843 0.670176
vt 0.734069 0.670176
vt 0.734069 0.667133
vt 0.741252 0.695862
vt 0.737661 0.695862
vt 0.737661 0.692582
vt 0.741252 0.692582
vt 0.730478 0.670176
vt 0.730478 0.667133
vt 0.734069 0.695862
vt 0.734069 0.692582
vt 0.726887 0.670176
vt 0.726887 0.667133
vt 0.730478 0.695862
vt 0.730478 0.692582
vt 0.723296 0.670176
vt 0.723296 0.667133
vt 0.726887 0.695862
vt 0.726887 0.692582
vt 0.719705 0.670176
vt 0.719705 0.667133
vt 0.723296 0.695862
vt 0.723296 0.692582
vt 0.716114 0.670176
vt 0.716114 0.667133
vt 0.719705 0.695862
vt 0.719705 0.692582
vt 0.712523 0.670176
vt 0.712523 0.667133
vt 0.716114 0.695862
vt 0.716114 0.692582
vt 0.708932 0.670176
vt 0.708932 0.667133
vt 0.712523 0.695862
vt 0.712523 0.692582
vt 0.705340 0.670176
vt 0.705340 0.667133
vt 0.708932 0.695862
vt 0.708932 0.692582
vt 0.701749 0.670176
vt 0.701749 0.667133
vt 0.705340 0.695862
vt 0.705340 0.692582
vt 0.698158 0.670176
vt 0.698158 0.667133
vt 0.701749 0.695862
vt 0.701749 0.692582
vt 0.694567 0.670176
vt 0.694567 0.667133
vt 0.698158 0.695862
vt 0.698158 0.692582
vt 0.690976 0.670176
vt 0.690976 0.667133
vt 0.694567 0.695862
vt 0.694567 0.692582
vt 0.687385 0.670176
vt 0.687385 0.667133
vt 0.690976 0.695862
vt 0.690976 0.692582
vt 0.744843 0.695862
vt 0.744843 0.692582
vt 0.687385 0.695862
vt 0.687385 0.692582
vt 0.744843 0.667133
vt 0.690976 0.671654
vt 0.687385 0.671654
vt 0.694567 0.671654
vt 0.698158 0.671654
vt 0.701749 0.671654
vt 0.705340 0.671654
vt 0.708932 0.671654
vt 0.712523 0.671654
vt 0.716114 0.671654
vt 0.719705 0.671654
vt 0.723296 0.671654
vt 0.726887 0.671654
vt 0.730478 0.671654
vt 0.734069 0.671654
vt 0.737661 0.671654
vt 0.737661 0.691056
vt 0.741252 0.691056
vt 0.734069 0.691056
vt 0.730478 0.691056
vt 0.726887 0.691056
vt 0.723296 0.691056
vt 0.719705 0.691056
vt 0.716114 0.691056
vt 0.712523 0.691056
vt 0.708932 0.691056
vt 0.705340 0.691056
vt 0.701749 0.691056
vt 0.698158 0.691056
vt 0.694567 0.691056
vt 0.690976 0.691056
vt 0.687385 0.691056
vt 0.744843 0.691056
vt 0.600007 0.693284
vt 0.596469 0.693284
vt 0.653064 0.693284
vt 0.649527 0.693284
vt 0.603544 0.693284
vt 0.596469 0.664986
vt 0.600007 0.664986
vt 0.607081 0.693284
vt 0.603544 0.664986
vt 0.610618 0.693284
vt 0.607081 0.664986
vt 0.614155 0.693284
vt 0.610618 0.664986
vt 0.617692 0.693284
vt 0.614155 0.664986
vt 0.621230 0.693284
vt 0.617692 0.664986
vt 0.624767 0.693284
vt 0.621230 0.664986
vt 0.628304 0.693284
vt 0.624767 0.664986
vt 0.631841 0.693284
vt 0.628304 0.664986
vt 0.635378 0.693284
vt 0.631841 0.664986
vt 0.638915 0.693284
vt 0.635378 0.664986
vt 0.642452 0.693284
vt 0.638915 0.664986
vt 0.645990 0.693284
vt 0.642452 0.664986
vt 0.645990 0.664986
vt 0.976787 0.667324
vt 0.976787 0.764173
vt 0.803005 0.783070
vt 0.839896 0.000410
vt 0.839896 0.285315
vt 0.130224 0.285315
vt 0.130224 0.000410
vt 0.046444 0.761274
vt 0.030992 0.761274
vt 0.030992 0.745665
vt 0.046444 0.745665
vt 0.046600 0.714448
vt 0.062209 0.745509
vt 0.062209 0.761430
vt 0.062209 0.776882
vt 0.046600 0.745665
vt 0.046600 0.761274
vt 0.905249 0.755351
vt 0.907467 0.710730
vt 0.904002 0.710730
vt 0.904002 0.707794
vt 0.907467 0.707794
vt 0.910932 0.712157
vt 0.907467 0.712157
vt 0.910932 0.710730
vt 0.900537 0.710730
vt 0.900537 0.707794
vt 0.907467 0.735514
vt 0.904002 0.735514
vt 0.904002 0.732350
vt 0.907467 0.732350
vt 0.897072 0.710730
vt 0.897072 0.707794
vt 0.900537 0.735514
vt 0.900537 0.732350
vt 0.893607 0.710730
vt 0.893607 0.707794
vt 0.897072 0.735514
vt 0.897072 0.732350
vt 0.890142 0.710730
vt 0.890142 0.707794
vt 0.893607 0.735514
vt 0.893607 0.732350
vt 0.886677 0.710730
vt 0.886677 0.707794
vt 0.890142 0.735514
vt 0.890142 0.732350
vt 0.883212 0.710730
vt 0.883212 0.707794
vt 0.886677 0.735514
vt 0.886677 0.732350
vt 0.879747 0.710730
vt 0.879747 0.707794
vt 0.883212 0.735514
vt 0.883212 0.732350
vt 0.876282 0.710730
vt 0.876282 0.707794
vt 0.879747 0.735514
vt 0.879747 0.732350
vt 0.872817 0.710730
vt 0.872817 0.707794
vt 0.876282 0.735514
vt 0.876282 0.732350
vt 0.869352 0.710730
vt 0.869352 0.707794
vt 0.872817 0.735514
vt 0.872817 0.732350
vt 0.865887 0.710730
vt 0.865887 0.707794
vt 0.869352 0.735514
vt 0.869352 0.732350
vt 0.862422 0.710730
vt 0.862422 0.707794
vt 0.865887 0.735514
vt 0.865887 0.732350
vt 0.858957 0.710730
vt 0.858957 0.707794
vt 0.862422 0.735514
vt 0.862422 0.732350
vt 0.855492 0.710730
vt 0.855492 0.707794
vt 0.858957 0.735514
vt 0.858957 0.732350
vt 0.910932 0.735514
vt 0.910932 0.732350
vt 0.855492 0.735514
vt 0.855492 0.732350
vt 0.910932 0.707794
vt 0.858957 0.712157
vt 0.855492 0.712157
vt 0.862422 0.712157
vt 0.865887 0.712157
vt 0.869352 0.712157
vt 0.872817 0.712157
vt 0.876282 0.712157
vt 0.879747 0.712157
vt 0.883212 0.712157
vt 0.886677 0.712157
vt 0.890142 0.712157
vt 0.893607 0.712157
vt 0.897072 0.712157
vt 0.900537 0.712157
vt 0.904002 0.712157
vt 0.904002 0.730877
vt 0.907467 0.730877
vt 0.900537 0.730877
vt 0.897072 0.730877
vt 0.893607 0.730877
vt 0.890142 0.730877
vt 0.886677 0.730877
vt 0.883212 0.730877
vt 0.879747 0.730877
vt 0.876282 0.730877
vt 0.872817 0.730877
vt 0.869352 0.730877
vt 0.865887 0.730877
vt 0.862422 0.730877
vt 0.858957 0.730877
vt 0.855492 0.730877
vt 0.910932 0.730877
vt 0.798528 0.794321
vt 0.795189 0.794321
vt 0.795189 0.776280
vt 0.798528 0.776280
vt 0.748438 0.794321
vt 0.745098 0.794321
vt 0.745098 0.776280
vt 0.748438 0.776280
vt 0.751777 0.794321
vt 0.751777 0.776280
vt 0.755116 0.794321
vt 0.755116 0.776280
vt 0.758456 0.794321
vt 0.758456 0.776280
vt 0.761795 0.794321
vt 0.761795 0.776280
vt 0.765134 0.794321
vt 0.765134 0.776280
vt 0.768474 0.794321
vt 0.768474 0.776280
vt 0.771813 0.794321
vt 0.771813 0.776280
vt 0.775153 0.794321
vt 0.775153 0.776280
vt 0.778492 0.794321
vt 0.778492 0.776280
vt 0.781831 0.794321
vt 0.781831 0.776280
vt 0.785171 0.794321
vt 0.785171 0.776280
vt 0.788510 0.794321
vt 0.788510 0.776280
vt 0.791849 0.794321
vt 0.791849 0.776280
vt 0.798528 0.795741
vt 0.795189 0.795741
vt 0.748438 0.795741
vt 0.745098 0.795741
vt 0.751777 0.795741
vt 0.755116 0.795741
vt 0.758456 0.795741
vt 0.761795 0.795741
vt 0.765134 0.795741
vt 0.768474 0.795741
vt 0.771813 0.795741
vt 0.775153 0.795741
vt 0.778492 0.795741
vt 0.781831 0.795741
vt 0.785171 0.795741
vt 0.788510 0.795741
vt 0.791849 0.795741
vt 0.791849 0.774905
vt 0.795189 0.774905
vt 0.788510 0.774905
vt 0.785171 0.774905
vt 0.781831 0.774905
vt 0.778492 0.774905
vt 0.775153 0.774905
vt 0.771813 0.774905
vt 0.768474 0.774905
vt 0.765134 0.774905
vt 0.761795 0.774905
vt 0.758456 0.774905
vt 0.755116 0.774905
vt 0.751777 0.774905
vt 0.748438 0.774905
vt 0.745098 0.774905
vt 0.798528 0.774905
vt 0.795189 0.772075
vt 0.798528 0.772075
vt 0.748438 0.798790
vt 0.745098 0.798790
vt 0.798528 0.798790
vt 0.795189 0.798790
vt 0.751777 0.798790
vt 0.745098 0.772075
vt 0.748438 0.772075
vt 0.755116 0.798790
vt 0.751777 0.772075
vt 0.758456 0.798790
vt 0.755116 0.772075
vt 0.761795 0.798790
vt 0.758456 0.772075
vt 0.765134 0.798790
vt 0.761795 0.772075
vt 0.768474 0.798790
vt 0.765134 0.772075
vt 0.771813 0.798790
vt 0.768474 0.772075
vt 0.775153 0.798790
vt 0.771813 0.772075
vt 0.778492 0.798790
vt 0.775153 0.772075
vt 0.781831 0.798790
vt 0.778492 0.772075
vt 0.785171 0.798790
vt 0.781831 0.772075
vt 0.788510 0.798790
vt 0.785171 0.772075
vt 0.791849 0.798790
vt 0.788510 0.772075
vt 0.791849 0.772075
vt 0.880426 0.709679
vt 0.835520 0.713449
vt 0.832526 0.713449
vt 0.838514 0.713449
vt 0.841507 0.713449
vt 0.844501 0.713449
vt 0.847495 0.713449
vt 0.850489 0.713449
vt 0.853483 0.713449
vt 0.856476 0.713449
vt 0.859470 0.713449
vt 0.862464 0.713449
vt 0.865458 0.713449
vt 0.868451 0.713449
vt 0.871445 0.713449
vt 0.874439 0.713449
vt 0.874439 0.729623
vt 0.877433 0.729623
vt 0.871445 0.729623
vt 0.868451 0.729623
vt 0.865458 0.729623
vt 0.862464 0.729623
vt 0.859470 0.729623
vt 0.856476 0.729623
vt 0.853483 0.729623
vt 0.850489 0.729623
vt 0.847495 0.729623
vt 0.844501 0.729623
vt 0.841507 0.729623
vt 0.838514 0.729623
vt 0.835520 0.729623
vt 0.832526 0.729623
vt 0.880426 0.729623
vt 0.978419 0.801982
vt 0.973691 0.801982
vt 0.973691 0.797665
vt 0.978419 0.797665
vt 0.973691 0.768165
vt 0.968963 0.768165
vt 0.968963 0.764158
vt 0.973691 0.764158
vt 0.983147 0.801982
vt 0.983147 0.797665
vt 0.964235 0.768165
vt 0.964235 0.764158
vt 0.968963 0.801982
vt 0.968963 0.797665
vt 0.959507 0.768165
vt 0.959507 0.764158
vt 0.964235 0.801982
vt 0.964235 0.797665
vt 0.954779 0.768165
vt 0.954779 0.764158
vt 0.959507 0.801982
vt 0.959507 0.797665
vt 0.950051 0.768165
vt 0.950051 0.764158
vt 0.954779 0.801982
vt 0.954779 0.797665
vt 0.945323 0.768165
vt 0.945323 0.764158
vt 0.950051 0.801982
vt 0.950051 0.797665
vt 0.940595 0.768165
vt 0.940595 0.764158
vt 0.945323 0.801982
vt 0.945323 0.797665
vt 0.935867 0.768165
vt 0.935867 0.764158
vt 0.940595 0.801982
vt 0.940595 0.797665
vt 0.931139 0.768165
vt 0.931139 0.764158
vt 0.935867 0.801982
vt 0.935867 0.797665
vt 0.926411 0.768165
vt 0.926411 0.764158
vt 0.931139 0.801982
vt 0.931139 0.797665
vt 0.921683 0.768165
vt 0.921683 0.764158
vt 0.926411 0.801982
vt 0.926411 0.797665
vt 0.916955 0.768165
vt 0.916955 0.764158
vt 0.921683 0.801982
vt 0.921683 0.797665
vt 0.912227 0.768165
vt 0.912227 0.764158
vt 0.916955 0.801982
vt 0.916955 0.797665
vt 0.987875 0.801982
vt 0.987875 0.797665
vt 0.912227 0.801982
vt 0.912227 0.797665
vt 0.987875 0.768165
vt 0.983147 0.768165
vt 0.983147 0.764158
vt 0.987875 0.764158
vt 0.916955 0.770112
vt 0.912227 0.770112
vt 0.921683 0.770112
vt 0.926411 0.770112
vt 0.931139 0.770112
vt 0.935867 0.770112
vt 0.940595 0.770112
vt 0.945323 0.770112
vt 0.950051 0.770112
vt 0.954779 0.770112
vt 0.959507 0.770112
vt 0.964235 0.770112
vt 0.968963 0.770112
vt 0.973691 0.770112
vt 0.978419 0.770112
vt 0.978419 0.768165
vt 0.983147 0.770112
vt 0.978419 0.795655
vt 0.983147 0.795655
vt 0.973691 0.795655
vt 0.968963 0.795655
vt 0.964235 0.795655
vt 0.959507 0.795655
vt 0.954779 0.795655
vt 0.950051 0.795655
vt 0.945323 0.795655
vt 0.940595 0.795655
vt 0.935867 0.795655
vt 0.931139 0.795655
vt 0.926411 0.795655
vt 0.921683 0.795655
vt 0.916955 0.795655
vt 0.912227 0.795655
vt 0.987875 0.795655
vt 0.987875 0.770112
vt 0.978419 0.764158
vt 0.984150 0.707948
vt 0.980552 0.707948
vt 0.980552 0.704899
vt 0.984150 0.704899
vt 0.987748 0.709430
vt 0.984150 0.709430
vt 0.987748 0.707948
vt 0.976954 0.707948
vt 0.976954 0.704899
vt 0.984150 0.733684
vt 0.980552 0.733684
vt 0.980552 0.730399
vt 0.984150 0.730399
vt 0.973356 0.707948
vt 0.973356 0.704899
vt 0.976954 0.733684
vt 0.976954 0.730399
vt 0.969758 0.707948
vt 0.969758 0.704899
vt 0.973356 0.733684
vt 0.973356 0.730399
vt 0.966159 0.707948
vt 0.966159 0.704899
vt 0.969758 0.733684
vt 0.969758 0.730399
vt 0.962561 0.707948
vt 0.962561 0.704899
vt 0.966159 0.733684
vt 0.966159 0.730399
vt 0.958963 0.707948
vt 0.958963 0.704899
vt 0.962561 0.733684
vt 0.962561 0.730399
vt 0.955365 0.707948
vt 0.955365 0.704899
vt 0.958963 0.733684
vt 0.958963 0.730399
vt 0.951767 0.707948
vt 0.951767 0.704899
vt 0.955365 0.733684
vt 0.955365 0.730399
vt 0.948169 0.707948
vt 0.948169 0.704899
vt 0.951767 0.733684
vt 0.951767 0.730399
vt 0.944571 0.707948
vt 0.944571 0.704899
vt 0.948169 0.733684
vt 0.948169 0.730399
vt 0.940973 0.707948
vt 0.940973 0.704899
vt 0.944571 0.733684
vt 0.944571 0.730399
vt 0.937375 0.707948
vt 0.937375 0.704899
vt 0.940973 0.733684
vt 0.940973 0.730399
vt 0.933776 0.707948
vt 0.933776 0.704899
vt 0.937375 0.733684
vt 0.937375 0.730399
vt 0.930178 0.707948
vt 0.930178 0.704899
vt 0.933776 0.733684
vt 0.933776 0.730399
vt 0.987748 0.733684
vt 0.987748 0.730399
vt 0.930178 0.733684
vt 0.930178 0.730399
vt 0.987748 0.704899
vt 0.933776 0.709430
vt 0.930178 0.709430
vt 0.937375 0.709430
vt 0.940973 0.709430
vt 0.944571 0.709430
vt 0.948169 0.709430
vt 0.951767 0.709430
vt 0.955365 0.709430
vt 0.958963 0.709430
vt 0.962561 0.709430
vt 0.966159 0.709430
vt 0.969758 0.709430
vt 0.973356 0.709430
vt 0.976954 0.709430
vt 0.980552 0.709430
vt 0.980552 0.728869
vt 0.984150 0.728869
vt 0.976954 0.728869
vt 0.973356 0.728869
vt 0.969758 0.728869
vt 0.966159 0.728869
vt 0.962561 0.728869
vt 0.958963 0.728869
vt 0.955365 0.728869
vt 0.951767 0.728869
vt 0.948169 0.728869
vt 0.944571 0.728869
vt 0.940973 0.728869
vt 0.937375 0.728869
vt 0.933776 0.728869
vt 0.930178 0.728869
vt 0.987748 0.728869
vt 0.912179 0.774240
vt 0.911882 0.774240
vt 0.911882 0.772636
vt 0.912179 0.772636
vt 0.254679 0.473391
vt 0.340758 0.473391
vt 0.340758 0.630396
vt 0.254679 0.630396
vt 0.490443 0.826501
vt 0.490443 0.989973
vt 0.318539 0.989973
vt 0.318539 0.826501
vt 0.584815 0.473391
vt 0.584815 0.630396
vt 0.528207 0.630396
vt 0.528207 0.473391
vt 0.979936 -0.002155
vt 0.980355 0.287881
vt 0.037280 0.287880
vt 0.037280 -0.002155
vt 0.234240 0.799625
vt 0.165865 0.799625
vt 0.165865 0.645718
vt 0.234240 0.645718
vt 0.563316 0.000495
vt 0.635768 0.000495
vt 0.635768 0.285231
vt 0.562066 0.285231
vt 0.166883 0.826501
vt 0.316631 0.826501
vt 0.316631 0.989973
vt 0.166883 0.989973
vt 0.556403 0.809679
vt 0.283287 0.664500
vt 0.283287 0.646071
vt 0.556403 0.646071
vt 0.416478 0.799625
vt 0.414769 0.799625
vt 0.414769 0.645718
vt 0.416478 0.645718
vt 0.414769 0.661234
vt 0.342114 0.765271
vt 0.342114 0.645718
vt 0.411969 0.775946
vt 0.411969 0.786250
vt 0.098555 0.786250
vt 0.098555 0.775946
s 0
f 1827/1/1 1828/2/1 1819/3/1 1818/4/1 12/5/1
f 2/6/2 6/7/2 7/8/2 3/9/2
f 3/10/3 7/11/3 8/12/3 1/13/3
f 569/14/4 573/15/4 618/16/4 619/17/4
f 14/18/5 15/19/5 6/20/5 2/21/5
f 17/22/6 21/23/6 22/24/6 19/25/6
f 19/25/7 22/24/7 23/26/7 18/27/7
f 18/28/8 23/29/8 20/30/8 16/31/8
f 36/32/6 32/33/6 27/34/6 25/35/6
f 1837/36/9 1838/37/9 1835/38/9 1836/39/9
f 1824/40/8 1822/41/8 30/42/8 34/43/8
f 31/44/7 35/45/7 34/46/7 30/47/7
f 26/48/10 33/49/10 37/50/10 24/51/10
f 39/52/11 47/53/11 48/54/11 41/55/11
f 40/56/12 49/57/12 46/58/12 38/59/12
f 43/60/11 51/61/11 52/62/11 45/63/11
f 45/64/13 52/65/13 53/66/13 44/67/13
f 44/68/12 53/69/12 50/70/12 42/71/12
f 38/72/14 46/73/14 47/74/14 39/75/14
f 24/76/15 37/77/15 29/78/15 28/79/15
f 55/80/6 59/81/6 60/82/6 57/83/6
f 57/84/7 60/85/7 61/86/7 56/87/7
f 56/88/8 61/89/8 58/90/8 54/91/8
f 62/92/16 69/93/16 15/94/16 14/95/16
f 1820/96/17 1821/97/17 71/98/17 63/99/17
f 64/100/6 70/101/6 67/102/6 66/103/6
f 66/104/7 67/105/7 68/106/7 65/107/7
f 63/108/18 65/109/18 68/110/18 71/111/18
f 16/112/19 20/113/19 21/23/19 17/22/19
f 103/38/20 102/38/20 80/38/20 76/38/20
f 1817/38/21 1816/38/21 103/38/21 74/38/21
f 102/38/4 99/38/4 84/38/4 80/38/4
f 77/38/20 81/38/20 131/38/20 134/38/20
f 99/38/22 98/38/22 88/38/22 84/38/22
f 81/38/4 85/38/4 130/38/4 131/38/4
f 98/38/23 95/38/23 92/38/23 88/38/23
f 85/38/22 89/38/22 127/38/22 130/38/22
f 95/38/24 94/38/24 96/38/24 92/38/24
f 89/38/23 93/38/23 126/38/23 127/38/23
f 94/38/25 91/38/25 100/38/25 96/38/25
f 93/38/24 97/38/24 123/38/24 126/38/24
f 91/38/26 90/38/26 104/38/26 100/38/26
f 97/38/25 101/38/25 122/38/25 123/38/25
f 90/38/27 87/38/27 108/38/27 104/38/27
f 101/38/26 105/38/26 119/38/26 122/38/26
f 87/38/28 86/38/28 112/38/28 108/38/28
f 105/38/27 109/38/27 118/38/27 119/38/27
f 86/38/29 83/38/29 116/38/29 112/38/29
f 109/38/28 113/38/28 115/38/28 118/38/28
f 83/38/30 82/38/30 120/38/30 116/38/30
f 113/38/29 117/38/29 114/38/29 115/38/29
f 82/38/31 79/38/31 124/38/31 120/38/31
f 117/38/30 121/38/30 111/38/30 114/38/30
f 79/38/32 78/38/32 128/38/32 124/38/32
f 121/38/31 125/38/31 110/38/31 111/38/31
f 78/38/33 75/38/33 132/38/33 128/38/33
f 125/38/32 129/38/32 107/38/32 110/38/32
f 75/38/34 74/38/34 72/38/34 132/38/34
f 129/38/33 133/38/33 106/38/33 107/38/33
f 587/114/22 586/115/22 576/116/22 572/117/22
f 73/38/35 77/38/35 134/38/35 135/38/35
f 133/38/34 73/38/34 135/38/34 106/38/34
f 565/118/20 569/14/20 619/17/20 622/119/20
f 586/115/36 583/120/36 580/121/36 576/116/36
f 573/15/22 577/122/22 615/123/22 618/16/22
f 583/120/24 582/124/24 584/125/24 580/121/24
f 577/122/36 581/126/36 614/127/36 615/123/36
f 582/124/37 579/128/37 588/129/37 584/125/37
f 581/126/24 585/130/24 611/131/24 614/127/24
f 579/128/26 578/132/26 592/133/26 588/129/26
f 585/130/25 589/134/25 610/135/25 611/131/25
f 578/132/27 575/136/27 596/137/27 592/133/27
f 589/134/26 593/138/26 607/139/26 610/135/26
f 575/136/28 574/140/28 600/141/28 596/137/28
f 593/138/27 597/142/27 606/143/27 607/139/27
f 574/140/29 571/144/29 604/145/29 600/141/29
f 597/142/28 601/146/28 603/147/28 606/143/28
f 571/144/30 570/148/30 608/149/30 604/145/30
f 601/146/29 605/150/29 602/151/29 603/147/29
f 570/148/31 567/152/31 612/153/31 608/149/31
f 605/150/30 609/154/30 599/155/30 602/151/30
f 567/152/32 566/156/32 616/157/32 612/153/32
f 609/154/31 613/158/31 598/159/31 599/155/31
f 566/156/33 563/160/33 620/161/33 616/157/33
f 613/158/32 617/162/32 595/163/32 598/159/32
f 563/160/34 562/164/34 560/165/34 620/161/34
f 617/162/38 621/166/38 594/167/38 595/163/38
f 561/168/35 565/118/35 622/119/35 623/169/35
f 621/166/34 561/170/34 623/171/34 594/167/34
f 562/172/35 591/173/35 564/174/35 560/175/35
f 640/176/39 655/177/39 562/164/39 563/160/39
f 641/178/40 640/176/40 563/160/40 566/156/40
f 642/179/41 641/178/41 566/156/41 567/152/41
f 643/180/42 642/179/42 567/152/42 570/148/42
f 644/181/43 643/180/43 570/148/43 571/144/43
f 645/182/44 644/181/44 571/144/44 574/140/44
f 646/183/45 645/182/45 574/140/45 575/136/45
f 1776/184/46 139/185/46 137/186/46 1777/187/46
f 1781/188/47 143/189/47 142/190/47 1782/191/47
f 1785/192/48 1778/193/48 141/194/48 1783/195/48
f 1784/196/49 1780/197/49 140/198/49 1779/199/49
f 1778/200/50 142/201/50 143/202/50 1779/199/50
f 647/203/51 646/183/51 575/136/51 578/132/51
f 648/204/52 647/203/52 578/132/52 579/128/52
f 649/205/53 648/204/53 579/128/53 582/124/53
f 650/206/54 649/205/54 582/124/54 583/120/54
f 651/207/55 650/206/55 583/120/55 586/115/55
f 652/208/56 651/207/56 586/115/56 587/114/56
f 653/209/57 652/208/57 587/114/57 590/210/57
f 654/211/58 653/209/58 590/210/58 591/173/58
f 622/119/59 619/17/59 637/212/59 639/213/59
f 619/17/60 618/16/60 636/214/60 637/212/60
f 618/16/61 615/123/61 635/215/61 636/214/61
f 615/123/62 614/127/62 634/216/62 635/215/62
f 614/127/63 611/131/63 633/217/63 634/216/63
f 611/131/64 610/135/64 632/218/64 633/217/64
f 610/135/65 607/139/65 631/219/65 632/218/65
f 607/139/66 606/143/66 630/220/66 631/219/66
f 606/143/67 603/147/67 629/221/67 630/220/67
f 603/147/68 602/151/68 628/222/68 629/221/68
f 602/151/69 599/155/69 627/223/69 628/222/69
f 599/155/70 598/159/70 626/224/70 627/223/70
f 598/159/71 595/163/71 625/225/71 626/224/71
f 595/163/72 594/167/72 624/226/72 625/225/72
f 594/167/73 623/171/73 638/227/73 624/226/73
f 623/169/74 622/119/74 639/213/74 638/228/74
f 639/213/20 637/212/20 653/209/20 654/211/20
f 637/212/75 636/214/75 652/208/75 653/209/75
f 636/214/22 635/215/22 651/207/22 652/208/22
f 635/215/36 634/216/36 650/206/36 651/207/36
f 634/216/24 633/217/24 649/205/24 650/206/24
f 633/217/25 632/218/25 648/204/25 649/205/25
f 632/218/26 631/219/26 647/203/26 648/204/26
f 631/219/27 630/220/27 646/183/27 647/203/27
f 630/220/28 629/221/28 645/182/28 646/183/28
f 629/221/29 628/222/29 644/181/29 645/182/29
f 628/222/30 627/223/30 643/180/30 644/181/30
f 627/223/31 626/224/31 642/179/31 643/180/31
f 626/224/32 625/225/32 641/178/32 642/179/32
f 625/225/33 624/226/33 640/176/33 641/178/33
f 624/226/34 638/227/34 655/177/34 640/176/34
f 638/228/35 639/213/35 654/211/35 655/229/35
f 658/230/34 718/231/34 656/232/34 685/233/34
f 718/234/35 714/235/35 657/236/35 656/237/35
f 662/238/33 658/230/33 685/233/33 684/239/33
f 716/240/34 717/241/34 719/242/34 659/243/34
f 666/244/32 662/238/32 684/239/32 681/245/32
f 713/246/33 716/240/33 659/243/33 663/247/33
f 670/248/76 666/244/76 681/245/76 680/249/76
f 712/250/32 713/246/32 663/247/32 667/251/32
f 674/252/30 670/248/30 680/249/30 677/253/30
f 709/254/76 712/250/76 667/251/76 671/255/76
f 678/256/29 674/252/29 677/253/29 676/257/29
f 708/258/30 709/254/30 671/255/30 675/259/30
f 682/260/77 678/256/77 676/257/77 673/261/77
f 705/262/29 708/258/29 675/259/29 679/263/29
f 686/264/27 682/260/27 673/261/27 672/265/27
f 704/266/77 705/262/77 679/263/77 683/267/77
f 690/268/26 686/264/26 672/265/26 669/269/26
f 701/270/78 704/266/78 683/267/78 687/271/78
f 694/272/25 690/268/25 669/269/25 668/273/25
f 700/274/26 701/270/26 687/271/26 691/275/26
f 698/276/24 694/272/24 668/273/24 665/277/24
f 697/278/25 700/274/25 691/275/25 695/279/25
f 702/280/23 698/276/23 665/277/23 664/281/23
f 696/282/24 697/278/24 695/279/24 699/283/24
f 706/284/22 702/280/22 664/281/22 661/285/22
f 693/286/23 696/282/23 699/283/23 703/287/23
f 710/288/4 706/284/4 661/285/4 660/289/4
f 692/290/22 693/286/22 703/287/22 707/291/22
f 714/235/20 710/288/20 660/289/20 657/236/20
f 689/292/4 692/290/4 707/291/4 711/293/4
f 336/294/21 337/295/21 688/296/21 717/297/21
f 688/296/20 689/292/20 711/293/20 715/298/20
f 751/299/20 750/300/20 728/301/20 724/302/20
f 1103/303/79 1102/304/79 751/299/79 722/305/79
f 750/300/4 747/306/4 732/307/4 728/301/4
f 725/308/20 729/309/20 779/310/20 782/311/20
f 747/306/22 746/312/22 736/313/22 732/307/22
f 729/309/4 733/314/4 778/315/4 779/310/4
f 746/312/23 743/316/23 740/317/23 736/313/23
f 733/314/22 737/318/22 775/319/22 778/315/22
f 743/316/24 742/320/24 744/321/24 740/317/24
f 737/318/23 741/322/23 774/323/23 775/319/23
f 742/320/25 739/324/25 748/325/25 744/321/25
f 741/322/24 745/326/24 771/327/24 774/323/24
f 739/324/26 738/328/26 752/329/26 748/325/26
f 745/326/25 749/330/25 770/331/25 771/327/25
f 738/328/78 735/332/78 756/333/78 752/329/78
f 749/330/26 753/334/26 767/335/26 770/331/26
f 735/332/77 734/336/77 760/337/77 756/333/77
f 753/334/27 757/338/27 766/339/27 767/335/27
f 734/336/29 731/340/29 764/341/29 760/337/29
f 757/338/77 761/342/77 763/343/77 766/339/77
f 731/340/30 730/344/30 768/345/30 764/341/30
f 761/342/29 765/346/29 762/347/29 763/343/29
f 730/344/76 727/348/76 772/349/76 768/345/76
f 765/346/30 769/350/30 759/351/30 762/347/30
f 727/348/32 726/352/32 776/353/32 772/349/32
f 769/350/76 773/354/76 758/355/76 759/351/76
f 726/352/33 723/356/33 780/357/33 776/353/33
f 773/354/32 777/358/32 755/359/32 758/355/32
f 723/356/34 722/360/34 720/361/34 780/357/34
f 777/358/33 781/362/33 754/363/33 755/359/33
f 721/364/35 725/308/35 782/311/35 783/365/35
f 781/362/34 721/366/34 783/367/34 754/363/34
f 801/368/35 800/369/35 785/370/35 784/371/35
f 815/372/34 801/373/34 784/374/34 799/375/34
f 814/376/33 815/372/33 799/375/33 798/377/33
f 813/378/32 814/376/32 798/377/32 797/379/32
f 812/380/31 813/378/31 797/379/31 796/381/31
f 811/382/30 812/380/30 796/381/30 795/383/30
f 810/384/29 811/382/29 795/383/29 794/385/29
f 809/386/28 810/384/28 794/385/28 793/387/28
f 808/388/27 809/386/27 793/387/27 792/389/27
f 807/390/26 808/388/26 792/389/26 791/391/26
f 806/392/25 807/390/25 791/391/25 790/393/25
f 805/394/24 806/392/24 790/393/24 789/395/24
f 804/396/36 805/394/36 789/395/36 788/397/36
f 803/398/22 804/396/22 788/397/22 787/399/22
f 802/400/75 803/398/75 787/399/75 786/401/75
f 800/369/20 802/400/20 786/401/20 785/370/20
f 816/402/74 817/403/74 800/369/74 801/368/74
f 845/404/80 816/405/80 801/373/80 815/372/80
f 844/406/72 845/404/72 815/372/72 814/376/72
f 841/407/81 844/406/81 814/376/81 813/378/81
f 840/408/70 841/407/70 813/378/70 812/380/70
f 837/409/69 840/408/69 812/380/69 811/382/69
f 836/410/68 837/409/68 811/382/68 810/384/68
f 833/411/67 836/410/67 810/384/67 809/386/67
f 832/412/82 833/411/82 809/386/82 808/388/82
f 829/413/65 832/412/65 808/388/65 807/390/65
f 828/414/64 829/413/64 807/390/64 806/392/64
f 825/415/63 828/414/63 806/392/63 805/394/63
f 824/416/62 825/415/62 805/394/62 804/396/62
f 821/417/61 824/416/61 804/396/61 803/398/61
f 820/418/60 821/417/60 803/398/60 802/400/60
f 817/403/59 820/418/59 802/400/59 800/369/59
f 785/370/83 786/401/83 849/419/83 848/420/83
f 786/401/57 787/399/57 852/421/57 849/419/57
f 787/399/56 788/397/56 853/422/56 852/421/56
f 788/397/55 789/395/55 856/423/55 853/422/55
f 789/395/84 790/393/84 857/424/84 856/423/84
f 790/393/53 791/391/53 860/425/53 857/424/53
f 791/391/52 792/389/52 861/426/52 860/425/52
f 792/389/51 793/387/51 864/427/51 861/426/51
f 793/387/45 794/385/45 865/428/45 864/427/45
f 794/385/44 795/383/44 868/429/44 865/428/44
f 795/383/43 796/381/43 869/430/43 868/429/43
f 796/381/42 797/379/42 872/431/42 869/430/42
f 797/379/41 798/377/41 873/432/41 872/431/41
f 798/377/85 799/375/85 876/433/85 873/432/85
f 799/375/86 784/374/86 877/434/86 876/433/86
f 877/435/35 848/420/35 875/436/35 879/437/35
f 818/438/34 878/439/34 816/405/34 845/404/34
f 878/440/35 874/441/35 817/403/35 816/402/35
f 822/442/38 818/438/38 845/404/38 844/406/38
f 876/433/34 877/434/34 879/443/34 819/444/34
f 826/445/32 822/442/32 844/406/32 841/407/32
f 873/432/33 876/433/33 819/444/33 823/446/33
f 830/447/31 826/445/31 841/407/31 840/408/31
f 872/431/32 873/432/32 823/446/32 827/448/32
f 834/449/30 830/447/30 840/408/30 837/409/30
f 869/430/31 872/431/31 827/448/31 831/450/31
f 838/451/29 834/449/29 837/409/29 836/410/29
f 868/429/30 869/430/30 831/450/30 835/452/30
f 842/453/28 838/451/28 836/410/28 833/411/28
f 865/428/29 868/429/29 835/452/29 839/454/29
f 846/455/27 842/453/27 833/411/27 832/412/27
f 864/427/28 865/428/28 839/454/28 843/456/28
f 850/457/26 846/455/26 832/412/26 829/413/26
f 861/426/27 864/427/27 843/456/27 847/458/27
f 854/459/25 850/457/25 829/413/25 828/414/25
f 860/425/26 861/426/26 847/458/26 851/460/26
f 858/461/24 854/459/24 828/414/24 825/415/24
f 857/424/25 860/425/25 851/460/25 855/462/25
f 862/463/36 858/461/36 825/415/36 824/416/36
f 856/423/24 857/424/24 855/462/24 859/464/24
f 866/465/22 862/463/22 824/416/22 821/417/22
f 853/422/36 856/423/36 859/464/36 863/466/36
f 870/467/4 866/465/4 821/417/4 820/418/4
f 852/421/22 853/422/22 863/466/22 867/468/22
f 874/441/20 870/467/20 820/418/20 817/403/20
f 849/419/4 852/421/4 867/468/4 871/469/4
f 784/371/79 785/370/79 848/420/79 877/435/79
f 848/420/87 849/419/87 871/469/87 875/436/87
f 911/470/20 910/471/20 888/472/20 884/473/20
f 975/474/79 974/475/79 911/470/79 882/476/79
f 910/471/4 907/477/4 892/478/4 888/472/4
f 885/479/20 889/480/20 939/481/20 942/482/20
f 907/477/22 906/483/22 896/484/22 892/478/22
f 889/480/4 893/485/4 938/486/4 939/481/4
f 906/483/23 903/487/23 900/488/23 896/484/23
f 893/485/22 897/489/22 935/490/22 938/486/22
f 903/487/24 902/491/24 904/492/24 900/488/24
f 897/489/23 901/493/23 934/494/23 935/490/23
f 902/491/25 899/495/25 908/496/25 904/492/25
f 901/493/24 905/497/24 931/498/24 934/494/24
f 899/495/26 898/499/26 912/500/26 908/496/26
f 905/497/25 909/501/25 930/502/25 931/498/25
f 898/499/78 895/503/78 916/504/78 912/500/78
f 909/501/26 913/505/26 927/506/26 930/502/26
f 895/503/77 894/507/77 920/508/77 916/504/77
f 913/505/78 917/509/78 926/510/78 927/506/78
f 894/507/29 891/511/29 924/512/29 920/508/29
f 917/509/77 921/513/77 923/514/77 926/510/77
f 891/511/30 890/515/30 928/516/30 924/512/30
f 921/513/29 925/517/29 922/518/29 923/514/29
f 890/515/76 887/519/76 932/520/76 928/516/76
f 925/517/30 929/521/30 919/522/30 922/518/30
f 887/519/32 886/523/32 936/524/32 932/520/32
f 929/521/76 933/525/76 918/526/76 919/522/76
f 886/523/33 883/527/33 940/528/33 936/524/33
f 933/525/32 937/529/32 915/530/32 918/526/32
f 883/527/34 882/531/34 880/532/34 940/528/34
f 937/529/38 941/533/38 914/534/38 915/530/38
f 881/535/35 885/479/35 942/482/35 943/536/35
f 941/533/34 881/537/34 943/538/34 914/534/34
f 882/476/35 911/470/35 884/473/35 880/539/35
f 960/540/39 975/541/39 882/531/39 883/527/39
f 961/542/85 960/540/85 883/527/85 886/523/85
f 962/543/41 961/542/41 886/523/41 887/519/41
f 963/544/42 962/543/42 887/519/42 890/515/42
f 964/545/43 963/544/43 890/515/43 891/511/43
f 965/546/88 964/545/88 891/511/88 894/507/88
f 966/547/45 965/546/45 894/507/45 895/503/45
f 967/548/51 966/547/51 895/503/51 898/499/51
f 968/549/52 967/548/52 898/499/52 899/495/52
f 969/550/53 968/549/53 899/495/53 902/491/53
f 970/551/54 969/550/54 902/491/54 903/487/54
f 971/552/55 970/551/55 903/487/55 906/483/55
f 972/553/56 971/552/56 906/483/56 907/477/56
f 973/554/89 972/553/89 907/477/89 910/471/89
f 974/475/58 973/554/58 910/471/58 911/470/58
f 942/482/90 939/481/90 957/555/90 959/556/90
f 939/481/91 938/486/91 956/557/91 957/555/91
f 938/486/92 935/490/92 955/558/92 956/557/92
f 935/490/93 934/494/93 954/559/93 955/558/93
f 934/494/94 931/498/94 953/560/94 954/559/94
f 931/498/64 930/502/64 952/561/64 953/560/64
f 930/502/65 927/506/65 951/562/65 952/561/65
f 927/506/66 926/510/66 950/563/66 951/562/66
f 926/510/67 923/514/67 949/564/67 950/563/67
f 923/514/68 922/518/68 948/565/68 949/564/68
f 922/518/95 919/522/95 947/566/95 948/565/95
f 919/522/96 918/526/96 946/567/96 947/566/96
f 918/526/81 915/530/81 945/568/81 946/567/81
f 915/530/72 914/534/72 944/569/72 945/568/72
f 914/534/73 943/538/73 958/570/73 944/569/73
f 943/536/74 942/482/74 959/556/74 958/571/74
f 959/556/20 957/555/20 973/554/20 974/475/20
f 957/555/75 956/557/75 972/553/75 973/554/75
f 956/557/22 955/558/22 971/552/22 972/553/22
f 955/558/23 954/559/23 970/551/23 971/552/23
f 954/559/24 953/560/24 969/550/24 970/551/24
f 953/560/25 952/561/25 968/549/25 969/550/25
f 952/561/26 951/562/26 967/548/26 968/549/26
f 951/562/27 950/563/27 966/547/27 967/548/27
f 950/563/77 949/564/77 965/546/77 966/547/77
f 949/564/29 948/565/29 964/545/29 965/546/29
f 948/565/30 947/566/30 963/544/30 964/545/30
f 947/566/76 946/567/76 962/543/76 963/544/76
f 946/567/32 945/568/32 961/542/32 962/543/32
f 945/568/33 944/569/33 960/540/33 961/542/33
f 944/569/34 958/570/34 975/541/34 960/540/34
f 958/571/35 959/556/35 974/475/35 975/474/35
f 993/572/35 992/573/35 977/574/35 976/575/35
f 1007/576/34 993/577/34 976/578/34 991/579/34
f 1006/580/33 1007/576/33 991/579/33 990/581/33
f 1005/582/32 1006/580/32 990/581/32 989/583/32
f 1004/584/31 1005/582/31 989/583/31 988/585/31
f 1003/586/30 1004/584/30 988/585/30 987/587/30
f 1002/588/97 1003/586/97 987/587/97 986/589/97
f 1001/590/28 1002/588/28 986/589/28 985/591/28
f 1000/592/27 1001/590/27 985/591/27 984/593/27
f 999/594/26 1000/592/26 984/593/26 983/595/26
f 998/596/25 999/594/25 983/595/25 982/597/25
f 997/598/24 998/596/24 982/597/24 981/599/24
f 996/600/36 997/598/36 981/599/36 980/601/36
f 995/602/22 996/600/22 980/601/22 979/603/22
f 994/604/75 995/602/75 979/603/75 978/605/75
f 992/573/20 994/604/20 978/605/20 977/574/20
f 1008/606/74 1009/607/74 992/573/74 993/572/74
f 1037/608/80 1008/609/80 993/577/80 1007/576/80
f 1036/610/72 1037/608/72 1007/576/72 1006/580/72
f 1033/611/71 1036/610/71 1006/580/71 1005/582/71
f 1032/612/70 1033/611/70 1005/582/70 1004/584/70
f 1029/613/69 1032/612/69 1004/584/69 1003/586/69
f 1028/614/68 1029/613/68 1003/586/68 1002/588/68
f 1025/615/67 1028/614/67 1002/588/67 1001/590/67
f 1024/616/66 1025/615/66 1001/590/66 1000/592/66
f 1021/617/98 1024/616/98 1000/592/98 999/594/98
f 1020/618/64 1021/617/64 999/594/64 998/596/64
f 1017/619/63 1020/618/63 998/596/63 997/598/63
f 1016/620/62 1017/619/62 997/598/62 996/600/62
f 1013/621/61 1016/620/61 996/600/61 995/602/61
f 1012/622/60 1013/621/60 995/602/60 994/604/60
f 1009/607/59 1012/622/59 994/604/59 992/573/59
f 977/574/58 978/605/58 1041/623/58 1040/624/58
f 978/605/57 979/603/57 1044/625/57 1041/623/57
f 979/603/56 980/601/56 1045/626/56 1044/625/56
f 980/601/99 981/599/99 1048/627/99 1045/626/99
f 981/599/54 982/597/54 1049/628/54 1048/627/54
f 982/597/53 983/595/53 1052/629/53 1049/628/53
f 983/595/52 984/593/52 1053/630/52 1052/629/52
f 984/593/100 985/591/100 1056/631/100 1053/630/100
f 985/591/45 986/589/45 1057/632/45 1056/631/45
f 986/589/44 987/587/44 1060/633/44 1057/632/44
f 987/587/43 988/585/43 1061/634/43 1060/633/43
f 988/585/101 989/583/101 1064/635/101 1061/634/101
f 989/583/41 990/581/41 1065/636/41 1064/635/41
f 990/581/85 991/579/85 1068/637/85 1065/636/85
f 991/579/39 976/578/39 1069/638/39 1068/637/39
f 1069/639/35 1040/624/35 1067/640/35 1071/641/35
f 1010/642/34 1070/643/34 1008/609/34 1037/608/34
f 1070/644/102 1066/645/102 1009/607/102 1008/606/102
f 1014/646/33 1010/642/33 1037/608/33 1036/610/33
f 1068/637/34 1069/638/34 1071/647/34 1011/648/34
f 1018/649/32 1014/646/32 1036/610/32 1033/611/32
f 1065/636/33 1068/637/33 1011/648/33 1015/650/33
f 1022/651/31 1018/649/31 1033/611/31 1032/612/31
f 1064/635/32 1065/636/32 1015/650/32 1019/652/32
f 1026/653/30 1022/651/30 1032/612/30 1029/613/30
f 1061/634/31 1064/635/31 1019/652/31 1023/654/31
f 1030/655/29 1026/653/29 1029/613/29 1028/614/29
f 1060/633/30 1061/634/30 1023/654/30 1027/656/30
f 1034/657/28 1030/655/28 1028/614/28 1025/615/28
f 1057/632/29 1060/633/29 1027/656/29 1031/658/29
f 1038/659/27 1034/657/27 1025/615/27 1024/616/27
f 1056/631/28 1057/632/28 1031/658/28 1035/660/28
f 1042/661/26 1038/659/26 1024/616/26 1021/617/26
f 1053/630/27 1056/631/27 1035/660/27 1039/662/27
f 1046/663/25 1042/661/25 1021/617/25 1020/618/25
f 1052/629/26 1053/630/26 1039/662/26 1043/664/26
f 1050/665/24 1046/663/24 1020/618/24 1017/619/24
f 1049/628/25 1052/629/25 1043/664/25 1047/666/25
f 1054/667/36 1050/665/36 1017/619/36 1016/620/36
f 1048/627/24 1049/628/24 1047/666/24 1051/668/24
f 1058/669/22 1054/667/22 1016/620/22 1013/621/22
f 1045/626/36 1048/627/36 1051/668/36 1055/670/36
f 1062/671/4 1058/669/4 1013/621/4 1012/622/4
f 1044/625/22 1045/626/22 1055/670/22 1059/672/22
f 1066/645/20 1062/671/20 1012/622/20 1009/607/20
f 1041/623/4 1044/625/4 1059/672/4 1063/673/4
f 976/575/79 977/574/79 1040/624/79 1069/639/79
f 1040/624/20 1041/623/20 1063/673/20 1067/640/20
f 722/305/35 751/299/35 724/302/35 720/674/35
f 1088/675/39 1103/676/39 722/360/39 723/356/39
f 1089/677/85 1088/675/85 723/356/85 726/352/85
f 1090/678/41 1089/677/41 726/352/41 727/348/41
f 1091/679/42 1090/678/42 727/348/42 730/344/42
f 1092/680/43 1091/679/43 730/344/43 731/340/43
f 1093/681/88 1092/680/88 731/340/88 734/336/88
f 1094/682/45 1093/681/45 734/336/45 735/332/45
f 1095/683/51 1094/682/51 735/332/51 738/328/51
f 1096/684/52 1095/683/52 738/328/52 739/324/52
f 1097/685/53 1096/684/53 739/324/53 742/320/53
f 1098/686/54 1097/685/54 742/320/54 743/316/54
f 1099/687/55 1098/686/55 743/316/55 746/312/55
f 1100/688/56 1099/687/56 746/312/56 747/306/56
f 1101/689/89 1100/688/89 747/306/89 750/300/89
f 1102/304/58 1101/689/58 750/300/58 751/299/58
f 782/311/90 779/310/90 1085/690/90 1087/691/90
f 779/310/60 778/315/60 1084/692/60 1085/690/60
f 778/315/103 775/319/103 1083/693/103 1084/692/103
f 775/319/93 774/323/93 1082/694/93 1083/693/93
f 774/323/63 771/327/63 1081/695/63 1082/694/63
f 771/327/64 770/331/64 1080/696/64 1081/695/64
f 770/331/98 767/335/98 1079/697/98 1080/696/98
f 767/335/66 766/339/66 1078/698/66 1079/697/66
f 766/339/67 763/343/67 1077/699/67 1078/698/67
f 763/343/68 762/347/68 1076/700/68 1077/699/68
f 762/347/95 759/351/95 1075/701/95 1076/700/95
f 759/351/70 758/355/70 1074/702/70 1075/701/70
f 758/355/81 755/359/81 1073/703/81 1074/702/81
f 755/359/72 754/363/72 1072/704/72 1073/703/72
f 754/363/80 783/367/80 1086/705/80 1072/704/80
f 783/365/74 782/311/74 1087/691/74 1086/706/74
f 1087/691/20 1085/690/20 1101/689/20 1102/304/20
f 1085/690/75 1084/692/75 1100/688/75 1101/689/75
f 1084/692/22 1083/693/22 1099/687/22 1100/688/22
f 1083/693/23 1082/694/23 1098/686/23 1099/687/23
f 1082/694/24 1081/695/24 1097/685/24 1098/686/24
f 1081/695/25 1080/696/25 1096/684/25 1097/685/25
f 1080/696/26 1079/697/26 1095/683/26 1096/684/26
f 1079/697/27 1078/698/27 1094/682/27 1095/683/27
f 1078/698/77 1077/699/77 1093/681/77 1094/682/77
f 1077/699/29 1076/700/29 1092/680/29 1093/681/29
f 1076/700/30 1075/701/30 1091/679/30 1092/680/30
f 1075/701/76 1074/702/76 1090/678/76 1091/679/76
f 1074/702/32 1073/703/32 1089/677/32 1090/678/32
f 1073/703/33 1072/704/33 1088/675/33 1089/677/33
f 1072/704/34 1086/705/34 1103/676/34 1088/675/34
f 1086/706/35 1087/691/35 1102/304/35 1103/303/35
f 1121/707/35 1120/708/35 1105/709/35 1104/710/35
f 1135/711/34 1121/712/34 1104/713/34 1119/714/34
f 1134/715/33 1135/711/33 1119/714/33 1118/716/33
f 1133/717/32 1134/715/32 1118/716/32 1117/718/32
f 1132/719/76 1133/717/76 1117/718/76 1116/720/76
f 1131/721/30 1132/719/30 1116/720/30 1115/722/30
f 1130/723/29 1131/721/29 1115/722/29 1114/724/29
f 1129/725/77 1130/723/77 1114/724/77 1113/726/77
f 1128/727/27 1129/725/27 1113/726/27 1112/728/27
f 1127/729/26 1128/727/26 1112/728/26 1111/730/26
f 1126/731/25 1127/729/25 1111/730/25 1110/732/25
f 1125/733/24 1126/731/24 1110/732/24 1109/734/24
f 1124/735/23 1125/733/23 1109/734/23 1108/736/23
f 1123/737/22 1124/735/22 1108/736/22 1107/738/22
f 1122/739/75 1123/737/75 1107/738/75 1106/740/75
f 1120/708/20 1122/739/20 1106/740/20 1105/709/20
f 1424/741/74 1425/742/74 1120/708/74 1121/707/74
f 1453/743/73 1424/744/73 1121/712/73 1135/711/73
f 1452/745/72 1453/743/72 1135/711/72 1134/715/72
f 1449/746/81 1452/745/81 1134/715/81 1133/717/81
f 1448/747/96 1449/746/96 1133/717/96 1132/719/96
f 1445/748/104 1448/747/104 1132/719/104 1131/721/104
f 1444/749/68 1445/748/68 1131/721/68 1130/723/68
f 1441/750/67 1444/749/67 1130/723/67 1129/725/67
f 1440/751/66 1441/750/66 1129/725/66 1128/727/66
f 1437/752/65 1440/751/65 1128/727/65 1127/729/65
f 1436/753/64 1437/752/64 1127/729/64 1126/731/64
f 1433/754/63 1436/753/63 1126/731/63 1125/733/63
f 1432/755/93 1433/754/93 1125/733/93 1124/735/93
f 1429/756/103 1432/755/103 1124/735/103 1123/737/103
f 1428/757/60 1429/756/60 1123/737/60 1122/739/60
f 1425/742/90 1428/757/90 1122/739/90 1120/708/90
f 1105/709/58 1106/740/58 1457/758/58 1456/759/58
f 1106/740/57 1107/738/57 1460/760/57 1457/758/57
f 1107/738/56 1108/736/56 1461/761/56 1460/760/56
f 1108/736/55 1109/734/55 1464/762/55 1461/761/55
f 1109/734/54 1110/732/54 1465/763/54 1464/762/54
f 1110/732/53 1111/730/53 1468/764/53 1465/763/53
f 1111/730/52 1112/728/52 1469/765/52 1468/764/52
f 1112/728/51 1113/726/51 1472/766/51 1469/765/51
f 1113/726/45 1114/724/45 1473/767/45 1472/766/45
f 1114/724/44 1115/722/44 1476/768/44 1473/767/44
f 1115/722/43 1116/720/43 1477/769/43 1476/768/43
f 1116/720/42 1117/718/42 1480/770/42 1477/769/42
f 1117/718/41 1118/716/41 1481/771/41 1480/770/41
f 1118/716/85 1119/714/85 1484/772/85 1481/771/85
f 1119/714/39 1104/713/39 1485/773/39 1484/772/39
f 1485/774/35 1456/759/35 1483/775/35 1487/776/35
f 1167/777/20 1166/778/20 1144/779/20 1140/780/20
f 1231/781/79 1230/782/79 1167/777/79 1138/783/79
f 1166/778/4 1163/784/4 1148/785/4 1144/779/4
f 1141/786/20 1145/787/20 1195/788/20 1198/789/20
f 1163/784/22 1162/790/22 1152/791/22 1148/785/22
f 1145/787/4 1149/792/4 1194/793/4 1195/788/4
f 1162/790/36 1159/794/36 1156/795/36 1152/791/36
f 1149/792/22 1153/796/22 1191/797/22 1194/793/22
f 1159/794/24 1158/798/24 1160/799/24 1156/795/24
f 1153/796/36 1157/800/36 1190/801/36 1191/797/36
f 1158/798/25 1155/802/25 1164/803/25 1160/799/25
f 1157/800/24 1161/804/24 1187/805/24 1190/801/24
f 1155/802/26 1154/806/26 1168/807/26 1164/803/26
f 1161/804/25 1165/808/25 1186/809/25 1187/805/25
f 1154/806/27 1151/810/27 1172/811/27 1168/807/27
f 1165/808/26 1169/812/26 1183/813/26 1186/809/26
f 1151/810/28 1150/814/28 1176/815/28 1172/811/28
f 1169/812/27 1173/816/27 1182/817/27 1183/813/27
f 1150/814/29 1147/818/29 1180/819/29 1176/815/29
f 1173/816/28 1177/820/28 1179/821/28 1182/817/28
f 1147/818/30 1146/822/30 1184/823/30 1180/819/30
f 1177/820/29 1181/824/29 1178/825/29 1179/821/29
f 1146/822/31 1143/826/31 1188/827/31 1184/823/31
f 1181/824/30 1185/828/30 1175/829/30 1178/825/30
f 1143/826/32 1142/830/32 1192/831/32 1188/827/32
f 1185/828/31 1189/832/31 1174/833/31 1175/829/31
f 1142/830/33 1139/834/33 1196/835/33 1192/831/33
f 1189/832/32 1193/836/32 1171/837/32 1174/833/32
f 1139/834/34 1138/838/34 1136/839/34 1196/835/34
f 1193/836/33 1197/840/33 1170/841/33 1171/837/33
f 1137/842/35 1141/786/35 1198/789/35 1199/843/35
f 1197/840/34 1137/844/34 1199/845/34 1170/841/34
f 1138/783/35 1167/777/35 1140/780/35 1136/846/35
f 1216/847/39 1231/848/39 1138/838/39 1139/834/39
f 1217/849/85 1216/847/85 1139/834/85 1142/830/85
f 1218/850/41 1217/849/41 1142/830/41 1143/826/41
f 1219/851/42 1218/850/42 1143/826/42 1146/822/42
f 1220/852/43 1219/851/43 1146/822/43 1147/818/43
f 1221/853/44 1220/852/44 1147/818/44 1150/814/44
f 1222/854/45 1221/853/45 1150/814/45 1151/810/45
f 1223/855/51 1222/854/51 1151/810/51 1154/806/51
f 1224/856/52 1223/855/52 1154/806/52 1155/802/52
f 1225/857/53 1224/856/53 1155/802/53 1158/798/53
f 1226/858/84 1225/857/84 1158/798/84 1159/794/84
f 1227/859/99 1226/858/99 1159/794/99 1162/790/99
f 1228/860/56 1227/859/56 1162/790/56 1163/784/56
f 1229/861/57 1228/860/57 1163/784/57 1166/778/57
f 1230/782/105 1229/861/105 1166/778/105 1167/777/105
f 1198/789/59 1195/788/59 1213/862/59 1215/863/59
f 1195/788/60 1194/793/60 1212/864/60 1213/862/60
f 1194/793/61 1191/797/61 1211/865/61 1212/864/61
f 1191/797/93 1190/801/93 1210/866/93 1211/865/93
f 1190/801/63 1187/805/63 1209/867/63 1210/866/63
f 1187/805/64 1186/809/64 1208/868/64 1209/867/64
f 1186/809/98 1183/813/98 1207/869/98 1208/868/98
f 1183/813/66 1182/817/66 1206/870/66 1207/869/66
f 1182/817/67 1179/821/67 1205/871/67 1206/870/67
f 1179/821/68 1178/825/68 1204/872/68 1205/871/68
f 1178/825/69 1175/829/69 1203/873/69 1204/872/69
f 1175/829/70 1174/833/70 1202/874/70 1203/873/70
f 1174/833/106 1171/837/106 1201/875/106 1202/874/106
f 1171/837/72 1170/841/72 1200/876/72 1201/875/72
f 1170/841/80 1199/845/80 1214/877/80 1200/876/80
f 1199/843/74 1198/789/74 1215/863/74 1214/878/74
f 1215/863/20 1213/862/20 1229/861/20 1230/782/20
f 1213/862/75 1212/864/75 1228/860/75 1229/861/75
f 1212/864/22 1211/865/22 1227/859/22 1228/860/22
f 1211/865/36 1210/866/36 1226/858/36 1227/859/36
f 1210/866/24 1209/867/24 1225/857/24 1226/858/24
f 1209/867/25 1208/868/25 1224/856/25 1225/857/25
f 1208/868/26 1207/869/26 1223/855/26 1224/856/26
f 1207/869/27 1206/870/27 1222/854/27 1223/855/27
f 1206/870/28 1205/871/28 1221/853/28 1222/854/28
f 1205/871/29 1204/872/29 1220/852/29 1221/853/29
f 1204/872/30 1203/873/30 1219/851/30 1220/852/30
f 1203/873/31 1202/874/31 1218/850/31 1219/851/31
f 1202/874/32 1201/875/32 1217/849/32 1218/850/32
f 1201/875/33 1200/876/33 1216/847/33 1217/849/33
f 1200/876/34 1214/877/34 1231/848/34 1216/847/34
f 1214/878/35 1215/863/35 1230/782/35 1231/781/35
f 1249/879/35 1248/880/35 1233/881/35 1232/882/35
f 1263/883/34 1249/884/34 1232/885/34 1247/886/34
f 1262/887/33 1263/883/33 1247/886/33 1246/888/33
f 1261/889/32 1262/887/32 1246/888/32 1245/890/32
f 1260/891/76 1261/889/76 1245/890/76 1244/892/76
f 1259/893/30 1260/891/30 1244/892/30 1243/894/30
f 1258/895/29 1259/893/29 1243/894/29 1242/896/29
f 1257/897/77 1258/895/77 1242/896/77 1241/898/77
f 1256/899/27 1257/897/27 1241/898/27 1240/900/27
f 1255/901/26 1256/899/26 1240/900/26 1239/902/26
f 1254/903/25 1255/901/25 1239/902/25 1238/904/25
f 1253/905/24 1254/903/24 1238/904/24 1237/906/24
f 1252/907/23 1253/905/23 1237/906/23 1236/908/23
f 1251/909/22 1252/907/22 1236/908/22 1235/910/22
f 1250/911/75 1251/909/75 1235/910/75 1234/912/75
f 1248/880/20 1250/911/20 1234/912/20 1233/881/20
f 1264/913/107 1265/914/107 1248/880/107 1249/879/107
f 1293/915/80 1264/916/80 1249/884/80 1263/883/80
f 1292/917/72 1293/915/72 1263/883/72 1262/887/72
f 1289/918/81 1292/917/81 1262/887/81 1261/889/81
f 1288/919/96 1289/918/96 1261/889/96 1260/891/96
f 1285/920/95 1288/919/95 1260/891/95 1259/893/95
f 1284/921/68 1285/920/68 1259/893/68 1258/895/68
f 1281/922/67 1284/921/67 1258/895/67 1257/897/67
f 1280/923/82 1281/922/82 1257/897/82 1256/899/82
f 1277/924/65 1280/923/65 1256/899/65 1255/901/65
f 1276/925/64 1277/924/64 1255/901/64 1254/903/64
f 1273/926/63 1276/925/63 1254/903/63 1253/905/63
f 1272/927/93 1273/926/93 1253/905/93 1252/907/93
f 1269/928/92 1272/927/92 1252/907/92 1251/909/92
f 1268/929/60 1269/928/60 1251/909/60 1250/911/60
f 1265/914/90 1268/929/90 1250/911/90 1248/880/90
f 1233/881/58 1234/912/58 1297/930/58 1296/931/58
f 1234/912/57 1235/910/57 1300/932/57 1297/930/57
f 1235/910/56 1236/908/56 1301/933/56 1300/932/56
f 1236/908/55 1237/906/55 1304/934/55 1301/933/55
f 1237/906/108 1238/904/108 1305/935/108 1304/934/108
f 1238/904/109 1239/902/109 1308/936/109 1305/935/109
f 1239/902/52 1240/900/52 1309/937/52 1308/936/52
f 1240/900/51 1241/898/51 1312/938/51 1309/937/51
f 1241/898/45 1242/896/45 1313/939/45 1312/938/45
f 1242/896/44 1243/894/44 1316/940/44 1313/939/44
f 1243/894/43 1244/892/43 1317/941/43 1316/940/43
f 1244/892/42 1245/890/42 1320/942/42 1317/941/42
f 1245/890/41 1246/888/41 1321/943/41 1320/942/41
f 1246/888/85 1247/886/85 1324/944/85 1321/943/85
f 1247/886/39 1232/885/39 1325/945/39 1324/944/39
f 1325/946/35 1296/931/35 1323/947/35 1327/948/35
f 1266/949/34 1326/950/34 1264/916/34 1293/915/34
f 1326/951/35 1322/952/35 1265/914/35 1264/913/35
f 1270/953/38 1266/949/38 1293/915/38 1292/917/38
f 1324/944/34 1325/945/34 1327/954/34 1267/955/34
f 1274/956/32 1270/953/32 1292/917/32 1289/918/32
f 1321/943/33 1324/944/33 1267/955/33 1271/957/33
f 1278/958/76 1274/956/76 1289/918/76 1288/919/76
f 1320/942/32 1321/943/32 1271/957/32 1275/959/32
f 1282/960/30 1278/958/30 1288/919/30 1285/920/30
f 1317/941/76 1320/942/76 1275/959/76 1279/961/76
f 1286/962/29 1282/960/29 1285/920/29 1284/921/29
f 1316/940/30 1317/941/30 1279/961/30 1283/963/30
f 1290/964/77 1286/962/77 1284/921/77 1281/922/77
f 1313/939/29 1316/940/29 1283/963/29 1287/965/29
f 1294/966/78 1290/964/78 1281/922/78 1280/923/78
f 1312/938/77 1313/939/77 1287/965/77 1291/967/77
f 1298/968/26 1294/966/26 1280/923/26 1277/924/26
f 1309/937/78 1312/938/78 1291/967/78 1295/969/78
f 1302/970/25 1298/968/25 1277/924/25 1276/925/25
f 1308/936/26 1309/937/26 1295/969/26 1299/971/26
f 1306/972/24 1302/970/24 1276/925/24 1273/926/24
f 1305/935/25 1308/936/25 1299/971/25 1303/973/25
f 1310/974/23 1306/972/23 1273/926/23 1272/927/23
f 1304/934/24 1305/935/24 1303/973/24 1307/975/24
f 1314/976/22 1310/974/22 1272/927/22 1269/928/22
f 1301/933/23 1304/934/23 1307/975/23 1311/977/23
f 1318/978/4 1314/976/4 1269/928/4 1268/929/4
f 1300/932/22 1301/933/22 1311/977/22 1315/979/22
f 1322/952/20 1318/978/20 1268/929/20 1265/914/20
f 1297/930/4 1300/932/4 1315/979/4 1319/980/4
f 1232/882/21 1233/881/21 1296/931/21 1325/946/21
f 1296/931/20 1297/930/20 1319/980/20 1323/947/20
f 1359/981/20 1358/982/20 1336/983/20 1332/984/20
f 1423/985/79 1422/986/79 1359/981/79 1330/987/79
f 1358/982/4 1355/988/4 1340/989/4 1336/983/4
f 1333/990/20 1337/991/20 1387/992/20 1390/993/20
f 1355/988/22 1354/994/22 1344/995/22 1340/989/22
f 1337/991/4 1341/996/4 1386/997/4 1387/992/4
f 1354/994/36 1351/998/36 1348/999/36 1344/995/36
f 1341/996/22 1345/1000/22 1383/1001/22 1386/997/22
f 1351/998/24 1350/1002/24 1352/1003/24 1348/999/24
f 1345/1000/36 1349/1004/36 1382/1005/36 1383/1001/36
f 1350/1002/25 1347/1006/25 1356/1007/25 1352/1003/25
f 1349/1004/24 1353/1008/24 1379/1009/24 1382/1005/24
f 1347/1006/26 1346/1010/26 1360/1011/26 1356/1007/26
f 1353/1008/25 1357/1012/25 1378/1013/25 1379/1009/25
f 1346/1010/27 1343/1014/27 1364/1015/27 1360/1011/27
f 1357/1012/26 1361/1016/26 1375/1017/26 1378/1013/26
f 1343/1014/28 1342/1018/28 1368/1019/28 1364/1015/28
f 1361/1016/27 1365/1020/27 1374/1021/27 1375/1017/27
f 1342/1018/29 1339/1022/29 1372/1023/29 1368/1019/29
f 1365/1020/28 1369/1024/28 1371/1025/28 1374/1021/28
f 1339/1022/30 1338/1026/30 1376/1027/30 1372/1023/30
f 1369/1024/29 1373/1028/29 1370/1029/29 1371/1025/29
f 1338/1026/31 1335/1030/31 1380/1031/31 1376/1027/31
f 1373/1028/30 1377/1032/30 1367/1033/30 1370/1029/30
f 1335/1030/32 1334/1034/32 1384/1035/32 1380/1031/32
f 1377/1032/31 1381/1036/31 1366/1037/31 1367/1033/31
f 1334/1034/33 1331/1038/33 1388/1039/33 1384/1035/33
f 1381/1036/32 1385/1040/32 1363/1041/32 1366/1037/32
f 1331/1038/34 1330/1042/34 1328/1043/34 1388/1039/34
f 1385/1040/38 1389/1044/38 1362/1045/38 1363/1041/38
f 1329/1046/35 1333/990/35 1390/993/35 1391/1047/35
f 1389/1044/34 1329/1048/34 1391/1049/34 1362/1045/34
f 1330/987/35 1359/981/35 1332/984/35 1328/1050/35
f 1408/1051/39 1423/1052/39 1330/1042/39 1331/1038/39
f 1409/1053/85 1408/1051/85 1331/1038/85 1334/1034/85
f 1410/1054/41 1409/1053/41 1334/1034/41 1335/1030/41
f 1411/1055/101 1410/1054/101 1335/1030/101 1338/1026/101
f 1412/1056/43 1411/1055/43 1338/1026/43 1339/1022/43
f 1413/1057/44 1412/1056/44 1339/1022/44 1342/1018/44
f 1414/1058/45 1413/1057/45 1342/1018/45 1343/1014/45
f 1415/1059/100 1414/1058/100 1343/1014/100 1346/1010/100
f 1416/1060/52 1415/1059/52 1346/1010/52 1347/1006/52
f 1417/1061/53 1416/1060/53 1347/1006/53 1350/1002/53
f 1418/1062/54 1417/1061/54 1350/1002/54 1351/998/54
f 1419/1063/99 1418/1062/99 1351/998/99 1354/994/99
f 1420/1064/56 1419/1063/56 1354/994/56 1355/988/56
f 1421/1065/110 1420/1064/110 1355/988/110 1358/982/110
f 1422/986/58 1421/1065/58 1358/982/58 1359/981/58
f 1390/993/59 1387/992/59 1405/1066/59 1407/1067/59
f 1387/992/60 1386/997/60 1404/1068/60 1405/1066/60
f 1386/997/61 1383/1001/61 1403/1069/61 1404/1068/61
f 1383/1001/93 1382/1005/93 1402/1070/93 1403/1069/93
f 1382/1005/63 1379/1009/63 1401/1071/63 1402/1070/63
f 1379/1009/64 1378/1013/64 1400/1072/64 1401/1071/64
f 1378/1013/65 1375/1017/65 1399/1073/65 1400/1072/65
f 1375/1017/66 1374/1021/66 1398/1074/66 1399/1073/66
f 1374/1021/67 1371/1025/67 1397/1075/67 1398/1074/67
f 1371/1025/68 1370/1029/68 1396/1076/68 1397/1075/68
f 1370/1029/69 1367/1033/69 1395/1077/69 1396/1076/69
f 1367/1033/70 1366/1037/70 1394/1078/70 1395/1077/70
f 1366/1037/71 1363/1041/71 1393/1079/71 1394/1078/71
f 1363/1041/72 1362/1045/72 1392/1080/72 1393/1079/72
f 1362/1045/73 1391/1049/73 1406/1081/73 1392/1080/73
f 1391/1047/74 1390/993/74 1407/1067/74 1406/1082/74
f 1407/1067/20 1405/1066/20 1421/1065/20 1422/986/20
f 1405/1066/75 1404/1068/75 1420/1064/75 1421/1065/75
f 1404/1068/22 1403/1069/22 1419/1063/22 1420/1064/22
f 1403/1069/36 1402/1070/36 1418/1062/36 1419/1063/36
f 1402/1070/24 1401/1071/24 1417/1061/24 1418/1062/24
f 1401/1071/25 1400/1072/25 1416/1060/25 1417/1061/25
f 1400/1072/26 1399/1073/26 1415/1059/26 1416/1060/26
f 1399/1073/27 1398/1074/27 1414/1058/27 1415/1059/27
f 1398/1074/28 1397/1075/28 1413/1057/28 1414/1058/28
f 1397/1075/97 1396/1076/97 1412/1056/97 1413/1057/97
f 1396/1076/30 1395/1077/30 1411/1055/30 1412/1056/30
f 1395/1077/31 1394/1078/31 1410/1054/31 1411/1055/31
f 1394/1078/32 1393/1079/32 1409/1053/32 1410/1054/32
f 1393/1079/33 1392/1080/33 1408/1051/33 1409/1053/33
f 1392/1080/34 1406/1081/34 1423/1052/34 1408/1051/34
f 1406/1082/35 1407/1067/35 1422/986/35 1423/985/35
f 1426/1083/34 1486/1084/34 1424/744/34 1453/743/34
f 1486/1085/35 1482/1086/35 1425/742/35 1424/741/35
f 1430/1087/33 1426/1083/33 1453/743/33 1452/745/33
f 1484/772/34 1485/773/34 1487/1088/34 1427/1089/34
f 1434/1090/32 1430/1087/32 1452/745/32 1449/746/32
f 1481/771/33 1484/772/33 1427/1089/33 1431/1091/33
f 1438/1092/76 1434/1090/76 1449/746/76 1448/747/76
f 1480/770/32 1481/771/32 1431/1091/32 1435/1093/32
f 1442/1094/30 1438/1092/30 1448/747/30 1445/748/30
f 1477/769/76 1480/770/76 1435/1093/76 1439/1095/76
f 1446/1096/29 1442/1094/29 1445/748/29 1444/749/29
f 1476/768/30 1477/769/30 1439/1095/30 1443/1097/30
f 1450/1098/77 1446/1096/77 1444/749/77 1441/750/77
f 1473/767/29 1476/768/29 1443/1097/29 1447/1099/29
f 1454/1100/27 1450/1098/27 1441/750/27 1440/751/27
f 1472/766/77 1473/767/77 1447/1099/77 1451/1101/77
f 1458/1102/26 1454/1100/26 1440/751/26 1437/752/26
f 1469/765/78 1472/766/78 1451/1101/78 1455/1103/78
f 1462/1104/25 1458/1102/25 1437/752/25 1436/753/25
f 1468/764/26 1469/765/26 1455/1103/26 1459/1105/26
f 1466/1106/24 1462/1104/24 1436/753/24 1433/754/24
f 1465/763/25 1468/764/25 1459/1105/25 1463/1107/25
f 1470/1108/23 1466/1106/23 1433/754/23 1432/755/23
f 1464/762/24 1465/763/24 1463/1107/24 1467/1109/24
f 1474/1110/22 1470/1108/22 1432/755/22 1429/756/22
f 1461/761/23 1464/762/23 1467/1109/23 1471/1111/23
f 1478/1112/4 1474/1110/4 1429/756/4 1428/757/4
f 1460/760/22 1461/761/22 1471/1111/22 1475/1113/22
f 1482/1086/20 1478/1112/20 1428/757/20 1425/742/20
f 1457/758/4 1460/760/4 1475/1113/4 1479/1114/4
f 1104/710/79 1105/709/79 1456/759/79 1485/774/79
f 1456/759/20 1457/758/20 1479/1114/20 1483/775/20
f 1505/1115/35 1504/1115/35 1489/1115/35 1488/1115/35
f 1519/1115/34 1505/1115/34 1488/1115/34 1503/1115/34
f 1518/1115/33 1519/1115/33 1503/1115/33 1502/1115/33
f 1517/1115/32 1518/1115/32 1502/1115/32 1501/1115/32
f 1516/1115/76 1517/1115/76 1501/1115/76 1500/1115/76
f 1515/1115/30 1516/1115/30 1500/1115/30 1499/1115/30
f 1514/1115/29 1515/1115/29 1499/1115/29 1498/1115/29
f 1513/1115/77 1514/1115/77 1498/1115/77 1497/1115/77
f 1512/1115/27 1513/1115/27 1497/1115/27 1496/1115/27
f 1511/1115/26 1512/1115/26 1496/1115/26 1495/1115/26
f 1510/1115/25 1511/1115/25 1495/1115/25 1494/1115/25
f 1509/1115/24 1510/1115/24 1494/1115/24 1493/1115/24
f 1508/1115/36 1509/1115/36 1493/1115/36 1492/1115/36
f 1507/1115/22 1508/1115/22 1492/1115/22 1491/1115/22
f 1506/1115/75 1507/1115/75 1491/1115/75 1490/1115/75
f 1504/1115/20 1506/1115/20 1490/1115/20 1489/1115/20
f 1520/1115/74 1521/1115/74 1504/1115/74 1505/1115/74
f 1549/1115/80 1520/1115/80 1505/1115/80 1519/1115/80
f 1548/1115/72 1549/1115/72 1519/1115/72 1518/1115/72
f 1545/1115/81 1548/1115/81 1518/1115/81 1517/1115/81
f 1544/1115/70 1545/1115/70 1517/1115/70 1516/1115/70
f 1541/1115/69 1544/1115/69 1516/1115/69 1515/1115/69
f 1540/1115/68 1541/1115/68 1515/1115/68 1514/1115/68
f 1537/1115/67 1540/1115/67 1514/1115/67 1513/1115/67
f 1536/1115/66 1537/1115/66 1513/1115/66 1512/1115/66
f 1533/1115/98 1536/1115/98 1512/1115/98 1511/1115/98
f 1532/1115/64 1533/1115/64 1511/1115/64 1510/1115/64
f 1529/1115/63 1532/1115/63 1510/1115/63 1509/1115/63
f 1528/1115/93 1529/1115/93 1509/1115/93 1508/1115/93
f 1525/1115/92 1528/1115/92 1508/1115/92 1507/1115/92
f 1524/1115/111 1525/1115/111 1507/1115/111 1506/1115/111
f 1521/1115/59 1524/1115/59 1506/1115/59 1504/1115/59
f 1489/1115/58 1490/1115/58 1553/1115/58 1552/1115/58
f 1490/1115/57 1491/1115/57 1556/1115/57 1553/1115/57
f 1491/1115/56 1492/1115/56 1557/1115/56 1556/1115/56
f 1492/1115/99 1493/1115/99 1560/1115/99 1557/1115/99
f 1493/1115/54 1494/1115/54 1561/1115/54 1560/1115/54
f 1494/1115/53 1495/1115/53 1564/1115/53 1561/1115/53
f 1495/1115/52 1496/1115/52 1565/1115/52 1564/1115/52
f 1496/1115/51 1497/1115/51 1568/1115/51 1565/1115/51
f 1497/1115/45 1498/1115/45 1569/1115/45 1568/1115/45
f 1498/1115/88 1499/1115/88 1572/1115/88 1569/1115/88
f 1499/1115/43 1500/1115/43 1573/1115/43 1572/1115/43
f 1500/1115/42 1501/1115/42 1576/1115/42 1573/1115/42
f 1501/1115/41 1502/1115/41 1577/1115/41 1576/1115/41
f 1502/1115/85 1503/1115/85 1580/1115/85 1577/1115/85
f 1503/1115/86 1488/1115/86 1581/1115/86 1580/1115/86
f 1581/1115/35 1552/1115/35 1579/1115/35 1583/1115/35
f 1522/1115/34 1582/1115/34 1520/1115/34 1549/1115/34
f 1582/1115/35 1578/1115/35 1521/1115/35 1520/1115/35
f 1526/1115/33 1522/1115/33 1549/1115/33 1548/1115/33
f 1580/1115/34 1581/1115/34 1583/1115/34 1523/1115/34
f 1530/1115/32 1526/1115/32 1548/1115/32 1545/1115/32
f 1577/1115/33 1580/1115/33 1523/1115/33 1527/1115/33
f 1534/1115/31 1530/1115/31 1545/1115/31 1544/1115/31
f 1576/1115/32 1577/1115/32 1527/1115/32 1531/1115/32
f 1538/1115/30 1534/1115/30 1544/1115/30 1541/1115/30
f 1573/1115/31 1576/1115/31 1531/1115/31 1535/1115/31
f 1542/1115/29 1538/1115/29 1541/1115/29 1540/1115/29
f 1572/1115/30 1573/1115/30 1535/1115/30 1539/1115/30
f 1546/1115/28 1542/1115/28 1540/1115/28 1537/1115/28
f 1569/1115/29 1572/1115/29 1539/1115/29 1543/1115/29
f 1550/1115/27 1546/1115/27 1537/1115/27 1536/1115/27
f 1568/1115/28 1569/1115/28 1543/1115/28 1547/1115/28
f 1554/1115/26 1550/1115/26 1536/1115/26 1533/1115/26
f 1565/1115/27 1568/1115/27 1547/1115/27 1551/1115/27
f 1558/1115/25 1554/1115/25 1533/1115/25 1532/1115/25
f 1564/1115/26 1565/1115/26 1551/1115/26 1555/1115/26
f 1562/1115/24 1558/1115/24 1532/1115/24 1529/1115/24
f 1561/1115/25 1564/1115/25 1555/1115/25 1559/1115/25
f 1566/1115/23 1562/1115/23 1529/1115/23 1528/1115/23
f 1560/1115/24 1561/1115/24 1559/1115/24 1563/1115/24
f 1570/1115/22 1566/1115/22 1528/1115/22 1525/1115/22
f 1557/1115/23 1560/1115/23 1563/1115/23 1567/1115/23
f 1574/1115/4 1570/1115/4 1525/1115/4 1524/1115/4
f 1556/1115/22 1557/1115/22 1567/1115/22 1571/1115/22
f 1578/1115/20 1574/1115/20 1524/1115/20 1521/1115/20
f 1553/1115/4 1556/1115/4 1571/1115/4 1575/1115/4
f 1488/1115/79 1489/1115/79 1552/1115/79 1581/1115/79
f 1552/1115/20 1553/1115/20 1575/1115/20 1579/1115/20
f 1615/1116/20 1614/1116/20 1592/1116/20 1588/1116/20
f 1679/1116/79 1678/1116/79 1615/1116/79 1586/1116/79
f 1614/1116/4 1611/1116/4 1596/1116/4 1592/1116/4
f 1589/1116/20 1593/1116/20 1643/1116/20 1646/1116/20
f 1611/1116/22 1610/1116/22 1600/1116/22 1596/1116/22
f 1593/1116/4 1597/1116/4 1642/1116/4 1643/1116/4
f 1610/1116/23 1607/1116/23 1604/1116/23 1600/1116/23
f 1597/1116/22 1601/1116/22 1639/1116/22 1642/1116/22
f 1607/1116/24 1606/1116/24 1608/1116/24 1604/1116/24
f 1601/1116/23 1605/1116/23 1638/1116/23 1639/1116/23
f 1606/1116/25 1603/1116/25 1612/1116/25 1608/1116/25
f 1605/1116/24 1609/1116/24 1635/1116/24 1638/1116/24
f 1603/1116/26 1602/1116/26 1616/1116/26 1612/1116/26
f 1609/1116/25 1613/1116/25 1634/1116/25 1635/1116/25
f 1602/1116/27 1599/1116/27 1620/1116/27 1616/1116/27
f 1613/1116/26 1617/1116/26 1631/1116/26 1634/1116/26
f 1599/1116/28 1598/1116/28 1624/1116/28 1620/1116/28
f 1617/1116/27 1621/1116/27 1630/1116/27 1631/1116/27
f 1598/1116/29 1595/1116/29 1628/1116/29 1624/1116/29
f 1621/1116/28 1625/1116/28 1627/1116/28 1630/1116/28
f 1595/1116/30 1594/1116/30 1632/1116/30 1628/1116/30
f 1625/1116/29 1629/1116/29 1626/1116/29 1627/1116/29
f 1594/1116/31 1591/1116/31 1636/1116/31 1632/1116/31
f 1629/1116/30 1633/1116/30 1623/1116/30 1626/1116/30
f 1591/1116/32 1590/1116/32 1640/1116/32 1636/1116/32
f 1633/1116/31 1637/1116/31 1622/1116/31 1623/1116/31
f 1590/1116/33 1587/1116/33 1644/1116/33 1640/1116/33
f 1637/1116/32 1641/1116/32 1619/1116/32 1622/1116/32
f 1587/1116/34 1586/1116/34 1584/1116/34 1644/1116/34
f 1641/1116/33 1645/1116/33 1618/1116/33 1619/1116/33
f 1585/1116/35 1589/1116/35 1646/1116/35 1647/1116/35
f 1645/1116/34 1585/1116/34 1647/1116/34 1618/1116/34
f 1586/1116/35 1615/1116/35 1588/1116/35 1584/1116/35
f 1664/1116/39 1679/1116/39 1586/1116/39 1587/1116/39
f 1665/1116/85 1664/1116/85 1587/1116/85 1590/1116/85
f 1666/1116/41 1665/1116/41 1590/1116/41 1591/1116/41
f 1667/1116/42 1666/1116/42 1591/1116/42 1594/1116/42
f 1668/1116/43 1667/1116/43 1594/1116/43 1595/1116/43
f 1669/1116/44 1668/1116/44 1595/1116/44 1598/1116/44
f 1670/1116/45 1669/1116/45 1598/1116/45 1599/1116/45
f 1671/1116/51 1670/1116/51 1599/1116/51 1602/1116/51
f 1672/1116/52 1671/1116/52 1602/1116/52 1603/1116/52
f 1673/1116/53 1672/1116/53 1603/1116/53 1606/1116/53
f 1674/1116/54 1673/1116/54 1606/1116/54 1607/1116/54
f 1675/1116/55 1674/1116/55 1607/1116/55 1610/1116/55
f 1676/1116/56 1675/1116/56 1610/1116/56 1611/1116/56
f 1677/1116/57 1676/1116/57 1611/1116/57 1614/1116/57
f 1678/1116/58 1677/1116/58 1614/1116/58 1615/1116/58
f 1646/1116/59 1643/1116/59 1661/1116/59 1663/1116/59
f 1643/1116/60 1642/1116/60 1660/1116/60 1661/1116/60
f 1642/1116/103 1639/1116/103 1659/1116/103 1660/1116/103
f 1639/1116/93 1638/1116/93 1658/1116/93 1659/1116/93
f 1638/1116/63 1635/1116/63 1657/1116/63 1658/1116/63
f 1635/1116/64 1634/1116/64 1656/1116/64 1657/1116/64
f 1634/1116/65 1631/1116/65 1655/1116/65 1656/1116/65
f 1631/1116/66 1630/1116/66 1654/1116/66 1655/1116/66
f 1630/1116/67 1627/1116/67 1653/1116/67 1654/1116/67
f 1627/1116/68 1626/1116/68 1652/1116/68 1653/1116/68
f 1626/1116/69 1623/1116/69 1651/1116/69 1652/1116/69
f 1623/1116/70 1622/1116/70 1650/1116/70 1651/1116/70
f 1622/1116/81 1619/1116/81 1649/1116/81 1650/1116/81
f 1619/1116/72 1618/1116/72 1648/1116/72 1649/1116/72
f 1618/1116/80 1647/1116/80 1662/1116/80 1648/1116/80
f 1647/1116/74 1646/1116/74 1663/1116/74 1662/1116/74
f 1663/1116/20 1661/1116/20 1677/1116/20 1678/1116/20
f 1661/1116/75 1660/1116/75 1676/1116/75 1677/1116/75
f 1660/1116/22 1659/1116/22 1675/1116/22 1676/1116/22
f 1659/1116/36 1658/1116/36 1674/1116/36 1675/1116/36
f 1658/1116/24 1657/1116/24 1673/1116/24 1674/1116/24
f 1657/1116/25 1656/1116/25 1672/1116/25 1673/1116/25
f 1656/1116/26 1655/1116/26 1671/1116/26 1672/1116/26
f 1655/1116/27 1654/1116/27 1670/1116/27 1671/1116/27
f 1654/1116/77 1653/1116/77 1669/1116/77 1670/1116/77
f 1653/1116/29 1652/1116/29 1668/1116/29 1669/1116/29
f 1652/1116/30 1651/1116/30 1667/1116/30 1668/1116/30
f 1651/1116/76 1650/1116/76 1666/1116/76 1667/1116/76
f 1650/1116/32 1649/1116/32 1665/1116/32 1666/1116/32
f 1649/1116/33 1648/1116/33 1664/1116/33 1665/1116/33
f 1648/1116/34 1662/1116/34 1679/1116/34 1664/1116/34
f 1662/1116/35 1663/1116/35 1678/1116/35 1679/1116/35
f 1697/1117/35 1696/1117/35 1681/1117/35 1680/1117/35
f 1711/1117/34 1697/1117/34 1680/1117/34 1695/1117/34
f 1710/1117/33 1711/1117/33 1695/1117/33 1694/1117/33
f 1709/1117/32 1710/1117/32 1694/1117/32 1693/1117/32
f 1708/1117/76 1709/1117/76 1693/1117/76 1692/1117/76
f 1707/1117/30 1708/1117/30 1692/1117/30 1691/1117/30
f 1706/1117/29 1707/1117/29 1691/1117/29 1690/1117/29
f 1705/1117/77 1706/1117/77 1690/1117/77 1689/1117/77
f 1704/1117/27 1705/1117/27 1689/1117/27 1688/1117/27
f 1703/1117/26 1704/1117/26 1688/1117/26 1687/1117/26
f 1702/1117/25 1703/1117/25 1687/1117/25 1686/1117/25
f 1701/1117/24 1702/1117/24 1686/1117/24 1685/1117/24
f 1700/1117/36 1701/1117/36 1685/1117/36 1684/1117/36
f 1699/1117/22 1700/1117/22 1684/1117/22 1683/1117/22
f 1698/1117/75 1699/1117/75 1683/1117/75 1682/1117/75
f 1696/1117/20 1698/1117/20 1682/1117/20 1681/1117/20
f 1712/1117/74 1713/1117/74 1696/1117/74 1697/1117/74
f 1741/1117/73 1712/1117/73 1697/1117/73 1711/1117/73
f 1740/1117/72 1741/1117/72 1711/1117/72 1710/1117/72
f 1737/1117/81 1740/1117/81 1710/1117/81 1709/1117/81
f 1736/1117/70 1737/1117/70 1709/1117/70 1708/1117/70
f 1733/1117/69 1736/1117/69 1708/1117/69 1707/1117/69
f 1732/1117/68 1733/1117/68 1707/1117/68 1706/1117/68
f 1729/1117/67 1732/1117/67 1706/1117/67 1705/1117/67
f 1728/1117/66 1729/1117/66 1705/1117/66 1704/1117/66
f 1725/1117/65 1728/1117/65 1704/1117/65 1703/1117/65
f 1724/1117/64 1725/1117/64 1703/1117/64 1702/1117/64
f 1721/1117/63 1724/1117/63 1702/1117/63 1701/1117/63
f 1720/1117/93 1721/1117/93 1701/1117/93 1700/1117/93
f 1717/1117/112 1720/1117/112 1700/1117/112 1699/1117/112
f 1716/1117/60 1717/1117/60 1699/1117/60 1698/1117/60
f 1713/1117/90 1716/1117/90 1698/1117/90 1696/1117/90
f 1681/1117/58 1682/1117/58 1745/1117/58 1744/1117/58
f 1682/1117/57 1683/1117/57 1748/1117/57 1745/1117/57
f 1683/1117/56 1684/1117/56 1749/1117/56 1748/1117/56
f 1684/1117/99 1685/1117/99 1752/1117/99 1749/1117/99
f 1685/1117/54 1686/1117/54 1753/1117/54 1752/1117/54
f 1686/1117/53 1687/1117/53 1756/1117/53 1753/1117/53
f 1687/1117/52 1688/1117/52 1757/1117/52 1756/1117/52
f 1688/1117/51 1689/1117/51 1760/1117/51 1757/1117/51
f 1689/1117/45 1690/1117/45 1761/1117/45 1760/1117/45
f 1690/1117/44 1691/1117/44 1764/1117/44 1761/1117/44
f 1691/1117/43 1692/1117/43 1765/1117/43 1764/1117/43
f 1692/1117/42 1693/1117/42 1768/1117/42 1765/1117/42
f 1693/1117/41 1694/1117/41 1769/1117/41 1768/1117/41
f 1694/1117/85 1695/1117/85 1772/1117/85 1769/1117/85
f 1695/1117/39 1680/1117/39 1773/1117/39 1772/1117/39
f 1773/1117/35 1744/1117/35 1771/1117/35 1775/1117/35
f 1714/1117/34 1774/1117/34 1712/1117/34 1741/1117/34
f 1774/1117/35 1770/1117/35 1713/1117/35 1712/1117/35
f 1718/1117/33 1714/1117/33 1741/1117/33 1740/1117/33
f 1772/1117/34 1773/1117/34 1775/1117/34 1715/1117/34
f 1722/1117/32 1718/1117/32 1740/1117/32 1737/1117/32
f 1769/1117/33 1772/1117/33 1715/1117/33 1719/1117/33
f 1726/1117/31 1722/1117/31 1737/1117/31 1736/1117/31
f 1768/1117/32 1769/1117/32 1719/1117/32 1723/1117/32
f 1730/1117/30 1726/1117/30 1736/1117/30 1733/1117/30
f 1765/1117/31 1768/1117/31 1723/1117/31 1727/1117/31
f 1734/1117/29 1730/1117/29 1733/1117/29 1732/1117/29
f 1764/1117/30 1765/1117/30 1727/1117/30 1731/1117/30
f 1738/1117/28 1734/1117/28 1732/1117/28 1729/1117/28
f 1761/1117/29 1764/1117/29 1731/1117/29 1735/1117/29
f 1742/1117/27 1738/1117/27 1729/1117/27 1728/1117/27
f 1760/1117/28 1761/1117/28 1735/1117/28 1739/1117/28
f 1746/1117/26 1742/1117/26 1728/1117/26 1725/1117/26
f 1757/1117/27 1760/1117/27 1739/1117/27 1743/1117/27
f 1750/1117/25 1746/1117/25 1725/1117/25 1724/1117/25
f 1756/1117/26 1757/1117/26 1743/1117/26 1747/1117/26
f 1754/1117/24 1750/1117/24 1724/1117/24 1721/1117/24
f 1753/1117/25 1756/1117/25 1747/1117/25 1751/1117/25
f 1758/1117/23 1754/1117/23 1721/1117/23 1720/1117/23
f 1752/1117/24 1753/1117/24 1751/1117/24 1755/1117/24
f 1762/1117/22 1758/1117/22 1720/1117/22 1717/1117/22
f 1749/1117/23 1752/1117/23 1755/1117/23 1759/1117/23
f 1766/1117/4 1762/1117/4 1717/1117/4 1716/1117/4
f 1748/1117/22 1749/1117/22 1759/1117/22 1763/1117/22
f 1770/1117/20 1766/1117/20 1716/1117/20 1713/1117/20
f 1745/1117/4 1748/1117/4 1763/1117/4 1767/1117/4
f 1680/1117/79 1681/1117/79 1744/1117/79 1773/1117/79
f 1744/1117/20 1745/1117/20 1767/1117/20 1771/1117/20
f 1823/1118/6 1825/1119/6 35/1120/6 31/1121/6
f 1783/1122/113 141/1123/113 140/1124/113 1780/1125/113
f 141/1126/114 1778/200/114 1779/199/114 140/198/114
f 1781/1127/115 1784/196/115 1779/199/115 143/202/115
f 1782/1128/116 142/1129/116 1778/193/116 1785/192/116
f 138/1130/117 1776/184/117 1777/187/117 136/1131/117
f 137/186/118 1782/1128/118 1785/192/118 1777/187/118
f 139/185/119 1776/184/119 1784/196/119 1781/1127/119
f 136/1131/120 1783/1122/120 1780/1125/120 138/1130/120
f 1776/184/121 138/1130/121 1780/197/121 1784/196/121
f 1777/187/122 1785/192/122 1783/195/122 136/1131/122
f 139/185/123 1781/188/123 1782/191/123 137/186/123
f 74/38/35 103/38/35 76/38/35 72/38/35
f 1802/38/86 1817/38/86 74/38/86 75/38/86
f 1803/38/85 1802/38/85 75/38/85 78/38/85
f 1804/38/41 1803/38/41 78/38/41 79/38/41
f 1805/38/42 1804/38/42 79/38/42 82/38/42
f 1806/38/43 1805/38/43 82/38/43 83/38/43
f 1807/38/44 1806/38/44 83/38/44 86/38/44
f 1808/38/45 1807/38/45 86/38/45 87/38/45
f 1809/38/51 1808/38/51 87/38/51 90/38/51
f 1810/38/52 1809/38/52 90/38/52 91/38/52
f 1811/38/53 1810/38/53 91/38/53 94/38/53
f 1812/38/54 1811/38/54 94/38/54 95/38/54
f 1813/38/55 1812/38/55 95/38/55 98/38/55
f 1814/38/56 1813/38/56 98/38/56 99/38/56
f 1815/38/57 1814/38/57 99/38/57 102/38/57
f 1816/38/58 1815/38/58 102/38/58 103/38/58
f 134/38/59 131/38/59 1799/38/59 1801/38/59
f 131/38/60 130/38/60 1798/38/60 1799/38/60
f 130/38/61 127/38/61 1797/38/61 1798/38/61
f 127/38/93 126/38/93 1796/38/93 1797/38/93
f 126/38/63 123/38/63 1795/38/63 1796/38/63
f 123/38/64 122/38/64 1794/38/64 1795/38/64
f 122/38/98 119/38/98 1793/38/98 1794/38/98
f 119/38/66 118/38/66 1792/38/66 1793/38/66
f 118/38/67 115/38/67 1791/38/67 1792/38/67
f 115/38/68 114/38/68 1790/38/68 1791/38/68
f 114/38/69 111/38/69 1789/38/69 1790/38/69
f 111/38/70 110/38/70 1788/38/70 1789/38/70
f 110/38/81 107/38/81 1787/38/81 1788/38/81
f 107/38/72 106/38/72 1786/38/72 1787/38/72
f 106/38/80 135/38/80 1800/38/80 1786/38/80
f 135/38/74 134/38/74 1801/38/74 1800/38/74
f 1801/38/20 1799/38/20 1815/38/20 1816/38/20
f 1799/38/75 1798/38/75 1814/38/75 1815/38/75
f 1798/38/22 1797/38/22 1813/38/22 1814/38/22
f 1797/38/36 1796/38/36 1812/38/36 1813/38/36
f 1796/38/24 1795/38/24 1811/38/24 1812/38/24
f 1795/38/25 1794/38/25 1810/38/25 1811/38/25
f 1794/38/26 1793/38/26 1809/38/26 1810/38/26
f 1793/38/27 1792/38/27 1808/38/27 1809/38/27
f 1792/38/77 1791/38/77 1807/38/77 1808/38/77
f 1791/38/29 1790/38/29 1806/38/29 1807/38/29
f 1790/38/30 1789/38/30 1805/38/30 1806/38/30
f 1789/38/76 1788/38/76 1804/38/76 1805/38/76
f 1788/38/32 1787/38/32 1803/38/32 1804/38/32
f 1787/38/33 1786/38/33 1802/38/33 1803/38/33
f 1786/38/34 1800/38/34 1817/38/34 1802/38/34
f 1800/38/35 1801/38/35 1816/38/35 1817/38/35
f 590/210/4 587/114/4 572/117/4 568/1132/4
f 655/229/79 654/211/79 591/173/79 562/172/79
f 591/173/20 590/210/20 568/1132/20 564/174/20
f 528/1133/20 529/1134/20 551/1135/20 555/1136/20
f 464/1137/21 465/1138/21 528/1133/21 557/1139/21
f 529/1134/4 532/1140/4 547/1141/4 551/1135/4
f 554/1142/20 550/1143/20 500/1144/20 497/1145/20
f 532/1140/22 533/1146/22 543/1147/22 547/1141/22
f 550/1143/4 546/1148/4 501/1149/4 500/1144/4
f 533/1146/23 536/1150/23 539/1151/23 543/1147/23
f 546/1148/22 542/1152/22 504/1153/22 501/1149/22
f 536/1150/24 537/1154/24 535/1155/24 539/1151/24
f 542/1152/23 538/1156/23 505/1157/23 504/1153/23
f 537/1154/25 540/1158/25 531/1159/25 535/1155/25
f 538/1156/24 534/1160/24 508/1161/24 505/1157/24
f 540/1158/26 541/1162/26 527/1163/26 531/1159/26
f 534/1160/25 530/1164/25 509/1165/25 508/1161/25
f 541/1162/78 544/1166/78 523/1167/78 527/1163/78
f 530/1164/26 526/1168/26 512/1169/26 509/1165/26
f 544/1166/77 545/1170/77 519/1171/77 523/1167/77
f 526/1168/78 522/1172/78 513/1173/78 512/1169/78
f 545/1170/29 548/1174/29 515/1175/29 519/1171/29
f 522/1172/77 518/1176/77 516/1177/77 513/1173/77
f 548/1174/30 549/1178/30 511/1179/30 515/1175/30
f 518/1176/29 514/1180/29 517/1181/29 516/1177/29
f 549/1178/76 552/1182/76 507/1183/76 511/1179/76
f 514/1180/30 510/1184/30 520/1185/30 517/1181/30
f 552/1182/32 553/1186/32 503/1187/32 507/1183/32
f 510/1184/76 506/1188/76 521/1189/76 520/1185/76
f 553/1186/33 556/1190/33 499/1191/33 503/1187/33
f 506/1188/32 502/1192/32 524/1193/32 521/1189/32
f 556/1190/34 557/1194/34 559/1195/34 499/1191/34
f 502/1192/38 498/1196/38 525/1197/38 524/1193/38
f 558/1198/35 554/1142/35 497/1145/35 496/1199/35
f 498/1196/34 558/1200/34 496/1201/34 525/1197/34
f 557/1139/35 528/1133/35 555/1136/35 559/1202/35
f 479/1203/39 464/1204/39 557/1194/39 556/1190/39
f 478/1205/40 479/1203/40 556/1190/40 553/1186/40
f 477/1206/41 478/1205/41 553/1186/41 552/1182/41
f 476/1207/101 477/1206/101 552/1182/101 549/1178/101
f 475/1208/43 476/1207/43 549/1178/43 548/1174/43
f 474/1209/44 475/1208/44 548/1174/44 545/1170/44
f 473/1210/45 474/1209/45 545/1170/45 544/1166/45
f 472/1211/51 473/1210/51 544/1166/51 541/1162/51
f 471/1212/52 472/1211/52 541/1162/52 540/1158/52
f 470/1213/53 471/1212/53 540/1158/53 537/1154/53
f 469/1214/54 470/1213/54 537/1154/54 536/1150/54
f 468/1215/55 469/1214/55 536/1150/55 533/1146/55
f 467/1216/124 468/1215/124 533/1146/124 532/1140/124
f 466/1217/89 467/1216/89 532/1140/89 529/1134/89
f 465/1138/58 466/1217/58 529/1134/58 528/1133/58
f 497/1145/90 500/1144/90 482/1218/90 480/1219/90
f 500/1144/111 501/1149/111 483/1220/111 482/1218/111
f 501/1149/92 504/1153/92 484/1221/92 483/1220/92
f 504/1153/93 505/1157/93 485/1222/93 484/1221/93
f 505/1157/63 508/1161/63 486/1223/63 485/1222/63
f 508/1161/64 509/1165/64 487/1224/64 486/1223/64
f 509/1165/65 512/1169/65 488/1225/65 487/1224/65
f 512/1169/82 513/1173/82 489/1226/82 488/1225/82
f 513/1173/67 516/1177/67 490/1227/67 489/1226/67
f 516/1177/68 517/1181/68 491/1228/68 490/1227/68
f 517/1181/95 520/1185/95 492/1229/95 491/1228/95
f 520/1185/96 521/1189/96 493/1230/96 492/1229/96
f 521/1189/81 524/1193/81 494/1231/81 493/1230/81
f 524/1193/72 525/1197/72 495/1232/72 494/1231/72
f 525/1197/80 496/1201/80 481/1233/80 495/1232/80
f 496/1199/107 497/1145/107 480/1219/107 481/1234/107
f 480/1219/20 482/1218/20 466/1217/20 465/1138/20
f 482/1218/75 483/1220/75 467/1216/75 466/1217/75
f 483/1220/22 484/1221/22 468/1215/22 467/1216/22
f 484/1221/23 485/1222/23 469/1214/23 468/1215/23
f 485/1222/24 486/1223/24 470/1213/24 469/1214/24
f 486/1223/25 487/1224/25 471/1212/25 470/1213/25
f 487/1224/26 488/1225/26 472/1211/26 471/1212/26
f 488/1225/27 489/1226/27 473/1210/27 472/1211/27
f 489/1226/77 490/1227/77 474/1209/77 473/1210/77
f 490/1227/29 491/1228/29 475/1208/29 474/1209/29
f 491/1228/30 492/1229/30 476/1207/30 475/1208/30
f 492/1229/76 493/1230/76 477/1206/76 476/1207/76
f 493/1230/32 494/1231/32 478/1205/32 477/1206/32
f 494/1231/33 495/1232/33 479/1203/33 478/1205/33
f 495/1232/34 481/1233/34 464/1204/34 479/1203/34
f 481/1234/35 480/1219/35 465/1138/35 464/1137/35
f 446/1235/35 447/1236/35 462/1237/35 463/1238/35
f 432/1239/34 446/1240/34 463/1241/34 448/1242/34
f 433/1243/33 432/1239/33 448/1242/33 449/1244/33
f 434/1245/32 433/1243/32 449/1244/32 450/1246/32
f 435/1247/31 434/1245/31 450/1246/31 451/1248/31
f 436/1249/30 435/1247/30 451/1248/30 452/1250/30
f 437/1251/29 436/1249/29 452/1250/29 453/1252/29
f 438/1253/28 437/1251/28 453/1252/28 454/1254/28
f 439/1255/27 438/1253/27 454/1254/27 455/1256/27
f 440/1257/26 439/1255/26 455/1256/26 456/1258/26
f 441/1259/25 440/1257/25 456/1258/25 457/1260/25
f 442/1261/24 441/1259/24 457/1260/24 458/1262/24
f 443/1263/36 442/1261/36 458/1262/36 459/1264/36
f 444/1265/22 443/1263/22 459/1264/22 460/1266/22
f 445/1267/75 444/1265/75 460/1266/75 461/1268/75
f 447/1236/20 445/1267/20 461/1268/20 462/1237/20
f 431/1269/74 430/1270/74 447/1236/74 446/1235/74
f 402/1271/80 431/1272/80 446/1240/80 432/1239/80
f 403/1273/72 402/1271/72 432/1239/72 433/1243/72
f 406/1274/106 403/1273/106 433/1243/106 434/1245/106
f 407/1275/70 406/1274/70 434/1245/70 435/1247/70
f 410/1276/69 407/1275/69 435/1247/69 436/1249/69
f 411/1277/68 410/1276/68 436/1249/68 437/1251/68
f 414/1278/67 411/1277/67 437/1251/67 438/1253/67
f 415/1279/82 414/1278/82 438/1253/82 439/1255/82
f 418/1280/65 415/1279/65 439/1255/65 440/1257/65
f 419/1281/64 418/1280/64 440/1257/64 441/1259/64
f 422/1282/63 419/1281/63 441/1259/63 442/1261/63
f 423/1283/62 422/1282/62 442/1261/62 443/1263/62
f 426/1284/61 423/1283/61 443/1263/61 444/1265/61
f 427/1285/125 426/1284/125 444/1265/125 445/1267/125
f 430/1270/59 427/1285/59 445/1267/59 447/1236/59
f 462/1237/83 461/1268/83 398/1286/83 399/1287/83
f 461/1268/57 460/1266/57 395/1288/57 398/1286/57
f 460/1266/56 459/1264/56 394/1289/56 395/1288/56
f 459/1264/55 458/1262/55 391/1290/55 394/1289/55
f 458/1262/84 457/1260/84 390/1291/84 391/1290/84
f 457/1260/53 456/1258/53 387/1292/53 390/1291/53
f 456/1258/52 455/1256/52 386/1293/52 387/1292/52
f 455/1256/51 454/1254/51 383/1294/51 386/1293/51
f 454/1254/45 453/1252/45 382/1295/45 383/1294/45
f 453/1252/88 452/1250/88 379/1296/88 382/1295/88
f 452/1250/43 451/1248/43 378/1297/43 379/1296/43
f 451/1248/42 450/1246/42 375/1298/42 378/1297/42
f 450/1246/41 449/1244/41 374/1299/41 375/1298/41
f 449/1244/40 448/1242/40 371/1300/40 374/1299/40
f 448/1242/86 463/1241/86 370/1301/86 371/1300/86
f 370/1302/35 399/1287/35 372/1303/35 368/1304/35
f 429/1305/34 369/1306/34 431/1272/34 402/1271/34
f 369/1307/102 373/1308/102 430/1270/102 431/1269/102
f 425/1309/33 429/1305/33 402/1271/33 403/1273/33
f 371/1300/34 370/1301/34 368/1310/34 428/1311/34
f 421/1312/32 425/1309/32 403/1273/32 406/1274/32
f 374/1299/33 371/1300/33 428/1311/33 424/1313/33
f 417/1314/31 421/1312/31 406/1274/31 407/1275/31
f 375/1298/32 374/1299/32 424/1313/32 420/1315/32
f 413/1316/30 417/1314/30 407/1275/30 410/1276/30
f 378/1297/31 375/1298/31 420/1315/31 416/1317/31
f 409/1318/29 413/1316/29 410/1276/29 411/1277/29
f 379/1296/30 378/1297/30 416/1317/30 412/1319/30
f 405/1320/28 409/1318/28 411/1277/28 414/1278/28
f 382/1295/29 379/1296/29 412/1319/29 408/1321/29
f 401/1322/27 405/1320/27 414/1278/27 415/1279/27
f 383/1294/28 382/1295/28 408/1321/28 404/1323/28
f 397/1324/26 401/1322/26 415/1279/26 418/1280/26
f 386/1293/27 383/1294/27 404/1323/27 400/1325/27
f 393/1326/25 397/1324/25 418/1280/25 419/1281/25
f 387/1292/26 386/1293/26 400/1325/26 396/1327/26
f 389/1328/24 393/1326/24 419/1281/24 422/1282/24
f 390/1291/25 387/1292/25 396/1327/25 392/1329/25
f 385/1330/36 389/1328/36 422/1282/36 423/1283/36
f 391/1290/24 390/1291/24 392/1329/24 388/1331/24
f 381/1332/22 385/1330/22 423/1283/22 426/1284/22
f 394/1289/36 391/1290/36 388/1331/36 384/1333/36
f 377/1334/4 381/1332/4 426/1284/4 427/1285/4
f 395/1288/22 394/1289/22 384/1333/22 380/1335/22
f 373/1308/20 377/1334/20 427/1285/20 430/1270/20
f 398/1286/4 395/1288/4 380/1335/4 376/1336/4
f 463/1238/79 462/1237/79 399/1287/79 370/1302/79
f 399/1287/20 398/1286/20 376/1336/20 372/1303/20
f 717/297/35 688/296/35 715/298/35 719/1337/35
f 351/1338/86 336/1339/86 717/241/86 716/240/86
f 350/1340/85 351/1338/85 716/240/85 713/246/85
f 349/1341/126 350/1340/126 713/246/126 712/250/126
f 348/1342/101 349/1341/101 712/250/101 709/254/101
f 347/1343/43 348/1342/43 709/254/43 708/258/43
f 346/1344/44 347/1343/44 708/258/44 705/262/44
f 345/1345/45 346/1344/45 705/262/45 704/266/45
f 344/1346/51 345/1345/51 704/266/51 701/270/51
f 343/1347/52 344/1346/52 701/270/52 700/274/52
f 342/1348/109 343/1347/109 700/274/109 697/278/109
f 341/1349/54 342/1348/54 697/278/54 696/282/54
f 340/1350/55 341/1349/55 696/282/55 693/286/55
f 339/1351/56 340/1350/56 693/286/56 692/290/56
f 338/1352/57 339/1351/57 692/290/57 689/292/57
f 337/295/127 338/1352/127 689/292/127 688/296/127
f 657/236/90 660/289/90 354/1353/90 352/1354/90
f 660/289/111 661/285/111 355/1355/111 354/1353/111
f 661/285/92 664/281/92 356/1356/92 355/1355/92
f 664/281/93 665/277/93 357/1357/93 356/1356/93
f 665/277/63 668/273/63 358/1358/63 357/1357/63
f 668/273/64 669/269/64 359/1359/64 358/1358/64
f 669/269/98 672/265/98 360/1360/98 359/1359/98
f 672/265/82 673/261/82 361/1361/82 360/1360/82
f 673/261/67 676/257/67 362/1362/67 361/1361/67
f 676/257/68 677/253/68 363/1363/68 362/1362/68
f 677/253/104 680/249/104 364/1364/104 363/1363/104
f 680/249/70 681/245/70 365/1365/70 364/1364/70
f 681/245/128 684/239/128 366/1366/128 365/1365/128
f 684/239/72 685/233/72 367/1367/72 366/1366/72
f 685/233/80 656/232/80 353/1368/80 367/1367/80
f 656/237/107 657/236/107 352/1354/107 353/1369/107
f 352/1354/20 354/1353/20 338/1352/20 337/295/20
f 354/1353/75 355/1355/75 339/1351/75 338/1352/75
f 355/1355/22 356/1356/22 340/1350/22 339/1351/22
f 356/1356/23 357/1357/23 341/1349/23 340/1350/23
f 357/1357/24 358/1358/24 342/1348/24 341/1349/24
f 358/1358/25 359/1359/25 343/1347/25 342/1348/25
f 359/1359/26 360/1360/26 344/1346/26 343/1347/26
f 360/1360/27 361/1361/27 345/1345/27 344/1346/27
f 361/1361/77 362/1362/77 346/1344/77 345/1345/77
f 362/1362/29 363/1363/29 347/1343/29 346/1344/29
f 363/1363/30 364/1364/30 348/1342/30 347/1343/30
f 364/1364/76 365/1365/76 349/1341/76 348/1342/76
f 365/1365/32 366/1366/32 350/1340/32 349/1341/32
f 366/1366/33 367/1367/33 351/1338/33 350/1340/33
f 367/1367/34 353/1368/34 336/1339/34 351/1338/34
f 353/1369/35 352/1354/35 337/295/35 336/294/35
f 230/1370/4 226/1371/4 181/1372/4 180/1373/4
f 212/1374/22 213/1375/22 223/1376/22 227/1377/22
f 234/1378/20 230/1370/20 180/1373/20 177/1379/20
f 213/1375/36 216/1380/36 219/1381/36 223/1376/36
f 226/1371/22 222/1382/22 184/1383/22 181/1372/22
f 216/1380/24 217/1384/24 215/1385/24 219/1381/24
f 222/1382/36 218/1386/36 185/1387/36 184/1383/36
f 217/1384/25 220/1388/25 211/1389/25 215/1385/25
f 218/1386/24 214/1390/24 188/1391/24 185/1387/24
f 220/1388/26 221/1392/26 207/1393/26 211/1389/26
f 214/1390/25 210/1394/25 189/1395/25 188/1391/25
f 221/1392/27 224/1396/27 203/1397/27 207/1393/27
f 210/1394/26 206/1398/26 192/1399/26 189/1395/26
f 224/1396/28 225/1400/28 199/1401/28 203/1397/28
f 206/1398/27 202/1402/27 193/1403/27 192/1399/27
f 225/1400/29 228/1404/29 195/1405/29 199/1401/29
f 202/1402/28 198/1406/28 196/1407/28 193/1403/28
f 228/1404/30 229/1408/30 191/1409/30 195/1405/30
f 198/1406/29 194/1410/29 197/1411/29 196/1407/29
f 229/1408/31 232/1412/31 187/1413/31 191/1409/31
f 194/1410/30 190/1414/30 200/1415/30 197/1411/30
f 232/1412/32 233/1416/32 183/1417/32 187/1413/32
f 190/1414/31 186/1418/31 201/1419/31 200/1415/31
f 233/1416/33 236/1420/33 179/1421/33 183/1417/33
f 186/1418/32 182/1422/32 204/1423/32 201/1419/32
f 236/1420/34 237/1424/34 239/1425/34 179/1421/34
f 182/1422/38 178/1426/38 205/1427/38 204/1423/38
f 238/1428/35 234/1378/35 177/1379/35 176/1429/35
f 178/1426/34 238/1430/34 176/1431/34 205/1427/34
f 237/1432/35 208/1433/35 235/1434/35 239/1435/35
f 159/1436/86 144/1437/86 237/1424/86 236/1420/86
f 158/1438/40 159/1436/40 236/1420/40 233/1416/40
f 157/1439/41 158/1438/41 233/1416/41 232/1412/41
f 156/1440/42 157/1439/42 232/1412/42 229/1408/42
f 155/1441/43 156/1440/43 229/1408/43 228/1404/43
f 154/1442/44 155/1441/44 228/1404/44 225/1400/44
f 153/1443/45 154/1442/45 225/1400/45 224/1396/45
f 152/1444/51 153/1443/51 224/1396/51 221/1392/51
f 151/1445/52 152/1444/52 221/1392/52 220/1388/52
f 150/1446/53 151/1445/53 220/1388/53 217/1384/53
f 149/1447/84 150/1446/84 217/1384/84 216/1380/84
f 148/1448/55 149/1447/55 216/1380/55 213/1375/55
f 147/1449/56 148/1448/56 213/1375/56 212/1374/56
f 146/1450/89 147/1449/89 212/1374/89 209/1451/89
f 145/1452/105 146/1450/105 209/1451/105 208/1433/105
f 177/1379/59 180/1373/59 162/1453/59 160/1454/59
f 180/1373/125 181/1372/125 163/1455/125 162/1453/125
f 181/1372/112 184/1383/112 164/1456/112 163/1455/112
f 184/1383/62 185/1387/62 165/1457/62 164/1456/62
f 185/1387/63 188/1391/63 166/1458/63 165/1457/63
f 188/1391/64 189/1395/64 167/1459/64 166/1458/64
f 189/1395/98 192/1399/98 168/1460/98 167/1459/98
f 192/1399/82 193/1403/82 169/1461/82 168/1460/82
f 193/1403/67 196/1407/67 170/1462/67 169/1461/67
f 196/1407/68 197/1411/68 171/1463/68 170/1462/68
f 197/1411/69 200/1415/69 172/1464/69 171/1463/69
f 200/1415/70 201/1419/70 173/1465/70 172/1464/70
f 201/1419/71 204/1423/71 174/1466/71 173/1465/71
f 204/1423/72 205/1427/72 175/1467/72 174/1466/72
f 205/1427/80 176/1431/80 161/1468/80 175/1467/80
f 176/1429/74 177/1379/74 160/1454/74 161/1469/74
f 160/1454/20 162/1453/20 146/1450/20 145/1452/20
f 162/1453/75 163/1455/75 147/1449/75 146/1450/75
f 163/1455/22 164/1456/22 148/1448/22 147/1449/22
f 164/1456/36 165/1457/36 149/1447/36 148/1448/36
f 165/1457/24 166/1458/24 150/1446/24 149/1447/24
f 166/1458/25 167/1459/25 151/1445/25 150/1446/25
f 167/1459/26 168/1460/26 152/1444/26 151/1445/26
f 168/1460/27 169/1461/27 153/1443/27 152/1444/27
f 169/1461/28 170/1462/28 154/1442/28 153/1443/28
f 170/1462/29 171/1463/29 155/1441/29 154/1442/29
f 171/1463/30 172/1464/30 156/1440/30 155/1441/30
f 172/1464/31 173/1465/31 157/1439/31 156/1440/31
f 173/1465/32 174/1466/32 158/1438/32 157/1439/32
f 174/1466/33 175/1467/33 159/1436/33 158/1438/33
f 175/1467/34 161/1468/34 144/1437/34 159/1436/34
f 161/1469/35 160/1454/35 145/1452/35 144/1470/35
f 209/1451/4 212/1374/4 227/1377/4 231/1471/4
f 144/1470/79 145/1452/79 208/1433/79 237/1432/79
f 208/1433/20 209/1451/20 231/1471/20 235/1434/20
f 271/1472/20 270/1473/20 248/1474/20 244/1475/20
f 335/1476/79 334/1477/79 271/1472/79 242/1478/79
f 270/1473/4 267/1479/4 252/1480/4 248/1474/4
f 245/1481/20 249/1482/20 299/1483/20 302/1484/20
f 267/1479/22 266/1485/22 256/1486/22 252/1480/22
f 249/1482/4 253/1487/4 298/1488/4 299/1483/4
f 266/1485/23 263/1489/23 260/1490/23 256/1486/23
f 253/1487/22 257/1491/22 295/1492/22 298/1488/22
f 263/1489/24 262/1493/24 264/1494/24 260/1490/24
f 257/1491/23 261/1495/23 294/1496/23 295/1492/23
f 262/1493/25 259/1497/25 268/1498/25 264/1494/25
f 261/1495/24 265/1499/24 291/1500/24 294/1496/24
f 259/1497/26 258/1501/26 272/1502/26 268/1498/26
f 265/1499/25 269/1503/25 290/1504/25 291/1500/25
f 258/1501/78 255/1505/78 276/1506/78 272/1502/78
f 269/1503/26 273/1507/26 287/1508/26 290/1504/26
f 255/1505/77 254/1509/77 280/1510/77 276/1506/77
f 273/1507/78 277/1511/78 286/1512/78 287/1508/78
f 254/1509/29 251/1513/29 284/1514/29 280/1510/29
f 277/1511/77 281/1515/77 283/1516/77 286/1512/77
f 251/1513/30 250/1517/30 288/1518/30 284/1514/30
f 281/1515/29 285/1519/29 282/1520/29 283/1516/29
f 250/1517/76 247/1521/76 292/1522/76 288/1518/76
f 285/1519/30 289/1523/30 279/1524/30 282/1520/30
f 247/1521/32 246/1525/32 296/1526/32 292/1522/32
f 289/1523/76 293/1527/76 278/1528/76 279/1524/76
f 246/1525/33 243/1529/33 300/1530/33 296/1526/33
f 293/1527/32 297/1531/32 275/1532/32 278/1528/32
f 243/1529/34 242/1533/34 240/1534/34 300/1530/34
f 297/1531/38 301/1535/38 274/1536/38 275/1532/38
f 241/1537/35 245/1481/35 302/1484/35 303/1538/35
f 301/1535/34 241/1539/34 303/1540/34 274/1536/34
f 242/1478/35 271/1472/35 244/1475/35 240/1541/35
f 320/1542/39 335/1543/39 242/1533/39 243/1529/39
f 321/1544/85 320/1542/85 243/1529/85 246/1525/85
f 322/1545/126 321/1544/126 246/1525/126 247/1521/126
f 323/1546/42 322/1545/42 247/1521/42 250/1517/42
f 324/1547/43 323/1546/43 250/1517/43 251/1513/43
f 325/1548/44 324/1547/44 251/1513/44 254/1509/44
f 326/1549/45 325/1548/45 254/1509/45 255/1505/45
f 327/1550/51 326/1549/51 255/1505/51 258/1501/51
f 328/1551/52 327/1550/52 258/1501/52 259/1497/52
f 329/1552/53 328/1551/53 259/1497/53 262/1493/53
f 330/1553/54 329/1552/54 262/1493/54 263/1489/54
f 331/1554/55 330/1553/55 263/1489/55 266/1485/55
f 332/1555/56 331/1554/56 266/1485/56 267/1479/56
f 333/1556/89 332/1555/89 267/1479/89 270/1473/89
f 334/1477/127 333/1556/127 270/1473/127 271/1472/127
f 302/1484/90 299/1483/90 317/1557/90 319/1558/90
f 299/1483/60 298/1488/60 316/1559/60 317/1557/60
f 298/1488/103 295/1492/103 315/1560/103 316/1559/103
f 295/1492/93 294/1496/93 314/1561/93 315/1560/93
f 294/1496/63 291/1500/63 313/1562/63 314/1561/63
f 291/1500/64 290/1504/64 312/1563/64 313/1562/64
f 290/1504/65 287/1508/65 311/1564/65 312/1563/65
f 287/1508/66 286/1512/66 310/1565/66 311/1564/66
f 286/1512/67 283/1516/67 309/1566/67 310/1565/67
f 283/1516/68 282/1520/68 308/1567/68 309/1566/68
f 282/1520/95 279/1524/95 307/1568/95 308/1567/95
f 279/1524/96 278/1528/96 306/1569/96 307/1568/96
f 278/1528/81 275/1532/81 305/1570/81 306/1569/81
f 275/1532/72 274/1536/72 304/1571/72 305/1570/72
f 274/1536/80 303/1540/80 318/1572/80 304/1571/80
f 303/1538/74 302/1484/74 319/1558/74 318/1573/74
f 319/1558/20 317/1557/20 333/1556/20 334/1477/20
f 317/1557/75 316/1559/75 332/1555/75 333/1556/75
f 316/1559/22 315/1560/22 331/1554/22 332/1555/22
f 315/1560/23 314/1561/23 330/1553/23 331/1554/23
f 314/1561/24 313/1562/24 329/1552/24 330/1553/24
f 313/1562/25 312/1563/25 328/1551/25 329/1552/25
f 312/1563/26 311/1564/26 327/1550/26 328/1551/26
f 311/1574/27 310/1575/27 326/1576/27 327/1577/27
f 310/1565/77 309/1566/77 325/1548/77 326/1549/77
f 309/1566/29 308/1567/29 324/1547/29 325/1548/29
f 308/1567/30 307/1568/30 323/1546/30 324/1547/30
f 307/1568/76 306/1569/76 322/1545/76 323/1546/76
f 306/1569/32 305/1570/32 321/1544/32 322/1545/32
f 305/1570/33 304/1571/33 320/1542/33 321/1544/33
f 304/1571/34 318/1572/34 335/1543/34 320/1542/34
f 318/1573/35 319/1558/35 334/1477/35 335/1476/35
f 1830/1578/8 1818/1579/8 1819/1580/8 1829/1581/8
f 11/1582/129 13/1583/129 1821/1584/129 1820/1585/129
f 28/1586/130 29/1587/130 1825/1588/130 1823/1589/130
f 1826/1590/131 9/1591/131 1828/1592/131 1827/1593/131
f 8/1594/132 10/1595/132 4/1596/132 1/1597/132
f 5/1598/133 4/1599/133 10/1600/133 9/1601/133
f 11/1602/134 1830/1603/134 1829/1604/134 13/1605/134
f 1837/1606/135 1836/1607/135 1834/1608/135 1832/1609/135
f 1836/1610/136 1835/1611/136 1833/1612/136 1834/1613/136
f 1833/1612/137 1835/1614/137 1838/1615/137 1831/1616/137
f 26/1617/7 27/1618/7 32/1619/7 33/1620/7
l 5 1826
l 55 54
