# Blender 5.1.2
# www.blender.org
o Counters
v -1.531528 0.000000 1.500000
v -1.531528 2.000000 1.500000
v -1.531528 0.000000 -1.500000
v -1.531528 2.000000 -1.500000
v 8.443723 0.065828 1.500000
v 8.437134 1.949849 1.500000
v 8.468472 0.000000 -1.500000
v 8.468472 2.000000 -1.500000
v 3.117808 2.097885 1.410112
v 3.117808 1.905782 1.410112
v 3.117808 2.066307 -1.530051
v 3.117808 1.905782 -1.530051
v 6.111505 2.097885 1.410112
v 6.111505 1.905782 1.410112
v 6.111505 2.066307 -1.530051
v 6.111505 1.905782 -1.530051
v 3.872785 2.106465 -1.047383
v 3.872785 2.128342 -1.047383
v 3.966262 2.106465 -1.038176
v 3.966262 2.128342 -1.038176
v 4.056148 2.106465 -1.010910
v 4.056148 2.128342 -1.010910
v 4.138986 2.106465 -0.966632
v 4.138986 2.128342 -0.966632
v 4.211596 2.106465 -0.907043
v 4.211596 2.128342 -0.907043
v 4.271184 2.106465 -0.834434
v 4.271184 2.128342 -0.834434
v 4.315462 2.106465 -0.751595
v 4.315462 2.128342 -0.751595
v 4.342729 2.106465 -0.661709
v 4.342729 2.128342 -0.661709
v 4.351935 2.106465 -0.568232
v 4.351935 2.128342 -0.568232
v 4.342729 2.106465 -0.474754
v 4.342729 2.128342 -0.474754
v 4.315462 2.106465 -0.384869
v 4.315462 2.128342 -0.384869
v 4.271184 2.106465 -0.302030
v 4.271184 2.128342 -0.302030
v 4.211596 2.106465 -0.229421
v 4.211596 2.128342 -0.229421
v 4.138986 2.106465 -0.169832
v 4.138986 2.128342 -0.169832
v 4.056148 2.106465 -0.125556
v 4.056148 2.128342 -0.125556
v 3.966262 2.106465 -0.098288
v 3.966262 2.128342 -0.098288
v 3.872785 2.106465 -0.089081
v 3.872785 2.128342 -0.089081
v 3.779307 2.106465 -0.098288
v 3.779307 2.128342 -0.098288
v 3.689421 2.106465 -0.125556
v 3.689421 2.128342 -0.125556
v 3.606583 2.106465 -0.169832
v 3.606583 2.128342 -0.169832
v 3.533974 2.106465 -0.229421
v 3.533974 2.128342 -0.229421
v 3.474385 2.106465 -0.302030
v 3.474385 2.128342 -0.302030
v 3.430107 2.106465 -0.384869
v 3.430107 2.128342 -0.384869
v 3.402840 2.106465 -0.474754
v 3.402840 2.128342 -0.474754
v 3.393634 2.106465 -0.568232
v 3.393634 2.128342 -0.568232
v 3.402840 2.106465 -0.661709
v 3.402840 2.128342 -0.661709
v 3.430107 2.106465 -0.751595
v 3.430107 2.128342 -0.751595
v 3.474385 2.106465 -0.834434
v 3.474385 2.128342 -0.834434
v 3.533974 2.106465 -0.907043
v 3.533974 2.128342 -0.907043
v 3.606583 2.106465 -0.966632
v 3.606583 2.128342 -0.966632
v 3.689421 2.106465 -1.010910
v 3.689421 2.128342 -1.010910
v 3.779307 2.106465 -1.038176
v 3.779307 2.128342 -1.038176
v 5.269005 2.106465 -1.047383
v 5.269005 2.128342 -1.047383
v 5.362482 2.106465 -1.038176
v 5.362482 2.128342 -1.038176
v 5.452368 2.106465 -1.010910
v 5.452368 2.128342 -1.010910
v 5.535206 2.106465 -0.966632
v 5.535206 2.128342 -0.966632
v 5.607815 2.106465 -0.907043
v 5.607815 2.128342 -0.907043
v 5.667404 2.106465 -0.834434
v 5.667404 2.128342 -0.834434
v 5.711682 2.106465 -0.751595
v 5.711682 2.128342 -0.751595
v 5.738949 2.106465 -0.661709
v 5.738949 2.128342 -0.661709
v 5.748156 2.106465 -0.568232
v 5.748156 2.128342 -0.568232
v 5.738949 2.106465 -0.474754
v 5.738949 2.128342 -0.474754
v 5.711682 2.106465 -0.384869
v 5.711682 2.128342 -0.384869
v 5.667404 2.106465 -0.302030
v 5.667404 2.128342 -0.302030
v 5.607815 2.106465 -0.229421
v 5.607815 2.128342 -0.229421
v 5.535206 2.106465 -0.169832
v 5.535206 2.128342 -0.169832
v 5.452368 2.106465 -0.125556
v 5.452368 2.128342 -0.125556
v 5.362482 2.106465 -0.098288
v 5.362482 2.128342 -0.098288
v 5.269005 2.106465 -0.089081
v 5.269005 2.128342 -0.089081
v 5.175527 2.106465 -0.098288
v 5.175527 2.128342 -0.098288
v 5.085641 2.106465 -0.125556
v 5.085641 2.128342 -0.125556
v 5.002803 2.106465 -0.169832
v 5.002803 2.128342 -0.169832
v 4.930194 2.106465 -0.229421
v 4.930194 2.128342 -0.229421
v 4.870605 2.106465 -0.302030
v 4.870605 2.128342 -0.302030
v 4.826327 2.106465 -0.384869
v 4.826327 2.128342 -0.384869
v 4.799060 2.106465 -0.474754
v 4.799060 2.128342 -0.474754
v 4.789854 2.106465 -0.568232
v 4.789854 2.128342 -0.568232
v 4.799060 2.106465 -0.661709
v 4.799060 2.128342 -0.661709
v 4.826327 2.106465 -0.751595
v 4.826327 2.128342 -0.751595
v 4.870605 2.106465 -0.834434
v 4.870605 2.128342 -0.834434
v 4.930194 2.106465 -0.907043
v 4.930194 2.128342 -0.907043
v 5.002803 2.106465 -0.966632
v 5.002803 2.128342 -0.966632
v 5.085641 2.106465 -1.010910
v 5.085641 2.128342 -1.010910
v 5.175527 2.106465 -1.038176
v 5.175527 2.128342 -1.038176
v 3.872785 2.106465 0.213024
v 3.872785 2.128342 0.213024
v 3.966262 2.106465 0.222231
v 3.966262 2.128342 0.222231
v 4.056148 2.106465 0.249497
v 4.056148 2.128342 0.249497
v 4.138986 2.106465 0.293775
v 4.138986 2.128342 0.293775
v 4.211596 2.106465 0.353364
v 4.211596 2.128342 0.353364
v 4.271184 2.106465 0.425973
v 4.271184 2.128342 0.425973
v 4.315462 2.106465 0.508812
v 4.315462 2.128342 0.508812
v 4.342729 2.106465 0.598698
v 4.342729 2.128342 0.598698
v 4.351935 2.106465 0.692175
v 4.351935 2.128342 0.692175
v 4.342729 2.106465 0.785653
v 4.342729 2.128342 0.785653
v 4.315462 2.106465 0.875538
v 4.315462 2.128342 0.875538
v 4.271184 2.106465 0.958377
v 4.271184 2.128342 0.958377
v 4.211596 2.106465 1.030986
v 4.211596 2.128342 1.030986
v 4.138986 2.106465 1.090575
v 4.138986 2.128342 1.090575
v 4.056148 2.106465 1.134852
v 4.056148 2.128342 1.134852
v 3.966262 2.106465 1.162119
v 3.966262 2.128342 1.162119
v 3.872785 2.106465 1.171326
v 3.872785 2.128342 1.171326
v 3.779307 2.106465 1.162119
v 3.779307 2.128342 1.162119
v 3.689421 2.106465 1.134852
v 3.689421 2.128342 1.134852
v 3.606583 2.106465 1.090575
v 3.606583 2.128342 1.090575
v 3.533974 2.106465 1.030986
v 3.533974 2.128342 1.030986
v 3.474385 2.106465 0.958377
v 3.474385 2.128342 0.958377
v 3.430107 2.106465 0.875538
v 3.430107 2.128342 0.875538
v 3.402840 2.106465 0.785653
v 3.402840 2.128342 0.785653
v 3.393634 2.106465 0.692175
v 3.393634 2.128342 0.692175
v 3.402840 2.106465 0.598698
v 3.402840 2.128342 0.598698
v 3.430107 2.106465 0.508812
v 3.430107 2.128342 0.508812
v 3.474385 2.106465 0.425973
v 3.474385 2.128342 0.425973
v 3.533974 2.106465 0.353364
v 3.533974 2.128342 0.353364
v 3.606583 2.106465 0.293775
v 3.606583 2.128342 0.293775
v 3.689421 2.106465 0.249497
v 3.689421 2.128342 0.249497
v 3.779307 2.106465 0.222231
v 3.779307 2.128342 0.222231
v 5.269005 2.106465 0.213024
v 5.269005 2.128342 0.213024
v 5.362482 2.106465 0.222231
v 5.362482 2.128342 0.222231
v 5.452368 2.106465 0.249497
v 5.452368 2.128342 0.249497
v 5.535206 2.106465 0.293775
v 5.535206 2.128342 0.293775
v 5.607815 2.106465 0.353364
v 5.607815 2.128342 0.353364
v 5.667404 2.106465 0.425973
v 5.667404 2.128342 0.425973
v 5.711682 2.106465 0.508812
v 5.711682 2.128342 0.508812
v 5.738949 2.106465 0.598698
v 5.738949 2.128342 0.598698
v 5.748156 2.106465 0.692175
v 5.748156 2.128342 0.692175
v 5.738949 2.106465 0.785653
v 5.738949 2.128342 0.785653
v 5.711682 2.106465 0.875538
v 5.711682 2.128342 0.875538
v 5.667404 2.106465 0.958377
v 5.667404 2.128342 0.958377
v 5.607815 2.106465 1.030986
v 5.607815 2.128342 1.030986
v 5.535206 2.106465 1.090575
v 5.535206 2.128342 1.090575
v 5.452368 2.106465 1.134852
v 5.452368 2.128342 1.134852
v 5.362482 2.106465 1.162119
v 5.362482 2.128342 1.162119
v 5.269005 2.106465 1.171326
v 5.269005 2.128342 1.171326
v 5.175527 2.106465 1.162119
v 5.175527 2.128342 1.162119
v 5.085641 2.106465 1.134852
v 5.085641 2.128342 1.134852
v 5.002803 2.106465 1.090575
v 5.002803 2.128342 1.090575
v 4.930194 2.106465 1.030986
v 4.930194 2.128342 1.030986
v 4.870605 2.106465 0.958377
v 4.870605 2.128342 0.958377
v 4.826327 2.106465 0.875538
v 4.826327 2.128342 0.875538
v 4.799060 2.106465 0.785653
v 4.799060 2.128342 0.785653
v 4.789854 2.106465 0.692175
v 4.789854 2.128342 0.692175
v 4.799060 2.106465 0.598698
v 4.799060 2.128342 0.598698
v 4.826327 2.106465 0.508812
v 4.826327 2.128342 0.508812
v 4.870605 2.106465 0.425973
v 4.870605 2.128342 0.425973
v 4.930194 2.106465 0.353364
v 4.930194 2.128342 0.353364
v 5.002803 2.106465 0.293775
v 5.002803 2.128342 0.293775
v 5.085641 2.106465 0.249497
v 5.085641 2.128342 0.249497
v 5.175527 2.106465 0.222231
v 5.175527 2.128342 0.222231
v 3.155653 0.024432 -1.080896
v 3.155653 2.030452 -1.080896
v 6.073659 0.024432 -1.080896
v 6.073659 2.030452 -1.080896
v 4.315678 1.977312 1.525362
v 3.155653 0.024432 1.525362
v 4.901341 1.977312 1.525362
v 6.073659 0.024432 1.525362
v 1.531529 0.000000 -1.500000
v 1.531529 2.000000 -1.500000
v 3.067404 2.000000 -1.500000
v 3.067404 0.000000 -1.500000
v 6.213937 2.000000 -1.500000
v 6.254728 0.065828 1.500000
v 6.213937 0.000000 -1.500000
v 6.245274 1.949849 1.500000
v -1.531528 1.380695 1.500000
v -1.531528 1.380695 -1.500000
v 8.468472 1.380695 -1.500000
v 8.437134 1.447634 1.500000
v 1.531529 1.380695 -1.500000
v 3.067404 1.380695 -1.500000
v 6.245274 1.447634 1.500000
v 6.213937 1.380695 -1.500000
v -1.531528 0.690348 -1.500000
v 8.468472 0.690348 -1.500000
v 8.433196 0.763451 1.498079
v 1.531529 0.690348 -1.500000
v 3.067404 0.690348 -1.500000
v 6.248773 0.761767 1.500000
v 6.213937 0.690348 -1.500000
v -1.531528 0.690348 1.500000
v 3.152795 1.818418 1.500000
v 1.531529 1.976911 1.450088
v 1.531529 0.049912 1.450088
v 3.152795 0.021333 1.500000
v 8.468472 2.000000 1.500000
v 6.069273 1.818418 1.500000
v 8.433196 1.366753 1.498079
v 6.248773 1.365069 1.500000
v 8.468472 1.380695 1.500000
v 6.069273 1.380695 1.500000
v 8.443723 0.671689 1.500000
v 6.254728 0.671689 1.500000
v 8.468472 0.690348 1.500000
v 8.468472 0.000000 1.500000
v 6.069273 0.021333 1.500000
v 6.069273 0.690348 1.500000
v -1.536983 0.000000 1.497461
v -1.536983 2.000000 1.497461
v 1.463018 0.040895 1.870707
v 1.463018 1.959279 1.870533
v -1.536983 0.000000 10.614866
v -1.536983 2.000000 10.614866
v 1.463017 0.000000 10.614866
v 1.463017 2.000000 10.614866
v -0.857043 2.000000 1.497461
v -0.857044 2.000000 10.614866
v 1.009695 2.000000 1.497461
v 1.009695 2.000000 10.614866
v -0.268893 1.435975 9.697753
v -0.268893 1.435975 7.163866
v -0.026951 1.435975 9.697753
v -0.026951 1.435975 7.163866
v 1.009695 2.000000 8.640038
v -0.857043 1.435975 8.640038
v 1.009695 1.435975 8.640038
v 1.009695 2.000000 8.409212
v -0.857043 1.435975 8.409212
v 1.009695 1.435975 8.409212
v -0.031317 2.546946 8.454447
v -0.031317 2.546946 8.583390
v 1.463017 0.050423 6.338090
v -1.536983 2.000000 6.056164
v 1.463017 1.950320 6.338834
v -1.536983 0.000000 6.056164
v 1.463017 0.050423 4.159586
v -1.536983 2.000000 3.776813
v 1.463017 1.950320 4.158842
v -1.536983 0.000000 3.776813
v 1.463018 1.455281 1.870533
v 1.463017 1.414559 10.614866
v 1.463017 1.439812 6.338834
v 1.463017 1.439812 4.158842
v 1.463018 0.748517 1.871049
v 1.463017 0.707280 10.614866
v 1.463017 0.757547 6.338247
v 1.463017 0.757547 4.159430
v 1.463017 1.959279 4.068441
v 1.463017 2.000000 6.388515
v 1.463017 1.364293 6.338247
v 1.463017 1.364293 4.159430
v 1.463017 0.656856 6.338090
v 1.463017 1.390133 6.388515
v 1.463017 0.656856 4.159586
v 1.463017 1.455281 4.068441
v 1.463017 0.000000 6.388515
v 1.463017 0.040895 4.068268
v 1.463017 0.707280 6.388515
v 1.463017 0.748517 4.067925
v 1.463018 2.000000 1.497461
v 1.463017 2.000000 4.109163
v 1.463017 1.373322 4.067925
v 1.463018 1.373322 1.871049
v 1.463017 0.666385 4.068268
v 1.463017 1.390133 4.109163
v 1.463018 1.414559 1.497461
v 1.463018 0.666385 1.870707
v 1.463018 0.707280 1.497461
v 1.463018 0.000000 1.497461
v 1.463017 0.000000 4.109163
v 1.463017 0.707280 4.109163
v -1.182651 2.259640 8.615702
v -1.182651 2.324379 8.556910
v -1.182651 2.292010 8.607825
v -1.182651 2.315706 8.586306
v -0.967043 2.401140 8.615702
v -0.967043 2.465657 8.556910
v -0.967043 2.433398 8.607825
v -0.967043 2.457013 8.586306
v -0.215341 2.641138 8.615702
v -0.215341 2.705418 8.556910
v -0.215341 2.673278 8.607825
v -0.215341 2.696806 8.586306
v -0.031317 2.615192 8.552279
v -0.031317 2.579386 8.583390
v -0.031317 2.610425 8.568569
v -0.031317 2.599673 8.578413
v -1.182651 2.324379 8.482270
v -1.182651 2.258164 8.422136
v -1.182651 2.315508 8.452204
v -1.182651 2.291271 8.430194
v -0.967043 2.465657 8.482269
v -0.967043 2.399668 8.422135
v -0.967043 2.456816 8.452202
v -0.967043 2.432662 8.430191
v -0.215341 2.705418 8.482269
v -0.215341 2.639672 8.422135
v -0.215341 2.696609 8.452202
v -0.215341 2.672544 8.430191
v -0.031317 2.577921 8.454447
v -0.031317 2.615192 8.486900
v -0.031317 2.598940 8.459603
v -0.031317 2.610228 8.469938
v -0.967043 2.295011 8.572888
v -0.967043 2.339949 8.615702
v -1.002853 2.271546 8.615702
v -0.967043 2.301031 8.594296
v -0.967043 2.317480 8.609966
v -0.967043 2.339949 8.422135
v -0.967043 2.295011 8.464949
v -1.002853 2.271546 8.422135
v -0.967043 2.317480 8.427873
v -0.967043 2.301031 8.443542
v -0.215341 2.534772 8.464949
v -0.215341 2.579710 8.422135
v -0.215341 2.540793 8.443542
v -0.215341 2.557241 8.427873
v -0.215341 2.579710 8.615702
v -0.215341 2.534772 8.572888
v -0.215341 2.557241 8.609966
v -0.215341 2.540792 8.594296
v -0.055326 2.638901 8.586306
v -0.055326 2.647504 8.556910
v -0.055326 2.615397 8.607825
v -0.055326 2.583291 8.615702
v -0.055326 2.614665 8.430191
v -0.055326 2.581826 8.422135
v -0.055326 2.638705 8.452202
v -0.055326 2.647504 8.482269
v -0.195873 2.550933 8.422135
v -0.201889 2.529903 8.450643
v -0.199009 2.532439 8.434857
v -0.196845 2.540223 8.425237
v -0.189070 2.536867 8.425955
v -0.191272 2.529170 8.436389
v -0.201889 2.529903 8.587194
v -0.195873 2.550933 8.615702
v -0.196845 2.540223 8.612601
v -0.199009 2.532439 8.602980
v -0.191272 2.529170 8.601448
v -0.189070 2.536867 8.611882
v -0.055326 2.514634 8.451868
v -0.055326 2.544399 8.422135
v -0.041497 2.533246 8.440746
v -0.055326 2.518622 8.437002
v -0.055326 2.529516 8.426120
v -0.055326 2.544399 8.615702
v -0.055326 2.514634 8.585969
v -0.041497 2.533246 8.597091
v -0.055326 2.529516 8.611719
v -0.055326 2.518622 8.600836
v -1.127422 1.559949 8.615702
v -1.182651 1.559949 8.560472
v -1.155036 1.559949 8.608302
v -1.175252 1.559949 8.588087
v -1.182651 2.153733 8.560472
v -1.127422 2.189922 8.615702
v -1.182651 2.208962 8.615702
v -1.175252 2.158581 8.588087
v -1.155036 2.171828 8.608302
v -1.182651 1.559949 8.477365
v -1.127422 1.559949 8.422136
v -1.175252 1.559949 8.449751
v -1.155036 1.559949 8.429536
v -1.127422 2.189922 8.422136
v -1.182651 2.153733 8.477365
v -1.182651 2.208962 8.422136
v -1.155036 2.171828 8.429536
v -1.175252 2.158581 8.449751
v -0.929665 1.559949 8.560472
v -0.984965 1.559949 8.615702
v -0.937074 1.559949 8.588087
v -0.957315 1.559949 8.608302
v -0.984965 1.559949 8.422135
v -0.929665 1.559949 8.477365
v -0.957315 1.559949 8.429535
v -0.937074 1.559949 8.449750
v -1.002853 2.271546 8.615702
v -0.967043 2.295011 8.572888
v -0.984152 2.267627 8.609966
v -0.971045 2.276216 8.594296
v -0.967043 2.295011 8.464949
v -1.002853 2.271546 8.422135
v -0.971045 2.276217 8.443542
v -0.984152 2.267629 8.427873
v 1.531529 0.049912 -1.319883
v 1.531529 1.976911 -1.305155
v 3.067404 2.000000 -1.360280
v 3.067404 0.000000 -1.340357
v 3.067404 1.977755 1.500000
v 1.531529 1.977755 1.500000
v 1.531529 1.977755 -1.306098
v 1.531529 1.977755 -1.500000
v 3.067404 1.977755 -1.500000
v 3.067404 1.977755 -1.360280
v 3.067404 0.050371 -1.500000
v 1.531529 0.050371 -1.500000
v 1.531529 0.050371 -1.321600
v 1.531529 0.050371 1.500000
v 3.067404 0.050371 1.500000
v 3.067404 0.050371 -1.340357
v 6.213937 2.000000 1.500000
v 3.067404 2.000000 1.500000
v 3.067404 0.000000 1.500000
v 6.213937 0.000000 1.500000
v 6.213937 0.690348 1.500000
v 6.213937 1.380695 1.500000
v 3.155653 0.109177 1.525362
v 3.155653 0.246304 -1.080896
v 6.073659 0.109177 1.525362
v 6.073659 0.246304 -1.080896
v 3.155653 1.114073 -1.080896
v 6.073659 1.114073 1.525362
v 3.155653 1.114073 1.525362
v 6.073659 1.114073 -1.080896
v 5.908237 0.647837 1.313508
v 5.984959 0.584322 -0.911991
v 5.908237 0.647837 0.801191
v 5.984959 0.647837 -0.911991
v 5.908237 0.584322 -0.911991
v 5.908237 0.647837 -0.911991
v 5.908237 0.584322 1.313508
v 5.908237 0.647837 -1.060104
v 5.984959 0.647837 -0.226718
v 5.984959 0.584322 -0.226718
v 5.908237 0.584322 -0.226718
v 5.908237 0.647837 -0.226718
v 5.984959 0.647837 0.458554
v 5.908237 0.584322 0.115918
v 5.984959 0.584322 0.458554
v 5.908237 0.647837 0.115918
v 5.908237 0.584322 0.458554
v 5.908237 0.647837 0.458554
v 5.984959 0.584322 1.143828
v 5.984959 0.647837 1.143828
v 5.908237 0.584322 1.143828
v 5.908237 0.647837 1.143828
v 5.984959 0.647837 -0.569354
v 5.984959 0.584322 -0.569354
v 5.984959 0.584322 0.801191
v 5.984959 0.647837 0.801191
v 5.984959 0.584322 0.115918
v 5.984959 0.647837 0.115918
v 5.984959 0.647837 1.313508
v 5.984959 0.584322 -1.060104
v 5.984959 0.584322 1.313508
v 5.984959 0.647837 -1.060104
v 5.908237 0.584322 -0.569354
v 5.908237 0.647837 -0.569354
v 5.908237 0.584322 0.801191
v 5.664702 0.647837 1.313508
v 5.741424 0.584322 -0.911991
v 5.664702 0.647837 0.801191
v 5.741424 0.647837 -0.911991
v 5.664702 0.584322 -0.911991
v 5.664702 0.647837 -0.911991
v 5.664702 0.584322 1.313508
v 5.741424 0.647837 -0.226718
v 5.741424 0.584322 -0.226718
v 5.664702 0.584322 -0.226718
v 5.664702 0.647837 -0.226718
v 5.741424 0.647837 0.458554
v 5.664702 0.584322 0.115918
v 5.741424 0.584322 0.458554
v 5.664702 0.647837 0.115918
v 5.664702 0.584322 0.458554
v 5.664702 0.647837 0.458554
v 5.741424 0.584322 1.143828
v 5.741424 0.647837 1.143828
v 5.664702 0.584322 1.143828
v 5.664702 0.647837 1.143828
v 5.741424 0.647837 -0.569354
v 5.741424 0.584322 -0.569354
v 5.741424 0.584322 0.801191
v 5.741424 0.647837 0.801191
v 5.741424 0.584322 0.115918
v 5.741424 0.647837 0.115918
v 5.741424 0.647837 1.313508
v 5.741424 0.584322 1.313508
v 5.664702 0.584322 -0.569354
v 5.664702 0.647837 -0.569354
v 5.664702 0.584322 0.801191
v 5.400928 0.647837 1.313508
v 5.477650 0.584322 -0.911991
v 5.400928 0.647837 0.801191
v 5.477650 0.647837 -0.911991
v 5.400928 0.584322 -0.911991
v 5.400928 0.647837 -0.911991
v 5.400928 0.584322 1.313508
v 5.400928 0.647837 -1.060104
v 5.477650 0.647837 -0.226718
v 5.477650 0.584322 -0.226718
v 5.400928 0.584322 -0.226718
v 5.400928 0.647837 -0.226718
v 5.477650 0.647837 0.458554
v 5.400928 0.584322 0.115918
v 5.477650 0.584322 0.458554
v 5.400928 0.647837 0.115918
v 5.400928 0.584322 0.458554
v 5.400928 0.647837 0.458554
v 5.477650 0.584322 1.143828
v 5.477650 0.647837 1.143828
v 5.400928 0.584322 1.143828
v 5.400928 0.647837 1.143828
v 5.477650 0.647837 -0.569354
v 5.477650 0.584322 -0.569354
v 5.477650 0.584322 0.801191
v 5.477650 0.647837 0.801191
v 5.477650 0.584322 0.115918
v 5.477650 0.647837 0.115918
v 5.477650 0.647837 1.313508
v 5.477650 0.584322 -1.060104
v 5.477650 0.584322 1.313508
v 5.477650 0.647837 -1.060104
v 5.400928 0.584322 -0.569354
v 5.400928 0.647837 -0.569354
v 5.400928 0.584322 0.801191
v 5.131847 0.647837 1.313508
v 5.208569 0.584322 -0.911991
v 5.131847 0.647837 0.801191
v 5.208569 0.647837 -0.911991
v 5.131847 0.584322 -0.911991
v 5.131847 0.647837 -0.911991
v 5.131847 0.584322 1.313508
v 5.208569 0.647837 -0.226718
v 5.208569 0.584322 -0.226718
v 5.131847 0.584322 -0.226718
v 5.131847 0.647837 -0.226718
v 5.208569 0.647837 0.458554
v 5.131847 0.584322 0.115918
v 5.208569 0.584322 0.458554
v 5.131847 0.647837 0.115918
v 5.131847 0.584322 0.458554
v 5.131847 0.647837 0.458554
v 5.208569 0.584322 1.143828
v 5.208569 0.647837 1.143828
v 5.131847 0.584322 1.143828
v 5.131847 0.647837 1.143828
v 5.208569 0.647837 -0.569354
v 5.208569 0.584322 -0.569354
v 5.208569 0.584322 0.801191
v 5.208569 0.647837 0.801191
v 5.208569 0.584322 0.115918
v 5.208569 0.647837 0.115918
v 5.208569 0.647837 1.313508
v 5.208569 0.584322 -1.060104
v 5.208569 0.584322 1.313508
v 5.208569 0.647837 -1.060104
v 5.131847 0.584322 -0.569354
v 5.131847 0.647837 -0.569354
v 5.131847 0.584322 0.801191
v 4.888312 0.647837 1.313508
v 4.965034 0.584322 -0.911991
v 4.888312 0.647837 0.801191
v 4.965034 0.647837 -0.911991
v 4.888312 0.584322 -0.911991
v 4.888312 0.647837 -0.911991
v 4.888312 0.584322 1.313508
v 4.888312 0.647837 -1.060104
v 4.965034 0.647837 -0.226718
v 4.965034 0.584322 -0.226718
v 4.888312 0.584322 -0.226718
v 4.888312 0.647837 -0.226718
v 4.965034 0.647837 0.458554
v 4.888312 0.584322 0.115918
v 4.965034 0.584322 0.458554
v 4.888312 0.647837 0.115918
v 4.888312 0.584322 0.458554
v 4.888312 0.647837 0.458554
v 4.965034 0.584322 1.143828
v 4.965034 0.647837 1.143828
v 4.888312 0.584322 1.143828
v 4.888312 0.647837 1.143828
v 4.965034 0.647837 -0.569354
v 4.965034 0.584322 -0.569354
v 4.965034 0.584322 0.801191
v 4.965034 0.647837 0.801191
v 4.965034 0.584322 0.115918
v 4.965034 0.647837 0.115918
v 4.965034 0.647837 1.313508
v 4.965034 0.584322 -1.060104
v 4.965034 0.584322 1.313508
v 4.965034 0.647837 -1.060104
v 4.888312 0.584322 -0.569354
v 4.888312 0.647837 -0.569354
v 4.888312 0.584322 0.801191
v 4.645275 0.647837 1.313508
v 4.721997 0.584322 -0.911991
v 4.645275 0.647837 0.801191
v 4.721997 0.647837 -0.911991
v 4.645275 0.584322 -0.911991
v 4.645275 0.647837 -0.911991
v 4.645275 0.584322 1.313508
v 4.721997 0.647837 -0.226718
v 4.721997 0.584322 -0.226718
v 4.645275 0.584322 -0.226718
v 4.645275 0.647837 -0.226718
v 4.721997 0.647837 0.458554
v 4.645275 0.584322 0.115918
v 4.721997 0.584322 0.458554
v 4.645275 0.647837 0.115918
v 4.645275 0.584322 0.458554
v 4.645275 0.647837 0.458554
v 4.721997 0.584322 1.143828
v 4.721997 0.647837 1.143828
v 4.645275 0.584322 1.143828
v 4.645275 0.647837 1.143828
v 4.721997 0.647837 -0.569354
v 4.721997 0.584322 -0.569354
v 4.721997 0.584322 0.801191
v 4.721997 0.647837 0.801191
v 4.721997 0.584322 0.115918
v 4.721997 0.647837 0.115918
v 4.721997 0.647837 1.313508
v 4.721997 0.584322 1.313508
v 4.645275 0.584322 -0.569354
v 4.645275 0.647837 -0.569354
v 4.645275 0.584322 0.801191
v 4.407299 0.647837 1.313508
v 4.484021 0.584322 -0.911991
v 4.407299 0.647837 0.801191
v 4.484021 0.647837 -0.911991
v 4.407299 0.584322 -0.911991
v 4.407299 0.647837 -0.911991
v 4.407299 0.584322 1.313508
v 4.407299 0.647837 -1.060104
v 4.484021 0.647837 -0.226718
v 4.484021 0.584322 -0.226718
v 4.407299 0.584322 -0.226718
v 4.407299 0.647837 -0.226718
v 4.484021 0.647837 0.458554
v 4.407299 0.584322 0.115918
v 4.484021 0.584322 0.458554
v 4.407299 0.647837 0.115918
v 4.407299 0.584322 0.458554
v 4.407299 0.647837 0.458554
v 4.484021 0.584322 1.143828
v 4.484021 0.647837 1.143828
v 4.407299 0.584322 1.143828
v 4.407299 0.647837 1.143828
v 4.484021 0.647837 -0.569354
v 4.484021 0.584322 -0.569354
v 4.484021 0.584322 0.801191
v 4.484021 0.647837 0.801191
v 4.484021 0.584322 0.115918
v 4.484021 0.647837 0.115918
v 4.484021 0.647837 1.313508
v 4.484021 0.584322 -1.060104
v 4.484021 0.584322 1.313508
v 4.484021 0.647837 -1.060104
v 4.407299 0.584322 -0.569354
v 4.407299 0.647837 -0.569354
v 4.407299 0.584322 0.801191
v 4.174133 0.647837 1.313508
v 4.250855 0.584322 -0.911991
v 4.174133 0.647837 0.801191
v 4.250855 0.647837 -0.911991
v 4.174133 0.584322 -0.911991
v 4.174133 0.647837 -0.911991
v 4.174133 0.584322 1.313508
v 4.250855 0.647837 -0.226718
v 4.250855 0.584322 -0.226718
v 4.174133 0.584322 -0.226718
v 4.174133 0.647837 -0.226718
v 4.250855 0.647837 0.458554
v 4.174133 0.584322 0.115918
v 4.250855 0.584322 0.458554
v 4.174133 0.647837 0.115918
v 4.174133 0.584322 0.458554
v 4.174133 0.647837 0.458554
v 4.250855 0.584322 1.143828
v 4.250855 0.647837 1.143828
v 4.174133 0.584322 1.143828
v 4.174133 0.647837 1.143828
v 4.250855 0.647837 -0.569354
v 4.250855 0.584322 -0.569354
v 4.250855 0.584322 0.801191
v 4.250855 0.647837 0.801191
v 4.250855 0.584322 0.115918
v 4.250855 0.647837 0.115918
v 4.250855 0.647837 1.313508
v 4.250855 0.584322 1.313508
v 4.174133 0.584322 -0.569354
v 4.174133 0.647837 -0.569354
v 4.174133 0.584322 0.801191
v 3.931096 0.647837 1.313508
v 4.007818 0.584322 -0.911991
v 3.931096 0.647837 0.801191
v 4.007818 0.647837 -0.911991
v 3.931096 0.584322 -0.911991
v 3.931096 0.647837 -0.911991
v 3.931096 0.584322 1.313508
v 3.931096 0.647837 -1.060104
v 4.007818 0.647837 -0.226718
v 4.007818 0.584322 -0.226718
v 3.931096 0.584322 -0.226718
v 3.931096 0.647837 -0.226718
v 4.007818 0.647837 0.458554
v 3.931096 0.584322 0.115918
v 4.007818 0.584322 0.458554
v 3.931096 0.647837 0.115918
v 3.931096 0.584322 0.458554
v 3.931096 0.647837 0.458554
v 4.007818 0.584322 1.143828
v 4.007818 0.647837 1.143828
v 3.931096 0.584322 1.143828
v 3.931096 0.647837 1.143828
v 4.007818 0.647837 -0.569354
v 4.007818 0.584322 -0.569354
v 4.007818 0.584322 0.801191
v 4.007818 0.647837 0.801191
v 4.007818 0.584322 0.115918
v 4.007818 0.647837 0.115918
v 4.007818 0.647837 1.313508
v 4.007818 0.584322 -1.060104
v 4.007818 0.584322 1.313508
v 4.007818 0.647837 -1.060104
v 3.931096 0.584322 -0.569354
v 3.931096 0.647837 -0.569354
v 3.931096 0.584322 0.801191
v 3.685655 0.647837 1.313508
v 3.762377 0.584322 -0.911991
v 3.685655 0.647837 0.801191
v 3.762377 0.647837 -0.911991
v 3.685655 0.584322 -0.911991
v 3.685655 0.647837 -0.911991
v 3.685655 0.584322 1.313508
v 3.762377 0.647837 -0.226718
v 3.762377 0.584322 -0.226718
v 3.685655 0.584322 -0.226718
v 3.685655 0.647837 -0.226718
v 3.762377 0.647837 0.458554
v 3.685655 0.584322 0.115918
v 3.762377 0.584322 0.458554
v 3.685655 0.647837 0.115918
v 3.685655 0.584322 0.458554
v 3.685655 0.647837 0.458554
v 3.762377 0.584322 1.143828
v 3.762377 0.647837 1.143828
v 3.685655 0.584322 1.143828
v 3.685655 0.647837 1.143828
v 3.762377 0.647837 -0.569354
v 3.762377 0.584322 -0.569354
v 3.762377 0.584322 0.801191
v 3.762377 0.647837 0.801191
v 3.762377 0.584322 0.115918
v 3.762377 0.647837 0.115918
v 3.762377 0.647837 1.313508
v 3.762377 0.584322 1.313508
v 3.685655 0.584322 -0.569354
v 3.685655 0.647837 -0.569354
v 3.685655 0.584322 0.801191
v 3.452488 0.647837 1.313508
v 3.529211 0.584322 -0.911991
v 3.452488 0.647837 0.801191
v 3.529211 0.647837 -0.911991
v 3.452488 0.584322 -0.911991
v 3.452488 0.647837 -0.911991
v 3.452488 0.584322 1.313508
v 3.452488 0.647837 -1.060104
v 3.529211 0.647837 -0.226718
v 3.529211 0.584322 -0.226718
v 3.452488 0.584322 -0.226718
v 3.452488 0.647837 -0.226718
v 3.529211 0.647837 0.458554
v 3.452488 0.584322 0.115918
v 3.529211 0.584322 0.458554
v 3.452488 0.647837 0.115918
v 3.452488 0.584322 0.458554
v 3.452488 0.647837 0.458554
v 3.529211 0.584322 1.143828
v 3.529211 0.647837 1.143828
v 3.452488 0.584322 1.143828
v 3.452488 0.647837 1.143828
v 3.529211 0.647837 -0.569354
v 3.529211 0.584322 -0.569354
v 3.529211 0.584322 0.801191
v 3.529211 0.647837 0.801191
v 3.529211 0.584322 0.115918
v 3.529211 0.647837 0.115918
v 3.529211 0.647837 1.313508
v 3.529211 0.584322 -1.060104
v 3.529211 0.584322 1.313508
v 3.529211 0.647837 -1.060104
v 3.452488 0.584322 -0.569354
v 3.452488 0.647837 -0.569354
v 3.452488 0.584322 0.801191
v 3.209452 0.647837 1.313508
v 3.286174 0.584322 -0.911991
v 3.209452 0.647837 0.801191
v 3.286174 0.647837 -0.911991
v 3.209452 0.584322 -0.911991
v 3.209452 0.647837 -0.911991
v 3.209452 0.584322 1.313508
v 3.286174 0.647837 -0.226718
v 3.286174 0.584322 -0.226718
v 3.209452 0.584322 -0.226718
v 3.209452 0.647837 -0.226718
v 3.286174 0.647837 0.458554
v 3.209452 0.584322 0.115918
v 3.286174 0.584322 0.458554
v 3.209452 0.647837 0.115918
v 3.209452 0.584322 0.458554
v 3.209452 0.647837 0.458554
v 3.286174 0.584322 1.143828
v 3.286174 0.647837 1.143828
v 3.209452 0.584322 1.143828
v 3.209452 0.647837 1.143828
v 3.286174 0.647837 -0.569354
v 3.286174 0.584322 -0.569354
v 3.286174 0.584322 0.801191
v 3.286174 0.647837 0.801191
v 3.286174 0.584322 0.115918
v 3.286174 0.647837 0.115918
v 3.286174 0.647837 1.313508
v 3.286174 0.584322 1.313508
v 3.209452 0.584322 -0.569354
v 3.209452 0.647837 -0.569354
v 3.209452 0.584322 0.801191
v 5.741424 0.584322 -1.063215
v 5.664702 0.584322 -1.063215
v 5.664702 0.647837 -1.063215
v 5.741424 0.647837 -1.063215
v 5.131847 0.584269 -1.061502
v 5.131847 0.647784 -1.061502
v 4.721997 0.584322 -1.053616
v 4.645275 0.584322 -1.053616
v 4.645275 0.647837 -1.053616
v 4.721997 0.647837 -1.053616
v 4.250855 0.584322 -1.053616
v 4.174133 0.584322 -1.053616
v 4.174133 0.647837 -1.053616
v 4.250855 0.647837 -1.053616
v 3.762377 0.584322 -1.053616
v 3.685655 0.584322 -1.053616
v 3.685655 0.647837 -1.053616
v 3.762377 0.647837 -1.053616
v 3.286174 0.584322 -1.053616
v 3.209452 0.584322 -1.053616
v 3.209452 0.647837 -1.053616
v 3.286174 0.647837 -1.053616
v 3.155653 1.818517 -1.080896
v 4.901341 1.886710 1.525362
v 4.315678 1.886710 1.525362
v 6.073659 1.818517 -1.080896
v 3.610661 1.939964 1.447136
v 3.608992 1.932970 1.544822
v 3.609091 1.932076 1.447136
v 3.607445 1.911323 1.544822
v 3.604622 1.925388 1.447136
v 3.603038 1.892971 1.544822
v 3.597934 1.920919 1.447136
v 3.596443 1.880709 1.544822
v 3.590045 1.919350 1.447136
v 3.588663 1.876403 1.544822
v 3.582157 1.920919 1.447136
v 3.580883 1.880709 1.544822
v 3.575469 1.925388 1.447136
v 3.574287 1.892971 1.544822
v 3.571000 1.932076 1.447136
v 3.569881 1.911323 1.544822
v 3.569431 1.939964 1.447136
v 3.568333 1.932970 1.544822
v 3.571000 1.947853 1.447136
v 3.569881 1.954617 1.544822
v 3.575469 1.954541 1.447136
v 3.574287 1.972969 1.544822
v 3.582157 1.959010 1.447136
v 3.580883 1.985231 1.544822
v 3.590045 1.960579 1.447136
v 3.588663 1.989537 1.544822
v 3.597934 1.959010 1.447136
v 3.596442 1.985231 1.544822
v 3.604622 1.954541 1.447136
v 3.603038 1.972969 1.544822
v 3.609091 1.947853 1.447136
v 3.607445 1.954617 1.544822
v 3.663886 1.901811 1.544822
v 3.670085 1.932970 1.544822
v 3.646237 1.875396 1.544822
v 3.619821 1.857746 1.544822
v 3.588662 1.851548 1.544822
v 3.557503 1.857746 1.544822
v 3.531088 1.875396 1.544822
v 3.513438 1.901811 1.544822
v 3.507239 1.932970 1.544822
v 3.513438 1.964129 1.544822
v 3.531088 1.990544 1.544822
v 3.557503 2.008195 1.544822
v 3.588662 2.014392 1.544822
v 3.619821 2.008195 1.544822
v 3.646237 1.990544 1.544822
v 3.663886 1.964129 1.544822
v 3.607445 1.911323 1.577724
v 3.608992 1.932970 1.577724
v 3.603038 1.892971 1.577724
v 3.596443 1.880709 1.577724
v 3.588663 1.876403 1.577724
v 3.580883 1.880709 1.577724
v 3.574287 1.892971 1.577724
v 3.569881 1.911323 1.577724
v 3.568333 1.932970 1.577724
v 3.569881 1.954617 1.577724
v 3.574287 1.972969 1.577724
v 3.580883 1.985231 1.577724
v 3.588663 1.989537 1.577724
v 3.596442 1.985231 1.577724
v 3.603038 1.972969 1.577724
v 3.607445 1.954617 1.577724
v 4.051768 1.939964 1.447136
v 4.050099 1.932970 1.544822
v 4.050198 1.932076 1.447136
v 4.048552 1.911323 1.544822
v 4.045729 1.925388 1.447136
v 4.044145 1.892971 1.544822
v 4.039042 1.920919 1.447136
v 4.037550 1.880709 1.544822
v 4.031153 1.919350 1.447136
v 4.029770 1.876403 1.544822
v 4.023264 1.920919 1.447136
v 4.021990 1.880709 1.544822
v 4.016576 1.925388 1.447136
v 4.015395 1.892971 1.544822
v 4.012107 1.932076 1.447136
v 4.010988 1.911323 1.544822
v 4.010538 1.939964 1.447136
v 4.009440 1.932970 1.544822
v 4.012107 1.947853 1.447136
v 4.010988 1.954617 1.544822
v 4.016576 1.954541 1.447136
v 4.015395 1.972969 1.544822
v 4.023264 1.959010 1.447136
v 4.021990 1.985231 1.544822
v 4.031153 1.960579 1.447136
v 4.029770 1.989537 1.544822
v 4.039042 1.959010 1.447136
v 4.037549 1.985231 1.544822
v 4.045729 1.954541 1.447136
v 4.044145 1.972969 1.544822
v 4.050198 1.947853 1.447136
v 4.048552 1.954617 1.544822
v 4.104993 1.901811 1.544822
v 4.111192 1.932970 1.544822
v 4.087344 1.875396 1.544822
v 4.060928 1.857746 1.544822
v 4.029769 1.851548 1.544822
v 3.998610 1.857746 1.544822
v 3.972195 1.875396 1.544822
v 3.954545 1.901811 1.544822
v 3.948346 1.932970 1.544822
v 3.954545 1.964129 1.544822
v 3.972195 1.990544 1.544822
v 3.998610 2.008195 1.544822
v 4.029769 2.014392 1.544822
v 4.060928 2.008195 1.544822
v 4.087344 1.990544 1.544822
v 4.104993 1.964129 1.544822
v 4.048552 1.911323 1.577724
v 4.050099 1.932970 1.577724
v 4.044145 1.892971 1.577724
v 4.037550 1.880709 1.577724
v 4.029770 1.876403 1.577724
v 4.021990 1.880709 1.577724
v 4.015395 1.892971 1.577724
v 4.010988 1.911323 1.577724
v 4.009440 1.932970 1.577724
v 4.010988 1.954617 1.577724
v 4.015395 1.972969 1.577724
v 4.021990 1.985231 1.577724
v 4.029770 1.989537 1.577724
v 4.037549 1.985231 1.577724
v 4.044145 1.972969 1.577724
v 4.048552 1.954617 1.577724
v 5.166802 1.939964 1.447136
v 5.165134 1.932970 1.544822
v 5.165233 1.932076 1.447136
v 5.163587 1.911323 1.544822
v 5.160764 1.925388 1.447136
v 5.159180 1.892971 1.544822
v 5.154076 1.920919 1.447136
v 5.152584 1.880709 1.544822
v 5.146187 1.919350 1.447136
v 5.144804 1.876403 1.544822
v 5.138298 1.920919 1.447136
v 5.137024 1.880709 1.544822
v 5.131610 1.925388 1.447136
v 5.130429 1.892971 1.544822
v 5.127141 1.932076 1.447136
v 5.126022 1.911323 1.544822
v 5.125572 1.939964 1.447136
v 5.124475 1.932970 1.544822
v 5.127141 1.947853 1.447136
v 5.126022 1.954617 1.544822
v 5.131610 1.954541 1.447136
v 5.130429 1.972969 1.544822
v 5.138298 1.959010 1.447136
v 5.137025 1.985231 1.544822
v 5.146187 1.960579 1.447136
v 5.144804 1.989537 1.544822
v 5.154076 1.959010 1.447136
v 5.152584 1.985231 1.544822
v 5.160764 1.954541 1.447136
v 5.159180 1.972969 1.544822
v 5.165233 1.947853 1.447136
v 5.163587 1.954617 1.544822
v 5.220028 1.901811 1.544822
v 5.226227 1.932970 1.544822
v 5.202378 1.875396 1.544822
v 5.175962 1.857746 1.544822
v 5.144804 1.851548 1.544822
v 5.113645 1.857746 1.544822
v 5.087230 1.875396 1.544822
v 5.069580 1.901811 1.544822
v 5.063381 1.932970 1.544822
v 5.069580 1.964129 1.544822
v 5.087230 1.990544 1.544822
v 5.113645 2.008195 1.544822
v 5.144804 2.014392 1.544822
v 5.175962 2.008195 1.544822
v 5.202378 1.990544 1.544822
v 5.220028 1.964129 1.544822
v 5.163587 1.911323 1.577724
v 5.165134 1.932970 1.577724
v 5.159180 1.892971 1.577724
v 5.152584 1.880709 1.577724
v 5.144804 1.876403 1.577724
v 5.137024 1.880709 1.577724
v 5.130429 1.892971 1.577724
v 5.126022 1.911323 1.577724
v 5.124475 1.932970 1.577724
v 5.126022 1.954617 1.577724
v 5.130429 1.972969 1.577724
v 5.137025 1.985231 1.577724
v 5.144804 1.989537 1.577724
v 5.152584 1.985231 1.577724
v 5.159180 1.972969 1.577724
v 5.163587 1.954617 1.577724
v 5.607909 1.939964 1.447136
v 5.606241 1.932970 1.544822
v 5.606339 1.932076 1.447136
v 5.604693 1.911323 1.544822
v 5.601871 1.925388 1.447136
v 5.600286 1.892971 1.544822
v 5.595183 1.920919 1.447136
v 5.593692 1.880709 1.544822
v 5.587295 1.919350 1.447136
v 5.585912 1.876403 1.544822
v 5.579406 1.920919 1.447136
v 5.578132 1.880709 1.544822
v 5.572718 1.925388 1.447136
v 5.571536 1.892971 1.544822
v 5.568249 1.932076 1.447136
v 5.567129 1.911323 1.544822
v 5.566680 1.939964 1.447136
v 5.565582 1.932970 1.544822
v 5.568249 1.947853 1.447136
v 5.567129 1.954617 1.544822
v 5.572718 1.954541 1.447136
v 5.571536 1.972969 1.544822
v 5.579406 1.959010 1.447136
v 5.578132 1.985231 1.544822
v 5.587295 1.960579 1.447136
v 5.585912 1.989537 1.544822
v 5.595183 1.959010 1.447136
v 5.593691 1.985231 1.544822
v 5.601871 1.954541 1.447136
v 5.600286 1.972969 1.544822
v 5.606339 1.947853 1.447136
v 5.604693 1.954617 1.544822
v 5.661135 1.901811 1.544822
v 5.667334 1.932970 1.544822
v 5.643486 1.875396 1.544822
v 5.617070 1.857746 1.544822
v 5.585911 1.851548 1.544822
v 5.554752 1.857746 1.544822
v 5.528337 1.875396 1.544822
v 5.510687 1.901811 1.544822
v 5.504488 1.932970 1.544822
v 5.510687 1.964129 1.544822
v 5.528337 1.990544 1.544822
v 5.554752 2.008195 1.544822
v 5.585911 2.014392 1.544822
v 5.617070 2.008195 1.544822
v 5.643486 1.990544 1.544822
v 5.661135 1.964129 1.544822
v 5.604693 1.911323 1.577724
v 5.606241 1.932970 1.577724
v 5.600286 1.892971 1.577724
v 5.593692 1.880709 1.577724
v 5.585912 1.876403 1.577724
v 5.578132 1.880709 1.577724
v 5.571536 1.892971 1.577724
v 5.567129 1.911323 1.577724
v 5.565582 1.932970 1.577724
v 5.567129 1.954617 1.577724
v 5.571536 1.972969 1.577724
v 5.578132 1.985231 1.577724
v 5.585912 1.989537 1.577724
v 5.593691 1.985231 1.577724
v 5.600286 1.972969 1.577724
v 5.604693 1.954617 1.577724
v 6.073659 2.030452 1.525362
v 3.155653 2.030452 1.525362
v 6.073659 1.818517 1.525362
v 3.155653 1.818517 1.525362
v 3.117808 1.905782 -1.377953
v 6.111505 1.905782 -1.377953
v 6.111505 2.703975 -1.530051
v 3.117808 2.703975 -1.530051
v 3.117808 2.097885 -1.243809
v 3.117808 2.232029 -1.377953
v 3.117808 2.066307 -1.512097
v 3.117808 1.932163 -1.377953
v 3.117808 2.108096 -1.295144
v 3.117808 2.137175 -1.338663
v 3.117808 2.180694 -1.367742
v 6.111505 2.232029 -1.377953
v 6.111505 2.097885 -1.243809
v 6.111505 1.932163 -1.377953
v 6.111505 2.066307 -1.512097
v 6.111505 2.180694 -1.367742
v 6.111505 2.137175 -1.338663
v 6.111505 2.108096 -1.295144
v 6.111505 2.703975 -1.472993
v 6.111505 2.608934 -1.377953
v 6.111505 2.691242 -1.425473
v 6.111505 2.656454 -1.390686
v 3.117808 2.608934 -1.377953
v 3.117808 2.703975 -1.472993
v 3.117808 2.656454 -1.390686
v 3.117808 2.691242 -1.425473
v 1.531529 2.000000 -1.306098
v 1.493807 2.000000 1.500000
v 1.531529 0.000000 -1.321600
v 1.531529 0.000000 1.500000
v -0.137820 1.976911 -1.305155
v -0.137820 1.976911 1.450088
v -0.137820 0.049912 -1.319883
v -0.137820 0.049912 1.450088
v -1.531528 2.071588 1.500000
v -1.531528 2.071588 -1.500000
v 6.213937 2.071588 -1.500000
v 8.468472 2.071588 -1.500000
v 8.468472 2.071588 1.500000
v 1.493807 2.071588 1.500000
v 1.531529 2.071588 -1.500000
v 3.067404 2.071588 1.500000
v 1.531529 2.071588 -1.306098
v 3.067404 2.071588 -1.500000
v 6.213937 2.071588 1.500000
v 3.067404 2.071588 -1.360280
v 1.009695 2.071588 1.497461
v 1.463018 2.071588 1.497461
v -0.857044 2.071588 10.614866
v -1.536983 2.071588 10.614866
v -1.536983 2.071588 1.497461
v -0.857043 2.071588 1.497461
v 1.463017 2.071588 10.614866
v 1.009695 2.071588 10.614866
v 1.009695 2.071588 8.640038
v 1.009695 2.071588 8.409212
v -1.536983 2.071588 3.776813
v 1.463017 2.071588 6.388515
v -1.536983 2.071588 6.056164
v 1.463017 2.071588 4.109163
v -0.857044 2.000000 10.644520
v -0.839713 2.017331 10.661851
v -0.874374 2.017331 10.661851
v -0.848379 2.005076 10.656774
v -0.857044 2.007449 10.658756
v -0.857044 2.017331 10.661851
v -0.865709 2.005076 10.656774
v -1.519652 2.017331 10.661851
v -1.536983 2.000000 10.644520
v -1.531907 2.005076 10.656774
v 1.454389 2.054257 10.666739
v 1.463017 2.071588 10.644520
v 1.457941 2.066512 10.656774
v 1.454389 2.017331 10.666739
v 1.463017 2.000000 10.644520
v 1.457941 2.005076 10.656774
v 1.027025 2.017331 10.661851
v 0.992364 2.017331 10.661851
v 1.009695 2.000000 10.644520
v 1.009695 2.017331 10.661851
v 1.009695 2.007449 10.658756
v 1.001030 2.005076 10.656774
v 1.018360 2.005076 10.656774
v -0.839713 2.054257 10.661851
v -0.857044 2.071588 10.644520
v -0.874374 2.054257 10.661851
v -0.848379 2.066512 10.656774
v -0.857044 2.064140 10.658756
v -0.865709 2.066512 10.656774
v -0.857044 2.054257 10.661851
v 0.992364 2.054257 10.661851
v 1.027025 2.054257 10.661851
v 1.009695 2.071588 10.644520
v 1.009695 2.054257 10.661851
v 1.009695 2.064140 10.658756
v 1.018360 2.066512 10.656774
v 1.001030 2.066512 10.656774
v -1.536983 2.071588 10.644520
v -1.519652 2.054257 10.661851
v -1.531907 2.066512 10.656774
v 1.511005 2.017338 4.126501
v 1.493667 2.000000 4.109163
v 1.511005 2.017338 4.091825
v 1.505927 2.005078 4.117832
v 1.507910 2.007451 4.109163
v 1.505927 2.005078 4.100494
v 1.511005 2.017338 4.109163
v 1.511005 2.054250 4.126501
v 1.511005 2.054250 4.091825
v 1.493667 2.071588 4.109163
v 1.511005 2.054250 4.109163
v 1.507910 2.064137 4.109163
v 1.505927 2.066510 4.100494
v 1.505927 2.066510 4.117832
v 1.519708 2.054250 10.602416
v 1.493667 2.071588 10.614866
v 1.505927 2.066510 10.609788
v 1.493667 2.000000 10.614866
v 1.519708 2.017338 10.602416
v 1.505927 2.005078 10.609788
v 1.511005 2.017338 6.371177
v 1.511005 2.017338 6.405852
v 1.493667 2.000000 6.388515
v 1.511005 2.017338 6.388515
v 1.507910 2.007451 6.388515
v 1.505927 2.005078 6.397183
v 1.505927 2.005078 6.379846
v 1.511005 2.054250 6.371177
v 1.493667 2.071588 6.388515
v 1.511005 2.054250 6.405852
v 1.505927 2.066510 6.379846
v 1.507910 2.064137 6.388515
v 1.505927 2.066510 6.397183
v 1.511005 2.054250 6.388515
v 1.493667 2.000000 1.497461
v 1.511005 2.017338 1.514799
v 1.505927 2.005078 1.502539
v 1.511005 2.054250 1.514799
v 1.493667 2.071588 1.497461
v 1.505927 2.066510 1.502539
v 1.481610 2.005077 10.633598
v 1.478056 2.000000 10.629970
v 1.493215 2.017334 10.645133
v 1.493307 2.054254 10.645043
v 1.481773 2.066511 10.633438
v 1.478225 2.071588 10.629807
v 3.067404 2.000000 1.543203
v 3.047535 2.019869 1.563072
v 3.061585 2.005819 1.557252
v 1.509965 2.019869 1.563072
v 1.493807 2.000000 1.543203
v 1.495916 2.005820 1.557252
v 8.468472 2.000000 1.543203
v 8.448603 2.019869 1.563072
v 8.462652 2.005819 1.557252
v 6.233805 2.019869 1.563072
v 6.213937 2.000000 1.543203
v 6.219756 2.005820 1.557252
v 3.067404 2.071588 1.543203
v 3.047535 2.051719 1.563072
v 3.061585 2.065769 1.557252
v 6.233805 2.051719 1.563072
v 6.213937 2.071588 1.543203
v 6.219756 2.065768 1.557252
v 1.509965 2.051719 1.563072
v 1.493807 2.071588 1.543203
v 1.495916 2.065768 1.557252
v 8.448603 2.051719 1.563072
v 8.468472 2.071588 1.543203
v 8.462652 2.065769 1.557252
v -0.857043 2.000000 9.607253
v -0.766543 2.000000 9.697753
v -0.844919 2.000000 9.652503
v -0.811793 2.000000 9.685628
v -0.857043 1.435975 9.607253
v -0.766543 1.435975 9.697753
v -0.844919 1.435975 9.652503
v -0.811793 1.435975 9.685628
v -0.766543 2.071588 9.697753
v -0.857043 2.071588 9.607253
v -0.873654 2.071588 9.608790
v -0.910942 2.071588 9.770452
v -0.857043 2.071588 9.788253
v -0.811793 2.071588 9.685628
v -0.844919 2.071588 9.652503
v 0.917576 2.000000 9.697753
v 1.009695 2.000000 9.605634
v 0.963636 2.000000 9.685411
v 0.997353 2.000000 9.651693
v 0.917576 1.435975 9.697753
v 1.009695 1.435975 9.605634
v 0.963636 1.435975 9.685411
v 0.997354 1.435975 9.651693
v 1.009695 2.071588 9.605634
v 0.917576 2.071588 9.697753
v 0.927016 2.071588 9.738373
v 1.009695 2.071588 9.789872
v 1.050514 2.071588 9.780334
v 0.997354 2.071588 9.651693
v 0.963636 2.071588 9.685411
v -0.775596 2.000000 7.163866
v -0.857043 2.000000 7.245314
v -0.816320 2.000000 7.174778
v -0.846131 2.000000 7.204590
v -0.775596 1.435975 7.163866
v -0.857043 1.435975 7.245314
v -0.816320 1.435975 7.174778
v -0.846131 1.435975 7.204590
v -0.857043 2.071588 7.245314
v -0.775596 2.071588 7.163866
v -0.779795 2.071588 7.138050
v -0.899651 2.071588 7.094452
v -0.846131 2.071588 7.204590
v -0.816320 2.071588 7.174778
v 1.009695 2.000000 7.246300
v 0.927261 2.000000 7.163866
v 0.998651 2.000000 7.205083
v 0.968478 2.000000 7.174910
v 1.009695 1.435975 7.246300
v 0.927261 1.435975 7.163866
v 0.998651 1.435975 7.205083
v 0.968478 1.435975 7.174910
v 0.927261 2.071588 7.163866
v 1.009695 2.071588 7.246300
v 1.051302 2.071588 7.092703
v 0.968478 2.071588 7.174910
v 0.998651 2.071588 7.205083
v -0.189428 1.435975 8.640038
v -0.268893 1.435975 8.560574
v -0.348358 1.435975 8.640038
v -0.268893 1.435975 8.719503
v -0.219838 1.435975 8.633988
v -0.245618 1.435975 8.616763
v -0.262844 1.435975 8.590982
v -0.026951 1.435975 8.560574
v -0.106415 1.435975 8.640038
v -0.026951 1.435975 8.719503
v 0.052514 1.435975 8.640038
v -0.033000 1.435975 8.590982
v -0.050225 1.435975 8.616763
v -0.076005 1.435975 8.633988
v -0.268893 1.435975 8.488677
v -0.189428 1.435975 8.409212
v -0.268893 1.435975 8.329747
v -0.348358 1.435975 8.409212
v -0.262844 1.435975 8.458266
v -0.245618 1.435975 8.432486
v -0.219838 1.435975 8.415260
v -0.106415 1.435975 8.409212
v -0.026951 1.435975 8.488677
v 0.052514 1.435975 8.409212
v -0.026951 1.435975 8.329747
v -0.076005 1.435975 8.415260
v -0.050225 1.435975 8.432486
v -0.032999 1.435975 8.458266
v -0.189428 1.341546 8.409212
v -0.268893 1.341546 8.488677
v -0.219838 1.341546 8.415260
v -0.245618 1.341546 8.432486
v -0.262844 1.341546 8.458266
v -0.268893 1.341546 8.560574
v -0.189428 1.341546 8.640038
v -0.262844 1.341546 8.590982
v -0.245618 1.341546 8.616763
v -0.219838 1.341546 8.633988
v -0.026951 1.341546 8.488677
v -0.106415 1.341546 8.409212
v -0.033000 1.341546 8.458266
v -0.050225 1.341546 8.432486
v -0.076005 1.341546 8.415260
v -0.106415 1.341546 8.640038
v -0.026951 1.341546 8.560574
v -0.076005 1.341546 8.633988
v -0.050225 1.341546 8.616763
v -0.032999 1.341546 8.590982
vn -1.0000 -0.0000 -0.0000
vn -0.0000 -0.0000 -1.0000
vn 1.0000 -0.0000 -0.0000
vn -0.0000 -0.0000 1.0000
vn -0.0000 -1.0000 -0.0000
vn -0.0000 1.0000 -0.0000
vn 0.0980 -0.0000 -0.9952
vn 0.2903 -0.0000 -0.9569
vn 0.4714 -0.0000 -0.8819
vn 0.6344 -0.0000 -0.7730
vn 0.7730 -0.0000 -0.6344
vn 0.8819 -0.0000 -0.4714
vn 0.9569 -0.0000 -0.2903
vn 0.9952 -0.0000 -0.0980
vn 0.9952 -0.0000 0.0980
vn 0.9569 -0.0000 0.2903
vn 0.8819 -0.0000 0.4714
vn 0.7730 -0.0000 0.6344
vn 0.6344 -0.0000 0.7730
vn 0.4714 -0.0000 0.8819
vn 0.2903 -0.0000 0.9569
vn 0.0980 -0.0000 0.9952
vn -0.0980 -0.0000 0.9952
vn -0.2903 -0.0000 0.9569
vn -0.4714 -0.0000 0.8819
vn -0.6344 -0.0000 0.7730
vn -0.7730 -0.0000 0.6344
vn -0.8819 -0.0000 0.4714
vn -0.9569 -0.0000 0.2903
vn -0.9952 -0.0000 0.0980
vn -0.9952 -0.0000 -0.0980
vn -0.9569 -0.0000 -0.2903
vn -0.8819 -0.0000 -0.4714
vn -0.7730 -0.0000 -0.6344
vn -0.6344 -0.0000 -0.7730
vn -0.4714 -0.0000 -0.8819
vn -0.2903 -0.0000 -0.9569
vn -0.0980 -0.0000 -0.9952
vn 0.0005 -0.0648 0.9979
vn -0.0544 -0.0000 0.9985
vn 0.0004 0.0133 0.9999
vn -0.5322 0.8121 0.2392
vn -0.4036 0.6157 0.6768
vn -0.1535 0.2340 0.9600
vn -0.0756 0.2369 0.9686
vn -0.2103 0.6592 0.7220
vn -0.2927 0.9175 0.2693
vn 0.3281 0.9066 0.2654
vn 0.2373 0.6558 0.7167
vn 0.0858 0.2373 0.9677
vn -0.5322 0.8121 -0.2392
vn -0.4036 0.6157 -0.6768
vn -0.1535 0.2340 -0.9600
vn -0.0756 0.2369 -0.9686
vn -0.2103 0.6592 -0.7220
vn -0.2927 0.9175 -0.2693
vn 0.0858 0.2372 -0.9677
vn 0.2373 0.6558 -0.7167
vn 0.3281 0.9066 -0.2654
vn -0.5481 0.8364 -0.0000
vn -0.3039 0.9527 -0.0000
vn 0.3403 0.9403 -0.0000
vn 0.0787 -0.2467 -0.9659
vn 0.2149 -0.6736 -0.7071
vn 0.2935 -0.9202 -0.2588
vn 0.0786 -0.2465 0.9659
vn 0.2149 -0.6737 0.7071
vn 0.2935 -0.9203 0.2588
vn 0.3039 -0.9527 -0.0000
vn 0.8027 0.5724 0.1675
vn 0.8027 0.4027 0.4399
vn 0.8027 0.1421 0.5792
vn -0.1036 -0.9946 -0.0000
vn 0.8027 0.1421 -0.5792
vn 0.8027 0.4028 -0.4399
vn 0.8027 0.5724 -0.1675
vn 0.8027 0.5964 -0.0000
vn -0.2415 -0.7570 -0.6072
vn -0.2415 -0.7570 0.6072
vn 0.7373 -0.6525 -0.1750
vn 0.6845 -0.5152 -0.5158
vn 0.7373 -0.1748 -0.6526
vn 0.7373 -0.1746 0.6526
vn 0.6845 -0.5152 0.5158
vn 0.7374 -0.6524 0.1750
vn -0.0127 -0.2630 0.9647
vn -0.0479 -0.7503 0.6593
vn -0.0892 -0.9857 0.1427
vn -0.0127 -0.2630 -0.9647
vn -0.0479 -0.7503 -0.6593
vn -0.0891 -0.9858 -0.1427
vn -0.5368 -0.8122 -0.2284
vn -0.5937 -0.5550 -0.5826
vn -0.3435 -0.2324 -0.9100
vn -0.3434 -0.2323 0.9100
vn -0.5937 -0.5551 0.5826
vn -0.5369 -0.8122 0.2284
vn 0.8027 -0.5964 -0.0000
vn 0.8027 0.0001 -0.5964
vn 0.8027 -0.0000 0.5964
vn -0.3403 -0.9403 -0.0000
vn 0.8027 -0.0000 -0.5964
vn 0.8027 -0.0001 0.5964
vn -0.9086 -0.2953 0.2953
vn -0.4427 -0.4801 0.7573
vn -0.0889 -0.2579 0.9621
vn -0.0889 -0.2578 -0.9621
vn -0.4427 -0.4801 -0.7573
vn -0.9086 -0.2953 -0.2953
vn -0.2588 -0.0000 0.9659
vn -0.7071 -0.0000 0.7071
vn -0.9659 -0.0000 0.2588
vn -0.2588 -0.0000 -0.9659
vn -0.7071 -0.0000 -0.7071
vn -0.9659 -0.0000 -0.2588
vn 0.2733 0.0075 -0.9619
vn 0.7290 0.0273 -0.6840
vn 0.9691 0.0445 -0.2427
vn 0.2732 0.0075 0.9619
vn 0.7290 0.0273 0.6840
vn 0.9691 0.0445 0.2426
vn 0.9987 0.0508 -0.0000
vn 0.6886 -0.2084 0.6946
vn 0.6886 -0.2084 -0.6946
vn 0.0237 0.0011 0.9997
vn 0.7627 0.6467 0.0051
vn -0.0000 0.9986 0.0525
vn 0.0128 -0.0000 -0.9999
vn 0.0003 -1.0000 0.0002
vn -0.0003 1.0000 -0.0002
vn 0.0182 -0.0000 -0.9998
vn -0.0267 -0.0000 -0.9996
vn -0.0264 -0.0000 -0.9997
vn -0.0278 -0.0000 -0.9996
vn 0.7008 -0.4682 -0.5382
vn 0.4632 -0.6933 -0.5521
vn 0.1615 -0.8118 -0.5612
vn -0.1611 -0.8097 -0.5643
vn -0.4598 -0.6882 -0.5611
vn -0.6933 -0.4632 -0.5520
vn -0.8267 -0.1645 -0.5381
vn -0.8371 0.1665 -0.5210
vn -0.7185 0.4801 -0.5033
vn -0.4850 0.7258 -0.4878
vn -0.1714 0.8619 -0.4772
vn 0.1718 0.8639 -0.4735
vn 0.4882 0.7307 -0.4773
vn 0.7258 0.4849 -0.4879
vn 0.8474 0.1686 -0.5034
vn -0.8807 -0.4737 -0.0000
vn 0.8371 -0.1665 -0.5211
vn 0.8807 0.4737 -0.0000
vn -0.9724 -0.2335 -0.0000
vn 0.9724 0.2335 -0.0000
vn -0.9975 -0.0713 -0.0000
vn 0.9975 -0.0713 -0.0000
vn 0.9975 0.0713 -0.0000
vn -0.9975 0.0713 -0.0000
vn 0.9724 -0.2335 -0.0000
vn -0.9724 0.2335 -0.0000
vn 0.8807 -0.4737 -0.0000
vn -0.8807 0.4737 -0.0000
vn 0.4842 -0.8749 -0.0000
vn -0.4843 0.8749 -0.0000
vn -0.4842 -0.8749 -0.0000
vn 0.4842 0.8749 -0.0000
vn -0.0000 -1.0000 0.0039
vn -0.4842 0.8749 -0.0000
vn -0.4599 -0.6882 -0.5611
vn -0.4850 0.7258 -0.4879
vn 0.7258 0.4850 -0.4879
vn 0.4843 0.8749 -0.0000
vn -0.0000 0.9808 0.1951
vn -0.0000 0.8315 0.5556
vn -0.0000 0.5556 0.8315
vn -0.0000 0.1951 0.9808
vn -0.0000 0.2588 0.9659
vn -0.0000 0.7071 0.7071
vn -0.0000 0.9659 0.2588
vn 0.7772 0.6293 0.0053
vn 0.9346 0.0090 0.3556
vn -0.0000 -0.0076 1.0000
vn -0.0000 -0.8860 0.4636
vn 0.0383 -0.3592 0.9325
vn -0.0383 -0.3592 0.9325
vn 0.0383 0.3593 0.9324
vn -0.0000 0.8861 0.4635
vn -0.0383 0.3592 0.9325
vn 0.0383 0.3592 0.9325
vn -0.0000 0.8861 0.4636
vn -0.0000 -0.3827 0.9239
vn -0.0000 -0.9239 0.3827
vn 0.4324 0.6709 0.6024
vn 0.4897 0.7125 0.5025
vn -0.0048 -0.5223 0.8527
vn -0.0000 -0.3828 0.9238
vn -0.0000 0.9239 0.3827
vn -0.0000 0.3827 0.9239
vn -0.0048 0.5223 0.8527
vn -0.0000 0.3828 0.9238
vn -0.3828 -0.0000 0.9238
vn -0.9239 -0.0000 0.3827
vn 0.4973 -0.7016 0.5103
vn -0.0114 -0.0000 0.9999
vn 0.9325 -0.3591 0.0383
vn 0.4635 -0.8861 -0.0000
vn 0.9325 -0.3591 -0.0383
vn 0.9325 0.3591 0.0383
vn 0.9325 0.3591 -0.0383
vn 0.4635 0.8861 -0.0000
vn 0.4636 -0.8861 -0.0000
vn 0.4866 0.0004 0.8736
vn 0.7927 -0.6096 -0.0008
vn 0.3827 -0.9239 -0.0000
vn 0.9239 -0.3827 -0.0000
vn 0.9239 -0.0000 -0.3827
vn 0.3827 -0.0000 -0.9239
vn 0.3827 0.9239 -0.0000
vn 0.7927 0.6097 -0.0008
vn 0.9239 0.3827 -0.0000
vn 1.0000 -0.0000 -0.0021
vn 0.5831 -0.6795 0.4453
vn 0.4898 -0.7125 0.5025
vn 0.4320 -0.6707 0.6029
vn 0.5835 0.6793 0.4450
vn 0.4974 0.7015 0.5103
vn 0.8500 -0.0004 0.5268
vn 0.3827 -0.0000 0.9239
vn 0.9239 -0.0000 0.3827
vn -0.3827 -0.0000 0.9239
vn -0.9889 -0.0000 0.1485
vn 0.9659 -0.0000 -0.2588
vn 0.7071 -0.0000 -0.7071
vn 0.2588 -0.0000 -0.9659
vn 0.9659 -0.0000 0.2588
vn 0.7071 -0.0000 0.7071
vn 0.2588 -0.0000 0.9659
vn 0.1951 -0.0000 -0.9808
vn 0.5556 -0.0000 -0.8315
vn 0.8315 -0.0000 -0.5556
vn 0.9808 -0.0000 -0.1951
vn 0.1951 -0.0000 0.9808
vn 0.5556 -0.0000 0.8315
vn 0.8315 -0.0000 0.5556
vn 0.9808 -0.0000 0.1951
vn -0.9808 -0.0000 -0.1951
vn -0.8315 -0.0000 -0.5556
vn -0.5556 -0.0000 -0.8315
vn -0.1951 -0.0000 -0.9808
vn -0.9808 -0.0000 0.1951
vn -0.8315 -0.0000 0.5556
vn -0.5556 -0.0000 0.8315
vn -0.1951 -0.0000 0.9808
vt 0.371457 0.497337
vt 0.408111 0.497337
vt 0.408111 0.615708
vt 0.371457 0.615708
vt 0.371457 0.707392
vt 0.408111 0.707392
vt 0.408111 0.734080
vt 0.371457 0.734080
vt 0.408111 0.852451
vt 0.371457 0.852451
vt 0.289739 0.934565
vt 0.408111 0.934565
vt 0.408111 0.970823
vt 0.371457 0.970823
vt 0.330598 0.970823
vt 0.289739 0.970823
vt 0.263052 0.734080
vt 0.289739 0.734080
vt 0.289739 0.852451
vt 0.263052 0.852451
vt 0.413516 0.520429
vt 0.413516 0.492726
vt 0.093282 0.114285
vt 0.093282 0.061011
vt 0.146555 0.061011
vt 0.146555 0.114285
vt 0.199829 0.114285
vt 0.199829 0.061011
vt 0.253102 0.061011
vt 0.253102 0.114285
vt 0.149311 0.061011
vt 0.149311 0.007738
vt 0.199829 0.007738
vt 0.006147 0.318504
vt 0.006147 0.210236
vt 0.012914 0.210236
vt 0.012914 0.318504
vt 0.019681 0.210236
vt 0.019681 0.318504
vt 0.026448 0.210236
vt 0.026448 0.318504
vt 0.033214 0.210236
vt 0.033214 0.318504
vt 0.039981 0.210236
vt 0.039981 0.318504
vt 0.046748 0.210236
vt 0.046748 0.318504
vt 0.053515 0.210236
vt 0.053515 0.318504
vt 0.060282 0.210236
vt 0.060282 0.318504
vt 0.067048 0.210236
vt 0.067048 0.318504
vt 0.073815 0.210236
vt 0.073815 0.318504
vt 0.080582 0.210236
vt 0.080582 0.318504
vt 0.087349 0.210236
vt 0.087349 0.318504
vt 0.094115 0.210236
vt 0.094115 0.318504
vt 0.100882 0.210236
vt 0.100882 0.318504
vt 0.107649 0.210236
vt 0.107649 0.318504
vt 0.114416 0.210236
vt 0.114416 0.318504
vt 0.121183 0.210236
vt 0.121183 0.318504
vt 0.127949 0.210236
vt 0.127949 0.318504
vt 0.134716 0.210236
vt 0.134716 0.318504
vt 0.141483 0.210236
vt 0.141483 0.318504
vt 0.148250 0.210236
vt 0.148250 0.318504
vt 0.155017 0.210236
vt 0.155017 0.318504
vt 0.161783 0.210236
vt 0.161783 0.318504
vt 0.168550 0.210236
vt 0.168550 0.318504
vt 0.175317 0.210236
vt 0.175317 0.318504
vt 0.182084 0.210236
vt 0.182084 0.318504
vt 0.188850 0.210236
vt 0.188850 0.318504
vt 0.195617 0.210236
vt 0.195617 0.318504
vt 0.202384 0.210236
vt 0.202384 0.318504
vt 0.209151 0.210236
vt 0.209151 0.318504
vt 0.027941 0.259182
vt 0.025630 0.253601
vt 0.024451 0.247676
vt 0.024451 0.241635
vt 0.025630 0.235710
vt 0.027941 0.230129
vt 0.031298 0.225106
vt 0.035569 0.220834
vt 0.040592 0.217478
vt 0.046173 0.215166
vt 0.052098 0.213988
vt 0.058139 0.213988
vt 0.064064 0.215166
vt 0.069646 0.217478
vt 0.074669 0.220834
vt 0.078940 0.225106
vt 0.082296 0.230129
vt 0.084608 0.235710
vt 0.085787 0.241635
vt 0.085787 0.247676
vt 0.084608 0.253601
vt 0.082296 0.259182
vt 0.078940 0.264205
vt 0.074669 0.268477
vt 0.069646 0.271833
vt 0.064064 0.274145
vt 0.058139 0.275323
vt 0.052098 0.275323
vt 0.046173 0.274145
vt 0.040592 0.271833
vt 0.035569 0.268477
vt 0.031298 0.264205
vt 0.215918 0.210236
vt 0.215918 0.318504
vt 0.222684 0.210236
vt 0.222684 0.318504
vt 0.095801 0.304261
vt 0.096979 0.310186
vt 0.099291 0.315767
vt 0.102647 0.320790
vt 0.106919 0.325062
vt 0.111942 0.328418
vt 0.117523 0.330730
vt 0.123448 0.331908
vt 0.129489 0.331908
vt 0.135414 0.330730
vt 0.140995 0.328418
vt 0.146018 0.325062
vt 0.150290 0.320790
vt 0.153646 0.315767
vt 0.155958 0.310186
vt 0.157137 0.304261
vt 0.157137 0.298220
vt 0.155958 0.292295
vt 0.153646 0.286714
vt 0.150290 0.281691
vt 0.146018 0.277419
vt 0.140995 0.274063
vt 0.135414 0.271751
vt 0.129489 0.270573
vt 0.123448 0.270573
vt 0.117523 0.271751
vt 0.111942 0.274063
vt 0.106919 0.277419
vt 0.102647 0.281691
vt 0.099291 0.286714
vt 0.096979 0.292295
vt 0.095801 0.298220
vt 0.040832 0.317658
vt 0.040832 0.214332
vt 0.049675 0.214332
vt 0.049675 0.317658
vt 0.058519 0.214332
vt 0.058519 0.317658
vt 0.067362 0.214332
vt 0.067362 0.317658
vt 0.076206 0.214332
vt 0.076206 0.317658
vt 0.085049 0.214332
vt 0.085049 0.317658
vt 0.093893 0.214332
vt 0.093893 0.317658
vt 0.102736 0.214332
vt 0.102736 0.317658
vt 0.111579 0.214332
vt 0.111579 0.317658
vt 0.120423 0.214332
vt 0.120423 0.317658
vt 0.129266 0.214332
vt 0.129266 0.317658
vt 0.138110 0.214332
vt 0.138110 0.317658
vt 0.146953 0.214332
vt 0.146953 0.317658
vt 0.155796 0.214332
vt 0.155796 0.317658
vt 0.164640 0.214332
vt 0.164640 0.317658
vt 0.173483 0.214332
vt 0.173483 0.317658
vt 0.182327 0.214332
vt 0.182327 0.317658
vt 0.191170 0.214332
vt 0.191170 0.317658
vt 0.200013 0.214332
vt 0.200013 0.317658
vt 0.208857 0.214332
vt 0.208857 0.317658
vt 0.217700 0.214332
vt 0.217700 0.317658
vt 0.226544 0.214332
vt 0.226544 0.317658
vt 0.235387 0.214332
vt 0.235387 0.317658
vt 0.244230 0.214332
vt 0.244230 0.317658
vt 0.253074 0.214332
vt 0.253074 0.317658
vt 0.261917 0.214332
vt 0.261917 0.317658
vt 0.270761 0.214332
vt 0.270761 0.317658
vt 0.279604 0.214332
vt 0.279604 0.317658
vt 0.288447 0.214332
vt 0.288447 0.317658
vt 0.297291 0.214332
vt 0.297291 0.317658
vt 0.306134 0.214332
vt 0.306134 0.317658
vt 0.099291 0.254261
vt 0.096979 0.248679
vt 0.095801 0.242754
vt 0.095801 0.236713
vt 0.096979 0.230788
vt 0.099291 0.225207
vt 0.102647 0.220184
vt 0.106919 0.215913
vt 0.111942 0.212556
vt 0.117523 0.210245
vt 0.123448 0.209066
vt 0.129489 0.209066
vt 0.135414 0.210245
vt 0.140995 0.212556
vt 0.146018 0.215913
vt 0.150290 0.220184
vt 0.153646 0.225207
vt 0.155958 0.230788
vt 0.157137 0.236713
vt 0.157137 0.242754
vt 0.155958 0.248679
vt 0.153646 0.254261
vt 0.150290 0.259284
vt 0.146018 0.263555
vt 0.140995 0.266911
vt 0.135414 0.269223
vt 0.129489 0.270402
vt 0.123448 0.270402
vt 0.117523 0.269223
vt 0.111942 0.266911
vt 0.106919 0.263555
vt 0.102647 0.259283
vt 0.314978 0.214332
vt 0.314978 0.317658
vt 0.323821 0.214332
vt 0.323821 0.317658
vt 0.165920 0.298109
vt 0.167099 0.304034
vt 0.169410 0.309615
vt 0.172767 0.314638
vt 0.177038 0.318910
vt 0.182061 0.322266
vt 0.187642 0.324578
vt 0.193567 0.325756
vt 0.199608 0.325756
vt 0.205533 0.324578
vt 0.211115 0.322266
vt 0.216138 0.318910
vt 0.220409 0.314638
vt 0.223765 0.309615
vt 0.226077 0.304034
vt 0.227256 0.298109
vt 0.227256 0.292068
vt 0.226077 0.286143
vt 0.223765 0.280562
vt 0.220409 0.275539
vt 0.216138 0.271267
vt 0.211115 0.267911
vt 0.205533 0.265599
vt 0.199608 0.264421
vt 0.193567 0.264421
vt 0.187642 0.265599
vt 0.182061 0.267911
vt 0.177038 0.271267
vt 0.172767 0.275539
vt 0.169410 0.280562
vt 0.167099 0.286143
vt 0.165920 0.292068
vt 0.081835 0.316560
vt 0.081835 0.222812
vt 0.089612 0.222812
vt 0.089612 0.316560
vt 0.097389 0.222812
vt 0.097389 0.316560
vt 0.105166 0.222812
vt 0.105166 0.316560
vt 0.112943 0.222812
vt 0.112943 0.316560
vt 0.120720 0.222812
vt 0.120720 0.316560
vt 0.128497 0.222812
vt 0.128497 0.316560
vt 0.136274 0.222812
vt 0.136274 0.316560
vt 0.144051 0.222812
vt 0.144051 0.316560
vt 0.151828 0.222812
vt 0.151828 0.316560
vt 0.159605 0.222812
vt 0.159605 0.316560
vt 0.167382 0.222812
vt 0.167382 0.316560
vt 0.175159 0.222812
vt 0.175159 0.316560
vt 0.182936 0.222812
vt 0.182936 0.316560
vt 0.190713 0.222812
vt 0.190713 0.316560
vt 0.198490 0.222812
vt 0.198490 0.316560
vt 0.206267 0.222812
vt 0.206267 0.316560
vt 0.214044 0.222812
vt 0.214044 0.316560
vt 0.221820 0.222812
vt 0.221821 0.316560
vt 0.229597 0.222812
vt 0.229597 0.316560
vt 0.237374 0.222812
vt 0.237374 0.316560
vt 0.245151 0.222812
vt 0.245151 0.316560
vt 0.252928 0.222812
vt 0.252928 0.316560
vt 0.260705 0.222812
vt 0.260705 0.316560
vt 0.268482 0.222812
vt 0.268482 0.316560
vt 0.276259 0.222812
vt 0.276259 0.316560
vt 0.284036 0.222812
vt 0.284036 0.316560
vt 0.291813 0.222812
vt 0.291813 0.316560
vt 0.299590 0.222812
vt 0.299590 0.316560
vt 0.307367 0.222812
vt 0.307367 0.316560
vt 0.315144 0.222812
vt 0.315144 0.316560
vt 0.169410 0.248109
vt 0.167099 0.242527
vt 0.165920 0.236602
vt 0.165920 0.230561
vt 0.167099 0.224636
vt 0.169410 0.219055
vt 0.172767 0.214032
vt 0.177038 0.209761
vt 0.182061 0.206404
vt 0.187642 0.204093
vt 0.193567 0.202914
vt 0.199608 0.202914
vt 0.205533 0.204093
vt 0.211115 0.206404
vt 0.216138 0.209761
vt 0.220409 0.214032
vt 0.223765 0.219055
vt 0.226077 0.224636
vt 0.227256 0.230561
vt 0.227256 0.236602
vt 0.226077 0.242527
vt 0.223765 0.248109
vt 0.220409 0.253132
vt 0.216138 0.257403
vt 0.211115 0.260759
vt 0.205533 0.263071
vt 0.199608 0.264250
vt 0.193567 0.264250
vt 0.187642 0.263071
vt 0.182061 0.260759
vt 0.177038 0.257403
vt 0.172767 0.253132
vt 0.322921 0.222812
vt 0.322921 0.316560
vt 0.330698 0.222812
vt 0.330698 0.316560
vt 0.239321 0.232300
vt 0.240500 0.238225
vt 0.242812 0.243806
vt 0.246168 0.248829
vt 0.250439 0.253101
vt 0.255462 0.256457
vt 0.261044 0.258769
vt 0.266969 0.259947
vt 0.273010 0.259947
vt 0.278935 0.258769
vt 0.284516 0.256457
vt 0.289539 0.253101
vt 0.293810 0.248829
vt 0.297167 0.243806
vt 0.299478 0.238225
vt 0.300657 0.232300
vt 0.300657 0.226259
vt 0.299478 0.220334
vt 0.297167 0.214753
vt 0.293810 0.209730
vt 0.289539 0.205458
vt 0.284516 0.202102
vt 0.278935 0.199790
vt 0.273010 0.198611
vt 0.266969 0.198611
vt 0.261044 0.199790
vt 0.255462 0.202102
vt 0.250439 0.205458
vt 0.246168 0.209730
vt 0.242812 0.214753
vt 0.240500 0.220334
vt 0.239321 0.226259
vt 0.222972 0.318504
vt 0.222972 0.210236
vt 0.229739 0.210236
vt 0.229739 0.318504
vt 0.236506 0.210236
vt 0.236506 0.318504
vt 0.243273 0.210236
vt 0.243273 0.318504
vt 0.250040 0.210236
vt 0.250040 0.318504
vt 0.256806 0.210236
vt 0.256806 0.318504
vt 0.263573 0.210236
vt 0.263573 0.318504
vt 0.270340 0.210236
vt 0.270340 0.318504
vt 0.277107 0.210236
vt 0.277107 0.318504
vt 0.283873 0.210236
vt 0.283873 0.318504
vt 0.290640 0.210236
vt 0.290640 0.318504
vt 0.297407 0.210236
vt 0.297407 0.318504
vt 0.304174 0.210236
vt 0.304174 0.318504
vt 0.310941 0.210236
vt 0.310941 0.318504
vt 0.317707 0.210236
vt 0.317707 0.318504
vt 0.324474 0.210236
vt 0.324474 0.318504
vt 0.331241 0.210236
vt 0.331241 0.318504
vt 0.338008 0.210236
vt 0.338008 0.318504
vt 0.344774 0.210236
vt 0.344774 0.318504
vt 0.351541 0.210236
vt 0.351541 0.318504
vt 0.358308 0.210236
vt 0.358308 0.318504
vt 0.365075 0.210236
vt 0.365075 0.318504
vt 0.371842 0.210236
vt 0.371842 0.318504
vt 0.378608 0.210236
vt 0.378608 0.318504
vt 0.385375 0.210236
vt 0.385375 0.318504
vt 0.392142 0.210236
vt 0.392142 0.318504
vt 0.398909 0.210236
vt 0.398909 0.318504
vt 0.405676 0.210236
vt 0.405676 0.318504
vt 0.412442 0.210236
vt 0.412442 0.318504
vt 0.419209 0.210236
vt 0.419209 0.318504
vt 0.425976 0.210236
vt 0.425976 0.318504
vt 0.027941 0.320689
vt 0.025630 0.315107
vt 0.024451 0.309183
vt 0.024451 0.303141
vt 0.025630 0.297216
vt 0.027941 0.291635
vt 0.031298 0.286612
vt 0.035569 0.282341
vt 0.040592 0.278984
vt 0.046173 0.276673
vt 0.052098 0.275494
vt 0.058139 0.275494
vt 0.064064 0.276673
vt 0.069646 0.278984
vt 0.074669 0.282341
vt 0.078940 0.286612
vt 0.082296 0.291635
vt 0.084608 0.297217
vt 0.085787 0.303141
vt 0.085787 0.309183
vt 0.084608 0.315108
vt 0.082296 0.320689
vt 0.078940 0.325712
vt 0.074669 0.329983
vt 0.069646 0.333340
vt 0.064064 0.335651
vt 0.058139 0.336830
vt 0.052098 0.336830
vt 0.046173 0.335651
vt 0.040592 0.333340
vt 0.035569 0.329983
vt 0.031298 0.325712
vt 0.432743 0.210236
vt 0.432743 0.318504
vt 0.439509 0.210236
vt 0.439509 0.318504
vt 0.239321 0.293807
vt 0.240500 0.299731
vt 0.242812 0.305313
vt 0.246168 0.310336
vt 0.250439 0.314607
vt 0.255462 0.317964
vt 0.261044 0.320275
vt 0.266969 0.321454
vt 0.273010 0.321454
vt 0.278935 0.320275
vt 0.284516 0.317964
vt 0.289539 0.314607
vt 0.293810 0.310336
vt 0.297167 0.305313
vt 0.299478 0.299731
vt 0.300657 0.293806
vt 0.300657 0.287765
vt 0.299478 0.281840
vt 0.297167 0.276259
vt 0.293810 0.271236
vt 0.289539 0.266965
vt 0.284516 0.263608
vt 0.278935 0.261297
vt 0.273010 0.260118
vt 0.266969 0.260118
vt 0.261044 0.261297
vt 0.255462 0.263608
vt 0.250439 0.266965
vt 0.246168 0.271236
vt 0.242812 0.276259
vt 0.240500 0.281841
vt 0.239321 0.287765
vt 0.195570 0.298030
vt 0.195570 0.261714
vt 0.198600 0.261714
vt 0.198600 0.298030
vt 0.234916 0.261714
vt 0.234916 0.298030
vt 0.267117 0.298030
vt 0.267117 0.261714
vt 0.271233 0.261714
vt 0.271233 0.298030
vt 0.307550 0.261714
vt 0.307550 0.298030
vt 0.267117 0.225397
vt 0.271233 0.225397
vt 0.171368 0.734080
vt 0.207626 0.734080
vt 0.207626 0.741119
vt 0.207626 0.852451
vt 0.171368 0.852451
vt 0.973347 0.984479
vt 0.971141 0.980737
vt 0.971141 0.828388
vt 0.973347 0.828388
vt 0.408111 0.651966
vt 0.371457 0.651966
vt 0.225806 0.740379
vt 0.225806 0.852451
vt 0.408111 0.670146
vt 0.371457 0.670146
vt 0.413516 0.951077
vt 0.413516 0.920520
vt 0.225806 0.734080
vt 0.330598 0.670146
vt 0.330598 0.707392
vt 0.330598 0.651966
vt 0.330598 0.615708
vt 0.330598 0.734080
vt 0.330598 0.852451
vt 0.330598 0.497337
vt 0.289739 0.497337
vt 0.289739 0.615708
vt 0.289739 0.707392
vt 0.289739 0.651966
vt 0.289739 0.670146
vt 0.406256 0.878767
vt 0.406256 0.852822
vt 0.408111 0.879138
vt 0.373311 0.852822
vt 0.373311 0.878767
vt 0.371457 0.879138
vt 0.369395 0.878726
vt 0.369395 0.852863
vt 0.332660 0.852863
vt 0.332660 0.878726
vt 0.330598 0.879138
vt 0.328184 0.852934
vt 0.292153 0.852934
vt 0.292153 0.878656
vt 0.289739 0.879138
vt 0.328184 0.878656
vt 0.879790 0.323333
vt 0.887183 0.140091
vt 0.877632 0.135663
vt 0.875288 0.315095
vt 0.413516 0.831705
vt 0.413516 0.859407
vt 0.291289 0.859407
vt 0.291289 0.737180
vt 0.334514 0.737180
vt 0.377738 0.737180
vt 0.413516 0.737180
vt 0.413516 0.755649
vt 0.199619 0.737180
vt 0.199619 0.859407
vt 0.169063 0.859407
vt 0.169063 0.737180
vt 0.081856 0.269400
vt 0.081856 0.263071
vt 0.081856 0.263071
vt 0.081856 0.269400
vt 0.413516 0.981634
vt 0.291289 0.981634
vt 0.291289 0.951077
vt 0.086877 0.066064
vt 0.096935 0.066064
vt 0.099689 0.066064
vt 0.058877 0.066064
vt 0.063676 0.066064
vt 0.070232 0.066064
vt 0.413516 0.596484
vt 0.413516 0.614953
vt 0.377738 0.614953
vt 0.334514 0.614953
vt 0.291289 0.614953
vt 0.291289 0.492726
vt 0.291289 0.920520
vt 0.230176 0.859407
vt 0.230176 0.737180
vt 0.291289 0.676067
vt 0.334514 0.676067
vt 0.377738 0.676067
vt 0.413516 0.676067
vt 0.380774 0.675401
vt 0.410480 0.675401
vt 0.410480 0.646176
vt 0.380774 0.646176
vt 0.377738 0.645510
vt 0.413516 0.645510
vt 0.337586 0.675393
vt 0.374666 0.675393
vt 0.374666 0.646184
vt 0.337586 0.646184
vt 0.334514 0.645510
vt 0.294371 0.675391
vt 0.331432 0.675391
vt 0.331432 0.646186
vt 0.294371 0.646186
vt 0.291289 0.645510
vt 0.411028 0.644964
vt 0.411028 0.615499
vt 0.380227 0.644964
vt 0.380227 0.615499
vt 0.337034 0.644957
vt 0.375218 0.644957
vt 0.375218 0.615506
vt 0.337034 0.615506
vt 0.332014 0.615501
vt 0.293789 0.615501
vt 0.293789 0.644962
vt 0.332014 0.644962
vt 0.632437 0.824437
vt 0.667612 0.557439
vt 0.673331 0.562436
vt 0.639181 0.824982
vt 0.932038 0.482232
vt 0.934372 0.490567
vt 0.408111 0.916384
vt 0.173511 0.066064
vt 0.173511 0.022897
vt 0.186622 0.022897
vt 0.183543 0.065866
vt 0.229789 0.066064
vt 0.186622 0.066064
vt 0.180067 0.066064
vt 0.173511 0.066064
vt 0.186037 0.066064
vt 0.156865 0.022897
vt 0.156865 0.066064
vt 0.146605 0.065861
vt 0.143455 0.022897
vt 0.143455 0.066064
vt 0.100288 0.066064
vt 0.150160 0.066064
vt 0.144055 0.066064
vt 0.150162 0.066064
vt 0.057120 0.066064
vt 0.179585 0.066064
vt 0.172566 0.066064
vt 0.178592 0.066064
vt 0.087971 0.066064
vt 0.185786 0.066064
vt 0.176309 0.066064
vt 0.151512 0.066064
vt 0.153913 0.066064
vt 0.157810 0.066064
vt 0.150622 0.066064
vt 0.150488 0.066064
vt 0.179451 0.066064
vt 0.148229 0.066064
vt 0.146638 0.066064
vt 0.153003 0.066064
vt 0.150616 0.066064
vt 0.186196 0.066064
vt 0.181848 0.066064
vt 0.181848 0.066064
vt 0.177074 0.066064
vt 0.177074 0.066064
vt 0.069437 0.066064
vt 0.179992 0.066064
vt 0.181854 0.066064
vt 0.148223 0.066064
vt 0.143455 0.066064
vt 0.145574 0.066064
vt 0.146292 0.066064
vt 0.144147 0.066064
vt 0.183294 0.066064
vt 0.185781 0.066064
vt 0.185493 0.066064
vt 0.185158 0.066064
vt 0.150086 0.066064
vt 0.146770 0.066064
vt 0.147583 0.066064
vt 0.144343 0.066064
vt 0.182492 0.066064
vt 0.182492 0.066064
vt 0.183307 0.066064
vt 0.144734 0.066064
vt 0.143455 0.066064
vt 0.186622 0.066064
vt 0.063279 0.066064
vt 0.111345 0.066064
vt 0.105816 0.066064
vt 0.101769 0.066064
vt 0.220366 0.109231
vt 0.218732 0.066064
vt 0.229789 0.109231
vt 0.057120 0.109231
vt 0.063279 0.065712
vt 0.063279 0.109231
vt 0.069437 0.109231
vt 0.109711 0.109231
vt 0.105000 0.109231
vt 0.094129 0.109231
vt 0.094129 0.065712
vt 0.087971 0.109231
vt 0.137164 0.112377
vt 0.136285 0.066064
vt 0.140171 0.067030
vt 0.140860 0.110804
vt 0.146642 0.067153
vt 0.149613 0.109638
vt 0.150616 0.066064
vt 0.155772 0.109231
vt 0.193792 0.066064
vt 0.192913 0.112377
vt 0.189217 0.110804
vt 0.189846 0.067030
vt 0.180464 0.109638
vt 0.182227 0.067153
vt 0.174306 0.109231
vt 0.924751 0.540102
vt 0.900689 0.557627
vt 0.924751 0.693673
vt 0.891358 0.709243
vt 0.216059 0.806628
vt 0.215695 0.860907
vt 0.145056 0.860429
vt 0.145418 0.806180
vt 0.076623 0.705749
vt 0.144683 0.705606
vt 0.144806 0.764566
vt 0.076746 0.764709
vt 0.145056 0.705861
vt 0.215694 0.705606
vt 0.910780 0.540102
vt 0.624784 0.540102
vt 0.624784 0.693673
vt 0.905363 0.693673
vt 0.000000 0.000000
vt 0.397364 0.914235
vt 0.397364 0.881288
vt 0.300486 0.881288
vt 0.300486 0.914235
vt 0.289739 0.916384
vt 0.330598 0.881288
vt 0.371457 0.881288
vt 0.251017 0.261714
vt 0.251017 0.225397
vt 0.251017 0.298030
vt 0.162283 0.298030
vt 0.162283 0.261714
vt 0.166400 0.261714
vt 0.166400 0.298030
vt 0.237947 0.298030
vt 0.237947 0.261714
vt 0.237947 0.225397
vt 0.182500 0.261714
vt 0.182500 0.298030
vt 0.067390 0.112234
vt 0.068952 0.112495
vt 0.068692 0.114057
vt 0.067130 0.113796
vt 0.069212 0.101300
vt 0.070774 0.101560
vt 0.070514 0.103122
vt 0.068952 0.102862
vt 0.052811 0.113015
vt 0.065307 0.115098
vt 0.065047 0.116660
vt 0.052551 0.114577
vt 0.068692 0.104424
vt 0.070254 0.104684
vt 0.069993 0.106247
vt 0.068431 0.105986
vt 0.051509 0.101560
vt 0.053071 0.101821
vt 0.052811 0.103383
vt 0.051249 0.103122
vt 0.068171 0.107548
vt 0.069733 0.107809
vt 0.069473 0.109371
vt 0.067911 0.109110
vt 0.050989 0.104684
vt 0.052551 0.104945
vt 0.052290 0.106507
vt 0.050728 0.106247
vt 0.067650 0.110672
vt 0.069212 0.110933
vt 0.050468 0.107809
vt 0.052030 0.108069
vt 0.051770 0.109631
vt 0.050208 0.109371
vt 0.051509 0.111193
vt 0.049947 0.110933
vt 0.051770 0.099998
vt 0.053332 0.100259
vt 0.053592 0.098697
vt 0.234916 0.225397
vt 0.067968 0.118836
vt 0.058090 0.118836
vt 0.058090 0.054984
vt 0.067968 0.054984
vt 0.105036 0.096259
vt 0.102674 0.096259
vt 0.102674 0.077366
vt 0.105036 0.077366
vt 0.100313 0.096259
vt 0.100313 0.077366
vt 0.097951 0.096259
vt 0.097951 0.077366
vt 0.095589 0.096259
vt 0.095589 0.077366
vt 0.093228 0.096259
vt 0.093228 0.077366
vt 0.090866 0.096259
vt 0.090866 0.077366
vt 0.088505 0.096259
vt 0.088505 0.077366
vt 0.086143 0.096259
vt 0.086143 0.077366
vt 0.083782 0.096259
vt 0.083782 0.077366
vt 0.081420 0.096259
vt 0.081420 0.077366
vt 0.079059 0.096259
vt 0.079059 0.077366
vt 0.076697 0.096259
vt 0.076697 0.077366
vt 0.074335 0.096259
vt 0.074335 0.077366
vt 0.071974 0.096259
vt 0.071974 0.077366
vt 0.069612 0.096259
vt 0.069612 0.077366
vt 0.083513 0.063465
vt 0.084879 0.065509
vt 0.107397 0.096259
vt 0.107397 0.077366
vt 0.079059 0.074220
vt 0.081469 0.073741
vt 0.082529 0.076298
vt 0.079059 0.076989
vt 0.083513 0.072375
vt 0.085471 0.074332
vt 0.084879 0.070331
vt 0.087437 0.071390
vt 0.085359 0.067920
vt 0.088127 0.067920
vt 0.087437 0.064450
vt 0.085471 0.061508
vt 0.081469 0.062100
vt 0.082529 0.059542
vt 0.079059 0.061620
vt 0.079059 0.058852
vt 0.076648 0.062100
vt 0.075588 0.059542
vt 0.074604 0.063465
vt 0.072646 0.061508
vt 0.073238 0.065509
vt 0.070680 0.064450
vt 0.072758 0.067920
vt 0.069990 0.067920
vt 0.073238 0.070331
vt 0.070680 0.071390
vt 0.074604 0.072375
vt 0.072646 0.074332
vt 0.076648 0.073741
vt 0.075588 0.076298
vt 0.079059 0.441057
vt 0.076648 0.440578
vt 0.074604 0.439212
vt 0.073238 0.437168
vt 0.072758 0.434757
vt 0.073238 0.432346
vt 0.074604 0.430302
vt 0.076648 0.428936
vt 0.079059 0.428457
vt 0.081469 0.428936
vt 0.083513 0.430302
vt 0.084879 0.432346
vt 0.085359 0.434757
vt 0.084879 0.437168
vt 0.083513 0.439212
vt 0.081469 0.440577
vt 0.156654 0.150761
vt 0.149425 0.150761
vt 0.149425 0.092926
vt 0.156654 0.092926
vt 0.142196 0.150761
vt 0.142196 0.092926
vt 0.134966 0.150761
vt 0.134966 0.092926
vt 0.127737 0.150761
vt 0.127737 0.092926
vt 0.120508 0.150761
vt 0.120508 0.092926
vt 0.113278 0.150761
vt 0.113278 0.092926
vt 0.106049 0.150761
vt 0.106049 0.092926
vt 0.098820 0.150761
vt 0.098820 0.092926
vt 0.091590 0.150761
vt 0.091590 0.092926
vt 0.084361 0.150761
vt 0.084361 0.092926
vt 0.077132 0.150761
vt 0.077132 0.092926
vt 0.069903 0.150761
vt 0.069903 0.092926
vt 0.062673 0.150761
vt 0.062673 0.092926
vt 0.055444 0.150761
vt 0.055444 0.092926
vt 0.048215 0.150761
vt 0.048215 0.092926
vt 0.090769 0.050372
vt 0.094950 0.056629
vt 0.163884 0.150761
vt 0.163884 0.092926
vt 0.077132 0.083295
vt 0.084512 0.081827
vt 0.087755 0.089657
vt 0.077132 0.091770
vt 0.090769 0.077647
vt 0.096762 0.083639
vt 0.094950 0.071390
vt 0.102779 0.074633
vt 0.096418 0.064009
vt 0.104892 0.064009
vt 0.102779 0.053386
vt 0.096762 0.044379
vt 0.084512 0.046191
vt 0.087755 0.038362
vt 0.077132 0.044723
vt 0.077132 0.036249
vt 0.069751 0.046191
vt 0.066508 0.038362
vt 0.063494 0.050372
vt 0.057502 0.044379
vt 0.059314 0.056629
vt 0.051484 0.053386
vt 0.057846 0.064009
vt 0.049371 0.064009
vt 0.059314 0.071390
vt 0.051484 0.074633
vt 0.063494 0.077647
vt 0.057502 0.083639
vt 0.069751 0.081827
vt 0.066508 0.089657
vt 0.077132 0.478841
vt 0.069751 0.477373
vt 0.063494 0.473192
vt 0.059314 0.466935
vt 0.057846 0.459555
vt 0.059314 0.452175
vt 0.063494 0.445918
vt 0.069751 0.441737
vt 0.077132 0.440269
vt 0.084512 0.441737
vt 0.090769 0.445918
vt 0.094950 0.452174
vt 0.096418 0.459555
vt 0.094950 0.466936
vt 0.090769 0.473192
vt 0.084512 0.477373
vt 0.193754 0.153037
vt 0.186238 0.153037
vt 0.186238 0.092903
vt 0.193754 0.092903
vt 0.178721 0.153037
vt 0.178721 0.092903
vt 0.171205 0.153037
vt 0.171205 0.092903
vt 0.163688 0.153037
vt 0.163688 0.092903
vt 0.156171 0.153037
vt 0.156171 0.092903
vt 0.148655 0.153037
vt 0.148655 0.092903
vt 0.141138 0.153037
vt 0.141138 0.092903
vt 0.133621 0.153037
vt 0.133621 0.092903
vt 0.126105 0.153037
vt 0.126105 0.092903
vt 0.118588 0.153037
vt 0.118588 0.092903
vt 0.111071 0.153037
vt 0.111071 0.092903
vt 0.103555 0.153037
vt 0.103555 0.092903
vt 0.096038 0.153037
vt 0.096038 0.092903
vt 0.088521 0.153037
vt 0.088521 0.092903
vt 0.081005 0.153037
vt 0.081005 0.092903
vt 0.125251 0.048657
vt 0.129598 0.055163
vt 0.201271 0.153037
vt 0.201271 0.092903
vt 0.111071 0.082890
vt 0.118745 0.081363
vt 0.122117 0.089504
vt 0.111071 0.091701
vt 0.125251 0.077016
vt 0.131481 0.083247
vt 0.129598 0.070511
vt 0.137738 0.073883
vt 0.131124 0.062837
vt 0.139935 0.062837
vt 0.137738 0.051791
vt 0.131481 0.042427
vt 0.118745 0.044311
vt 0.122117 0.036170
vt 0.111071 0.042784
vt 0.111071 0.033973
vt 0.103397 0.044311
vt 0.100026 0.036170
vt 0.096892 0.048657
vt 0.090661 0.042427
vt 0.092545 0.055163
vt 0.084404 0.051791
vt 0.091018 0.062837
vt 0.082207 0.062837
vt 0.092545 0.070511
vt 0.084404 0.073883
vt 0.096892 0.077016
vt 0.090661 0.083247
vt 0.103397 0.081363
vt 0.100026 0.089504
vt 0.036109 0.451321
vt 0.028435 0.449795
vt 0.021930 0.445448
vt 0.017583 0.438942
vt 0.016056 0.431269
vt 0.017583 0.423595
vt 0.021930 0.417089
vt 0.028435 0.412742
vt 0.036109 0.411216
vt 0.043783 0.412742
vt 0.050288 0.417089
vt 0.054635 0.423595
vt 0.056162 0.431269
vt 0.054635 0.438942
vt 0.050289 0.445448
vt 0.043783 0.449795
vt 0.304547 0.100817
vt 0.297380 0.100817
vt 0.297380 0.043482
vt 0.304547 0.043482
vt 0.290213 0.100817
vt 0.290213 0.043482
vt 0.283046 0.100817
vt 0.283046 0.043482
vt 0.275879 0.100817
vt 0.275879 0.043482
vt 0.268712 0.100817
vt 0.268712 0.043482
vt 0.261546 0.100817
vt 0.261546 0.043482
vt 0.254379 0.100817
vt 0.254379 0.043482
vt 0.247212 0.100817
vt 0.247212 0.043482
vt 0.240045 0.100817
vt 0.240045 0.043482
vt 0.232878 0.100817
vt 0.232878 0.043482
vt 0.225712 0.100817
vt 0.225712 0.043482
vt 0.218545 0.100817
vt 0.218545 0.043482
vt 0.211378 0.100817
vt 0.211378 0.043482
vt 0.204211 0.100817
vt 0.204211 0.043482
vt 0.197044 0.100817
vt 0.197044 0.043482
vt 0.124147 0.048890
vt 0.134459 0.064325
vt 0.311713 0.100817
vt 0.311713 0.043482
vt 0.090506 0.130106
vt 0.108712 0.126484
vt 0.116712 0.145798
vt 0.090506 0.151011
vt 0.124147 0.116172
vt 0.138928 0.130953
vt 0.134459 0.100737
vt 0.153773 0.108737
vt 0.138081 0.082531
vt 0.158985 0.082531
vt 0.153773 0.056325
vt 0.138928 0.034109
vt 0.108712 0.038578
vt 0.116712 0.019264
vt 0.090506 0.034956
vt 0.090506 0.014051
vt 0.072300 0.038578
vt 0.064300 0.019264
vt 0.056865 0.048890
vt 0.042083 0.034109
vt 0.046552 0.064325
vt 0.027239 0.056325
vt 0.042931 0.082531
vt 0.022026 0.082531
vt 0.046552 0.100737
vt 0.027239 0.108737
vt 0.056865 0.116172
vt 0.042083 0.130953
vt 0.072300 0.126485
vt 0.064300 0.145798
vt 0.039468 0.534481
vt 0.033142 0.533222
vt 0.027779 0.529639
vt 0.024196 0.524276
vt 0.022937 0.517950
vt 0.024196 0.511625
vt 0.027779 0.506262
vt 0.033142 0.502679
vt 0.039468 0.501420
vt 0.045793 0.502679
vt 0.051156 0.506262
vt 0.054740 0.511625
vt 0.055998 0.517950
vt 0.054739 0.524276
vt 0.051156 0.529639
vt 0.045793 0.533222
vt 0.234981 0.298030
vt 0.198535 0.298030
vt 0.236246 0.298030
vt 0.197271 0.298030
vt 0.146555 0.007738
vt 0.088095 0.114285
vt 0.089025 0.117673
vt 0.089814 0.114285
vt 0.090341 0.114285
vt 0.090526 0.114285
vt 0.092146 0.114285
vt 0.090526 0.069766
vt 0.149311 0.114285
vt 0.149373 0.123445
vt 0.149548 0.114285
vt 0.150812 0.114285
vt 0.151742 0.114285
vt 0.149311 0.069766
vt 0.147691 0.114285
vt 0.151742 0.167558
vt 0.150812 0.167558
vt 0.149311 0.167558
vt 0.040008 0.114285
vt 0.040008 0.061011
vt 0.090526 0.061011
vt 0.199829 0.167558
vt 0.149311 0.167558
vt 0.149311 0.114285
vt 0.149235 0.114285
vt 0.148450 0.114285
vt 0.148450 0.167558
vt 0.147589 0.114285
vt 0.147589 0.167558
vt 0.146555 0.167558
vt 0.090526 0.114285
vt 0.090756 0.114285
vt 0.091386 0.114285
vt 0.092248 0.114285
vt 0.409913 0.928932
vt 0.867509 0.713617
vt 0.222921 0.742712
vt 0.214415 0.852107
vt 0.145011 0.862399
vt 0.076950 0.862022
vt 0.144684 0.921358
vt 0.076623 0.920981
vt 0.951203 0.816545
vt 0.660581 0.826703
vt 0.346014 0.631403
vt 0.346014 0.946022
vt 0.332044 0.946022
vt 0.046047 0.946022
vt 0.046047 0.631403
vt 0.580470 0.135663
vt 0.581043 0.310762
vt 0.842204 0.699560
vt 0.802033 0.936267
vt 0.630633 0.940473
vt 0.552218 0.520826
vt 0.561886 0.735525
vt 0.841565 0.143696
vt 0.843396 0.496318
vt 0.800662 0.291262
vt 0.800712 0.311708
vt 0.568874 0.942558
vt 0.842965 0.935769
vt 0.646955 0.984733
vt 0.632429 0.983994
vt 0.952942 0.984830
vt 0.567872 0.316137
vt 0.625009 0.983648
vt 0.652881 0.071894
vt 0.653424 0.073313
vt 0.652558 0.073404
vt 0.651803 0.072969
vt 0.653939 0.074712
vt 0.652354 0.074362
vt 0.650761 0.074045
vt 0.816559 0.117052
vt 0.815120 0.116327
vt 0.815538 0.115411
vt 0.816440 0.115524
vt 0.813632 0.115720
vt 0.814860 0.114803
vt 0.816233 0.113886
vt 0.653199 0.078084
vt 0.652157 0.079079
vt 0.651436 0.078654
vt 0.651637 0.077727
vt 0.651131 0.080073
vt 0.650603 0.078741
vt 0.650066 0.077390
vt 0.812319 0.118796
vt 0.813720 0.119377
vt 0.813360 0.120161
vt 0.812616 0.120085
vt 0.815057 0.120073
vt 0.813902 0.120676
vt 0.812850 0.121291
vt 0.589654 0.063070
vt 0.588720 0.061601
vt 0.588467 0.060255
vt 0.842746 0.140358
vt 0.843287 0.139239
vt 0.845169 0.141978
vt 0.843726 0.142685
vt 0.842567 0.141434
vt 0.843227 0.142932
vt 0.845489 0.137239
vt 0.846942 0.136634
vt 0.848749 0.136623
vt 0.586899 0.068821
vt 0.587609 0.067645
vt 0.589005 0.066588
vt 0.413516 0.858701
vt 0.413516 0.858701
vt 0.413516 0.859338
vt 0.413516 0.859303
vt 0.413516 0.859407
vt 0.413516 0.859407
vt 0.588979 0.057442
vt 0.653466 0.069188
vt 0.817430 0.111328
vt 0.811813 0.123660
vt 0.851633 0.141917
vt 0.850668 0.143473
vt 0.850093 0.139247
vt 0.850901 0.138796
vt 0.854525 0.136703
vt 0.650580 0.082759
vt 0.586381 0.071636
vt 0.850670 0.698006
vt 0.851857 0.698783
vt 0.851600 0.699565
vt 0.850669 0.699564
vt 0.853043 0.699567
vt 0.851855 0.700349
vt 0.850664 0.701124
vt 0.847348 0.698002
vt 0.847344 0.699563
vt 0.846409 0.699563
vt 0.846152 0.698777
vt 0.847349 0.701124
vt 0.846153 0.700350
vt 0.844957 0.699563
vt 0.851623 0.497839
vt 0.851635 0.496306
vt 0.852550 0.496310
vt 0.852798 0.497080
vt 0.851643 0.494778
vt 0.852805 0.495542
vt 0.853967 0.496313
vt 0.848371 0.497836
vt 0.847206 0.497079
vt 0.847451 0.496314
vt 0.848361 0.496309
vt 0.846047 0.496318
vt 0.847196 0.495551
vt 0.848347 0.494784
vt 0.848035 0.140394
vt 0.844043 0.144402
vt 0.849283 0.144820
vt 0.851469 0.934165
vt 0.852675 0.935272
vt 0.853879 0.935727
vt 0.413516 0.615156
vt 0.413516 0.614983
vt 0.413516 0.614973
vt 0.413516 0.614953
vt 0.845033 0.144942
vt 0.846445 0.145505
vt 0.845731 0.935758
vt 0.846932 0.935294
vt 0.848131 0.934178
vt 0.856645 0.496312
vt 0.855793 0.699568
vt 0.856645 0.935717
vt 0.963329 0.972645
vt 0.962915 0.818172
vt 0.964671 0.816544
vt 0.964754 0.974190
vt 0.966430 0.816299
vt 0.966308 0.975928
vt 0.572212 0.304996
vt 0.573533 0.145039
vt 0.572322 0.144153
vt 0.571260 0.306580
vt 0.570884 0.142956
vt 0.570297 0.308375
vt 0.960362 0.972601
vt 0.958894 0.974062
vt 0.957402 0.975879
vt 0.575725 0.144561
vt 0.576619 0.143162
vt 0.577627 0.141562
vt 0.408111 0.934565
vt 0.956241 0.816508
vt 0.958000 0.816741
vt 0.959577 0.818183
vt 0.577030 0.306264
vt 0.575644 0.305201
vt 0.574367 0.304376
vt 0.970991 0.816299
vt 0.970991 0.982427
vt 0.566382 0.136613
vt 0.795382 0.245180
vt 0.785683 0.210980
vt 0.797913 0.232778
vt 0.237417 0.295921
vt 0.237417 0.297162
vt 0.237080 0.297162
vt 0.233646 0.298403
vt 0.233646 0.298292
vt 0.229876 0.298403
vt 0.229876 0.298403
vt 0.237417 0.297162
vt 0.229876 0.298403
vt 0.642029 0.164009
vt 0.636673 0.165041
vt 0.638156 0.181331
vt 0.909120 0.413161
vt 0.913428 0.414939
vt 0.905285 0.422885
vt 0.081856 0.295877
vt 0.081856 0.295877
vt 0.082199 0.297140
vt 0.081856 0.297140
vt 0.085694 0.298290
vt 0.085694 0.298403
vt 0.089532 0.298403
vt 0.089532 0.298403
vt 0.089532 0.298403
vt 0.085694 0.298403
vt 0.168243 0.298403
vt 0.188405 0.298403
vt 0.809375 0.197142
vt 0.805932 0.195921
vt 0.804250 0.211876
vt 0.798631 0.199279
vt 0.797294 0.202601
vt 0.649713 0.174041
vt 0.791816 0.269074
vt 0.797473 0.271466
vt 0.787140 0.275895
vt 0.237417 0.231157
vt 0.237417 0.231157
vt 0.237114 0.230040
vt 0.237417 0.230040
vt 0.234024 0.229023
vt 0.234024 0.228923
vt 0.230630 0.228923
vt 0.230630 0.228923
vt 0.234024 0.228923
vt 0.230630 0.228923
vt 0.237417 0.269400
vt 0.237417 0.263071
vt 0.145738 0.283543
vt 0.145738 0.221537
vt 0.147617 0.221537
vt 0.147617 0.283543
vt 0.639773 0.181666
vt 0.624400 0.410724
vt 0.619556 0.424709
vt 0.631316 0.421155
vt 0.869478 0.409387
vt 0.874087 0.409376
vt 0.883356 0.414267
vt 0.877461 0.409368
vt 0.883356 0.414267
vt 0.878697 0.409365
vt 0.081856 0.231184
vt 0.081856 0.231184
vt 0.081856 0.230054
vt 0.082163 0.230054
vt 0.085290 0.228923
vt 0.085290 0.229024
vt 0.088725 0.228923
vt 0.085290 0.228923
vt 0.188405 0.228923
vt 0.168243 0.228923
vt 0.804743 0.429990
vt 0.800902 0.415671
vt 0.631803 0.418714
vt 0.793076 0.423240
vt 0.181783 0.269400
vt 0.184317 0.269400
vt 0.187758 0.269400
vt 0.188237 0.268503
vt 0.188405 0.267766
vt 0.195027 0.269400
vt 0.188405 0.271579
vt 0.168243 0.267221
vt 0.168243 0.268055
vt 0.168243 0.269187
vt 0.170968 0.269345
vt 0.173209 0.269400
vt 0.168243 0.271579
vt 0.161621 0.269400
vt 0.188405 0.265250
vt 0.188405 0.264416
vt 0.188405 0.263284
vt 0.185679 0.263126
vt 0.183438 0.263071
vt 0.188405 0.260892
vt 0.195027 0.263071
vt 0.174865 0.263071
vt 0.172331 0.263071
vt 0.168889 0.263071
vt 0.168411 0.263968
vt 0.168243 0.264705
vt 0.161621 0.263071
vt 0.168243 0.260892
vt 0.188405 0.269400
vt 0.188405 0.268055
vt 0.188405 0.267221
vt 0.181783 0.263071
vt 0.184317 0.263071
vt 0.188405 0.263071
vt 0.188405 0.264416
vt 0.188405 0.265250
vt 0.168243 0.267221
vt 0.168243 0.268055
vt 0.168243 0.269400
vt 0.172331 0.269400
vt 0.174865 0.269400
vt 0.168243 0.265250
vt 0.168243 0.264416
vt 0.168243 0.263071
vt 0.088054 0.101979
vt 0.085520 0.101813
vt 0.083371 0.101341
vt 0.081936 0.100634
vt 0.081432 0.099800
vt 0.081432 0.097829
vt 0.081936 0.096995
vt 0.083371 0.096288
vt 0.085520 0.095816
vt 0.088054 0.095650
vt 0.094972 0.095650
vt 0.097506 0.095816
vt 0.099654 0.096288
vt 0.101090 0.096995
vt 0.101594 0.097829
vt 0.101594 0.099800
vt 0.101090 0.100634
vt 0.099654 0.101341
vt 0.097506 0.101813
vt 0.094972 0.101979
vt 0.910464 0.427936
vt 0.909074 0.422887
vt 0.900110 0.422882
vt 0.901406 0.417020
vt 0.797934 0.205657
vt 0.808206 0.232783
vt 0.797904 0.243061
vt 0.791823 0.261211
vt 0.791819 0.265751
vt 0.796268 0.270280
s 0
f 289/1/1 2/2/1 4/3/1 290/4/1
f 296/5/2 285/6/2 8/7/2 291/8/2
f 291/8/3 8/7/3 309/9/3 313/10/3
f 1248/11/4 1246/12/4 2/13/4 289/14/4 304/15/4 1/16/4
f 287/17/5 7/18/5 318/19/5 518/20/5
f 329/21/2 322/22/2 1269/22/2 1270/21/2
f 11/23/4 12/24/4 16/25/4 15/26/4
f 13/27/2 14/28/2 10/29/2 9/30/2
f 1220/31/6 1219/32/6 10/33/6 14/28/6
f 17/34/7 18/35/7 20/36/7 19/37/7
f 19/37/8 20/36/8 22/38/8 21/39/8
f 21/39/9 22/38/9 24/40/9 23/41/9
f 23/41/10 24/40/10 26/42/10 25/43/10
f 25/43/11 26/42/11 28/44/11 27/45/11
f 27/45/12 28/44/12 30/46/12 29/47/12
f 29/47/13 30/46/13 32/48/13 31/49/13
f 31/49/14 32/48/14 34/50/14 33/51/14
f 33/51/15 34/50/15 36/52/15 35/53/15
f 35/53/16 36/52/16 38/54/16 37/55/16
f 37/55/17 38/54/17 40/56/17 39/57/17
f 39/57/18 40/56/18 42/58/18 41/59/18
f 41/59/19 42/58/19 44/60/19 43/61/19
f 43/61/20 44/60/20 46/62/20 45/63/20
f 45/63/21 46/62/21 48/64/21 47/65/21
f 47/65/22 48/64/22 50/66/22 49/67/22
f 49/67/23 50/66/23 52/68/23 51/69/23
f 51/69/24 52/68/24 54/70/24 53/71/24
f 53/71/25 54/70/25 56/72/25 55/73/25
f 55/73/26 56/72/26 58/74/26 57/75/26
f 57/75/27 58/74/27 60/76/27 59/77/27
f 59/77/28 60/76/28 62/78/28 61/79/28
f 61/79/29 62/78/29 64/80/29 63/81/29
f 63/81/30 64/80/30 66/82/30 65/83/30
f 65/83/31 66/82/31 68/84/31 67/85/31
f 67/85/32 68/84/32 70/86/32 69/87/32
f 69/87/33 70/86/33 72/88/33 71/89/33
f 71/89/34 72/88/34 74/90/34 73/91/34
f 73/91/35 74/90/35 76/92/35 75/93/35
f 75/93/36 76/92/36 78/94/36 77/95/36
f 20/96/6 18/97/6 80/98/6 78/99/6 76/100/6 74/101/6 72/102/6 70/103/6 68/104/6 66/105/6 64/106/6 62/107/6 60/108/6 58/109/6 56/110/6 54/111/6 52/112/6 50/113/6 48/114/6 46/115/6 44/116/6 42/117/6 40/118/6 38/119/6 36/120/6 34/121/6 32/122/6 30/123/6 28/124/6 26/125/6 24/126/6 22/127/6
f 77/95/37 78/94/37 80/128/37 79/129/37
f 79/129/38 80/128/38 18/130/38 17/131/38
f 17/132/5 19/133/5 21/134/5 23/135/5 25/136/5 27/137/5 29/138/5 31/139/5 33/140/5 35/141/5 37/142/5 39/143/5 41/144/5 43/145/5 45/146/5 47/147/5 49/148/5 51/149/5 53/150/5 55/151/5 57/152/5 59/153/5 61/154/5 63/155/5 65/156/5 67/157/5 69/158/5 71/159/5 73/160/5 75/161/5 77/162/5 79/163/5
f 81/164/7 82/165/7 84/166/7 83/167/7
f 83/167/8 84/166/8 86/168/8 85/169/8
f 85/169/9 86/168/9 88/170/9 87/171/9
f 87/171/10 88/170/10 90/172/10 89/173/10
f 89/173/11 90/172/11 92/174/11 91/175/11
f 91/175/12 92/174/12 94/176/12 93/177/12
f 93/177/13 94/176/13 96/178/13 95/179/13
f 95/179/14 96/178/14 98/180/14 97/181/14
f 97/181/15 98/180/15 100/182/15 99/183/15
f 99/183/16 100/182/16 102/184/16 101/185/16
f 101/185/17 102/184/17 104/186/17 103/187/17
f 103/187/18 104/186/18 106/188/18 105/189/18
f 105/189/19 106/188/19 108/190/19 107/191/19
f 107/191/20 108/190/20 110/192/20 109/193/20
f 109/193/21 110/192/21 112/194/21 111/195/21
f 111/195/22 112/194/22 114/196/22 113/197/22
f 113/197/23 114/196/23 116/198/23 115/199/23
f 115/199/24 116/198/24 118/200/24 117/201/24
f 117/201/25 118/200/25 120/202/25 119/203/25
f 119/203/26 120/202/26 122/204/26 121/205/26
f 121/205/27 122/204/27 124/206/27 123/207/27
f 123/207/28 124/206/28 126/208/28 125/209/28
f 125/209/29 126/208/29 128/210/29 127/211/29
f 127/211/30 128/210/30 130/212/30 129/213/30
f 129/213/31 130/212/31 132/214/31 131/215/31
f 131/215/32 132/214/32 134/216/32 133/217/32
f 133/217/33 134/216/33 136/218/33 135/219/33
f 135/219/34 136/218/34 138/220/34 137/221/34
f 137/221/35 138/220/35 140/222/35 139/223/35
f 139/223/36 140/222/36 142/224/36 141/225/36
f 84/226/6 82/227/6 144/228/6 142/229/6 140/230/6 138/231/6 136/232/6 134/233/6 132/234/6 130/235/6 128/236/6 126/237/6 124/238/6 122/239/6 120/240/6 118/241/6 116/242/6 114/243/6 112/244/6 110/245/6 108/246/6 106/247/6 104/248/6 102/249/6 100/250/6 98/251/6 96/252/6 94/253/6 92/254/6 90/255/6 88/256/6 86/257/6
f 141/225/37 142/224/37 144/258/37 143/259/37
f 143/259/38 144/258/38 82/260/38 81/261/38
f 81/262/5 83/263/5 85/264/5 87/265/5 89/266/5 91/267/5 93/268/5 95/269/5 97/270/5 99/271/5 101/272/5 103/273/5 105/274/5 107/275/5 109/276/5 111/277/5 113/278/5 115/279/5 117/280/5 119/281/5 121/282/5 123/283/5 125/284/5 127/285/5 129/286/5 131/287/5 133/288/5 135/289/5 137/290/5 139/291/5 141/292/5 143/293/5
f 145/294/7 146/295/7 148/296/7 147/297/7
f 147/297/8 148/296/8 150/298/8 149/299/8
f 149/299/9 150/298/9 152/300/9 151/301/9
f 151/301/10 152/300/10 154/302/10 153/303/10
f 153/303/11 154/302/11 156/304/11 155/305/11
f 155/305/12 156/304/12 158/306/12 157/307/12
f 157/307/13 158/306/13 160/308/13 159/309/13
f 159/309/14 160/308/14 162/310/14 161/311/14
f 161/311/15 162/310/15 164/312/15 163/313/15
f 163/313/16 164/312/16 166/314/16 165/315/16
f 165/315/17 166/314/17 168/316/17 167/317/17
f 167/317/18 168/316/18 170/318/18 169/319/18
f 169/319/19 170/318/19 172/320/19 171/321/19
f 171/321/20 172/320/20 174/322/20 173/323/20
f 173/323/21 174/322/21 176/324/21 175/325/21
f 175/325/22 176/324/22 178/326/22 177/327/22
f 177/327/23 178/326/23 180/328/23 179/329/23
f 179/329/24 180/328/24 182/330/24 181/331/24
f 181/331/25 182/330/25 184/332/25 183/333/25
f 183/333/26 184/332/26 186/334/26 185/335/26
f 185/335/27 186/334/27 188/336/27 187/337/27
f 187/337/28 188/336/28 190/338/28 189/339/28
f 189/339/29 190/338/29 192/340/29 191/341/29
f 191/341/30 192/340/30 194/342/30 193/343/30
f 193/343/31 194/342/31 196/344/31 195/345/31
f 195/345/32 196/344/32 198/346/32 197/347/32
f 197/347/33 198/346/33 200/348/33 199/349/33
f 199/349/34 200/348/34 202/350/34 201/351/34
f 201/351/35 202/350/35 204/352/35 203/353/35
f 203/353/36 204/352/36 206/354/36 205/355/36
f 148/356/6 146/357/6 208/358/6 206/359/6 204/360/6 202/361/6 200/362/6 198/363/6 196/364/6 194/365/6 192/366/6 190/367/6 188/368/6 186/369/6 184/370/6 182/371/6 180/372/6 178/373/6 176/374/6 174/375/6 172/376/6 170/377/6 168/378/6 166/379/6 164/380/6 162/381/6 160/382/6 158/383/6 156/384/6 154/385/6 152/386/6 150/387/6
f 205/355/37 206/354/37 208/388/37 207/389/37
f 207/389/38 208/388/38 146/390/38 145/391/38
f 145/392/5 147/393/5 149/394/5 151/395/5 153/396/5 155/397/5 157/398/5 159/399/5 161/400/5 163/401/5 165/402/5 167/403/5 169/404/5 171/405/5 173/406/5 175/407/5 177/408/5 179/409/5 181/410/5 183/411/5 185/412/5 187/413/5 189/414/5 191/415/5 193/416/5 195/417/5 197/418/5 199/419/5 201/420/5 203/421/5 205/422/5 207/423/5
f 209/424/7 210/425/7 212/426/7 211/427/7
f 211/427/8 212/426/8 214/428/8 213/429/8
f 213/429/9 214/428/9 216/430/9 215/431/9
f 215/431/10 216/430/10 218/432/10 217/433/10
f 217/433/11 218/432/11 220/434/11 219/435/11
f 219/435/12 220/434/12 222/436/12 221/437/12
f 221/437/13 222/436/13 224/438/13 223/439/13
f 223/439/14 224/438/14 226/440/14 225/441/14
f 225/441/15 226/440/15 228/442/15 227/443/15
f 227/443/16 228/442/16 230/444/16 229/445/16
f 229/445/17 230/444/17 232/446/17 231/447/17
f 231/447/18 232/446/18 234/448/18 233/449/18
f 233/449/19 234/448/19 236/450/19 235/451/19
f 235/451/20 236/450/20 238/452/20 237/453/20
f 237/453/21 238/452/21 240/454/21 239/455/21
f 239/455/22 240/454/22 242/456/22 241/457/22
f 241/457/23 242/456/23 244/458/23 243/459/23
f 243/459/24 244/458/24 246/460/24 245/461/24
f 245/461/25 246/460/25 248/462/25 247/463/25
f 247/463/26 248/462/26 250/464/26 249/465/26
f 249/465/27 250/464/27 252/466/27 251/467/27
f 251/467/28 252/466/28 254/468/28 253/469/28
f 253/469/29 254/468/29 256/470/29 255/471/29
f 255/471/30 256/470/30 258/472/30 257/473/30
f 257/473/31 258/472/31 260/474/31 259/475/31
f 259/475/32 260/474/32 262/476/32 261/477/32
f 261/477/33 262/476/33 264/478/33 263/479/33
f 263/479/34 264/478/34 266/480/34 265/481/34
f 265/481/35 266/480/35 268/482/35 267/483/35
f 267/483/36 268/482/36 270/484/36 269/485/36
f 212/486/6 210/487/6 272/488/6 270/489/6 268/490/6 266/491/6 264/492/6 262/493/6 260/494/6 258/495/6 256/496/6 254/497/6 252/498/6 250/499/6 248/500/6 246/501/6 244/502/6 242/503/6 240/504/6 238/505/6 236/506/6 234/507/6 232/508/6 230/509/6 228/510/6 226/511/6 224/512/6 222/513/6 220/514/6 218/515/6 216/516/6 214/517/6
f 269/485/37 270/484/37 272/518/37 271/519/37
f 271/519/38 272/518/38 210/520/38 209/521/38
f 209/522/5 211/523/5 213/524/5 215/525/5 217/526/5 219/527/5 221/528/5 223/529/5 225/530/5 227/531/5 229/532/5 231/533/5 233/534/5 235/535/5 237/536/5 239/537/5 241/538/5 243/539/5 245/540/5 247/541/5 249/542/5 251/543/5 253/544/5 255/545/5 257/546/5 259/547/5 261/548/5 263/549/5 265/550/5 267/551/5 269/552/5 271/553/5
f 1218/554/3 955/555/3 274/556/3 1216/557/3
f 1216/557/5 274/556/5 276/558/5 1215/559/5
f 523/560/1 524/561/1 275/562/1 280/563/1
f 280/563/6 275/562/6 273/564/6 278/565/6
f 524/561/4 522/566/4 273/567/4 275/562/4
f 3/568/5 281/569/5 1247/570/5 1248/571/5 1/572/5
f 1246/573/4 504/574/4 503/575/4 516/576/4
f 290/4/2 4/3/2 282/577/2 293/578/2
f 502/579/1 517/580/1 513/580/1 514/579/1
f 293/578/2 282/577/2 283/581/2 294/582/2
f 350/583/1 346/584/1 1277/584/1 1275/583/1
f 284/585/5 287/17/5 518/20/5 517/580/5 502/579/5
f 294/582/2 283/581/2 285/6/2 296/5/2
f 301/586/2 294/582/2 296/5/2 303/587/2
f 300/588/2 293/578/2 294/582/2 301/586/2
f 297/589/2 290/4/2 293/578/2 300/588/2
f 298/590/3 291/8/3 313/10/3 317/591/3
f 303/587/2 296/5/2 291/8/2 298/590/2
f 304/592/1 289/1/1 290/4/1 297/589/1
f 1/593/1 304/592/1 297/589/1 3/594/1
f 287/595/2 303/587/2 298/590/2 7/18/2
f 7/18/3 298/590/3 317/591/3 318/19/3
f 3/594/2 297/589/2 300/588/2 281/596/2
f 281/596/2 300/588/2 301/586/2 284/597/2
f 284/597/2 301/586/2 303/587/2 287/595/2
f 288/598/4 6/599/4 309/9/4 515/600/4
f 6/599/4 292/601/4 313/10/4 309/9/4
f 295/602/4 288/598/4 515/600/4 520/603/4
f 292/601/4 295/602/4 520/603/4 313/10/4
f 312/604/39 311/605/39 313/10/39 520/603/39
f 311/605/40 299/606/40 317/591/40 313/10/40
f 302/607/4 312/604/4 520/603/4 519/608/4
f 299/606/41 302/607/41 519/608/41 317/591/41
f 315/609/4 5/610/4 318/19/4 317/591/4
f 5/610/4 286/611/4 518/612/4 318/19/4
f 286/611/4 316/613/4 519/608/4 518/612/4
f 316/613/4 315/609/4 317/591/4 519/608/4
f 8/614/2 285/615/2 1255/616/2 1256/617/2
f 330/618/4 326/619/4 325/620/4 327/621/4 358/622/4 354/623/4 328/624/4 332/625/4
f 383/626/5 352/627/5 321/628/5 382/629/5
f 337/630/1 340/631/1 342/632/1 339/633/1
f 350/583/1 322/634/1 321/635/1 352/636/1
f 401/637/1 403/638/1 404/639/1
f 387/640/1 388/641/1 386/642/1
f 329/21/2 331/643/2 373/644/2 379/645/2 381/646/2 382/647/2 321/648/2 322/22/2
f 340/631/1 337/630/1 1273/630/1 1274/631/1
f 326/619/1 346/584/1 348/649/1 325/620/1
f 327/621/5 325/620/5 348/650/5 369/651/5
f 358/622/3 327/621/3 369/652/3 371/653/3
f 346/584/1 350/583/1 352/636/1 348/649/1
f 328/624/3 354/623/3 366/654/3 362/655/3
f 369/651/5 348/650/5 352/627/5 383/626/5
f 354/623/3 358/622/3 371/653/3 366/654/3
f 355/656/3 347/657/3 362/655/3 366/654/3
f 351/658/3 356/659/3 378/660/3 374/661/3
f 347/657/3 351/658/3 374/661/3 362/655/3
f 359/662/3 363/663/3 366/654/3 371/653/3
f 364/664/3 360/665/3 384/666/3 378/660/3
f 356/659/3 355/656/3 366/654/3 378/660/3
f 363/663/3 364/664/3 378/660/3 366/654/3
f 360/665/3 359/662/3 371/653/3 384/666/3
f 345/667/3 365/668/3 371/653/3 369/652/3
f 367/669/3 349/670/3 383/671/3 384/666/3
f 349/670/3 345/667/3 369/652/3 383/671/3
f 361/672/3 324/673/3 373/644/3 374/661/3
f 368/674/3 361/672/3 374/661/3 378/660/3
f 324/673/3 353/675/3 379/645/3 373/644/3
f 353/675/3 368/674/3 378/660/3 379/645/3
f 372/676/3 375/677/3 378/660/3 384/666/3
f 375/677/3 376/678/3 379/645/3 378/660/3
f 376/678/3 357/679/3 381/646/3 379/645/3
f 357/679/3 372/676/3 384/666/3 381/646/3
f 380/680/3 323/681/3 382/647/3 381/646/3
f 323/681/3 370/682/3 383/671/3 382/647/3
f 370/682/3 377/683/3 384/666/3 383/671/3
f 377/683/3 380/680/3 381/646/3 384/666/3
f 365/668/3 367/669/3 384/666/3 371/653/3
f 346/584/1 326/619/1 1268/619/1 1277/584/1
f 282/684/2 4/685/2 1254/686/2 1259/687/2
f 285/6/2 283/581/2 1262/581/2 1255/6/2
f 4/685/1 2/688/1 1253/689/1 1254/686/1
f 373/644/2 331/643/2 1265/643/2 1266/644/2
f 322/634/1 350/583/1 1275/583/1 1269/634/1
f 516/690/4 515/600/4 1263/600/4 1260/690/4
f 2/13/4 1246/12/4 1258/12/4 1253/13/4
f 390/691/42 386/692/42 388/693/42 392/694/42
f 392/694/43 388/695/43 387/695/43 391/696/43
f 391/696/44 387/695/44 385/695/44 389/696/44
f 389/696/45 393/696/45 395/696/45 391/696/45
f 391/696/46 395/696/46 396/697/46 392/694/46
f 392/694/47 396/697/47 394/698/47 390/691/47
f 436/691/48 394/698/48 396/697/48 435/697/48
f 435/697/49 396/697/49 395/696/49 437/699/49
f 437/699/50 395/696/50 393/696/50 438/696/50
f 401/700/51 405/701/51 407/702/51 403/703/51
f 403/638/52 407/702/52 408/704/52 404/639/52
f 404/639/53 408/704/53 406/704/53 402/705/53
f 410/704/54 406/704/54 408/704/54 412/704/54
f 412/704/55 408/704/55 407/702/55 411/706/55
f 411/706/56 407/702/56 405/701/56 409/701/56
f 440/704/57 410/704/57 412/704/57 439/707/57
f 439/707/58 412/704/58 411/706/58 441/708/58
f 441/708/59 411/706/59 409/701/59 442/701/59
f 405/701/60 401/700/60 386/692/60 390/691/60
f 385/709/1 387/640/1 386/642/1
f 405/701/61 390/691/61 394/698/61 409/701/61
f 409/701/62 394/698/62 436/691/62 442/701/62
f 398/710/3 397/711/3 400/712/3
f 402/705/1 480/705/1 479/713/1
f 402/705/1 401/637/1 404/639/1
f 393/696/4 431/696/4 450/714/4
f 443/704/2 428/704/2 410/704/2
f 397/711/3 399/715/3 400/712/3
f 415/716/3 416/717/3 414/718/3
f 343/719/3 413/720/3 414/718/3
f 398/710/3 344/721/3 397/711/3
f 422/704/63 428/704/63 430/704/63 425/704/63
f 425/704/64 430/704/64 429/722/64 426/723/64
f 426/723/65 429/722/65 427/724/65 423/725/65
f 431/696/66 418/696/66 421/726/66 433/696/66
f 433/696/67 421/726/67 420/727/67 434/728/67
f 434/728/68 420/727/68 417/729/68 432/730/68
f 417/729/69 423/725/69 427/724/69 432/730/69
f 386/642/1 469/731/1 385/709/1
f 469/731/1 471/709/1 385/709/1
f 389/696/4 418/696/4 431/696/4 393/696/4
f 479/713/1 469/731/1 401/637/1
f 406/704/2 422/704/2 402/705/2
f 386/642/1 401/637/1 469/731/1
f 422/704/2 406/704/2 410/704/2 428/704/2
f 456/704/2 443/704/2 440/704/2
f 414/718/3 397/711/3 344/721/3
f 413/720/3 415/716/3 414/718/3
f 344/721/3 343/719/3 414/718/3
f 399/715/70 397/711/70 436/691/70 435/697/70
f 400/712/71 399/715/71 435/697/71 437/699/71
f 398/710/72 400/712/72 437/699/72 438/696/72
f 461/732/73 449/733/73 444/734/73
f 415/716/74 413/720/74 440/704/74 439/707/74
f 416/717/75 415/716/75 439/707/75 441/708/75
f 414/718/76 416/717/76 441/708/76 442/701/76
f 438/696/4 393/696/4 450/714/4
f 397/711/77 414/718/77 442/701/77 436/691/77
f 443/704/78 447/735/78 448/736/78 444/734/78 445/737/78 446/738/78
f 449/733/79 453/739/79 454/740/79 450/714/79 451/741/79 452/742/79
f 455/743/80 458/744/80 457/745/80
f 458/744/81 459/746/81 457/745/81
f 459/746/82 456/704/82 457/745/82
f 460/696/83 463/696/83 462/747/83
f 463/696/84 464/696/84 462/748/84
f 464/696/85 461/696/85 462/748/85
f 460/696/86 450/714/86 454/740/86 463/696/86
f 463/696/87 454/740/87 453/739/87 464/749/87
f 464/749/88 453/739/88 449/733/88 461/732/88
f 443/704/89 456/704/89 459/704/89 447/735/89
f 447/735/90 459/704/90 458/744/90 448/736/90
f 448/736/91 458/744/91 455/743/91 444/734/91
f 444/734/73 455/743/73 461/732/73
f 427/724/92 429/722/92 445/737/92 444/734/92
f 440/704/2 443/704/2 410/704/2
f 429/722/93 430/750/93 446/738/93 445/737/93
f 430/750/94 428/751/94 443/704/94 446/738/94
f 450/714/4 460/696/4 438/696/4
f 431/696/95 433/696/95 451/741/95 450/714/95
f 433/696/96 434/752/96 452/742/96 451/741/96
f 434/752/97 432/696/97 449/733/97 452/742/97
f 461/732/98 455/743/98 343/719/98
f 343/719/99 457/745/99 456/704/99
f 398/710/100 438/696/100 460/696/100
f 449/733/101 432/730/101 444/734/101
f 432/730/101 427/724/101 444/734/101
f 457/745/98 343/719/98 455/743/98
f 343/719/98 344/721/98 461/732/98
f 344/721/98 462/747/98 461/732/98
f 440/704/102 413/720/102 456/704/102
f 413/720/102 343/719/102 456/704/102
f 462/747/103 344/721/103 460/696/103
f 344/721/100 398/710/100 460/696/100
f 469/731/104 472/753/104 471/709/104
f 472/753/105 473/709/105 471/709/105
f 473/709/106 470/709/106 471/709/106
f 478/754/107 481/755/107 480/705/107
f 481/755/108 482/756/108 480/705/108
f 482/756/109 479/705/109 480/705/109
f 465/757/110 470/758/110 473/695/110 467/759/110
f 467/760/111 473/709/111 472/761/111 468/762/111
f 468/762/112 472/761/112 469/731/112 466/763/112
f 478/754/113 475/764/113 477/765/113 481/755/113
f 481/755/114 477/765/114 476/766/114 482/767/114
f 482/767/115 476/766/115 474/768/115 479/713/115
f 487/769/116 496/770/116 498/771/116 489/772/116
f 489/772/117 498/771/117 497/773/117 490/774/117
f 490/774/118 497/773/118 495/775/118 488/776/118
f 491/777/119 484/778/119 486/779/119 493/780/119
f 493/780/120 486/779/120 485/781/120 494/782/120
f 494/782/121 485/781/121 483/783/121 492/730/121
f 466/763/1 469/731/1 479/713/1 474/768/1
f 484/778/4 491/777/4 470/758/4
f 402/705/1 479/713/1 401/637/1
f 418/696/4 389/696/4 385/695/4
f 478/754/2 424/770/2 487/769/2
f 478/754/2 480/705/2 402/705/2
f 488/776/122 495/775/122 423/725/122 417/729/122 492/730/122 483/783/122
f 417/729/123 420/727/123 421/726/123 418/696/123 419/777/123 491/777/123 493/780/123 494/782/123 492/730/123
f 422/704/124 425/704/124 426/723/124 423/725/124 495/775/124 497/773/124 498/771/124 496/770/124 424/770/124
f 422/704/2 424/770/2 402/705/2
f 424/770/2 478/754/2 402/705/2
f 385/695/4 471/695/4 470/758/4
f 470/758/4 419/777/4 385/695/4
f 419/777/4 418/696/4 385/695/4
f 470/758/4 465/757/4 484/778/4
f 491/777/6 419/777/6 470/758/6
f 487/769/2 475/764/2 478/754/2
f 424/770/6 496/770/6 487/769/6
f 283/784/1 284/585/1 502/579/1 501/785/1
f 282/786/3 1245/787/3 1247/570/3 281/569/3
f 501/788/125 1245/789/125 1247/790/125 502/791/125
f 306/792/2 307/793/2 1252/794/2 1250/795/2
f 501/788/1 502/791/1 517/796/1 516/797/1
f 507/784/5 508/798/5 503/799/5 504/800/5 505/801/5 506/786/5
f 501/798/1 283/784/1 507/784/1 508/798/1
f 282/786/3 1245/801/3 505/801/3 506/786/3
f 1245/801/126 1246/800/126 504/800/126 505/801/126
f 516/799/1 501/798/1 508/798/1 503/799/1
f 283/581/4 282/577/4 506/577/4 507/581/4
f 510/569/6 511/570/6 512/571/6 513/580/6 514/579/6 509/585/6
f 517/802/4 513/802/4 512/802/4 1248/802/4
f 284/585/1 502/579/1 514/579/1 509/585/1
f 281/596/4 284/597/4 509/597/4 510/596/4
f 1247/570/3 281/569/3 510/569/3 511/570/3
f 1248/571/3 1247/570/3 511/570/3 512/571/3
f 305/803/4 310/804/4 515/600/4 516/690/4
f 319/805/4 308/806/4 517/807/4 518/612/4
f 320/808/4 319/805/4 518/612/4 519/608/4
f 310/804/4 314/809/4 520/603/4 515/600/4
f 308/806/4 305/803/4 516/690/4 517/807/4
f 314/809/4 320/808/4 519/608/4 520/603/4
f 528/810/4 525/811/4 522/566/4 524/561/4
f 526/812/1 528/810/1 524/561/1 523/560/1
f 278/813/3 273/814/3 522/815/3 521/816/3
f 1217/817/1 958/818/1 528/810/1 526/812/1
f 958/818/4 955/819/4 525/811/4 528/810/4
f 521/816/3 522/815/3 525/820/3 527/821/3
f 522/815/127 521/816/127 523/560/127 524/561/127
f 521/816/4 278/565/4 280/563/4 523/560/4
f 548/822/6 550/823/6 529/824/6 557/825/6
f 560/826/6 536/827/6 534/828/6 532/829/6
f 559/830/4 557/831/4 529/832/4 535/833/4
f 551/834/6 562/835/6 540/836/6 537/837/6
f 561/838/5 552/839/5 538/840/5 539/841/5
f 556/842/6 544/843/6 546/844/6 541/845/6
f 542/846/5 555/847/5 543/848/5 545/849/5
f 554/850/6 531/851/6 550/823/6 548/822/6
f 563/852/5 553/853/5 547/854/5 549/855/5
f 549/855/5 547/854/5 559/856/5 535/857/5
f 539/841/5 538/840/5 555/847/5 542/846/5
f 545/849/5 543/848/5 553/853/5 563/852/5
f 533/858/5 530/859/5 552/839/5 561/838/5
f 532/829/6 534/828/6 562/835/6 551/834/6
f 541/845/6 546/844/6 531/851/6 554/850/6
f 537/837/6 540/836/6 544/843/6 556/842/6
f 559/830/3 547/854/3 548/822/3 557/831/3
f 561/838/1 562/835/1 534/828/1 533/858/1
f 535/857/1 529/824/1 550/823/1 549/855/1
f 550/823/1 531/851/1 563/852/1 549/855/1
f 531/851/1 546/844/1 545/849/1 563/852/1
f 546/844/1 544/843/1 542/846/1 545/849/1
f 544/843/1 540/836/1 539/841/1 542/846/1
f 540/836/1 562/835/1 561/838/1 539/841/1
f 548/822/3 547/854/3 553/853/3 554/850/3
f 553/853/3 543/848/3 541/845/3 554/850/3
f 543/848/3 555/847/3 556/842/3 541/845/3
f 555/847/3 538/840/3 537/837/3 556/842/3
f 538/840/3 552/839/3 551/834/3 537/837/3
f 551/834/3 552/839/3 530/859/3 532/829/3
f 558/860/3 560/826/3 532/829/3 530/859/3
f 582/822/6 584/823/6 564/824/6 591/825/6
f 592/830/4 591/831/4 564/832/4 570/833/4
f 585/834/6 594/835/6 574/836/6 571/837/6
f 593/838/5 586/839/5 572/840/5 573/841/5
f 590/842/6 578/843/6 580/844/6 575/845/6
f 576/846/5 589/847/5 577/848/5 579/849/5
f 588/850/6 566/851/6 584/823/6 582/822/6
f 595/852/5 587/853/5 581/854/5 583/855/5
f 583/855/5 581/854/5 592/856/5 570/857/5
f 573/841/5 572/840/5 589/847/5 576/846/5
f 579/849/5 577/848/5 587/853/5 595/852/5
f 568/858/5 565/859/5 586/839/5 593/838/5
f 567/829/6 569/828/6 594/835/6 585/834/6
f 575/845/6 580/844/6 566/851/6 588/850/6
f 571/837/6 574/836/6 578/843/6 590/842/6
f 592/830/3 581/854/3 582/822/3 591/831/3
f 593/838/1 594/835/1 569/828/1 568/858/1
f 564/824/6 584/823/6 615/822/6 624/825/6
f 584/823/1 566/851/1 595/852/1 583/855/1
f 566/851/1 580/844/1 579/849/1 595/852/1
f 580/844/1 578/843/1 576/846/1 579/849/1
f 578/843/1 574/836/1 573/841/1 576/846/1
f 574/836/1 594/835/1 593/838/1 573/841/1
f 582/822/3 581/854/3 587/853/3 588/850/3
f 587/853/3 577/848/3 575/845/3 588/850/3
f 577/848/3 589/847/3 590/842/3 575/845/3
f 589/847/3 572/840/3 571/837/3 590/842/3
f 572/840/3 586/839/3 585/834/3 571/837/3
f 585/834/3 586/839/3 565/859/3 567/829/3
f 615/822/6 617/823/6 596/824/6 624/825/6
f 627/826/6 603/827/6 601/828/6 599/829/6
f 626/830/4 624/831/4 596/832/4 602/833/4
f 618/834/6 629/835/6 607/836/6 604/837/6
f 628/838/5 619/839/5 605/840/5 606/841/5
f 623/842/6 611/843/6 613/844/6 608/845/6
f 609/846/5 622/847/5 610/848/5 612/849/5
f 621/850/6 598/851/6 617/823/6 615/822/6
f 630/852/5 620/853/5 614/854/5 616/855/5
f 616/855/5 614/854/5 626/856/5 602/857/5
f 606/841/5 605/840/5 622/847/5 609/846/5
f 612/849/5 610/848/5 620/853/5 630/852/5
f 600/858/5 597/859/5 619/839/5 628/838/5
f 599/829/6 601/828/6 629/835/6 618/834/6
f 608/845/6 613/844/6 598/851/6 621/850/6
f 604/837/6 607/836/6 611/843/6 623/842/6
f 583/855/2 614/854/2 615/822/2 584/823/2
f 628/838/1 629/835/1 601/828/1 600/858/1
f 602/857/1 596/824/1 617/823/1 616/855/1
f 617/823/1 598/851/1 630/852/1 616/855/1
f 598/851/1 613/844/1 612/849/1 630/852/1
f 613/844/1 611/843/1 609/846/1 612/849/1
f 611/843/1 607/836/1 606/841/1 609/846/1
f 607/836/1 629/835/1 628/838/1 606/841/1
f 615/822/3 614/854/3 620/853/3 621/850/3
f 620/853/3 610/848/3 608/845/3 621/850/3
f 610/848/3 622/847/3 623/842/3 608/845/3
f 622/847/3 605/840/3 604/837/3 623/842/3
f 605/840/3 619/839/3 618/834/3 604/837/3
f 618/834/3 619/839/3 597/859/3 599/829/3
f 625/860/3 627/826/3 599/829/3 597/859/3
f 649/822/6 651/823/6 631/824/6 658/825/6
f 660/830/4 658/831/4 631/832/4 637/833/4
f 652/834/6 663/835/6 641/836/6 638/837/6
f 662/838/5 653/839/5 639/840/5 640/841/5
f 657/842/6 645/843/6 647/844/6 642/845/6
f 643/846/5 656/847/5 644/848/5 646/849/5
f 655/850/6 633/851/6 651/823/6 649/822/6
f 664/852/5 654/853/5 648/854/5 650/855/5
f 650/855/5 648/854/5 660/856/5 637/857/5
f 640/841/5 639/840/5 656/847/5 643/846/5
f 646/849/5 644/848/5 654/853/5 664/852/5
f 635/858/5 632/859/5 653/839/5 662/838/5
f 634/829/6 636/828/6 663/835/6 652/834/6
f 642/845/6 647/844/6 633/851/6 655/850/6
f 638/837/6 641/836/6 645/843/6 657/842/6
f 660/830/3 648/854/3 649/822/3 658/831/3
f 662/838/1 663/835/1 636/828/1 635/858/1
f 637/857/5 695/856/5 683/854/5 650/855/5
f 651/823/1 633/851/1 664/852/1 650/855/1
f 633/851/1 647/844/1 646/849/1 664/852/1
f 647/844/1 645/843/1 643/846/1 646/849/1
f 645/843/1 641/836/1 640/841/1 643/846/1
f 641/836/1 663/835/1 662/838/1 640/841/1
f 649/822/3 648/854/3 654/853/3 655/850/3
f 654/853/3 644/848/3 642/845/3 655/850/3
f 644/848/3 656/847/3 657/842/3 642/845/3
f 656/847/3 639/840/3 638/837/3 657/842/3
f 639/840/3 653/839/3 652/834/3 638/837/3
f 652/834/3 653/839/3 632/859/3 634/829/3
f 684/822/6 686/823/6 665/824/6 693/825/6
f 696/826/6 672/827/6 670/828/6 668/829/6
f 695/830/4 693/831/4 665/832/4 671/833/4
f 687/834/6 698/835/6 676/836/6 673/837/6
f 697/838/5 688/839/5 674/840/5 675/841/5
f 692/842/6 680/843/6 682/844/6 677/845/6
f 678/846/5 691/847/5 679/848/5 681/849/5
f 690/850/6 667/851/6 686/823/6 684/822/6
f 699/852/5 689/853/5 683/854/5 685/855/5
f 685/855/5 683/854/5 695/856/5 671/857/5
f 675/841/5 674/840/5 691/847/5 678/846/5
f 681/849/5 679/848/5 689/853/5 699/852/5
f 669/858/5 666/859/5 688/839/5 697/838/5
f 668/829/6 670/828/6 698/835/6 687/834/6
f 677/845/6 682/844/6 667/851/6 690/850/6
f 673/837/6 676/836/6 680/843/6 692/842/6
f 650/855/2 683/854/2 684/822/2 651/823/2
f 697/838/1 698/835/1 670/828/1 669/858/1
f 671/857/1 665/824/1 686/823/1 685/855/1
f 686/823/1 667/851/1 699/852/1 685/855/1
f 667/851/1 682/844/1 681/849/1 699/852/1
f 682/844/1 680/843/1 678/846/1 681/849/1
f 680/843/1 676/836/1 675/841/1 678/846/1
f 676/836/1 698/835/1 697/838/1 675/841/1
f 684/822/3 683/854/3 689/853/3 690/850/3
f 689/853/3 679/848/3 677/845/3 690/850/3
f 679/848/3 691/847/3 692/842/3 677/845/3
f 691/847/3 674/840/3 673/837/3 692/842/3
f 674/840/3 688/839/3 687/834/3 673/837/3
f 687/834/3 688/839/3 666/859/3 668/829/3
f 694/860/3 696/826/3 668/829/3 666/859/3
f 718/822/6 720/823/6 700/824/6 727/825/6
f 728/830/4 727/831/4 700/832/4 706/833/4
f 721/834/6 730/835/6 710/836/6 707/837/6
f 729/838/5 722/839/5 708/840/5 709/841/5
f 726/842/6 714/843/6 716/844/6 711/845/6
f 712/846/5 725/847/5 713/848/5 715/849/5
f 724/850/6 702/851/6 720/823/6 718/822/6
f 731/852/5 723/853/5 717/854/5 719/855/5
f 719/855/5 717/854/5 728/856/5 706/857/5
f 709/841/5 708/840/5 725/847/5 712/846/5
f 715/849/5 713/848/5 723/853/5 731/852/5
f 704/858/5 701/859/5 722/839/5 729/838/5
f 703/829/6 705/828/6 730/835/6 721/834/6
f 711/845/6 716/844/6 702/851/6 724/850/6
f 707/837/6 710/836/6 714/843/6 726/842/6
f 728/830/3 717/854/3 718/822/3 727/831/3
f 729/838/1 730/835/1 705/828/1 704/858/1
f 700/824/6 720/823/6 751/822/6 760/825/6
f 720/823/1 702/851/1 731/852/1 719/855/1
f 702/851/1 716/844/1 715/849/1 731/852/1
f 716/844/1 714/843/1 712/846/1 715/849/1
f 714/843/1 710/836/1 709/841/1 712/846/1
f 710/836/1 730/835/1 729/838/1 709/841/1
f 718/822/3 717/854/3 723/853/3 724/850/3
f 723/853/3 713/848/3 711/845/3 724/850/3
f 713/848/3 725/847/3 726/842/3 711/845/3
f 725/847/3 708/840/3 707/837/3 726/842/3
f 708/840/3 722/839/3 721/834/3 707/837/3
f 721/834/3 722/839/3 701/859/3 703/829/3
f 751/822/6 753/823/6 732/824/6 760/825/6
f 763/826/6 739/827/6 737/828/6 735/829/6
f 762/830/4 760/831/4 732/832/4 738/833/4
f 754/834/6 765/835/6 743/836/6 740/837/6
f 764/838/5 755/839/5 741/840/5 742/841/5
f 759/842/6 747/843/6 749/844/6 744/845/6
f 745/846/5 758/847/5 746/848/5 748/849/5
f 757/850/6 734/851/6 753/823/6 751/822/6
f 766/852/5 756/853/5 750/854/5 752/855/5
f 752/855/5 750/854/5 762/856/5 738/857/5
f 742/841/5 741/840/5 758/847/5 745/846/5
f 748/849/5 746/848/5 756/853/5 766/852/5
f 736/858/5 733/859/5 755/839/5 764/838/5
f 735/829/6 737/828/6 765/835/6 754/834/6
f 744/845/6 749/844/6 734/851/6 757/850/6
f 740/837/6 743/836/6 747/843/6 759/842/6
f 719/855/2 750/854/2 751/822/2 720/823/2
f 764/838/1 765/835/1 737/828/1 736/858/1
f 738/857/1 732/824/1 753/823/1 752/855/1
f 753/823/1 734/851/1 766/852/1 752/855/1
f 734/851/1 749/844/1 748/849/1 766/852/1
f 749/844/1 747/843/1 745/846/1 748/849/1
f 747/843/1 743/836/1 742/841/1 745/846/1
f 743/836/1 765/835/1 764/838/1 742/841/1
f 751/822/3 750/854/3 756/853/3 757/850/3
f 756/853/3 746/848/3 744/845/3 757/850/3
f 746/848/3 758/847/3 759/842/3 744/845/3
f 758/847/3 741/840/3 740/837/3 759/842/3
f 741/840/3 755/839/3 754/834/3 740/837/3
f 754/834/3 755/839/3 733/859/3 735/829/3
f 761/860/3 763/826/3 735/829/3 733/859/3
f 785/822/6 787/823/6 767/824/6 794/825/6
f 795/830/4 794/831/4 767/832/4 773/833/4
f 788/834/6 797/835/6 777/836/6 774/837/6
f 796/838/5 789/839/5 775/840/5 776/841/5
f 793/842/6 781/843/6 783/844/6 778/845/6
f 779/846/5 792/847/5 780/848/5 782/849/5
f 791/850/6 769/851/6 787/823/6 785/822/6
f 798/852/5 790/853/5 784/854/5 786/855/5
f 786/855/5 784/854/5 795/856/5 773/857/5
f 776/841/5 775/840/5 792/847/5 779/846/5
f 782/849/5 780/848/5 790/853/5 798/852/5
f 771/858/5 768/859/5 789/839/5 796/838/5
f 770/829/6 772/828/6 797/835/6 788/834/6
f 778/845/6 783/844/6 769/851/6 791/850/6
f 774/837/6 777/836/6 781/843/6 793/842/6
f 795/830/3 784/854/3 785/822/3 794/831/3
f 796/838/1 797/835/1 772/828/1 771/858/1
f 767/824/6 787/823/6 818/822/6 827/825/6
f 787/823/1 769/851/1 798/852/1 786/855/1
f 769/851/1 783/844/1 782/849/1 798/852/1
f 783/844/1 781/843/1 779/846/1 782/849/1
f 781/843/1 777/836/1 776/841/1 779/846/1
f 777/836/1 797/835/1 796/838/1 776/841/1
f 785/822/3 784/854/3 790/853/3 791/850/3
f 790/853/3 780/848/3 778/845/3 791/850/3
f 780/848/3 792/847/3 793/842/3 778/845/3
f 792/847/3 775/840/3 774/837/3 793/842/3
f 775/840/3 789/839/3 788/834/3 774/837/3
f 788/834/3 789/839/3 768/859/3 770/829/3
f 818/822/6 820/823/6 799/824/6 827/825/6
f 830/826/6 806/827/6 804/828/6 802/829/6
f 829/830/4 827/831/4 799/832/4 805/833/4
f 821/834/6 832/835/6 810/836/6 807/837/6
f 831/838/5 822/839/5 808/840/5 809/841/5
f 826/842/6 814/843/6 816/844/6 811/845/6
f 812/846/5 825/847/5 813/848/5 815/849/5
f 824/850/6 801/851/6 820/823/6 818/822/6
f 833/852/5 823/853/5 817/854/5 819/855/5
f 819/855/5 817/854/5 829/856/5 805/857/5
f 809/841/5 808/840/5 825/847/5 812/846/5
f 815/849/5 813/848/5 823/853/5 833/852/5
f 803/858/5 800/859/5 822/839/5 831/838/5
f 802/829/6 804/828/6 832/835/6 821/834/6
f 811/845/6 816/844/6 801/851/6 824/850/6
f 807/837/6 810/836/6 814/843/6 826/842/6
f 786/855/2 817/854/2 818/822/2 787/823/2
f 831/838/1 832/835/1 804/828/1 803/858/1
f 805/857/1 799/824/1 820/823/1 819/855/1
f 820/823/1 801/851/1 833/852/1 819/855/1
f 801/851/1 816/844/1 815/849/1 833/852/1
f 816/844/1 814/843/1 812/846/1 815/849/1
f 814/843/1 810/836/1 809/841/1 812/846/1
f 810/836/1 832/835/1 831/838/1 809/841/1
f 818/822/3 817/854/3 823/853/3 824/850/3
f 823/853/3 813/848/3 811/845/3 824/850/3
f 813/848/3 825/847/3 826/842/3 811/845/3
f 825/847/3 808/840/3 807/837/3 826/842/3
f 808/840/3 822/839/3 821/834/3 807/837/3
f 821/834/3 822/839/3 800/859/3 802/829/3
f 828/860/3 830/826/3 802/829/3 800/859/3
f 852/822/6 854/823/6 834/824/6 861/825/6
f 704/858/1 705/828/1 941/828/1 940/858/1
f 862/830/4 861/831/4 834/832/4 840/833/4
f 855/834/6 864/835/6 844/836/6 841/837/6
f 863/838/5 856/839/5 842/840/5 843/841/5
f 860/842/6 848/843/6 850/844/6 845/845/6
f 846/846/5 859/847/5 847/848/5 849/849/5
f 858/850/6 836/851/6 854/823/6 852/822/6
f 865/852/5 857/853/5 851/854/5 853/855/5
f 853/855/5 851/854/5 862/856/5 840/857/5
f 843/841/5 842/840/5 859/847/5 846/846/5
f 849/849/5 847/848/5 857/853/5 865/852/5
f 838/858/5 835/859/5 856/839/5 863/838/5
f 837/829/6 839/828/6 864/835/6 855/834/6
f 845/845/6 850/844/6 836/851/6 858/850/6
f 841/837/6 844/836/6 848/843/6 860/842/6
f 862/830/3 851/854/3 852/822/3 861/831/3
f 863/838/1 864/835/1 839/828/1 838/858/1
f 834/824/6 854/823/6 885/822/6 894/825/6
f 854/823/1 836/851/1 865/852/1 853/855/1
f 836/851/1 850/844/1 849/849/1 865/852/1
f 850/844/1 848/843/1 846/846/1 849/849/1
f 848/843/1 844/836/1 843/841/1 846/846/1
f 844/836/1 864/835/1 863/838/1 843/841/1
f 852/822/3 851/854/3 857/853/3 858/850/3
f 857/853/3 847/848/3 845/845/3 858/850/3
f 847/848/3 859/847/3 860/842/3 845/845/3
f 859/847/3 842/840/3 841/837/3 860/842/3
f 842/840/3 856/839/3 855/834/3 841/837/3
f 855/834/3 856/839/3 835/859/3 837/829/3
f 905/858/1 906/828/1 953/828/1 952/858/1
f 885/822/6 887/823/6 866/824/6 894/825/6
f 897/826/6 873/827/6 871/828/6 869/829/6
f 896/830/4 894/831/4 866/832/4 872/833/4
f 888/834/6 899/835/6 877/836/6 874/837/6
f 898/838/5 889/839/5 875/840/5 876/841/5
f 893/842/6 881/843/6 883/844/6 878/845/6
f 879/846/5 892/847/5 880/848/5 882/849/5
f 891/850/6 868/851/6 887/823/6 885/822/6
f 900/852/5 890/853/5 884/854/5 886/855/5
f 886/855/5 884/854/5 896/856/5 872/857/5
f 876/841/5 875/840/5 892/847/5 879/846/5
f 882/849/5 880/848/5 890/853/5 900/852/5
f 870/858/5 867/859/5 889/839/5 898/838/5
f 869/829/6 871/828/6 899/835/6 888/834/6
f 878/845/6 883/844/6 868/851/6 891/850/6
f 874/837/6 877/836/6 881/843/6 893/842/6
f 853/855/2 884/854/2 885/822/2 854/823/2
f 898/838/1 899/835/1 871/828/1 870/858/1
f 872/857/1 866/824/1 887/823/1 886/855/1
f 887/823/1 868/851/1 900/852/1 886/855/1
f 868/851/1 883/844/1 882/849/1 900/852/1
f 883/844/1 881/843/1 879/846/1 882/849/1
f 881/843/1 877/836/1 876/841/1 879/846/1
f 877/836/1 899/835/1 898/838/1 876/841/1
f 885/822/3 884/854/3 890/853/3 891/850/3
f 890/853/3 880/848/3 878/845/3 891/850/3
f 880/848/3 892/847/3 893/842/3 878/845/3
f 892/847/3 875/840/3 874/837/3 893/842/3
f 875/840/3 889/839/3 888/834/3 874/837/3
f 888/834/3 889/839/3 867/859/3 869/829/3
f 895/860/3 897/826/3 869/829/3 867/859/3
f 919/822/6 921/823/6 901/824/6 928/825/6
f 771/858/1 772/828/1 945/828/1 944/858/1
f 929/830/4 928/831/4 901/832/4 907/833/4
f 922/834/6 931/835/6 911/836/6 908/837/6
f 930/838/5 923/839/5 909/840/5 910/841/5
f 927/842/6 915/843/6 917/844/6 912/845/6
f 913/846/5 926/847/5 914/848/5 916/849/5
f 925/850/6 903/851/6 921/823/6 919/822/6
f 932/852/5 924/853/5 918/854/5 920/855/5
f 920/855/5 918/854/5 929/856/5 907/857/5
f 910/841/5 909/840/5 926/847/5 913/846/5
f 916/849/5 914/848/5 924/853/5 932/852/5
f 905/858/5 902/859/5 923/839/5 930/838/5
f 904/829/6 906/828/6 931/835/6 922/834/6
f 912/845/6 917/844/6 903/851/6 925/850/6
f 908/837/6 911/836/6 915/843/6 927/842/6
f 929/830/3 918/854/3 919/822/3 928/831/3
f 930/838/1 931/835/1 906/828/1 905/858/1
f 907/857/1 901/824/1 921/823/1 920/855/1
f 921/823/1 903/851/1 932/852/1 920/855/1
f 903/851/1 917/844/1 916/849/1 932/852/1
f 917/844/1 915/843/1 913/846/1 916/849/1
f 915/843/1 911/836/1 910/841/1 913/846/1
f 911/836/1 931/835/1 930/838/1 910/841/1
f 919/822/3 918/854/3 924/853/3 925/850/3
f 924/853/3 914/848/3 912/845/3 925/850/3
f 914/848/3 926/847/3 927/842/3 912/845/3
f 926/847/3 909/840/3 908/837/3 927/842/3
f 909/840/3 923/839/3 922/834/3 908/837/3
f 922/834/3 923/839/3 902/859/3 904/829/3
f 705/828/6 703/829/6 942/829/6 941/828/6
f 568/858/1 569/828/1 935/828/1 934/858/1
f 933/859/2 934/858/2 935/828/2 936/829/2
f 565/859/5 568/858/5 934/858/5 933/859/5
f 569/828/6 567/829/6 936/829/6 935/828/6
f 558/860/128 933/859/128 936/829/128 560/826/128
f 534/828/4 567/829/4 565/859/4 533/858/4
f 567/829/6 534/828/6 536/827/6 936/829/6
f 565/859/5 933/859/5 558/860/5 530/859/5
f 570/857/5 626/856/5 614/854/5 583/855/5
f 570/857/4 564/824/4 624/831/4 626/856/4
f 631/824/6 651/823/6 684/822/6 693/825/6
f 637/857/4 631/824/4 693/831/4 695/856/4
f 706/857/5 762/856/5 750/854/5 719/855/5
f 706/857/4 700/824/4 760/831/4 762/856/4
f 773/857/5 829/856/5 817/854/5 786/855/5
f 773/857/4 767/824/4 827/831/4 829/856/4
f 840/857/5 896/856/5 884/854/5 853/855/5
f 840/857/4 834/824/4 894/831/4 896/856/4
f 603/827/6 661/826/6 634/829/6 601/828/6
f 601/828/4 634/829/4 632/859/4 600/858/4
f 625/860/2 659/860/2 661/826/2 627/826/2
f 597/859/5 632/859/5 659/860/5 625/860/5
f 635/858/1 636/828/1 938/828/1 937/858/1
f 635/858/129 937/858/129 659/860/129 632/859/129
f 661/826/130 938/828/130 636/828/130 634/829/130
f 661/826/131 659/860/131 937/858/131 938/828/131
f 939/859/2 940/858/2 941/828/2 942/829/2
f 943/859/2 944/858/2 945/828/2 946/829/2
f 947/859/2 948/858/2 949/828/2 950/829/2
f 951/859/2 952/858/2 953/828/2 954/829/2
f 895/860/5 867/859/5 902/859/5 951/859/5
f 835/859/5 838/858/5 948/858/5 947/859/5
f 839/828/6 837/829/6 950/829/6 949/828/6
f 871/828/6 873/827/6 954/829/6 904/829/6
f 870/858/4 871/828/4 904/829/4 902/859/4
f 768/859/5 771/858/5 944/858/5 943/859/5
f 902/859/5 905/858/5 952/858/5 951/859/5
f 772/828/6 770/829/6 946/829/6 945/828/6
f 895/860/132 951/859/132 954/829/132 897/826/132
f 906/828/6 904/829/6 954/829/6 953/828/6
f 838/858/1 839/828/1 949/828/1 948/858/1
f 701/859/5 704/858/5 940/858/5 939/859/5
f 828/860/5 800/859/5 835/859/5 947/859/5
f 803/858/4 804/828/4 837/829/4 835/859/4
f 804/828/6 806/827/6 950/829/6 837/829/6
f 828/860/133 947/859/133 950/829/133 830/826/133
f 761/860/5 733/859/5 768/859/5 943/859/5
f 736/858/4 737/828/4 770/829/4 768/859/4
f 737/828/6 739/827/6 946/829/6 770/829/6
f 761/860/134 943/859/134 946/829/134 763/826/134
f 694/860/5 666/859/5 701/859/5 939/859/5
f 669/858/4 670/828/4 703/829/4 701/859/4
f 672/827/6 942/829/6 703/829/6 670/828/6
f 694/860/132 939/859/132 942/829/132 696/826/132
f 276/558/4 274/861/4 955/819/4 958/818/4
f 1215/559/1 276/558/1 958/818/1 1217/817/1
f 527/821/3 525/820/3 955/555/3 1218/554/3
f 277/862/4 957/863/4 956/864/4 279/865/4
f 991/866/135 993/867/135 963/868/135 961/869/135
f 993/867/136 994/870/136 965/871/136 963/868/136
f 994/870/137 995/872/137 967/873/137 965/871/137
f 995/872/138 996/874/138 969/875/138 967/873/138
f 996/874/139 997/876/139 971/877/139 969/875/139
f 997/876/140 998/878/140 973/879/140 971/877/140
f 998/878/141 999/880/141 975/881/141 973/879/141
f 999/880/142 1000/882/142 977/883/142 975/881/142
f 1000/882/143 1001/884/143 979/885/143 977/883/143
f 1001/884/144 1002/886/144 981/887/144 979/885/144
f 1002/886/145 1003/888/145 983/889/145 981/887/145
f 1003/888/146 1004/890/146 985/891/146 983/889/146
f 1004/890/147 1005/892/147 987/893/147 985/891/147
f 1005/892/148 1006/894/148 989/895/148 987/893/148
f 1006/894/149 992/896/149 959/897/149 989/895/149
f 972/898/150 970/899/150 1012/899/150 1013/898/150
f 992/900/151 991/866/151 961/869/151 959/901/151
f 960/902/4 962/903/4 991/904/4 992/905/4
f 962/903/4 964/906/4 993/907/4 991/904/4
f 964/906/4 966/908/4 994/909/4 993/907/4
f 966/908/4 968/910/4 995/911/4 994/909/4
f 968/910/4 970/899/4 996/912/4 995/911/4
f 970/899/4 972/898/4 997/913/4 996/912/4
f 972/898/4 974/914/4 998/915/4 997/913/4
f 974/914/4 976/916/4 999/917/4 998/915/4
f 976/916/4 978/918/4 1000/919/4 999/917/4
f 978/918/4 980/920/4 1001/921/4 1000/919/4
f 980/920/4 982/922/4 1002/923/4 1001/921/4
f 982/922/4 984/924/4 1003/925/4 1002/923/4
f 984/924/4 986/926/4 1004/927/4 1003/925/4
f 986/926/4 988/928/4 1005/929/4 1004/927/4
f 988/928/4 990/930/4 1006/931/4 1005/929/4
f 990/930/4 960/902/4 992/905/4 1006/931/4
f 1008/932/4 1022/933/4 1021/934/4 1020/935/4 1019/936/4 1018/937/4 1017/938/4 1016/939/4 1015/940/4 1014/941/4 1013/942/4 1012/943/4 1011/944/4 1010/945/4 1009/946/4 1007/947/4
f 988/928/152 986/926/152 1020/926/152 1021/928/152
f 974/914/153 972/898/153 1013/898/153 1014/914/153
f 990/930/154 988/928/154 1021/928/154 1022/930/154
f 976/916/155 974/914/155 1014/914/155 1015/916/155
f 962/903/156 960/902/156 1008/902/156 1007/903/156
f 960/902/157 990/930/157 1022/930/157 1008/902/157
f 978/918/158 976/916/158 1015/916/158 1016/918/158
f 964/906/159 962/903/159 1007/903/159 1009/906/159
f 980/920/160 978/918/160 1016/918/160 1017/920/160
f 966/908/161 964/906/161 1009/906/161 1010/908/161
f 982/922/162 980/920/162 1017/920/162 1018/922/162
f 968/910/163 966/908/163 1010/908/163 1011/910/163
f 984/924/164 982/922/164 1018/922/164 1019/924/164
f 970/899/165 968/910/165 1011/910/165 1012/899/165
f 986/926/166 984/924/166 1019/924/166 1020/926/166
f 305/803/167 310/804/167 1217/817/167 1218/554/167
f 1055/948/135 1057/949/135 1027/950/135 1025/951/135
f 1057/949/136 1058/952/136 1029/953/136 1027/950/136
f 1058/952/137 1059/954/137 1031/955/137 1029/953/137
f 1059/954/138 1060/956/138 1033/957/138 1031/955/138
f 1060/956/139 1061/958/139 1035/959/139 1033/957/139
f 1061/958/140 1062/960/140 1037/961/140 1035/959/140
f 1062/960/141 1063/962/141 1039/963/141 1037/961/141
f 1063/962/142 1064/964/142 1041/965/142 1039/963/142
f 1064/964/143 1065/966/143 1043/967/143 1041/965/143
f 1065/966/144 1066/968/144 1045/969/144 1043/967/144
f 1066/968/145 1067/970/145 1047/971/145 1045/969/145
f 1067/970/146 1068/972/146 1049/973/146 1047/971/146
f 1068/972/147 1069/974/147 1051/975/147 1049/973/147
f 1069/974/148 1070/976/148 1053/977/148 1051/975/148
f 1070/976/149 1056/978/149 1023/979/149 1053/977/149
f 1036/980/150 1034/981/150 1076/981/150 1077/980/150
f 1056/982/151 1055/948/151 1025/951/151 1023/983/151
f 1024/984/4 1026/985/4 1055/986/4 1056/987/4
f 1026/985/4 1028/988/4 1057/989/4 1055/986/4
f 1028/988/4 1030/990/4 1058/991/4 1057/989/4
f 1030/990/4 1032/992/4 1059/993/4 1058/991/4
f 1032/992/4 1034/981/4 1060/994/4 1059/993/4
f 1034/981/4 1036/980/4 1061/995/4 1060/994/4
f 1036/980/4 1038/996/4 1062/997/4 1061/995/4
f 1038/996/4 1040/998/4 1063/999/4 1062/997/4
f 1040/998/4 1042/1000/4 1064/1001/4 1063/999/4
f 1042/1000/4 1044/1002/4 1065/1003/4 1064/1001/4
f 1044/1002/4 1046/1004/4 1066/1005/4 1065/1003/4
f 1046/1004/4 1048/1006/4 1067/1007/4 1066/1005/4
f 1048/1006/4 1050/1008/4 1068/1009/4 1067/1007/4
f 1050/1008/4 1052/1010/4 1069/1011/4 1068/1009/4
f 1052/1010/4 1054/1012/4 1070/1013/4 1069/1011/4
f 1054/1012/4 1024/984/4 1056/987/4 1070/1013/4
f 1072/1014/4 1086/1015/4 1085/1016/4 1084/1017/4 1083/1018/4 1082/1019/4 1081/1020/4 1080/1021/4 1079/1022/4 1078/1023/4 1077/1024/4 1076/1025/4 1075/1026/4 1074/1027/4 1073/1028/4 1071/1029/4
f 1052/1010/152 1050/1008/152 1084/1008/152 1085/1010/152
f 1038/996/153 1036/980/153 1077/980/153 1078/996/153
f 1054/1012/154 1052/1010/154 1085/1010/154 1086/1012/154
f 1040/998/155 1038/996/155 1078/996/155 1079/998/155
f 1026/985/156 1024/984/156 1072/984/156 1071/985/156
f 1024/984/157 1054/1012/157 1086/1012/157 1072/984/157
f 1042/1000/158 1040/998/158 1079/998/158 1080/1000/158
f 1028/988/159 1026/985/159 1071/985/159 1073/988/159
f 1044/1002/160 1042/1000/160 1080/1000/160 1081/1002/160
f 1030/990/161 1028/988/161 1073/988/161 1074/990/161
f 1046/1004/162 1044/1002/162 1081/1002/162 1082/1004/162
f 1032/992/163 1030/990/163 1074/990/163 1075/992/163
f 1048/1006/168 1046/1004/168 1082/1004/168 1083/1006/168
f 1034/981/165 1032/992/165 1075/992/165 1076/981/165
f 1050/1008/166 1048/1006/166 1083/1006/166 1084/1008/166
f 1119/1030/135 1121/1031/135 1091/1032/135 1089/1033/135
f 1121/1031/136 1122/1034/136 1093/1035/136 1091/1032/136
f 1122/1034/137 1123/1036/137 1095/1037/137 1093/1035/137
f 1123/1036/138 1124/1038/138 1097/1039/138 1095/1037/138
f 1124/1038/169 1125/1040/169 1099/1041/169 1097/1039/169
f 1125/1040/140 1126/1042/140 1101/1043/140 1099/1041/140
f 1126/1042/141 1127/1044/141 1103/1045/141 1101/1043/141
f 1127/1044/142 1128/1046/142 1105/1047/142 1103/1045/142
f 1128/1046/143 1129/1048/143 1107/1049/143 1105/1047/143
f 1129/1048/170 1130/1050/170 1109/1051/170 1107/1049/170
f 1130/1050/145 1131/1052/145 1111/1053/145 1109/1051/145
f 1131/1052/146 1132/1054/146 1113/1055/146 1111/1053/146
f 1132/1054/147 1133/1056/147 1115/1057/147 1113/1055/147
f 1133/1056/171 1134/1058/171 1117/1059/171 1115/1057/171
f 1134/1058/149 1120/1060/149 1087/1061/149 1117/1059/149
f 1100/1062/150 1098/1063/150 1140/1063/150 1141/1062/150
f 1120/1064/151 1119/1030/151 1089/1033/151 1087/1065/151
f 1088/1066/4 1090/1067/4 1119/1068/4 1120/1069/4
f 1090/1067/4 1092/1070/4 1121/1071/4 1119/1068/4
f 1092/1070/4 1094/1072/4 1122/1073/4 1121/1071/4
f 1094/1072/4 1096/1074/4 1123/1075/4 1122/1073/4
f 1096/1074/4 1098/1063/4 1124/1076/4 1123/1075/4
f 1098/1063/4 1100/1062/4 1125/1077/4 1124/1076/4
f 1100/1062/4 1102/1078/4 1126/1079/4 1125/1077/4
f 1102/1078/4 1104/1080/4 1127/1081/4 1126/1079/4
f 1104/1080/4 1106/1082/4 1128/1083/4 1127/1081/4
f 1106/1082/4 1108/1084/4 1129/1085/4 1128/1083/4
f 1108/1084/4 1110/1086/4 1130/1087/4 1129/1085/4
f 1110/1086/4 1112/1088/4 1131/1089/4 1130/1087/4
f 1112/1088/4 1114/1090/4 1132/1091/4 1131/1089/4
f 1114/1090/4 1116/1092/4 1133/1093/4 1132/1091/4
f 1116/1092/4 1118/1094/4 1134/1095/4 1133/1093/4
f 1118/1094/4 1088/1066/4 1120/1069/4 1134/1095/4
f 1136/1096/4 1150/1097/4 1149/1098/4 1148/1099/4 1147/1100/4 1146/1101/4 1145/1102/4 1144/1103/4 1143/1104/4 1142/1105/4 1141/1106/4 1140/1107/4 1139/1108/4 1138/1109/4 1137/1110/4 1135/1111/4
f 1116/1092/152 1114/1090/152 1148/1090/152 1149/1092/152
f 1102/1078/153 1100/1062/153 1141/1062/153 1142/1078/153
f 1118/1094/154 1116/1092/154 1149/1092/154 1150/1094/154
f 1104/1080/155 1102/1078/155 1142/1078/155 1143/1080/155
f 1090/1067/156 1088/1066/156 1136/1066/156 1135/1067/156
f 1088/1066/157 1118/1094/157 1150/1094/157 1136/1066/157
f 1106/1082/158 1104/1080/158 1143/1080/158 1144/1082/158
f 1092/1070/159 1090/1067/159 1135/1067/159 1137/1070/159
f 1108/1084/160 1106/1082/160 1144/1082/160 1145/1084/160
f 1094/1072/161 1092/1070/161 1137/1070/161 1138/1072/161
f 1110/1086/162 1108/1084/162 1145/1084/162 1146/1086/162
f 1096/1074/163 1094/1072/163 1138/1072/163 1139/1074/163
f 1112/1088/164 1110/1086/164 1146/1086/164 1147/1088/164
f 1098/1063/165 1096/1074/165 1139/1074/165 1140/1063/165
f 1114/1090/166 1112/1088/166 1147/1088/166 1148/1090/166
f 1183/1112/135 1185/1113/135 1155/1114/135 1153/1115/135
f 1185/1113/136 1186/1116/136 1157/1117/136 1155/1114/136
f 1186/1116/137 1187/1118/137 1159/1119/137 1157/1117/137
f 1187/1118/138 1188/1120/138 1161/1121/138 1159/1119/138
f 1188/1120/139 1189/1122/139 1163/1123/139 1161/1121/139
f 1189/1122/140 1190/1124/140 1165/1125/140 1163/1123/140
f 1190/1124/141 1191/1126/141 1167/1127/141 1165/1125/141
f 1191/1126/142 1192/1128/142 1169/1129/142 1167/1127/142
f 1192/1128/143 1193/1130/143 1171/1131/143 1169/1129/143
f 1193/1130/144 1194/1132/144 1173/1133/144 1171/1131/144
f 1194/1132/145 1195/1134/145 1175/1135/145 1173/1133/145
f 1195/1134/146 1196/1136/146 1177/1137/146 1175/1135/146
f 1196/1136/147 1197/1138/147 1179/1139/147 1177/1137/147
f 1197/1138/148 1198/1140/148 1181/1141/148 1179/1139/148
f 1198/1140/149 1184/1142/149 1151/1143/149 1181/1141/149
f 1164/1144/150 1162/1145/150 1204/1145/150 1205/1144/150
f 1184/1146/151 1183/1112/151 1153/1115/151 1151/1147/151
f 1152/1148/4 1154/1149/4 1183/1150/4 1184/1151/4
f 1154/1149/4 1156/1152/4 1185/1153/4 1183/1150/4
f 1156/1152/4 1158/1154/4 1186/1155/4 1185/1153/4
f 1158/1154/4 1160/1156/4 1187/1157/4 1186/1155/4
f 1160/1156/4 1162/1145/4 1188/1158/4 1187/1157/4
f 1162/1145/4 1164/1144/4 1189/1159/4 1188/1158/4
f 1164/1144/4 1166/1160/4 1190/1161/4 1189/1159/4
f 1166/1160/4 1168/1162/4 1191/1163/4 1190/1161/4
f 1168/1162/4 1170/1164/4 1192/1165/4 1191/1163/4
f 1170/1164/4 1172/1166/4 1193/1167/4 1192/1165/4
f 1172/1166/4 1174/1168/4 1194/1169/4 1193/1167/4
f 1174/1168/4 1176/1170/4 1195/1171/4 1194/1169/4
f 1176/1170/4 1178/1172/4 1196/1173/4 1195/1171/4
f 1178/1172/4 1180/1174/4 1197/1175/4 1196/1173/4
f 1180/1174/4 1182/1176/4 1198/1177/4 1197/1175/4
f 1182/1176/4 1152/1148/4 1184/1151/4 1198/1177/4
f 1200/1178/4 1214/1179/4 1213/1180/4 1212/1181/4 1211/1182/4 1210/1183/4 1209/1184/4 1208/1185/4 1207/1186/4 1206/1187/4 1205/1188/4 1204/1189/4 1203/1190/4 1202/1191/4 1201/1192/4 1199/1193/4
f 1180/1174/152 1178/1172/152 1212/1172/152 1213/1174/152
f 1166/1160/153 1164/1144/153 1205/1144/153 1206/1160/153
f 1182/1176/154 1180/1174/154 1213/1174/154 1214/1176/154
f 1168/1162/155 1166/1160/155 1206/1160/155 1207/1162/155
f 1154/1149/156 1152/1148/156 1200/1148/156 1199/1149/156
f 1152/1148/157 1182/1176/157 1214/1176/157 1200/1148/157
f 1170/1164/158 1168/1162/158 1207/1162/158 1208/1164/158
f 1156/1152/159 1154/1149/159 1199/1149/159 1201/1152/159
f 1172/1166/160 1170/1164/160 1208/1164/160 1209/1166/160
f 1158/1154/161 1156/1152/161 1201/1152/161 1202/1154/161
f 1174/1168/162 1172/1166/162 1209/1166/162 1210/1168/162
f 1160/1156/163 1158/1154/163 1202/1154/163 1203/1156/163
f 1176/1170/168 1174/1168/168 1210/1168/168 1211/1170/168
f 1162/1145/165 1160/1156/165 1203/1156/165 1204/1145/165
f 1178/1172/172 1176/1170/172 1211/1170/172 1212/1172/172
f 279/1194/4 1215/559/4 1216/557/4 277/1195/4
f 956/1196/4 1217/817/4 1215/559/4 279/1194/4
f 277/1195/4 1216/557/4 1218/554/4 957/1197/4
f 957/1197/4 1218/554/4 1217/817/4 956/1196/4
f 16/25/6 12/1198/6 1219/32/6 1220/31/6
f 15/26/2 11/23/2 1222/23/2 1221/26/2
f 1223/1199/1 1227/1200/1 1228/1201/1 1229/1202/1 1224/1203/1 1225/1204/1 1226/1205/1
f 1230/1206/3 1234/1207/3 1235/1208/3 1236/1209/3 1231/1210/3 1232/1211/3 1233/1212/3
f 1223/1213/173 1231/1210/173 1236/1209/173 1227/1214/173
f 1227/1214/174 1236/1209/174 1235/1208/174 1228/1215/174
f 1228/1215/175 1235/1208/175 1234/1207/175 1229/1215/175
f 1229/1215/176 1234/1207/176 1230/1206/176 1224/1215/176
f 9/1216/3 10/1217/3 1219/1218/3 1226/1205/3 1223/1199/3
f 1223/1213/6 9/1219/6 13/27/6 1231/1210/6
f 1225/1204/3 1226/1205/3 1219/1218/3 12/24/3 11/23/3
f 15/26/1 16/25/1 1220/31/1 1232/1211/1 1233/1212/1
f 1231/1210/1 1232/1211/1 1220/31/1 14/28/1 13/27/1
f 1241/1220/177 1238/1221/177 1240/1222/177 1243/1215/177
f 1243/1215/178 1240/1222/178 1239/1223/178 1244/1224/178
f 1244/1224/179 1239/1223/179 1237/1225/179 1242/1226/179
f 1230/1206/3 1233/1212/3 15/26/3 1221/26/3 1237/1225/3 1239/1223/3 1240/1222/3 1238/1221/3
f 1222/1227/6 1242/1226/6 1237/1225/6 1221/26/6
f 1224/1215/4 1230/1206/4 1238/1221/4 1241/1220/4
f 11/23/1 1225/1204/1 1224/1203/1 1241/1228/1 1243/1229/1 1244/1230/1 1242/1231/1 1222/23/1
f 306/1232/180 500/1233/180 1245/787/180 1246/12/180
f 499/1234/3 307/1235/3 1248/571/3 1247/570/3
f 307/1235/181 306/1232/181 1246/12/181 1248/571/181
f 500/1233/3 499/1234/3 1247/570/3 1245/787/3
f 1251/1236/3 1249/1237/3 1250/795/3 1252/794/3
f 500/1233/5 306/1232/5 1250/1232/5 1249/1233/5
f 499/1238/182 500/1239/182 1249/1237/182 1251/1236/182
f 307/1235/6 499/1234/6 1251/1234/6 1252/1235/6
f 1259/687/6 1254/686/6 1253/689/6 1258/1240/6 1261/1241/6
f 1255/1242/6 1262/1243/6 1264/1244/6 1260/1245/6 1263/1246/6
f 1256/617/6 1255/616/6 1263/1247/6 1257/1248/6
f 1278/1249/6 1265/1250/6 1270/1251/6
f 1277/1252/6 1278/1249/6 1275/1253/6
f 1271/1254/6 1276/1255/6 1273/1256/6
f 1274/1257/6 1273/1256/6 1276/1255/6
f 1269/1258/6 1275/1253/6 1270/1251/6
f 1275/1253/6 1278/1249/6 1270/1251/6
f 1278/1249/6 1266/1259/6 1265/1250/6
f 1277/1252/6 1276/1255/6 1278/1249/6
f 1264/1260/6 1262/1261/6 1259/687/6 1261/1241/6 1258/1240/6 1260/1262/6
f 309/1263/3 8/614/3 1256/617/3 1257/1248/3
f 331/643/2 329/21/2 1270/21/2 1265/643/2
f 283/1264/2 282/684/2 1259/687/2 1262/1261/2
f 1279/1265/183 1282/1266/183 1283/1267/183 1285/1268/183
f 1280/1269/184 1284/1270/184 1283/1267/184 1282/1266/184
f 1281/1271/185 1285/1268/185 1283/1267/185 1284/1270/185
f 1295/1272/184 1298/1273/184 1299/1274/184 1301/1275/184
f 1296/1276/185 1300/1277/185 1299/1274/185 1298/1273/185
f 1297/1278/183 1301/1275/183 1299/1274/183 1300/1277/183
f 1302/1279/186 1305/1280/186 1306/1281/186 1308/1282/186
f 1303/1283/187 1307/1284/187 1306/1281/187 1305/1280/187
f 1304/1285/188 1308/1282/188 1306/1281/188 1307/1284/188
f 1309/1286/188 1312/1287/188 1313/1288/188 1315/1289/188
f 1310/1290/189 1314/1291/189 1313/1288/189 1312/1287/189
f 1311/1292/190 1315/1289/190 1313/1288/190 1314/1291/190
f 1281/1271/191 1286/1293/191 1288/1294/191 1285/1268/191
f 1285/1268/192 1288/1294/192 1287/1295/192 1279/1265/192
f 1291/1296/193 1289/1297/193 1362/1298/193 1363/1299/193
f 1290/1300/194 1291/1296/194 1363/1299/194 1364/1301/194
f 1292/1302/195 1295/1272/195 1301/1275/195 1294/1303/195
f 1294/1303/192 1301/1275/192 1297/1278/192 1293/1304/192
f 1296/1276/196 1280/1269/196 1282/1266/196 1300/1277/196
f 1300/1277/192 1282/1266/192 1279/1265/192 1297/1278/192
f 1304/1285/4 1281/1271/4 1284/1270/4 1308/1282/4
f 1308/1282/4 1284/1270/4 1280/1269/4 1302/1279/4
f 1295/1272/4 1310/1290/4 1312/1287/4 1298/1273/4
f 1298/1273/4 1312/1287/4 1309/1286/4 1296/1276/4
f 1303/1283/197 1316/1305/197 1318/1306/197 1307/1284/197
f 1307/1284/198 1318/1306/198 1317/1307/198 1304/1285/198
f 1290/1300/197 1311/1292/197 1314/1291/197 1291/1296/197
f 1291/1296/199 1314/1291/199 1310/1290/199 1289/1297/199
f 1311/1292/197 1303/1283/197 1305/1280/197 1315/1289/197
f 1315/1289/200 1305/1280/200 1302/1279/200 1309/1286/200
f 1286/1308/201 1317/1309/201 1318/1310/201 1288/1311/201
f 1288/1311/202 1318/1310/202 1316/1312/202 1287/1313/202
f 326/1314/5 330/1315/5 1279/1265/5 1287/1295/5
f 1280/1269/4 1296/1276/4 1309/1286/4 1302/1279/4
f 1286/1293/4 1281/1271/4 1304/1285/4 1317/1307/4
f 330/1315/5 332/1316/5 1297/1278/5 1279/1265/5
f 1268/619/1 326/619/1 1287/1313/1 1316/1312/1
f 1271/1254/6 1272/1317/6 1311/1292/6 1290/1300/6
f 1336/1318/203 1338/1319/203 1359/1320/203 1360/1321/203
f 1295/1272/204 1292/1302/204 1289/1297/204 1310/1290/204
f 332/1316/5 328/1322/5 1293/1304/5 1297/1278/5
f 1272/1317/6 1267/1323/6 1303/1283/6 1311/1292/6
f 1267/1323/6 1268/1324/6 1316/1305/6 1303/1283/6
f 1336/1318/5 1360/1321/5 328/1322/5
f 1319/1325/205 1322/1326/205 1323/1327/205 1325/1328/205
f 1320/1329/206 1324/1330/206 1323/1327/206 1322/1326/206
f 1321/1331/207 1325/1328/207 1323/1327/207 1324/1330/207
f 1326/1332/208 1329/1333/208 1330/1334/208 1332/1335/208
f 1327/1336/209 1331/1337/209 1330/1334/209 1329/1333/209
f 1328/1338/210 1332/1335/210 1330/1334/210 1331/1337/210
f 1339/1339/207 1342/1340/207 1343/1341/207 1345/1342/207
f 1340/1343/205 1344/1344/205 1343/1341/205 1342/1340/205
f 1341/1345/211 1345/1342/211 1343/1341/211 1344/1344/211
f 1346/1346/209 1349/1347/209 1350/1348/209 1352/1349/209
f 1347/1350/210 1351/1351/210 1350/1348/210 1349/1347/210
f 1348/1352/208 1352/1349/208 1350/1348/208 1351/1351/208
f 1321/1331/3 1327/1336/3 1329/1333/3 1325/1328/3
f 1325/1328/3 1329/1333/3 1326/1332/3 1319/1325/3
f 1289/1297/212 1292/1302/212 1361/1353/212 1362/1298/212
f 1271/1254/6 1364/1301/6 1334/1354/6
f 1339/1339/3 1346/1346/3 1352/1349/3 1342/1340/3
f 1342/1340/3 1352/1349/3 1348/1352/3 1340/1343/3
f 1340/1343/213 1337/1355/213 1338/1319/213 1344/1344/213
f 1344/1344/214 1338/1319/214 1336/1318/214 1341/1345/214
f 1354/1356/215 1321/1331/215 1324/1330/215 1355/1357/215
f 1355/1357/214 1324/1330/214 1320/1329/214 1353/1358/214
f 1356/1359/216 1354/1359/216 1355/1360/216 1358/1361/216
f 1358/1361/217 1355/1360/217 1353/1362/217 1357/1362/217
f 1319/1325/215 1339/1339/215 1345/1342/215 1322/1326/215
f 1322/1326/214 1345/1342/214 1341/1345/214 1320/1329/214
f 1347/1350/218 1334/1354/218 1335/1363/218 1351/1351/218
f 1351/1351/219 1335/1363/219 1333/1364/219 1348/1352/219
f 1357/1365/218 1328/1338/218 1331/1337/218 1358/1366/218
f 1358/1366/220 1331/1337/220 1327/1336/220 1356/1367/220
f 1328/1338/218 1347/1350/218 1349/1347/218 1332/1335/218
f 1332/1335/220 1349/1347/220 1346/1346/220 1326/1332/220
f 1321/1331/3 1354/1356/3 1356/1367/3 1327/1336/3
f 362/1368/5 374/1369/5 1320/1329/5 1341/1345/5
f 374/1369/5 373/1370/5 1353/1358/5 1320/1329/5
f 1339/1339/3 1319/1325/3 1326/1332/3 1346/1346/3
f 1278/1249/6 1276/1255/6 1347/1350/6 1328/1338/6
f 1266/1259/6 1278/1249/6 1328/1338/6 1357/1365/6
f 1337/1355/221 1340/1343/221 1348/1352/221 1333/1364/221
f 1276/1255/6 1271/1254/6 1334/1354/6 1347/1350/6
f 1338/1319/222 1337/1355/222 1361/1353/222 1359/1320/222
f 328/1322/5 362/1368/5 1341/1345/5 1336/1318/5
f 373/644/2 1266/644/2 1357/1362/2 1353/1362/2
f 1360/1321/223 1359/1320/223 1294/1303/223 1293/1304/223
f 1359/1320/224 1361/1353/224 1292/1302/224 1294/1303/224
f 328/1322/5 1360/1321/5 1293/1304/5
f 1363/1299/225 1362/1298/225 1333/1364/225 1335/1363/225
f 1364/1301/226 1363/1299/226 1335/1363/226 1334/1354/226
f 1364/1301/6 1271/1254/6 1290/1300/6
f 1362/1298/227 1361/1353/227 1337/1355/227 1333/1364/227
f 1366/1371/191 1368/1372/191 1370/1373/191 1367/1374/191
f 1367/1374/192 1370/1373/192 1369/1375/192 1365/1376/192
f 1372/1377/191 1374/1378/191 1376/1379/191 1373/1380/191
f 1373/1380/192 1376/1379/192 1375/1381/192 1371/1382/192
f 1378/1383/228 1366/1371/228 1367/1374/228 1379/1384/228
f 1379/1384/229 1367/1374/229 1365/1376/229 1377/1385/229
f 1374/1378/230 1380/1386/230 1382/1387/230 1376/1379/230
f 1376/1379/202 1382/1387/202 1381/1388/202 1375/1381/202
f 1368/802/230 1383/802/230 1385/802/230 1370/802/230
f 1370/12/231 1385/12/231 1384/1389/231 1369/1389/231
f 1377/1385/197 1384/1390/197 1385/1391/197 1379/1384/197
f 1379/1384/198 1385/1391/198 1383/1392/198 1378/1383/198
f 1387/1393/197 1381/1388/197 1382/1387/197 1388/1394/197
f 1388/1394/198 1382/1387/198 1380/1386/198 1386/1395/198
f 1371/1382/229 1387/1393/229 1388/1394/229 1373/1380/229
f 1373/1380/228 1388/1394/228 1386/1395/228 1372/1377/228
f 1246/1396/5 516/1397/5 1365/1376/5 1369/1375/5
f 1368/1372/4 1366/1371/4 1378/1383/4 1383/1392/4
f 516/1397/3 1260/1262/3 1377/1385/3 1365/1376/3
f 1258/12/1 1246/12/1 1369/1389/1 1384/1389/1
f 1374/1378/4 1372/1377/4 1386/1395/4 1380/1386/4
f 309/1263/3 1257/1248/3 1387/1393/3 1371/1382/3
f 515/1398/5 309/1263/5 1371/1382/5 1375/1381/5
f 1263/1247/1 515/1398/1 1375/1381/1 1381/1388/1
f 1260/1262/6 1258/1240/6 1384/1390/6 1377/1385/6
f 1257/1248/6 1263/1247/6 1381/1388/6 1387/1393/6
f 1399/1399/6 1400/1400/6 1403/1401/6
f 1393/1402/232 1389/1402/232 1391/1403/232 1395/1404/232
f 1395/1404/233 1391/1403/233 1392/1405/233 1396/1406/233
f 1396/1406/234 1392/1405/234 1390/1407/234 1394/1408/234
f 1389/1402/232 1398/1402/232 1403/1409/232 1391/1403/232
f 1391/1403/233 1403/1409/233 1402/1405/233 1392/1405/233
f 1392/1405/234 1402/1405/234 1397/1410/234 1390/1407/234
f 1267/1323/6 1401/1411/6 1400/1412/6 1268/1324/6
f 1268/1324/6 1400/1412/6 1399/1413/6 1277/1252/6
f 1415/1414/6 1416/1415/6 1418/1416/6
f 1405/1417/115 1409/1418/115 1411/1419/115 1407/1420/115
f 1407/1420/114 1411/1419/114 1410/1421/114 1406/1422/114
f 1406/1422/113 1410/1421/113 1408/1423/113 1404/1424/113
f 1404/1424/113 1413/1425/113 1418/1426/113 1406/1422/113
f 1406/1422/114 1418/1426/114 1417/1420/114 1407/1420/114
f 1407/1420/115 1417/1420/115 1412/1417/115 1405/1417/115
f 337/630/1 1405/1417/1 1412/1417/1 1273/630/1
f 1404/1424/2 1390/1407/2 1397/1410/2 1413/1425/2
f 1405/1417/1 337/630/1 339/633/1 1409/1418/1
f 1390/1407/2 1404/1424/2 1408/1423/2 335/1427/2 333/1428/2 1394/1408/2
f 1272/1317/6 1271/1254/6 1416/1429/6 1415/1430/6
f 1412/1431/6 1416/1429/6 1271/1254/6 1273/1256/6
f 1267/1323/6 1272/1317/6 1415/1430/6 1414/1432/6
f 1267/1323/6 1414/1432/6 1413/1433/6 1397/1434/6 1401/1411/6
f 1432/1435/6 1429/1436/6 1430/1437/6
f 1420/1438/235 1424/1439/235 1426/1440/235 1422/1441/235
f 1422/1441/236 1426/1440/236 1425/1442/236 1421/1443/236
f 1421/1443/237 1425/1442/237 1423/1444/237 1419/1445/237
f 1427/1438/235 1420/1438/235 1422/1441/235 1431/1441/235
f 1431/1441/236 1422/1441/236 1421/1443/236 1432/1446/236
f 1432/1446/237 1421/1443/237 1419/1445/237 1428/1447/237
f 1389/1402/3 1393/1402/3 338/1448/3 341/1449/3 1424/1439/3 1420/1438/3
f 1389/1450/3 1420/1451/3 1427/1452/3 1398/1453/3
f 1399/1413/6 1398/1454/6 1427/1455/6 1430/1456/6 1277/1252/6
f 1277/1252/6 1430/1456/6 1429/1457/6 1276/1255/6
f 1441/1458/6 1444/1459/6 1443/1460/6
f 1444/1459/6 1445/1461/6 1443/1462/6
f 1445/1461/6 1442/1463/6 1443/1462/6
f 1437/1464/112 1433/1465/112 1435/1466/112 1439/1467/112
f 1439/1467/111 1435/1466/111 1436/1468/111 1440/1469/111
f 1440/1469/110 1436/1468/110 1434/1470/110 1438/1470/110
f 1433/1465/112 1442/1465/112 1445/1466/112 1435/1466/112
f 1435/1466/111 1445/1466/111 1444/1471/111 1436/1468/111
f 1436/1468/110 1444/1471/110 1441/1470/110 1434/1470/110
f 1419/1445/4 1423/1444/4 334/1472/4 336/1473/4 1438/1470/4 1434/1470/4
f 340/631/1 1433/1465/1 1437/1464/1 342/632/1
f 1433/1465/1 340/631/1 1274/631/1 1442/1465/1
f 1419/1445/4 1434/1470/4 1441/1470/4 1428/1447/4
f 1443/1474/6 1442/1475/6 1274/1257/6 1276/1255/6
f 1429/1457/6 1428/1476/6 1441/1477/6 1443/1474/6 1276/1255/6
f 1446/1478/6 1450/1479/6 1451/1480/6 1452/1481/6 1447/1482/6 1448/1483/6 1449/1484/6
f 1453/1485/6 1457/1486/6 1458/1487/6 1459/1488/6 1454/1489/6 1455/1490/6 1456/1491/6
f 1460/1492/6 1464/1493/6 1465/1494/6 1466/1495/6 1461/1496/6 1462/1497/6 1463/1498/6
f 1467/1499/6 1471/1500/6 1472/1501/6 1473/1502/6 1468/1503/6 1469/1504/6 1470/1505/6
f 1446/1478/238 1480/1478/238 1483/1479/238 1450/1479/238
f 1450/1479/239 1483/1479/239 1482/1506/239 1451/1480/239
f 1451/1480/240 1482/1506/240 1481/1507/240 1452/1481/240
f 1452/1481/241 1481/1507/241 1479/1508/241 1447/1482/241
f 1474/1509/242 1461/1496/242 1466/1495/242 1476/1510/242
f 1476/1510/243 1466/1495/243 1465/1494/243 1477/1511/243
f 1477/1511/244 1465/1494/244 1464/1493/244 1478/1512/244
f 1478/1512/245 1464/1493/245 1460/1492/245 1475/1513/245
f 1453/1485/246 1490/1514/246 1493/1515/246 1457/1486/246
f 1457/1486/247 1493/1515/247 1492/1516/247 1458/1487/247
f 1458/1487/248 1492/1516/248 1491/1517/248 1459/1488/248
f 1459/1488/249 1491/1517/249 1489/1518/249 1454/1489/249
f 1484/1519/250 1468/1503/250 1473/1502/250 1486/1520/250
f 1486/1520/251 1473/1502/251 1472/1501/251 1487/1521/251
f 1487/1521/252 1472/1501/252 1471/1500/252 1488/1500/252
f 1488/1500/253 1471/1500/253 1467/1499/253 1485/1499/253
f 333/1428/6 1449/1484/6 1448/1483/6 338/1448/6 1393/1402/6 1395/1404/6 1396/1406/6 1394/1408/6
f 1460/1492/3 1447/1482/3 1479/1508/3 1475/1513/3
f 335/1427/6 1455/1490/6 1454/1489/6 1446/1478/6 1449/1484/6 333/1428/6
f 1448/1483/6 1447/1482/6 1460/1492/6 1463/1498/6 341/1449/6 338/1448/6
f 1446/1478/2 1454/1489/2 1489/1518/2 1480/1478/2
f 1408/1423/6 1410/1421/6 1411/1419/6 1409/1418/6 339/633/6 1456/1491/6 1455/1490/6 335/1427/6
f 1453/1485/1 1468/1503/1 1484/1519/1 1490/1514/1
f 339/633/6 342/632/6 1469/1504/6 1468/1503/6 1453/1485/6 1456/1491/6
f 1467/1499/4 1461/1496/4 1474/1509/4 1485/1499/4
f 1463/1498/6 1462/1497/6 334/1472/6 1423/1444/6 1425/1442/6 1426/1440/6 1424/1439/6 341/1449/6
f 1467/1499/6 1470/1505/6 336/1473/6 334/1472/6 1462/1497/6 1461/1496/6
f 342/632/6 1437/1464/6 1439/1467/6 1440/1469/6 1438/1470/6 336/1473/6 1470/1505/6 1469/1504/6
f 1489/1522/6 1491/1523/6 1492/1524/6 1493/1525/6 1490/1526/6 1484/1527/6 1486/1528/6 1487/1529/6 1488/1530/6 1485/1531/6 1474/1532/6 1476/1533/6 1477/1534/6 1478/1535/6 1475/1536/6 1479/1537/6 1481/1538/6 1482/1539/6 1483/1540/6 1480/1541/6
f 1416/1415/6 1412/1542/6 1417/1543/6
f 1418/1416/6 1413/1544/6 1414/1545/6
f 1416/1415/6 1417/1543/6 1418/1416/6
f 1414/1545/6 1415/1414/6 1418/1416/6
f 1401/1546/6 1397/1547/6 1402/1401/6
f 1403/1401/6 1398/1548/6 1399/1399/6
f 1401/1546/6 1402/1401/6 1400/1400/6
f 1402/1401/6 1403/1401/6 1400/1400/6
f 1430/1437/6 1427/1549/6 1431/1550/6
f 1432/1435/6 1428/1551/6 1429/1436/6
f 1430/1437/6 1431/1550/6 1432/1435/6
